# Blender 4.5.3 LTS
# www.blender.org
mtllib ghost_low.mtl
o Rim_Rim_Red_0
v 0.611564 3.768630 -1.012494
v 0.227134 3.768630 -1.122566
v 0.000156 4.378767 -1.142457
v 0.389478 4.378767 -1.088675
v 0.714981 4.378767 -0.956237
v -0.000000 3.768629 -1.123157
v -1.122974 3.768630 0.662196
v -0.909695 3.768630 0.889263
v -0.664543 3.768630 1.047925
v -1.138819 4.378767 0.641398
v -0.912272 4.378767 0.887126
v 0.742006 3.768630 1.008292
v 1.105114 3.768630 0.691314
v 0.994224 4.378767 0.814352
v 0.694297 4.378767 1.034392
v -0.225275 3.768629 -1.122838
v -0.552095 3.768630 -1.034558
v -0.000362 4.378767 -1.137345
v -0.384818 4.378767 -1.089921
v -0.712215 4.378767 -0.958783
v -0.000000 3.768629 -1.137136
v 1.130662 3.768630 -0.586997
v 0.943833 3.768630 -0.792218
v 1.028813 4.378767 -0.718592
v -1.334385 3.768630 0.017107
v -1.273563 3.768630 0.374056
v -1.333315 4.378767 0.030230
v -1.274583 4.378767 0.371069
v -0.042005 3.768630 1.205621
v 0.331431 3.768630 1.169892
v 0.394840 4.378767 1.153537
v 0.084241 4.378767 1.202348
v 1.333625 3.768630 0.031595
v 1.261349 3.768630 -0.340636
v 1.234091 4.378767 -0.403078
v 1.312622 4.378767 -0.161004
v -1.257018 4.378767 -0.367032
v -0.369615 3.768630 1.159363
v -0.594743 4.378767 1.084114
v -0.232438 4.378767 1.187946
v 1.276140 3.768630 0.365389
v 1.230057 4.378767 0.484613
v 1.324760 4.378767 0.148944
v -0.879582 3.768630 -0.851356
v -1.181545 3.768630 -0.520243
v -1.006404 4.378767 -0.740358
v 0.490820 3.768629 -1.025556
v 0.216281 3.768629 -1.096021
v 0.714673 4.378767 -0.924691
v 0.000157 4.378767 -1.114637
v 0.380191 4.378767 -1.061866
v -1.103839 3.768630 0.637373
v -0.920305 3.768630 0.839256
v -0.679832 3.768630 1.008885
v -1.099468 4.378767 0.644396
v -0.794108 4.378767 0.940537
v 0.614741 3.768630 1.041945
v 0.960136 3.768630 0.811979
v 0.926556 4.378767 0.838042
v 1.184004 3.768630 0.504867
v 1.182582 4.378767 0.507634
v -0.000048 3.768629 -1.110852
v -0.291430 3.768629 -1.082065
v -0.644292 3.768630 -0.960179
v -0.564749 4.378767 -1.000188
v -0.209656 4.378767 -1.096626
v 1.004891 3.768630 -0.692915
v 0.759923 3.768630 -0.896241
v 1.063565 4.378767 -0.632049
v -1.298859 3.768630 0.070845
v -1.243126 3.768630 0.365916
v -1.282752 4.378767 0.253268
v 0.212849 3.768630 1.168396
v 0.247610 4.378767 1.155582
v 0.575375 4.378767 1.061822
v 1.282010 3.768630 -0.153487
v 1.165366 3.768630 -0.470846
v 1.304218 4.378767 0.109209
v 1.240892 4.378767 -0.304630
v -1.124958 3.768630 -0.543900
v -1.111207 4.378767 -0.561749
v -1.271871 3.768630 -0.194986
v -1.267267 4.378767 -0.237482
v -0.318491 3.768630 1.146131
v -0.101982 4.378767 1.175677
v -0.461231 4.378767 1.103416
v 1.290731 3.768630 0.180127
v -0.889519 3.768630 -0.801579
v -0.886996 4.378767 -0.803662
v 0.988314 2.924603 -0.958392
v 0.865867 2.926033 -1.043401
v 1.023235 3.072077 -0.916334
v 0.945350 3.097360 -0.973840
v 0.861561 3.039849 -1.036951
v 0.824696 3.131047 -1.047823
v 0.966159 2.653844 -0.982755
v 0.910467 2.666171 -1.021607
v 0.856880 2.650855 -1.056160
v 0.736195 2.928271 -1.116077
v 0.636318 2.839141 -1.165316
v 0.534111 2.840091 -1.204843
v 0.599618 3.012330 -1.171417
v 0.732629 3.044076 -1.108778
v 0.695105 3.137687 -1.115486
v 0.554987 3.178671 -1.168012
v 0.717682 2.641112 -1.132788
v 0.782817 3.259678 -1.048149
v 0.653605 3.269618 -1.110583
v 0.529234 3.350600 -1.140742
v 0.673045 3.413551 -1.064616
v 0.795058 3.397256 -1.005373
v 0.575922 3.424068 -1.102909
v 0.995912 3.213716 -0.914192
v 0.890151 3.252461 -0.983531
v 0.918389 3.374022 -0.931904
v 1.009673 3.364425 -0.861549
v 0.830262 3.466476 -0.961090
v 0.396791 2.841155 -1.245595
v 0.264441 2.943913 -1.268410
v 0.463298 3.016155 -1.218055
v 0.332024 3.026003 -1.250125
v 0.429657 3.163534 -1.210200
v 0.293920 3.168740 -1.240510
v 0.189984 2.842223 -1.283203
v 0.085831 2.870718 -1.290623
v -0.017385 2.933376 -1.290242
v 0.123863 2.992682 -1.281826
v 0.205784 3.079883 -1.265456
v 0.081507 3.086935 -1.275778
v -0.017434 2.729049 -1.296594
v 0.017096 3.216939 -1.259272
v 0.152771 3.218246 -1.252003
v 0.266334 3.321224 -1.216439
v 0.117560 3.344872 -1.228758
v 0.159461 3.494429 -1.183032
v 0.290334 3.488014 -1.166060
v 0.005075 3.403370 -1.218124
v 0.416287 3.308572 -1.186527
v 0.356350 3.342826 -1.192754
v 0.470617 3.469993 -1.126174
v 0.393103 3.479835 -1.145251
v 0.948161 3.524089 -0.854878
v 0.892409 3.510399 -0.902808
v 0.761109 3.555754 -0.969679
v 0.829889 3.601682 -0.908416
v 0.867419 3.693071 -0.839464
v 0.946591 3.687270 -0.777389
v 0.748186 3.685402 -0.920299
v 0.644443 3.560324 -1.028037
v 0.530717 3.576352 -1.068244
v 0.644404 3.663305 -0.984235
v 0.520761 3.684516 -1.026262
v 0.478956 3.786678 -0.990865
v 0.591543 3.783511 -0.948969
v 0.693496 3.773061 -0.905434
v 0.512567 3.870673 -0.930760
v 0.689755 3.882495 -0.839803
v 0.574913 3.917504 -0.873966
v 0.477888 3.986974 -0.865381
v 0.561954 3.991535 -0.825278
v 0.650323 3.987109 -0.783552
v 0.773874 3.756855 -0.867766
v 0.890871 3.801660 -0.757183
v 0.800837 3.826495 -0.809540
v 0.836167 3.869142 -0.753578
v 0.784105 3.924915 -0.748496
v 0.400829 3.622582 -1.091829
v 0.261145 3.624553 -1.122022
v 0.394407 3.721232 -1.050076
v 0.268354 3.735117 -1.072466
v 0.016476 3.544365 -1.174207
v 0.132732 3.631292 -1.136048
v 0.003509 3.630717 -1.141997
v 0.142289 3.743695 -1.086067
v 0.015908 3.744341 -1.092473
v 0.233652 3.828803 -1.030843
v 0.109253 3.836943 -1.041391
v -0.015685 3.835918 -1.045986
v 0.138891 3.942528 -0.977274
v 0.257370 3.927405 -0.969442
v 0.015515 3.944815 -0.982768
v 0.203571 4.064540 -0.882631
v 0.041452 4.055029 -0.906050
v 0.371884 3.848108 -0.990653
v 0.357537 3.962096 -0.923624
v 0.314521 4.046263 -0.873374
v 0.390516 4.071447 -0.830514
v 0.104413 2.936774 1.352910
v 0.241905 2.935984 1.338458
v 0.120176 3.059861 1.342129
v -0.000544 3.104106 1.342058
v 0.256767 3.087507 1.323597
v 0.136508 3.178930 1.326036
v 0.017429 2.741366 1.362317
v 0.155639 2.735154 1.355228
v 0.259595 2.658742 1.343108
v 0.349713 2.940808 1.318041
v 0.459827 2.925941 1.290924
v 0.378913 3.108183 1.297281
v 0.529886 3.070855 1.257226
v 0.351463 2.668123 1.325928
v 0.500336 2.662670 1.285784
v 0.584972 2.931294 1.248625
v 0.524594 3.203574 1.240248
v 0.423277 3.209098 1.270027
v 0.365151 3.303012 1.266419
v 0.522655 3.346924 1.210081
v 0.348294 3.405591 1.244148
v 0.448364 3.459821 1.202600
v 0.550343 3.486101 1.158993
v 0.310778 3.504459 1.222311
v 0.253293 3.264556 1.296612
v -0.000517 3.261991 1.316972
v 0.155370 3.310920 1.298867
v 0.016735 3.400395 1.284304
v 0.115850 3.445595 1.267881
v 0.214577 3.462005 1.252597
v -0.038776 3.538272 1.242162
v 0.720265 2.928849 1.189992
v 0.664466 3.084236 1.202871
v 0.795153 3.096551 1.136102
v 0.678490 2.645718 1.216819
v 0.742848 2.638748 1.186001
v 0.811224 2.631819 1.149376
v 0.850668 2.926528 1.118820
v 0.974174 2.924916 1.035229
v 0.919064 3.076653 1.061225
v 1.039793 3.036762 0.972744
v 1.003732 3.142621 0.987824
v 0.900586 2.691945 1.093953
v 0.974614 2.653554 1.042246
v 1.025368 2.657715 1.002617
v 1.086274 2.924159 0.941540
v 0.893195 3.230453 1.052325
v 0.782784 3.259391 1.114160
v 0.986623 3.284196 0.970698
v 0.861759 3.359299 1.040691
v 0.774803 3.393120 1.084008
v 0.928327 3.421882 0.975117
v 0.656144 3.232302 1.183115
v 0.644281 3.380036 1.153356
v 0.113319 3.586774 1.220842
v 0.244512 3.669784 1.172456
v 0.111606 3.688622 1.179912
v -0.016028 3.692742 1.182132
v 0.238734 3.829480 1.096106
v 0.109248 3.837692 1.107439
v -0.015685 3.841965 1.109161
v 0.371429 3.599566 1.174783
v 0.542460 3.610316 1.116626
v 0.421924 3.695882 1.120484
v 0.314700 3.748540 1.122519
v 0.388925 3.810102 1.072414
v 0.289355 3.907424 1.041009
v 0.384303 3.904271 1.019014
v 0.480689 3.895618 0.993443
v 0.348927 4.026184 0.946061
v 0.230166 3.969891 1.012654
v 0.460340 4.030784 0.904765
v 0.123082 3.977640 1.021895
v -0.000372 3.983082 1.023879
v -0.015416 4.080141 0.952320
v 0.643651 3.542040 1.100943
v 0.707020 3.486346 1.090089
v 0.747002 3.565110 1.040187
v 0.633142 3.722097 1.028079
v 0.520302 3.760302 1.055951
v 0.738416 3.718814 0.975210
v 0.859490 3.539879 0.981241
v 0.966274 3.525571 0.904886
v 0.796788 3.635094 0.980842
v 0.932304 3.655664 0.872855
v 0.845554 3.706027 0.914020
v 0.899550 3.756757 0.843998
v 0.817001 3.808328 0.875913
v 0.714618 3.834765 0.923298
v 0.720501 3.922779 0.858624
v 0.825136 3.882974 0.817762
v 0.896770 3.823136 0.802229
v 0.600544 3.866442 0.961989
v 0.591517 3.962492 0.900006
v 1.187374 2.924958 0.836950
v 1.104440 3.073496 0.908439
v 1.190330 3.057501 0.818593
v 1.087947 2.657753 0.947937
v 1.134731 2.657795 0.902828
v 1.190462 2.655814 0.842722
v 1.272849 2.950469 0.725772
v 1.239563 3.187228 0.728007
v 1.153275 3.180908 0.837174
v 1.312072 2.812388 0.676553
v 1.356620 2.930237 0.592655
v 1.275098 3.061849 0.706559
v 1.345826 3.067152 0.589382
v 1.294484 2.648576 0.708267
v 1.357394 2.649815 0.606504
v 1.402525 2.887497 0.503034
v 1.400814 3.061857 0.475938
v 1.370010 3.203817 0.495174
v 1.311894 3.195458 0.613158
v 1.210091 3.321950 0.722555
v 1.289255 3.306633 0.606276
v 1.345347 3.317428 0.489739
v 1.221165 3.407975 0.667724
v 1.283002 3.421970 0.554568
v 1.075037 3.213100 0.909867
v 1.129268 3.322984 0.822788
v 1.045987 3.387657 0.886779
v 1.120485 3.453759 0.780133
v 1.433039 2.801735 0.437043
v 1.462687 2.898039 0.334788
v 1.433678 2.983289 0.410055
v 1.461577 3.064883 0.286479
v 1.431173 3.134216 0.363744
v 1.478442 2.909002 0.267004
v 1.447687 3.175936 0.272662
v 1.403778 3.209213 0.406020
v 1.495470 2.895155 0.169876
v 1.503647 2.894503 0.048077
v 1.482646 3.061365 0.169033
v 1.490623 3.062135 0.048231
v 1.473035 3.179641 0.048092
v 1.465229 3.178520 0.167984
v 1.432352 3.295374 0.225709
v 1.446008 3.298255 0.107365
v 1.397408 3.433614 0.193364
v 1.376476 3.448704 0.280176
v 1.400105 3.455843 0.105960
v 1.411622 3.286936 0.325914
v 1.363974 3.361477 0.414395
v 1.360053 3.422858 0.368085
v 1.308968 3.486925 0.448070
v 1.499635 2.868785 -0.079296
v 1.472181 3.020115 -0.193916
v 1.488881 3.028058 -0.076055
v 1.480070 3.120074 -0.042285
v 1.461757 3.177877 -0.131887
v 1.485747 2.812185 -0.186083
v 1.439738 3.174862 -0.243283
v 1.453912 2.852335 -0.306597
v 1.400887 2.931773 -0.436548
v 1.441063 3.031978 -0.310234
v 1.413746 3.073198 -0.373860
v 1.427892 2.609215 -0.393438
v 1.394502 2.660371 -0.469062
v 1.393766 3.207262 -0.369801
v 1.409259 3.311318 -0.247754
v 1.353723 3.370664 -0.368776
v 1.374506 3.380126 -0.299543
v 1.352845 3.503112 -0.232238
v 1.335856 3.237008 -0.486441
v 1.316078 3.499728 -0.351623
v 1.456591 3.259132 -0.012043
v 1.426978 3.335548 -0.129377
v 1.420520 3.397457 -0.011379
v 1.378030 3.492288 -0.126061
v 1.348409 2.915142 -0.542836
v 1.284813 2.927336 -0.644626
v 1.309438 3.046410 -0.590230
v 1.359397 3.087204 -0.492985
v 1.236071 3.040526 -0.698120
v 1.297883 3.174611 -0.577221
v 1.243576 3.143600 -0.667960
v 1.311644 2.639522 -0.616725
v 1.273225 2.638803 -0.672972
v 1.198839 2.925331 -0.757481
v 1.099169 2.924332 -0.863283
v 1.159949 3.097061 -0.781111
v 1.088975 3.095173 -0.855085
v 1.227194 2.659139 -0.732775
v 1.180849 2.637648 -0.787778
v 1.124728 2.656861 -0.846833
v 1.170658 3.217300 -0.741196
v 1.095248 3.260744 -0.812410
v 1.200144 3.292713 -0.680571
v 1.159567 3.380849 -0.699207
v 1.065874 3.417314 -0.790163
v 1.259394 3.271177 -0.604904
v 1.300410 3.386573 -0.477100
v 1.240241 3.370887 -0.590467
v 1.210366 3.488508 -0.573268
v 1.047650 3.557814 0.812018
v 1.124012 3.569274 0.714546
v 1.002657 3.686519 0.787862
v 1.096857 3.684041 0.673128
v 1.198171 3.548069 0.618724
v 1.264043 3.539089 0.503325
v 1.195838 3.639425 0.549927
v 1.142475 3.798061 0.482384
v 1.110572 3.767427 0.577285
v 1.016365 3.869148 0.618752
v 1.064443 3.897480 0.503642
v 0.959968 3.975699 0.573146
v 0.925491 3.933140 0.671190
v 0.998462 4.002391 0.470030
v 1.022200 3.781996 0.694590
v 0.962102 3.800354 0.753489
v 0.897822 3.898623 0.737684
v 1.312807 3.557123 0.361589
v 1.317741 3.603331 0.274452
v 1.247600 3.639970 0.440411
v 1.245340 3.707226 0.354019
v 1.244705 3.753871 0.268823
v 1.196968 3.754833 0.415695
v 1.347525 3.570441 0.190257
v 1.339339 3.612399 0.104289
v 1.276539 3.723656 0.186615
v 1.263966 3.764983 0.102617
v 1.365223 3.554732 -0.010457
v 1.285364 3.728245 0.000836
v 1.198868 3.843573 0.238742
v 1.174454 3.910409 0.101315
v 1.142107 3.938680 0.199291
v 1.069076 4.014718 0.263265
v 1.090285 4.022305 0.101851
v 1.052608 4.054217 0.185794
v 1.210667 3.857938 -0.008534
v 1.054103 4.067976 0.007951
v 1.159990 3.847779 0.364965
v 1.095920 3.919175 0.402931
v 1.109004 3.946893 0.309715
v 1.038440 4.007828 0.372297
v 1.319941 3.620415 -0.160835
v 1.316052 3.655703 -0.077239
v 1.245869 3.760084 -0.183480
v 1.238673 3.799543 -0.091318
v 1.297614 3.594359 -0.293378
v 1.259429 3.613002 -0.375017
v 1.258479 3.688578 -0.277448
v 1.190024 3.723006 -0.408914
v 1.265312 3.497759 -0.468568
v 1.182909 3.813318 -0.296724
v 1.176005 3.879466 -0.168431
v 1.135545 3.828739 -0.389118
v 1.101408 3.956482 -0.246981
v 1.077662 3.934462 -0.354709
v 0.976495 4.023938 -0.407941
v 1.000148 4.053679 -0.301916
v 1.060838 4.038568 -0.148468
v 1.140693 3.946008 -0.111090
v 1.138160 3.962908 -0.007969
v 1.085740 4.025686 -0.055025
v 1.226372 3.588615 -0.470939
v 1.138978 3.540711 -0.644917
v 1.114145 3.656432 -0.603604
v 1.145748 3.700384 -0.517133
v 1.082744 3.512880 -0.729943
v 0.999375 3.574687 -0.786102
v 1.038046 3.646403 -0.707297
v 0.995014 3.751190 -0.686450
v 1.049367 3.775073 -0.597455
v 0.970808 3.845347 -0.637749
v 0.913927 3.853743 -0.695902
v 0.913547 3.941988 -0.609436
v 1.097282 3.802583 -0.495587
v 1.046352 3.905796 -0.460124
v 1.006997 3.872227 -0.562965
v 0.946670 3.985883 -0.512463
v 0.751770 3.986196 -0.718189
v 0.849174 3.939540 -0.680681
v 0.736641 4.082094 -0.628847
v 0.826590 4.010510 -0.628005
v 0.503860 4.064276 -0.791682
v 0.647753 4.091461 -0.686823
v 0.538571 4.117236 -0.725131
v 0.530081 4.179120 -0.663082
v 0.721176 4.140950 -0.569671
v 0.586448 4.219331 -0.576516
v 0.653626 4.222427 -0.516051
v 0.755102 4.188541 -0.463123
v 0.549082 4.314498 -0.459499
v 0.661956 4.268215 -0.430640
v 0.801532 4.205741 -0.366105
v 0.849426 4.054403 -0.549671
v 0.874754 4.102861 -0.444954
v 0.281947 4.171412 -0.773003
v 0.417272 4.155138 -0.743664
v 0.450899 4.232950 -0.642697
v 0.344328 4.235464 -0.685470
v 0.091684 4.128110 -0.844281
v 0.154532 4.189142 -0.781014
v 0.015526 4.193667 -0.787038
v 0.194115 4.256422 -0.704463
v 0.078045 4.260265 -0.715067
v -0.015707 4.260852 -0.717803
v 0.158339 4.314249 -0.641480
v 0.015936 4.320236 -0.647215
v 0.139356 4.380179 -0.553887
v 0.239378 4.366175 -0.549783
v 0.023200 4.381617 -0.563436
v 0.230502 4.428126 -0.447615
v 0.128488 4.442990 -0.449317
v -0.003070 4.447762 -0.453118
v -0.049646 4.407777 -0.520446
v 0.323472 4.305844 -0.607057
v 0.463679 4.287599 -0.562733
v 0.431936 4.353029 -0.481200
v 0.302031 4.378318 -0.507293
v 0.348950 4.421041 -0.405144
v 0.896420 4.140450 -0.338484
v 0.816806 4.239122 -0.256325
v 0.912892 4.168451 -0.229736
v 1.012061 4.075303 -0.211240
v 0.920821 4.189411 -0.118740
v 0.728183 4.273594 -0.333105
v 0.630879 4.325557 -0.351086
v 0.551262 4.376466 -0.328107
v 0.747569 4.297283 -0.231803
v 0.659410 4.355898 -0.223616
v 0.515539 4.422808 -0.244032
v 0.563401 4.426107 -0.140520
v 0.764705 4.312076 -0.120358
v 0.662163 4.377781 -0.119157
v 0.768995 4.321995 -0.008978
v 0.635095 4.404701 -0.010024
v 0.828313 4.263696 -0.132513
v 0.997216 4.115624 -0.115946
v 0.987725 4.138053 -0.007768
v 0.897187 4.222986 -0.008153
v 0.457878 4.399195 -0.371608
v 0.250534 4.467267 -0.357225
v 0.422417 4.454279 -0.262046
v 0.307455 4.479574 -0.291654
v 0.322979 4.496826 -0.220714
v 0.117069 4.486117 -0.360319
v -0.016831 4.490174 -0.363548
v 0.152078 4.510746 -0.284352
v 0.017002 4.518340 -0.288961
v 0.191139 4.530951 -0.196420
v 0.085088 4.538761 -0.209494
v -0.017176 4.541267 -0.212231
v 0.017291 4.557063 -0.137576
v 0.206025 4.549658 -0.072700
v 0.133529 4.553706 -0.115120
v 0.017351 4.567589 -0.060811
v 0.258127 4.544480 -0.012343
v 0.120527 4.565206 -0.012728
v 0.189401 4.557689 0.048214
v 0.017378 4.571634 0.013902
v 0.462049 4.472333 -0.128575
v 0.325407 4.516278 -0.131271
v 0.498614 4.470383 -0.011018
v 0.361413 4.519098 -0.011865
v 0.987572 4.137143 0.100951
v 0.865087 4.248050 0.101955
v 0.994737 4.112617 0.208602
v 0.892456 4.214087 0.183747
v 0.915828 4.175199 0.264527
v 0.791435 4.275245 0.268864
v 0.781221 4.300341 0.186084
v 0.756728 4.328508 0.098858
v 0.668738 4.384685 0.075661
v 0.567023 4.439237 0.076541
v 0.666838 4.378859 0.161041
v 0.531155 4.448240 0.164025
v 0.660631 4.359214 0.274485
v 0.526264 4.426761 0.280151
v 0.763420 4.257379 0.381126
v 0.620484 4.353509 0.361642
v 0.708568 4.268608 0.439387
v 0.611668 4.322436 0.446755
v 0.515397 4.340436 0.506806
v 0.534647 4.383989 0.395076
v 0.987997 4.077681 0.343369
v 0.886210 4.163161 0.373820
v 0.887385 4.098456 0.499459
v 0.807962 4.181638 0.469670
v 0.430162 4.496332 0.077393
v 0.292690 4.536863 0.078055
v 0.394557 4.500642 0.166537
v 0.279916 4.532140 0.164208
v 0.397862 4.477077 0.278409
v 0.276312 4.512549 0.269486
v 0.089876 4.566519 0.105827
v 0.200425 4.546319 0.172637
v 0.016476 4.555039 0.219032
v 0.147234 4.542917 0.235345
v 0.249229 4.498994 0.338250
v 0.118719 4.519355 0.335672
v -0.017073 4.525427 0.333844
v 0.150304 4.476560 0.440796
v 0.284788 4.465997 0.407240
v 0.016818 4.485842 0.440290
v 0.247451 4.436351 0.491193
v 0.003611 4.433926 0.544434
v 0.134622 4.426034 0.545112
v 0.355147 4.474683 0.330473
v 0.420202 4.433775 0.387773
v 0.462334 4.395630 0.440283
v 0.348369 4.424277 0.463951
v 0.396166 4.373576 0.533089
v 0.790047 4.132263 0.575506
v 0.860469 4.041160 0.619360
v 0.738852 4.112450 0.656336
v 0.722332 4.200296 0.546554
v 0.622203 4.261859 0.549511
v 0.530576 4.280899 0.594245
v 0.617675 4.204134 0.638520
v 0.492590 4.257222 0.653549
v 0.607174 4.147525 0.717799
v 0.490332 4.196415 0.731520
v 0.711897 4.051818 0.748669
v 0.571909 4.068273 0.821160
v 0.707719 3.987701 0.813440
v 0.467569 4.115608 0.826866
v 0.814814 3.994529 0.723489
v 0.837484 3.913842 0.781639
v 0.275847 4.377742 0.585525
v 0.402760 4.326479 0.606026
v 0.364206 4.276618 0.694494
v 0.237707 4.303417 0.703864
v 0.145323 4.378451 0.620325
v 0.016238 4.387853 0.619452
v 0.111212 4.318648 0.709274
v -0.015961 4.324115 0.709015
v 0.264760 4.227003 0.785584
v 0.140422 4.243351 0.792957
v 0.015699 4.251819 0.793330
v 0.231405 4.166176 0.855407
v 0.108234 4.178754 0.862399
v -0.011275 4.159467 0.885973
v 0.138376 4.081689 0.944196
v 0.278472 4.073151 0.926633
v 0.389099 4.200159 0.773580
v 0.354584 4.144072 0.843249
v 1.077210 0.820751 -0.892138
v 1.131241 0.823894 -0.840542
v 1.180733 0.831325 -0.788059
v 1.239810 0.832622 -0.717958
v 1.099685 0.600994 -0.862024
v 1.200525 0.630869 -0.754904
v 1.090441 0.473151 -0.853186
v 1.190469 0.512160 -0.746836
v 1.079631 0.387729 -0.843349
v 1.178893 0.433074 -0.737735
v 1.114871 0.330124 -0.778797
v 1.010522 0.308005 -0.878675
v 1.202677 0.406544 -0.674962
v 1.248304 0.509758 -0.647550
v 1.203055 0.391221 -0.627115
v 1.159810 0.328216 -0.685386
v 1.115391 0.285335 -0.737746
v 1.067550 0.258305 -0.788563
v 0.990399 0.243832 -0.860499
v 1.474830 0.819502 0.314759
v 1.433199 0.914211 0.446238
v 1.460126 0.717021 0.344694
v 1.412586 0.790301 0.479217
v 1.460870 0.566581 0.285103
v 1.429927 0.665901 0.396152
v 1.372806 0.718161 0.535485
v 1.423815 0.584802 0.367311
v 1.451479 0.472404 0.256349
v 1.385489 0.656214 0.468624
v 1.420129 0.448915 0.294730
v 1.374155 0.605522 0.443404
v 1.397333 0.926282 0.529149
v 1.341390 0.619509 0.514982
v 1.326365 0.583927 0.480288
v 1.358067 0.545407 0.409379
v 1.393546 0.389730 0.283192
v 1.304078 0.883987 -0.628783
v 1.349227 0.909614 -0.555389
v 1.386558 0.932697 -0.486094
v 1.284284 0.694806 -0.645290
v 1.351735 0.768657 -0.536885
v 1.277484 0.599273 -0.632671
v 1.385936 0.720992 -0.441797
v 1.322234 0.628195 -0.535056
v 1.363353 0.663508 -0.451937
v 1.284779 0.546933 -0.559280
v 1.329895 0.611884 -0.472791
v 1.354794 0.619510 -0.420028
v 1.316447 0.583884 -0.435768
v 1.282647 0.546070 -0.507325
v 1.510623 0.818141 0.022349
v 1.506684 0.806542 0.129509
v 1.494569 0.752835 0.217071
v 1.502421 0.601301 0.079755
v 1.487577 0.598778 0.201416
v 1.489655 0.470553 0.049468
v 1.481323 0.498403 0.170833
v 1.473279 0.387943 0.079954
v 1.465771 0.418656 0.168798
v 1.447575 0.330139 0.138861
v 1.452477 0.308109 0.019555
v 1.435450 0.385639 0.226022
v 1.407102 0.327805 0.222412
v 1.418923 0.267635 0.136613
v 1.423651 0.243938 0.019809
v 1.261205 0.789541 0.755283
v 1.207293 0.838841 0.823487
v 1.147465 0.836019 0.890216
v 1.073988 0.744571 0.960765
v 1.177611 0.680449 0.851724
v 1.216216 0.558879 0.789175
v 1.118968 0.511826 0.897824
v 1.152924 0.414803 0.833296
v 1.243814 0.497355 0.717888
v 1.050608 0.384327 0.936274
v 1.159206 0.362748 0.794638
v 1.216741 0.425259 0.720405
v 1.087274 0.318044 0.873116
v 1.014549 0.243931 0.905176
v 1.113853 0.281111 0.805054
v 1.190871 0.369239 0.707954
v 0.269637 0.848325 -1.276254
v 0.398684 0.899615 -1.249533
v 0.512657 0.933169 -1.216230
v 0.394041 0.733410 -1.243550
v 0.250081 0.669007 -1.273478
v 0.530297 0.797303 -1.203997
v 0.321614 0.665616 -1.257022
v 0.269668 0.553481 -1.257340
v 0.412514 0.666124 -1.227002
v 0.569963 0.718225 -1.176880
v 0.380080 0.585329 -1.221551
v 0.254173 0.472868 -1.245983
v 0.494271 0.656171 -1.187980
v 0.298025 0.449886 -1.218291
v 0.465205 0.605181 -1.178116
v 0.546720 0.619579 -1.149193
v 0.507228 0.583879 -1.135980
v 0.445533 0.556321 -1.156642
v 0.336792 0.452885 -1.187569
v 0.247302 0.355042 -1.202124
v 1.353129 0.910570 0.615295
v 1.290627 0.877080 0.714472
v 1.342809 0.759485 0.619067
v 1.295507 0.644499 0.680023
v 1.350892 0.660409 0.544705
v 1.306657 0.584087 0.585618
v 1.249969 0.489153 0.602110
v 1.297471 0.569035 0.541115
v 0.047523 0.814627 -1.297865
v 0.169363 0.840978 -1.289728
v 0.122584 0.611914 -1.287289
v -0.017575 0.594613 -1.291459
v 0.122268 0.487313 -1.275311
v -0.017500 0.466590 -1.279249
v 0.121815 0.404087 -1.261639
v -0.017423 0.381149 -1.265383
v 0.017243 0.305387 -1.246063
v 0.119070 0.332166 -1.242594
v 0.204010 0.374540 -1.234100
v 0.182816 0.304787 -1.211114
v 0.085362 0.256195 -1.219445
v -0.046803 0.246270 -1.220299
v 1.492716 0.837698 -0.169351
v 1.506050 0.802328 -0.065582
v 1.485903 0.644866 -0.165362
v 1.500847 0.605644 -0.043262
v 1.466966 0.544963 -0.191086
v 1.484823 0.486137 -0.072225
v 1.457046 0.449180 -0.160731
v 1.471735 0.393267 -0.041190
v 1.444435 0.342085 -0.099380
v 1.424652 0.424217 -0.207554
v 1.415700 0.280702 -0.096756
v 1.396190 0.367903 -0.200734
v 0.819895 0.789876 -1.078312
v 0.900675 0.840133 -1.028592
v 0.947484 0.750648 -0.996144
v 1.021667 0.756325 -0.939382
v 0.858518 0.558918 -1.038579
v 0.981803 0.511791 -0.952809
v 0.847098 0.449073 -1.023226
v 0.968385 0.393025 -0.938960
v 0.894827 0.341973 -0.967964
v 0.780320 0.425059 -1.039125
v 0.876621 0.280789 -0.948233
v 0.765961 0.369234 -1.016447
v 1.427364 0.915958 -0.395028
v 1.465560 0.936057 -0.285390
v 1.462351 0.793040 -0.286381
v 1.414747 0.787807 -0.407417
v 1.449124 0.646051 -0.283974
v 1.392200 0.649998 -0.386813
v 1.432024 0.546339 -0.268378
v 1.385437 0.582929 -0.348688
v 1.357218 0.487651 -0.304161
v 1.343699 0.568949 -0.374959
v 0.603077 0.914584 -1.183197
v 0.691622 0.910592 -1.145326
v 0.771814 0.877224 -1.105169
v 0.672138 0.800044 -1.150050
v 0.734541 0.644600 -1.108563
v 0.580296 0.660556 -1.157619
v 0.733710 0.543526 -1.087218
v 0.626991 0.584170 -1.118524
v 0.645696 0.488502 -1.068063
v 0.576537 0.569059 -1.110377
v 0.225259 0.847693 1.348795
v 0.155849 0.833500 1.356869
v 0.057100 0.827823 1.363566
v 0.086963 0.687225 1.359117
v 0.231425 0.656108 1.342000
v 0.134929 0.524114 1.344858
v 0.254478 0.545091 1.325633
v -0.020570 0.420320 1.339000
v 0.220142 0.449379 1.316882
v 0.084266 0.393291 1.329868
v 0.150540 0.342256 1.305786
v 0.273561 0.424712 1.288247
v 0.033615 0.312755 1.313124
v 0.030624 0.247232 1.287652
v 0.147749 0.280995 1.280455
v 0.265887 0.368527 1.263138
v 0.555911 0.936795 1.267247
v 0.449442 0.907682 1.301642
v 0.363289 0.889601 1.323577
v 0.499976 0.787757 1.279571
v 0.360308 0.718300 1.317718
v 0.538449 0.720976 1.254375
v 0.379990 0.638206 1.300453
v 0.511264 0.667070 1.248850
v 0.342911 0.547200 1.294684
v 0.432406 0.582244 1.253936
v 0.507978 0.601991 1.219031
v 0.382206 0.486877 1.228523
v 0.443059 0.554551 1.223326
v 0.531590 0.583960 1.193165
v 0.735379 0.885574 1.190289
v 0.637408 0.919423 1.235116
v 0.770035 0.694873 1.164527
v 0.646866 0.768677 1.224054
v 0.715582 0.632021 1.178612
v 0.824424 0.547077 1.119730
v 0.804994 0.478415 1.114534
v 0.644491 0.628311 1.198191
v 0.671917 0.547130 1.165224
v 0.803817 0.406149 1.092516
v 0.573813 0.611936 1.204930
v 0.613015 0.546095 1.163248
v 0.748975 0.391321 1.093164
v 1.007927 0.827397 1.016973
v 0.918258 0.822396 1.082965
v 1.010114 0.591490 1.005476
v 0.897309 0.689839 1.092227
v 0.899082 0.552282 1.079750
v 1.006009 0.473162 0.993558
v 0.936272 0.403655 1.029118
v 0.979816 0.311962 0.970331
v 0.892973 0.346229 1.035232
v 0.815313 0.328101 1.054922
v 0.903262 0.267575 0.995626
v 0.836737 0.855567 1.134580
v 0.293213 0.866495 1.337924
v 1.497672 1.673122 -0.144125
v 1.507784 1.400691 -0.067097
v 1.521113 1.596186 -0.034232
v 1.534342 1.601847 0.003028
v 1.517988 1.406823 0.013915
v 1.511420 1.206512 0.008712
v 1.556306 1.616469 0.033265
v 1.530337 1.495307 0.043734
v 1.531812 1.467775 0.090229
v 1.538353 1.485314 0.113114
v 1.533203 1.476266 0.173386
v 1.517986 1.417103 0.170727
v 1.519040 1.487054 0.231760
v 1.517324 1.360897 0.089177
v 1.492597 1.370996 0.272364
v 1.505665 1.285290 0.181031
v 1.509944 1.186744 0.096141
v 1.499128 1.133295 0.200517
v 1.555897 1.534914 0.087963
v 1.552471 1.503854 0.147397
v 1.545682 1.512580 0.204824
v 1.532301 1.573885 0.270254
v 1.500842 1.545002 0.301192
v 1.485741 1.643800 0.343952
v 1.484908 1.476384 0.319879
v 1.470222 1.659535 0.371228
v 1.452430 1.705432 0.407809
v 1.425219 1.615267 0.466766
v 1.451430 1.370689 0.397928
v 1.474165 1.206988 0.322479
v 1.506888 1.666411 0.320725
v 1.071889 2.661938 -0.896694
v 1.475183 2.632063 0.319514
v 1.393979 2.647107 0.536189
v 1.450012 2.459930 0.407092
v 1.476924 2.485641 0.339672
v 1.499502 2.359463 0.318648
v 1.437940 2.265520 0.439850
v 1.480595 2.238601 0.362061
v 1.525788 2.202777 0.315716
v 1.521895 2.348014 0.282622
v 1.560395 2.213158 0.283324
v 1.355421 2.609312 -0.544841
v 1.507873 2.662104 0.123877
v 1.497588 2.699334 0.201754
v 1.499458 2.578438 0.240130
v 1.519591 2.556152 0.049130
v 1.521323 2.517140 0.164954
v 1.530736 2.488015 0.082762
v 1.521346 2.441698 0.234914
v 1.548224 2.415142 0.114680
v 1.534460 2.408532 0.017053
v 1.544518 2.416337 0.175595
v 1.573823 2.339974 0.117600
v 1.560671 2.321665 0.048420
v 1.571036 2.342746 0.177436
v 1.553044 2.331105 0.237697
v 1.588143 2.251018 0.238418
v 1.607516 2.268361 0.179646
v 1.609658 2.263324 0.121109
v 1.589687 2.231602 0.051106
v 1.511432 2.655302 0.023353
v 1.242635 2.633652 0.779968
v 0.306797 2.627179 -1.269510
v 0.425000 2.566759 -1.242555
v 0.534792 2.550963 -1.208542
v 1.328368 2.470824 0.656556
v 0.115189 2.586679 -1.294224
v 0.198170 2.547705 -1.286418
v 0.052488 2.466619 -1.297463
v -0.036222 2.458589 -1.298052
v 1.512191 2.516418 -0.044224
v 1.505617 2.418257 -0.101336
v 1.478240 2.554001 -0.237183
v 1.525147 2.338728 -0.036131
v 1.546648 2.301218 0.005020
v 1.524320 2.149070 -0.062817
v 1.506727 2.202075 -0.108316
v 1.021258 2.466048 -0.940192
v 0.804610 2.639977 -1.087024
v 1.455046 2.551091 -0.318008
v 0.621420 2.543916 -1.175995
v 0.153431 2.473942 1.357463
v 0.016433 2.483770 1.364447
v 0.419792 2.472120 1.309810
v 0.578007 2.642943 1.258800
v 1.499672 1.989936 0.354133
v 1.528092 2.042521 0.329881
v 1.468347 2.002449 0.388732
v 1.522954 1.885001 0.333278
v 1.563670 2.085314 0.306663
v 1.544638 1.680353 0.296696
v 1.556189 1.773498 0.309206
v 1.570869 1.921359 0.313002
v 1.598539 1.682812 0.039914
v 1.658545 1.698115 0.054450
v 1.640417 1.625250 0.067844
v 1.619572 1.820566 0.028150
v 1.678677 1.833329 0.047300
v 1.654153 1.952623 0.041604
v 1.660308 2.032038 0.053467
v 1.848762 1.633145 0.099453
v 1.843210 1.729590 0.093658
v 1.881595 1.768674 0.110441
v 1.794906 1.583816 0.096052
v 1.772672 1.501279 0.117850
v 1.851731 1.531829 0.120039
v 1.916809 1.662486 0.122035
v 1.582640 1.577277 0.072757
v 1.565905 1.784666 0.004153
v 1.574680 1.937500 -0.000759
v 1.594082 2.093474 0.020673
v 1.644478 2.143021 0.070985
v 1.711454 2.051940 0.087898
v 1.867028 1.835305 0.115123
v 1.929186 1.764849 0.136943
v 1.904404 1.584974 0.125662
v 1.840637 1.477132 0.139774
v 1.791841 1.461494 0.140425
v 1.629621 1.582295 0.082137
v 1.542316 2.037039 -0.036374
v 1.562889 2.106848 -0.005695
v 1.510048 1.802562 -0.095688
v 1.531771 1.839777 -0.044429
v 1.536702 1.706751 -0.016721
v 1.967346 1.697554 0.157303
v 1.978283 1.616233 0.176766
v 1.946771 1.608234 0.145275
v 1.984537 1.668359 0.183606
v 1.986888 1.669208 0.211205
v 1.979159 1.588779 0.205868
v 1.973740 1.620272 0.232074
v 1.960380 1.680216 0.245169
v 1.938136 1.618433 0.259266
v 1.964225 1.567169 0.176579
v 1.954125 1.545395 0.227209
v 1.940891 1.556279 0.245824
v 1.921846 1.510197 0.164061
v 1.907341 1.527369 0.144059
v 1.946289 1.518373 0.196609
v 1.898556 1.536420 0.261877
v 1.896340 1.466416 0.184829
v 1.897449 1.463716 0.205716
v 1.893989 1.469890 0.225767
v 1.885246 1.483575 0.243952
v 1.855025 1.453418 0.164170
v 1.840412 1.478248 0.255229
v 1.841712 1.431730 0.194442
v 1.836985 1.441667 0.228804
v 1.979368 1.725999 0.192112
v 1.969082 1.728288 0.225524
v 1.929752 1.740459 0.254934
v 1.907497 1.676214 0.272923
v 1.895790 1.601334 0.274235
v 1.841650 1.538872 0.275676
v 1.794261 1.488736 0.263062
v 1.783832 1.448169 0.240581
v 1.801219 1.424044 0.208173
v 1.786581 1.425941 0.179559
v 1.788186 1.437834 0.161081
v 1.677651 2.157047 0.134412
v 1.714723 2.094267 0.120035
v 1.677130 2.163038 0.168763
v 1.672780 2.159458 0.196566
v 1.665426 2.146981 0.223178
v 1.656905 2.122962 0.247630
v 1.860788 1.901858 0.135966
v 1.872782 1.918490 0.177133
v 1.903814 1.873560 0.203760
v 1.849366 1.909121 0.237086
v 1.942718 1.802141 0.167763
v 1.928368 1.805628 0.231711
v 1.898557 1.802516 0.254849
v 1.955438 1.786211 0.205087
v 1.648851 2.083361 0.268378
v 1.564858 1.545516 0.235607
v 1.600040 1.528912 0.224656
v 1.602053 1.554491 0.247123
v 1.570512 1.513305 0.180856
v 1.600268 1.513107 0.199838
v 1.602005 1.507329 0.173774
v 1.576195 1.522784 0.126003
v 1.607873 1.510881 0.147758
v 1.613371 1.524828 0.123150
v 1.616334 1.550135 0.099371
v 1.715340 1.468913 0.237337
v 1.711260 1.448833 0.210013
v 1.712435 1.443496 0.190374
v 1.719036 1.445469 0.170827
v 1.727791 1.464584 0.141941
v 1.763276 1.426662 0.204864
v 1.563668 1.605924 0.271966
v 1.734595 1.522530 0.268379
v 1.611038 1.605596 0.273116
v 1.611583 2.039097 0.294089
v 1.676030 1.968585 0.286357
v 1.654960 1.842319 0.299315
v 1.636123 1.708606 0.294118
v 1.827679 1.733273 0.286696
v 1.870644 1.769929 0.273219
v 1.828616 1.635597 0.288302
v 1.776469 1.593473 0.286204
v -1.072568 2.924273 -0.888020
v -0.958549 2.924846 -0.980748
v -0.995698 3.072897 -0.939231
v -0.904051 3.092066 -1.003360
v -0.834040 2.926548 -1.062740
v -0.824702 3.131048 -1.047819
v -0.797932 3.041806 -1.074389
v -1.049444 2.635387 -0.916483
v -1.073078 3.083753 -0.871075
v -0.856598 2.649529 -1.056361
v -0.804161 2.637328 -1.087322
v -0.702839 2.928906 -1.132320
v -0.695101 3.137672 -1.115490
v -0.666005 3.046463 -1.140063
v -0.567251 2.931451 -1.189233
v -0.554979 3.178669 -1.168015
v -0.530531 3.051255 -1.192984
v -0.578734 2.652288 -1.192401
v -0.721870 3.227989 -1.086642
v -0.801517 3.262455 -1.036580
v -0.711785 3.337263 -1.066652
v -0.798055 3.405668 -1.001135
v -0.636731 3.270604 -1.117410
v -0.549089 3.352515 -1.133366
v -0.995913 3.213727 -0.914189
v -1.003388 3.368887 -0.865644
v -0.943220 3.383204 -0.910297
v -0.890161 3.252455 -0.983526
v -0.889965 3.403794 -0.942500
v -0.430359 2.933702 -1.232991
v -0.443151 3.093999 -1.215695
v -0.324949 3.097084 -1.244369
v -0.292845 2.935394 -1.264059
v -0.290068 2.659704 -1.272364
v -0.155238 2.936480 -1.282917
v -0.188487 3.079848 -1.267834
v -0.051702 3.077612 -1.278051
v -0.220300 3.216823 -1.244087
v -0.232286 3.354435 -1.213109
v -0.257580 3.489978 -1.171266
v -0.118931 3.218775 -1.254734
v -0.130017 3.358033 -1.224229
v -0.126752 3.495448 -1.185694
v -0.437905 3.232165 -1.196061
v -0.433037 3.344582 -1.172536
v -0.388440 3.480780 -1.146511
v -0.320947 3.252597 -1.220671
v -0.333481 3.367941 -1.191627
v -0.985437 3.542375 -0.814819
v -0.871043 3.536812 -0.908362
v -0.916875 3.627976 -0.833774
v -0.761110 3.555767 -0.969673
v -0.746758 3.694718 -0.916699
v -0.668926 3.449175 -1.055826
v -0.661715 3.689485 -0.963886
v -0.639346 3.569769 -1.026441
v -0.522997 3.469844 -1.109013
v -0.522070 3.678002 -1.029401
v -0.498423 3.589840 -1.074395
v -0.568013 3.778946 -0.961380
v -0.456032 3.796425 -0.993695
v -0.663033 3.819057 -0.894688
v -0.746011 3.857098 -0.824264
v -0.626852 3.943250 -0.830622
v -0.564970 3.906377 -0.885980
v -0.476506 3.888295 -0.933115
v -0.453404 3.981473 -0.878750
v -0.730049 3.929729 -0.780969
v -0.534206 4.028613 -0.808620
v -0.905386 3.768795 -0.765695
v -0.843629 3.685965 -0.860289
v -0.865359 3.853880 -0.741708
v -0.805009 3.797716 -0.824742
v -0.381540 3.613508 -1.100382
v -0.363489 3.753624 -1.043093
v -0.253331 3.624788 -1.123240
v -0.236821 3.737763 -1.076678
v -0.125124 3.631523 -1.136585
v -0.110757 3.744994 -1.088143
v -0.264709 3.825803 -1.026990
v -0.140360 3.835469 -1.039487
v -0.231205 3.934900 -0.969498
v -0.244856 4.031007 -0.900546
v -0.108116 3.944212 -0.978988
v -0.107324 4.043244 -0.910265
v -0.354956 3.884015 -0.973532
v -0.353717 3.976614 -0.914256
v -0.017375 2.926554 1.356398
v -0.138773 2.936640 1.350398
v -0.137355 3.100599 1.336785
v -0.242863 3.172045 1.314291
v -0.276318 2.935665 1.332982
v -0.291372 3.057498 1.320721
v -0.220120 2.625734 1.349532
v -0.331901 2.669532 1.330025
v -0.336625 3.158531 1.299128
v -0.419102 2.942064 1.301677
v -0.427756 3.074349 1.288269
v -0.564010 2.980239 1.253652
v -0.556886 3.105795 1.243729
v -0.466029 2.734388 1.295048
v -0.595154 2.795278 1.249610
v -0.322902 3.295143 1.277324
v -0.244630 3.360080 1.276540
v -0.457239 3.207324 1.261101
v -0.388675 3.371269 1.244062
v -0.482679 3.357935 1.220307
v -0.278082 3.506643 1.227885
v -0.408747 3.496530 1.201649
v -0.524337 3.527899 1.155017
v -0.587931 3.384294 1.175750
v -0.553729 3.277071 1.215024
v -0.112432 3.390553 1.283038
v -0.135614 3.258175 1.312101
v -0.160768 3.521126 1.240237
v -0.702790 2.928622 1.198287
v -0.697851 3.082756 1.187714
v -0.834030 2.926295 1.128689
v -0.821121 3.093915 1.121318
v -0.771923 2.658989 1.170525
v -0.837664 2.636642 1.133879
v -0.889295 3.101570 1.078507
v -0.958565 2.924731 1.046672
v -0.980211 3.072585 1.016555
v -1.044824 2.923872 0.977775
v -1.050767 3.072128 0.958748
v -0.787636 3.204521 1.122400
v -0.839281 3.309457 1.069129
v -0.951028 3.232053 1.010904
v -1.016839 3.245038 0.955879
v -0.876669 3.405241 1.017695
v -1.040554 3.411176 0.883087
v -1.057920 3.320392 0.897175
v -0.656141 3.232306 1.183115
v -0.724892 3.318361 1.131261
v -0.719088 3.429921 1.102942
v -0.143412 3.687396 1.177753
v -0.282586 3.637156 1.179186
v -0.258096 3.798190 1.109150
v -0.331175 3.728731 1.128160
v -0.395969 3.615475 1.161477
v -0.437227 3.704728 1.111506
v -0.555120 3.643507 1.097328
v -0.255655 3.918174 1.041109
v -0.358919 3.918725 1.017563
v -0.239858 4.003600 0.987281
v -0.388927 3.810105 1.072412
v -0.382599 4.016898 0.942088
v -0.480697 3.895615 0.993442
v -0.488215 4.007674 0.911759
v -0.265536 4.086872 0.918916
v -0.140382 3.836210 1.105536
v -0.123383 3.977682 1.021847
v -0.137990 4.072697 0.950644
v -0.635347 3.534240 1.107953
v -0.520310 3.760308 1.055945
v -0.633138 3.722093 1.028083
v -0.747001 3.565109 1.040188
v -0.738418 3.718820 0.975205
v -0.796790 3.635079 0.980848
v -0.865935 3.513040 0.986900
v -0.894412 3.628858 0.917166
v -0.959492 3.438434 0.944444
v -0.972538 3.662102 0.832929
v -1.011720 3.531742 0.861010
v -0.714614 3.834767 0.923299
v -0.790836 3.812246 0.890668
v -0.720499 3.922775 0.858628
v -0.865789 3.717257 0.893943
v -0.825135 3.882971 0.817765
v -0.862943 3.812325 0.838913
v -0.923915 3.762124 0.818651
v -0.600541 3.866437 0.961994
v -0.609296 3.963603 0.889887
v -1.109077 2.916581 0.919674
v -1.116249 3.072665 0.896658
v -1.187370 2.924930 0.836957
v -1.183899 3.084073 0.822261
v -1.256963 2.933447 0.748699
v -1.275096 3.061851 0.706562
v -1.262816 2.652585 0.753013
v -1.322506 2.928967 0.652080
v -1.345824 3.067151 0.589386
v -1.388206 2.911691 0.532716
v -1.400815 3.061853 0.475937
v -1.219337 3.185402 0.755857
v -1.295118 3.193316 0.642295
v -1.192601 3.329323 0.743395
v -1.264942 3.340511 0.632100
v -1.356847 3.201809 0.524777
v -1.323625 3.352546 0.516662
v -1.090600 3.219121 0.893459
v -1.142266 3.251496 0.830168
v -1.110453 3.409395 0.811026
v -1.433041 2.801742 0.437036
v -1.433681 2.983267 0.410051
v -1.426610 3.133260 0.378396
v -1.462688 2.898020 0.334788
v -1.461578 3.064876 0.286478
v -1.478441 2.909005 0.267008
v -1.495470 2.895162 0.169879
v -1.482645 3.061371 0.169034
v -1.503646 2.894507 0.048076
v -1.490625 3.062121 0.048226
v -1.473033 3.179654 0.048109
v -1.437800 3.214757 0.286861
v -1.458193 3.218227 0.167554
v -1.400407 3.370918 0.282706
v -1.419737 3.375852 0.165361
v -1.454070 3.272749 0.051843
v -1.419842 3.397146 0.077055
v -1.401529 3.456247 -0.010823
v -1.393240 3.207524 0.435783
v -1.351526 3.420358 0.397235
v -1.388143 3.294544 0.396650
v -1.499635 2.868783 -0.079296
v -1.491807 3.010252 -0.057902
v -1.475894 3.133170 -0.076335
v -1.475556 3.012965 -0.180558
v -1.485749 2.812183 -0.186076
v -1.451728 3.169669 -0.195728
v -1.462694 2.849075 -0.275597
v -1.453506 3.019194 -0.270498
v -1.428408 3.040123 -0.344569
v -1.397805 2.840211 -0.453132
v -1.395943 3.001252 -0.435713
v -1.375601 3.092164 -0.458758
v -1.422501 3.196620 -0.291503
v -1.410689 3.331881 -0.217744
v -1.380699 3.387063 -0.274536
v -1.324277 3.466390 -0.362954
v -1.393319 3.207314 -0.369757
v -1.358032 3.344593 -0.375103
v -1.356151 3.240440 -0.442180
v -1.300408 3.386580 -0.477099
v -1.450525 3.286320 -0.017524
v -1.436969 3.296246 -0.130079
v -1.393057 3.447746 -0.129914
v -1.340071 2.929207 -0.556486
v -1.310305 3.089025 -0.580880
v -1.264647 2.926737 -0.673376
v -1.234251 3.089670 -0.692793
v -1.175127 2.924977 -0.784735
v -1.145537 3.067344 -0.801658
v -1.109944 2.660271 -0.861236
v -1.183701 3.217103 -0.726572
v -1.164031 3.374996 -0.696097
v -1.060088 3.417616 -0.795629
v -1.095520 3.255510 -0.813989
v -1.320639 3.234632 -0.515645
v -1.266610 3.253496 -0.600845
v -1.240245 3.370890 -0.590460
v -1.066688 3.564715 0.786683
v -1.025199 3.712431 0.745518
v -1.156002 3.471357 0.727164
v -1.111598 3.589464 0.718034
v -1.115546 3.673137 0.653674
v -1.222982 3.475932 0.625977
v -1.192135 3.586122 0.601263
v -1.147113 3.745252 0.535877
v -1.284810 3.475740 0.511953
v -1.242863 3.594455 0.498797
v -1.202764 3.707700 0.463283
v -1.071287 3.788227 0.619766
v -1.000304 3.866634 0.643540
v -0.925498 3.933138 0.671185
v -0.959965 3.975701 0.573148
v -1.040335 3.900486 0.542390
v -1.101953 3.852426 0.492928
v -0.987422 4.005648 0.484191
v -1.060639 3.945006 0.439093
v -0.925954 3.821957 0.775045
v -0.897819 3.898626 0.737686
v -0.989498 3.811523 0.711053
v -1.304982 3.553963 0.390007
v -1.238422 3.703357 0.381558
v -1.342231 3.524089 0.306111
v -1.276839 3.676653 0.299763
v -1.211217 3.832027 0.211622
v -1.292321 3.683977 0.215518
v -1.359305 3.529958 0.219951
v -1.371586 3.534385 0.105145
v -1.303423 3.689451 0.103426
v -1.265129 3.765642 -0.008797
v -1.340643 3.612928 -0.009788
v -1.141148 3.936898 0.209317
v -1.068175 4.011470 0.277392
v -1.082560 4.026442 0.146268
v -1.221007 3.838666 0.101900
v -1.149900 3.944468 0.100973
v -1.099848 4.013438 0.046561
v -1.008542 4.099357 0.204444
v -1.053266 4.068631 -0.003956
v -1.175466 3.911206 -0.008062
v -1.169207 3.814390 0.397795
v -1.119157 3.918396 0.344696
v -1.012967 4.033061 0.382023
v -1.197527 3.823035 0.294249
v -1.331668 3.614118 -0.104772
v -1.259563 3.762614 -0.091963
v -1.347752 3.529442 -0.212109
v -1.252065 3.753162 -0.171135
v -1.312978 3.624160 -0.185348
v -1.266102 3.669490 -0.284460
v -1.308300 3.545304 -0.323362
v -1.236332 3.643360 -0.397572
v -1.213388 3.782867 -0.256371
v -1.265305 3.497766 -0.468575
v -1.155738 3.889194 -0.226850
v -1.087812 3.959869 -0.278150
v -1.085722 3.998944 -0.182928
v -1.176874 3.786633 -0.354726
v -1.107525 3.883419 -0.370428
v -1.033786 3.976957 -0.376737
v -1.012060 4.075303 -0.211240
v -0.992123 4.051967 -0.325909
v -1.097171 4.010711 -0.061656
v -1.168453 3.905483 -0.117091
v -1.015363 4.094340 -0.129244
v -1.197502 3.623063 -0.496062
v -1.210366 3.488510 -0.573267
v -1.144040 3.624313 -0.582143
v -1.138981 3.540705 -0.644916
v -1.139577 3.764137 -0.462818
v -1.075800 3.635087 -0.668996
v -1.082740 3.512890 -0.729942
v -0.988701 3.672371 -0.745081
v -0.999305 3.737678 -0.691074
v -1.027776 3.811888 -0.594841
v -0.942341 3.839077 -0.677864
v -0.922785 3.904752 -0.638723
v -1.073108 3.856021 -0.475980
v -1.002933 3.944846 -0.481278
v -1.081006 3.739755 -0.584279
v -0.984764 3.898941 -0.564226
v -0.829662 3.910187 -0.725928
v -0.862814 3.973626 -0.632217
v -0.794408 3.992803 -0.676809
v -0.741850 4.076599 -0.631048
v -0.714584 4.005801 -0.726329
v -0.917736 3.976055 -0.564222
v -0.620615 4.141802 -0.649378
v -0.600511 4.056371 -0.750539
v -0.498624 4.190976 -0.667636
v -0.477081 4.124995 -0.747518
v -0.449991 4.068923 -0.810630
v -0.700975 4.160521 -0.561208
v -0.760548 4.199745 -0.437445
v -0.661945 4.268226 -0.430633
v -0.603987 4.236997 -0.538690
v -0.530304 4.281194 -0.528065
v -0.527493 4.330084 -0.450381
v -0.771251 4.134115 -0.527606
v -0.445133 4.274273 -0.592407
v -0.948704 4.018721 -0.462611
v -0.849424 4.054404 -0.549672
v -0.874756 4.102862 -0.444950
v -0.374855 4.228471 -0.682544
v -0.321496 4.080429 -0.844191
v -0.324498 4.149720 -0.781919
v -0.233164 4.230815 -0.724500
v -0.225916 4.192175 -0.765120
v -0.241023 4.294613 -0.647580
v -0.169372 4.115667 -0.845809
v -0.108162 4.192554 -0.782930
v -0.061660 4.127245 -0.846318
v -0.134794 4.260753 -0.708907
v -0.215716 4.367756 -0.554529
v -0.247639 4.429521 -0.438614
v -0.147709 4.432059 -0.464952
v -0.110832 4.318275 -0.643063
v -0.120243 4.377468 -0.560827
v -0.406943 4.332791 -0.528364
v -0.371368 4.396800 -0.439666
v -0.318824 4.319111 -0.589426
v -0.314383 4.379815 -0.499184
v -0.896415 4.140454 -0.338485
v -0.912888 4.168456 -0.229733
v -0.809748 4.223832 -0.311331
v -0.823978 4.254631 -0.187511
v -0.728185 4.273600 -0.333089
v -0.740423 4.305459 -0.221387
v -0.630882 4.325558 -0.351081
v -0.641578 4.361521 -0.237459
v -0.510157 4.372179 -0.383004
v -0.543588 4.400095 -0.274642
v -0.764704 4.312078 -0.120356
v -0.769000 4.321990 -0.008985
v -0.653582 4.384168 -0.111628
v -0.635095 4.404701 -0.010020
v -0.558102 4.429161 -0.138894
v -0.498611 4.470384 -0.011020
v -0.987716 4.138061 -0.007774
v -0.941539 4.168716 -0.125685
v -0.897188 4.222985 -0.008149
v -0.862964 4.241172 -0.104677
v -0.423342 4.438128 -0.307144
v -0.466653 4.453980 -0.206134
v -0.349900 4.437391 -0.368239
v -0.323286 4.483808 -0.266407
v -0.217163 4.473302 -0.358212
v -0.220621 4.513069 -0.244862
v -0.116403 4.476462 -0.382949
v -0.118360 4.514261 -0.284816
v -0.291153 4.524773 -0.131810
v -0.147024 4.540805 -0.180080
v -0.176586 4.554753 -0.066498
v -0.258134 4.544479 -0.012341
v -0.172230 4.559895 0.017803
v -0.085829 4.559645 -0.103581
v -0.086156 4.568922 0.017677
v -0.422029 4.485532 -0.139026
v -0.361424 4.519094 -0.011864
v -0.987566 4.137149 0.100952
v -0.935898 4.170070 0.209485
v -0.865084 4.248052 0.101954
v -0.854511 4.227271 0.266464
v -0.813943 4.277310 0.185914
v -0.756714 4.328518 0.098857
v -0.726690 4.319245 0.271588
v -0.666840 4.378858 0.161041
v -0.668748 4.384677 0.075680
v -0.593641 4.395098 0.277377
v -0.567035 4.439229 0.076560
v -0.531159 4.448239 0.164020
v -0.747169 4.267751 0.381330
v -0.762096 4.205867 0.488989
v -0.653483 4.335633 0.359695
v -0.660215 4.297225 0.442795
v -0.555911 4.320948 0.507308
v -0.518376 4.391383 0.396227
v -0.967578 4.108634 0.317646
v -0.933359 4.097654 0.419722
v -0.853452 4.142733 0.473729
v -0.840940 4.200301 0.376137
v -0.430170 4.496328 0.077409
v -0.492483 4.440504 0.281445
v -0.394559 4.500641 0.166538
v -0.397858 4.477078 0.278411
v -0.287240 4.536940 0.104372
v -0.290534 4.518809 0.227774
v -0.176213 4.557208 0.105457
v -0.194808 4.538878 0.223208
v -0.119645 4.539960 0.260040
v -0.060712 4.567924 0.111705
v -0.051734 4.557396 0.196134
v -0.301073 4.490813 0.328319
v -0.152511 4.515806 0.335253
v -0.251314 4.473004 0.408298
v -0.165396 4.455739 0.481903
v -0.117036 4.479942 0.441365
v -0.280425 4.429653 0.489952
v -0.476275 4.354092 0.512883
v -0.408093 4.444749 0.368535
v -0.378170 4.427463 0.437865
v -0.375487 4.374741 0.542787
v -0.888894 4.076580 0.531048
v -0.860468 4.041160 0.619361
v -0.773485 4.136000 0.589373
v -0.757237 4.075455 0.684699
v -0.691682 4.218748 0.549748
v -0.648449 4.188643 0.634695
v -0.680029 4.111706 0.706223
v -0.616811 4.257650 0.560482
v -0.590801 4.155044 0.720020
v -0.510911 4.270695 0.623960
v -0.482110 4.190751 0.742201
v -0.735466 3.995378 0.786978
v -0.656779 4.034481 0.803581
v -0.563879 4.044898 0.845795
v -0.512608 4.101521 0.819803
v -0.837488 3.913832 0.781644
v -0.814815 3.994528 0.723489
v -0.395748 4.268069 0.691553
v -0.370633 4.335792 0.608516
v -0.269329 4.297824 0.701887
v -0.243437 4.383985 0.587119
v -0.142829 4.315905 0.708287
v -0.113893 4.400955 0.591502
v -0.247830 4.204545 0.814357
v -0.145244 4.162849 0.873210
v -0.097249 4.233282 0.809110
v -0.385149 4.123677 0.852392
v -0.358076 4.207873 0.776995
v -1.068834 0.827252 -0.899910
v -1.131802 0.824851 -0.840000
v -1.047432 0.662126 -0.913340
v -1.097546 0.565993 -0.859929
v -1.090441 0.473149 -0.853185
v -1.079633 0.387729 -0.843348
v -1.010519 0.308004 -0.878677
v -1.114866 0.330121 -0.778801
v -1.168006 0.753091 -0.801842
v -1.190472 0.512163 -0.746833
v -1.178895 0.433076 -0.737734
v -1.227991 0.846787 -0.732547
v -1.204173 0.623702 -0.749275
v -1.202675 0.406540 -0.674965
v -0.985005 0.244267 -0.865086
v -1.087930 0.264682 -0.767247
v -1.157277 0.325074 -0.688085
v -1.204397 0.393391 -0.623505
v -1.248304 0.509759 -0.647549
v -1.277483 0.599273 -0.632671
v -1.284282 0.694803 -0.645292
v -1.270166 0.864083 -0.677463
v -1.474828 0.819504 0.314766
v -1.460125 0.717023 0.344696
v -1.460871 0.566580 0.285100
v -1.451479 0.472405 0.256350
v -1.423818 0.584794 0.367302
v -1.420130 0.448911 0.294727
v -1.429926 0.665907 0.396158
v -1.433196 0.914204 0.446244
v -1.374156 0.605521 0.443402
v -1.412587 0.790303 0.479215
v -1.385490 0.656214 0.468624
v -1.372807 0.718161 0.535484
v -1.391862 0.393142 0.286914
v -1.354369 0.511376 0.387639
v -1.339883 0.572946 0.449882
v -1.321769 0.583954 0.491065
v -1.341390 0.619509 0.514982
v -1.350891 0.660408 0.544705
v -1.394547 0.928776 0.535177
v -1.312764 0.889186 -0.615318
v -1.284779 0.546933 -0.559280
v -1.322235 0.628195 -0.535054
v -1.366249 0.917718 -0.525573
v -1.351735 0.768657 -0.536884
v -1.385935 0.720992 -0.441800
v -1.329895 0.611884 -0.472791
v -1.363353 0.663508 -0.451937
v -1.262378 0.512812 -0.520708
v -1.301849 0.572932 -0.466255
v -1.321769 0.583953 -0.425135
v -1.354795 0.619510 -0.420027
v -1.447481 0.726444 -0.315364
v -1.419381 0.848040 -0.408153
v -1.422777 0.973384 -0.407221
v -1.510624 0.818156 0.022343
v -1.506684 0.806532 0.129507
v -1.502421 0.601302 0.079755
v -1.489655 0.470550 0.049467
v -1.473279 0.387941 0.079951
v -1.452477 0.308109 0.019558
v -1.447575 0.330139 0.138861
v -1.481324 0.498403 0.170832
v -1.487577 0.598773 0.201412
v -1.465771 0.418655 0.168797
v -1.494569 0.752833 0.217074
v -1.435450 0.385634 0.226017
v -1.422881 0.246883 0.072783
v -1.412120 0.297669 0.188798
v -1.262930 0.790262 0.752879
v -1.207048 0.777946 0.823276
v -1.216216 0.558879 0.789175
v -1.243811 0.497349 0.717891
v -1.152919 0.414804 0.833303
v -1.216742 0.425261 0.720404
v -1.159210 0.362751 0.794631
v -1.159293 0.827136 0.877387
v -1.125311 0.605438 0.902857
v -1.114829 0.478025 0.895161
v -1.087274 0.318042 0.873116
v -1.106619 0.821409 0.930666
v -1.050610 0.384325 0.936272
v -1.189375 0.368016 0.712561
v -1.139278 0.306017 0.776168
v -1.070824 0.256987 0.851229
v -0.965425 0.246755 0.947260
v -0.979816 0.311962 0.970332
v -1.006014 0.473159 0.993554
v -1.019638 0.591850 0.997899
v -1.046420 0.804036 0.985030
v -0.350931 0.884507 -1.260569
v -0.384411 0.795290 -1.250312
v -0.303638 0.652785 -1.260706
v -0.314299 0.596212 -1.251126
v -0.320873 0.535577 -1.235564
v -0.298029 0.449891 -1.218291
v -0.465624 0.914559 -1.231019
v -0.465205 0.605181 -1.178116
v -0.516970 0.792053 -1.208290
v -0.494265 0.656169 -1.187982
v -0.569962 0.718224 -1.176881
v -0.289295 0.394303 -1.193327
v -0.401718 0.510184 -1.160164
v -0.472607 0.572678 -1.147911
v -0.542148 0.584279 -1.123994
v -0.546719 0.619579 -1.149193
v -0.580294 0.660556 -1.157620
v -0.567802 0.929638 -1.196735
v -1.365674 0.920028 0.591901
v -1.342809 0.759485 0.619067
v -1.306655 0.584084 0.585622
v -1.328590 0.899840 0.656148
v -1.295506 0.644498 0.680025
v -1.291602 0.878024 0.713069
v -1.304641 0.575832 0.527751
v -1.269710 0.520604 0.598614
v -0.033269 0.795100 -1.297904
v -0.120658 0.330291 -1.242612
v -0.123364 0.767201 -1.293500
v -0.156684 0.498475 -1.272370
v -0.173548 0.422742 -1.256974
v -0.233178 0.843592 -1.282031
v -0.188423 0.632502 -1.281544
v -0.219467 0.385941 -1.231927
v -0.177641 0.298141 -1.211307
v -1.492717 0.837697 -0.169345
v -1.485903 0.644865 -0.165360
v -1.466966 0.544963 -0.191084
v -1.457046 0.449180 -0.160733
v -1.424654 0.424210 -0.207548
v -1.444435 0.342085 -0.099378
v -1.484823 0.486137 -0.072226
v -1.506049 0.802318 -0.065584
v -1.500847 0.605644 -0.043262
v -1.471735 0.393267 -0.041190
v -1.398595 0.366951 -0.197282
v -1.411567 0.305741 -0.129392
v -1.421012 0.256900 -0.044445
v -0.817335 0.790070 -1.079713
v -0.911627 0.844748 -1.021521
v -0.929411 0.680296 -1.004558
v -0.858516 0.558921 -1.038580
v -0.847098 0.449073 -1.023226
v -0.780319 0.425057 -1.039124
v -0.894826 0.341972 -0.967964
v -0.994921 0.800937 -0.961038
v -0.981803 0.511791 -0.952809
v -0.968387 0.393023 -0.938958
v -0.771200 0.368014 -1.015129
v -0.871209 0.284765 -0.952338
v -1.392202 0.649995 -0.386808
v -1.385438 0.582932 -0.348690
v -1.438478 0.637863 -0.301472
v -1.462351 0.793042 -0.286382
v -1.465153 0.939102 -0.286896
v -1.432026 0.546327 -0.268366
v -1.338443 0.575842 -0.388712
v -1.368260 0.520397 -0.319119
v -0.654593 0.866327 -1.161810
v -0.626987 0.584173 -1.118526
v -0.750938 0.872701 -1.116281
v -0.734543 0.644600 -1.108562
v -0.733706 0.543529 -1.087220
v -0.641891 0.520481 -1.085842
v -0.208199 0.848426 1.351224
v -0.291589 0.856089 1.338216
v -0.231001 0.638757 1.340785
v -0.155361 0.680682 1.353234
v -0.254467 0.545083 1.325635
v -0.291804 0.496920 1.304227
v -0.152498 0.414910 1.324836
v -0.273556 0.424706 1.288248
v -0.183977 0.362727 1.302249
v -0.089685 0.817639 1.362023
v -0.106213 0.516228 1.346999
v -0.083115 0.318070 1.310784
v 0.001017 0.603202 1.358191
v -0.262033 0.367691 1.265298
v -0.184606 0.305990 1.276815
v -0.088295 0.257000 1.285138
v -0.500347 0.926268 1.285991
v -0.499975 0.787758 1.279571
v -0.538446 0.720976 1.254377
v -0.511261 0.667070 1.248851
v -0.513605 0.619419 1.226968
v -0.432406 0.582244 1.253936
v -0.393731 0.893894 1.316574
v -0.379987 0.638203 1.300453
v -0.360309 0.718300 1.317718
v -0.573892 0.928147 1.260376
v -0.519853 0.583954 1.197721
v -0.478161 0.575673 1.212512
v -0.399014 0.519784 1.238732
v -0.771550 0.876913 1.171260
v -0.770035 0.694872 1.164527
v -0.824418 0.547084 1.119735
v -0.715584 0.632020 1.178611
v -0.804991 0.478420 1.114536
v -0.803822 0.406144 1.092513
v -0.671919 0.547127 1.165223
v -0.707016 0.898107 1.203801
v -0.644484 0.628316 1.198194
v -0.646867 0.768678 1.224054
v -0.637409 0.919449 1.235115
v -0.573812 0.611936 1.204930
v -0.840658 0.795391 1.132005
v -0.744822 0.393526 1.094364
v -0.628302 0.512084 1.144900
v -0.566426 0.572997 1.180210
v -0.970796 0.833179 1.045568
v -0.959072 0.673048 1.049314
v -0.936273 0.403655 1.029117
v -0.899084 0.552283 1.079749
v -0.892969 0.346233 1.035235
v -0.900361 0.839417 1.094728
v -0.849739 0.297911 1.032326
v -1.507784 1.400690 -0.067095
v -1.521113 1.596185 -0.034232
v -1.511420 1.206507 0.008713
v -1.517988 1.406821 0.013916
v -1.534342 1.601847 0.003028
v -1.530337 1.495307 0.043734
v -1.556306 1.616469 0.033265
v -1.531811 1.467773 0.090230
v -1.538353 1.485318 0.113108
v -1.517324 1.360897 0.089193
v -1.509944 1.186769 0.096152
v -1.505663 1.285295 0.181040
v -1.517986 1.417103 0.170728
v -1.533204 1.476266 0.173384
v -1.499129 1.133325 0.200514
v -1.519040 1.487056 0.231762
v -1.492596 1.370993 0.272366
v -1.555897 1.534913 0.087965
v -1.474163 1.206985 0.322485
v -1.484907 1.476388 0.319881
v -1.500840 1.545007 0.301197
v -1.532300 1.573884 0.270254
v -1.545682 1.512580 0.204825
v -1.552471 1.503854 0.147397
v -1.485741 1.643805 0.343952
v -1.451431 1.370688 0.397927
v -1.470225 1.659536 0.371225
v -1.425219 1.615238 0.466767
v -1.506888 1.666410 0.320724
v -1.181547 2.626303 -0.787318
v -1.248680 2.733408 -0.704143
v -1.263505 2.470775 -0.686924
v -1.475184 2.632063 0.319508
v -1.476924 2.485643 0.339672
v -1.499503 2.359458 0.318648
v -1.450014 2.459955 0.407087
v -1.437940 2.265484 0.439851
v -1.392563 2.643439 0.539273
v -1.521895 2.348016 0.282622
v -1.560395 2.213158 0.283324
v -1.525788 2.202777 0.315716
v -1.480595 2.238601 0.362061
v -1.307201 2.646671 -0.623359
v -1.354336 2.622347 -0.546712
v -1.402689 2.550952 -0.452367
v -1.511432 2.655298 0.023357
v -1.507872 2.662103 0.123881
v -1.519591 2.556152 0.049131
v -1.530736 2.488015 0.082768
v -1.534461 2.408538 0.017059
v -1.548224 2.415143 0.114691
v -1.560671 2.321665 0.048420
v -1.573822 2.339974 0.117593
v -1.521323 2.517140 0.164954
v -1.497588 2.699332 0.201753
v -1.544518 2.416336 0.175595
v -1.571036 2.342747 0.177434
v -1.499457 2.578446 0.240129
v -1.521346 2.441699 0.234912
v -1.553043 2.331111 0.237694
v -1.589687 2.231603 0.051107
v -1.609658 2.263325 0.121114
v -1.607516 2.268361 0.179646
v -1.588143 2.251017 0.238418
v -1.215756 2.624629 0.813623
v -1.151319 2.646244 0.885526
v -1.099865 2.647334 0.936776
v -1.035427 2.469110 0.994691
v -1.034779 2.733299 0.993121
v -0.356893 2.477280 -1.259072
v -0.435592 2.658463 -1.239287
v -0.520542 2.647819 -1.213146
v -1.344661 2.652782 0.628936
v -1.304832 2.665428 0.692619
v -0.155704 2.735255 -1.289291
v -0.120928 2.466653 -1.293893
v -0.190036 2.465752 -1.287365
v -1.478241 2.554013 -0.237181
v -1.505617 2.418253 -0.101332
v -1.512192 2.516419 -0.044221
v -1.525146 2.338729 -0.036132
v -1.546649 2.301217 0.005021
v -0.924185 2.632550 -1.012712
v -0.985705 2.645006 -0.967903
v -1.435589 2.805204 -0.364320
v -1.433914 2.466970 -0.377989
v -1.455248 2.551748 -0.317363
v -0.656981 2.627754 -1.160819
v -0.739172 2.639391 -1.121921
v -0.116847 2.662161 1.359830
v -0.521464 2.466310 1.279247
v -0.422257 2.488222 1.309094
v -0.702347 2.641309 1.205814
v -0.623003 2.557464 1.241120
v -0.968778 2.644135 1.046592
v -0.900610 2.659214 1.094019
v -1.528092 2.042534 0.329880
v -1.499673 1.989936 0.354133
v -1.522954 1.885004 0.333278
v -1.468348 2.002450 0.388731
v -1.452428 1.705449 0.407813
v -1.563670 2.085313 0.306663
v -1.570869 1.921361 0.313002
v -1.556189 1.773497 0.309206
v -1.544638 1.680352 0.296696
v -1.598539 1.682809 0.039915
v -1.640417 1.625250 0.067844
v -1.658544 1.698115 0.054450
v -1.772677 1.501277 0.117851
v -1.794908 1.583815 0.096053
v -1.851731 1.531829 0.120039
v -1.619572 1.820566 0.028150
v -1.678680 1.833329 0.047301
v -1.848761 1.633145 0.099453
v -1.654153 1.952623 0.041604
v -1.843207 1.729591 0.093657
v -1.916809 1.662486 0.122035
v -1.660310 2.032037 0.053468
v -1.881595 1.768674 0.110441
v -1.582640 1.577277 0.072757
v -1.629621 1.582295 0.082137
v -1.791840 1.461494 0.140425
v -1.840638 1.477132 0.139774
v -1.904405 1.584974 0.125662
v -1.929186 1.764850 0.136943
v -1.867028 1.835306 0.115123
v -1.711460 2.051936 0.087900
v -1.644478 2.143021 0.070986
v -1.594082 2.093474 0.020673
v -1.574680 1.937500 -0.000759
v -1.565905 1.784667 0.004153
v -1.497671 1.673114 -0.144130
v -1.506727 2.202075 -0.108316
v -1.510047 1.802561 -0.095687
v -1.524320 2.149054 -0.062817
v -1.531771 1.839777 -0.044429
v -1.536702 1.706752 -0.016721
v -1.542315 2.037027 -0.036376
v -1.562888 2.106852 -0.005695
v -1.967348 1.697551 0.157304
v -1.946772 1.608234 0.145275
v -1.978283 1.616233 0.176766
v -1.964225 1.567168 0.176579
v -1.907341 1.527369 0.144059
v -1.921846 1.510197 0.164061
v -1.855025 1.453418 0.164170
v -1.984537 1.668359 0.183606
v -1.946289 1.518372 0.196608
v -1.896338 1.466414 0.184828
v -1.841712 1.431730 0.194442
v -1.979159 1.588779 0.205868
v -1.986887 1.669208 0.211205
v -1.897449 1.463715 0.205716
v -1.973740 1.620272 0.232074
v -1.954125 1.545395 0.227209
v -1.893989 1.469890 0.225766
v -1.836985 1.441667 0.228804
v -1.960380 1.680216 0.245169
v -1.940891 1.556279 0.245824
v -1.885246 1.483575 0.243952
v -1.938136 1.618433 0.259266
v -1.898556 1.536420 0.261877
v -1.840412 1.478249 0.255229
v -1.788185 1.437834 0.161081
v -1.786581 1.425941 0.179559
v -1.801218 1.424044 0.208173
v -1.783832 1.448169 0.240581
v -1.794261 1.488736 0.263062
v -1.841651 1.538873 0.275676
v -1.895790 1.601334 0.274235
v -1.907497 1.676214 0.272923
v -1.929752 1.740458 0.254934
v -1.969082 1.728288 0.225524
v -1.979368 1.725998 0.192112
v -1.714724 2.094265 0.120035
v -1.677655 2.157040 0.134412
v -1.860790 1.901856 0.135967
v -1.942719 1.802137 0.167762
v -1.872784 1.918488 0.177133
v -1.677131 2.163038 0.168764
v -1.955438 1.786212 0.205087
v -1.672780 2.159458 0.196566
v -1.903814 1.873560 0.203760
v -1.665426 2.146981 0.223178
v -1.849367 1.909121 0.237086
v -1.928365 1.805632 0.231712
v -1.656906 2.122959 0.247631
v -1.898556 1.802516 0.254849
v -1.648851 2.083361 0.268378
v -1.564857 1.545517 0.235608
v -1.602053 1.554491 0.247122
v -1.600041 1.528912 0.224656
v -1.715340 1.468913 0.237337
v -1.600272 1.513106 0.199838
v -1.570512 1.513305 0.180855
v -1.711256 1.448834 0.210012
v -1.763276 1.426662 0.204864
v -1.602005 1.507329 0.173775
v -1.712429 1.443498 0.190374
v -1.607874 1.510881 0.147758
v -1.576195 1.522784 0.126003
v -1.719034 1.445470 0.170827
v -1.613372 1.524828 0.123150
v -1.727788 1.464585 0.141941
v -1.616334 1.550135 0.099371
v -1.563668 1.605925 0.271966
v -1.611038 1.605597 0.273116
v -1.734594 1.522530 0.268378
v -1.611583 2.039099 0.294089
v -1.676030 1.968584 0.286357
v -1.870646 1.769928 0.273218
v -1.827680 1.733271 0.286696
v -1.654960 1.842319 0.299315
v -1.828616 1.635597 0.288302
v -1.636122 1.708607 0.294118
v -1.776470 1.593472 0.286204
v 0.685069 2.888564 -0.584292
v 0.680901 3.004753 -0.577072
v 0.617615 2.917981 -0.635916
v 0.580015 3.040018 -0.647795
v 0.518835 2.942368 -0.696338
v 0.534463 2.875912 -0.690979
v 0.497563 3.030522 -0.697614
v 0.573168 2.656224 -0.672316
v 0.442825 2.847979 -0.739117
v 0.410671 3.008314 -0.741983
v 0.356505 2.877698 -0.773004
v 0.523930 3.110201 -0.669289
v 0.493893 3.230355 -0.654722
v 0.447839 3.129133 -0.705088
v 0.409266 3.265916 -0.684122
v 0.358981 3.168657 -0.733006
v 0.348793 3.079491 -0.755037
v 0.660792 3.089776 -0.579445
v 0.628585 3.236373 -0.564029
v 0.592663 3.150355 -0.616492
v 0.321433 3.010565 -0.774702
v 0.266553 2.926155 -0.798484
v 0.232084 3.040269 -0.795039
v 0.172196 2.859056 -0.821929
v 0.154821 3.015286 -0.813205
v 0.214408 2.710448 -0.817642
v 0.089687 2.945380 -0.827257
v 0.078130 2.801759 -0.834509
v 0.030579 3.050015 -0.819540
v 0.000351 2.943222 -0.831142
v 0.197128 3.146505 -0.783528
v 0.098910 3.155996 -0.795696
v 0.186705 3.261783 -0.753804
v 0.100779 3.264975 -0.765008
v 0.006177 3.153550 -0.800700
v 0.010877 3.263416 -0.770415
v 0.274482 3.137009 -0.767367
v 0.272883 3.256645 -0.735445
v 0.582315 3.408451 -0.526162
v 0.576264 3.241432 -0.600599
v 0.560638 3.333791 -0.576122
v 0.517746 3.400822 -0.573481
v 0.488278 3.305140 -0.631514
v 0.443396 3.384512 -0.621385
v 0.341268 3.355078 -0.677829
v 0.344449 3.439911 -0.637699
v 0.355442 3.289366 -0.697502
v 0.451143 3.461954 -0.579403
v 0.444441 3.502246 -0.558594
v 0.478761 3.556134 -0.501874
v 0.384587 3.555298 -0.552519
v 0.346261 3.505265 -0.600857
v 0.321097 3.617433 -0.533469
v 0.277593 3.556031 -0.593739
v 0.551249 3.475718 -0.511216
v 0.528064 3.508198 -0.505756
v 0.552387 3.533435 -0.468121
v 0.256953 3.466806 -0.652481
v 0.242321 3.359946 -0.705750
v 0.174330 3.475847 -0.666828
v 0.157966 3.366082 -0.720574
v 0.092081 3.481442 -0.675442
v 0.073865 3.369601 -0.728954
v 0.002171 3.457233 -0.691774
v -0.010643 3.368999 -0.731842
v 0.203279 3.573866 -0.602646
v 0.094834 3.584388 -0.613748
v 0.164815 3.641440 -0.562041
v 0.010326 3.546171 -0.643064
v -0.000167 3.629824 -0.586838
v 0.011262 2.805113 0.903118
v -0.008155 2.979019 0.894509
v 0.087762 2.961483 0.892273
v 0.104730 2.810530 0.897888
v 0.176400 2.960718 0.881218
v 0.189408 2.801639 0.886307
v 0.063974 3.069463 0.880599
v 0.264741 2.921476 0.864891
v 0.278831 2.801504 0.865928
v 0.282882 3.023737 0.850549
v 0.365503 2.728751 0.839925
v 0.363504 2.942441 0.832653
v 0.230330 3.086398 0.854165
v 0.402796 3.062180 0.803802
v 0.206847 3.171969 0.841107
v 0.151291 3.277287 0.821016
v 0.257405 3.270488 0.801230
v 0.300862 3.132703 0.826940
v 0.334832 3.245862 0.785298
v 0.393766 3.173872 0.783980
v 0.048016 3.156724 0.864513
v -0.010931 3.216365 0.850374
v 0.064322 3.279291 0.829407
v 0.119747 3.174773 0.854344
v 0.151057 3.081855 0.869797
v -0.028415 3.111297 0.874728
v 0.429645 2.847180 0.810974
v 0.479719 2.961282 0.781061
v 0.505515 2.712438 0.777320
v 0.548902 2.915303 0.746430
v 0.507445 3.056623 0.754724
v 0.546647 2.637868 0.754348
v 0.618587 2.851292 0.704544
v 0.595147 3.038935 0.703892
v 0.668580 3.013256 0.652572
v 0.668091 2.899475 0.663958
v 0.661971 2.630285 0.675130
v 0.541268 3.139006 0.718352
v 0.505057 3.244082 0.710166
v 0.603860 3.181459 0.666168
v 0.630471 3.111189 0.663978
v 0.683864 3.099054 0.622812
v 0.659597 3.204155 0.614048
v 0.477330 3.167158 0.746915
v -0.010632 3.340066 0.809380
v 0.076023 3.403058 0.780585
v -0.010559 3.439395 0.766968
v 0.144192 3.452001 0.749490
v 0.171047 3.335754 0.796824
v 0.009590 3.492824 0.739406
v 0.251672 3.382035 0.760013
v 0.207232 3.453761 0.737507
v 0.332771 3.353565 0.746976
v 0.207094 3.545172 0.685962
v 0.223305 3.591254 0.651680
v 0.284168 3.489686 0.697931
v 0.326435 3.560279 0.639363
v -0.030989 3.566045 0.696233
v 0.016835 3.611193 0.666219
v 0.090863 3.522508 0.718630
v 0.105295 3.596536 0.670396
v 0.402782 3.286435 0.745572
v 0.371270 3.394848 0.715149
v 0.465860 3.366109 0.684323
v 0.535172 3.335977 0.657961
v 0.549868 3.407610 0.616287
v 0.588796 3.273956 0.646234
v 0.639589 3.296416 0.596381
v 0.491876 3.500791 0.599620
v 0.558561 3.497750 0.557154
v 0.602400 3.416327 0.571515
v 0.368852 3.480962 0.672038
v 0.406188 3.539527 0.618994
v 0.445767 3.459502 0.649022
v 0.734654 2.886019 0.604369
v 0.755656 3.011544 0.569938
v 0.775790 2.983677 0.550189
v 0.799956 2.876065 0.531826
v 0.814614 3.000226 0.498779
v 0.796952 2.671717 0.542223
v 0.857522 2.783411 0.456501
v 0.855840 2.909429 0.450889
v 0.875010 2.944932 0.415695
v 0.899555 3.015193 0.352819
v 0.921565 2.815047 0.338140
v 0.836066 3.069997 0.450453
v 0.815587 3.163389 0.447180
v 0.872760 3.076679 0.385101
v 0.840386 3.185702 0.395401
v 0.856363 3.226476 0.337072
v 0.777221 3.262363 0.454302
v 0.887228 3.127590 0.332204
v 0.712123 3.154400 0.580795
v 0.773573 3.126264 0.519923
v 0.751941 3.220676 0.510563
v 0.929739 2.931085 0.303976
v 0.929604 3.059321 0.261177
v 0.950243 2.807003 0.264169
v 0.956235 2.919904 0.228310
v 0.960634 2.993841 0.181796
v 0.950648 3.082987 0.159012
v 0.975212 2.892291 0.150634
v 0.992730 2.653640 0.118300
v 0.973599 2.992782 0.084524
v 0.983916 2.893865 0.061192
v 0.976196 2.984961 0.006948
v 0.986379 2.817453 -0.018075
v 0.920263 3.171017 0.204704
v 0.937921 3.162382 0.119543
v 0.909626 3.238318 0.156467
v 0.959820 3.084130 0.081641
v 0.918186 3.240298 0.080660
v 0.942835 3.163215 0.042698
v 0.919136 3.240496 0.004320
v 0.953547 3.118816 -0.000382
v 0.903664 3.156314 0.273348
v 0.873076 3.257341 0.269504
v 0.961516 3.056240 -0.054662
v 0.974815 2.944991 -0.055280
v 0.968257 2.868805 -0.123562
v 0.961605 2.987993 -0.113454
v 0.973336 2.718667 -0.120078
v 0.953001 2.757463 -0.192680
v 0.937793 3.054261 -0.171549
v 0.944813 2.933960 -0.195681
v 0.920345 2.872501 -0.268785
v 0.909708 2.996989 -0.270026
v 0.933754 2.618133 -0.250281
v 0.920724 3.159093 -0.149545
v 0.882203 3.269742 -0.162233
v 0.905089 3.125887 -0.226085
v 0.880627 3.181667 -0.249868
v 0.864659 3.090776 -0.330166
v 0.935830 3.161752 -0.072687
v 0.903409 3.264933 -0.071009
v 0.883862 2.877589 -0.341490
v 0.869824 2.998844 -0.348094
v 0.845205 2.939320 -0.397705
v 0.833129 2.845954 -0.423857
v 0.776943 2.876082 -0.493591
v 0.787489 2.985907 -0.470273
v 0.726216 2.895019 -0.546027
v 0.805453 3.068624 -0.430205
v 0.745906 3.216515 -0.454873
v 0.742016 3.039127 -0.512982
v 0.727739 3.136210 -0.504223
v 0.683249 3.204897 -0.526360
v 0.858503 3.174212 -0.301914
v 0.812952 3.180460 -0.377773
v 0.691915 3.265307 0.559525
v 0.664898 3.355652 0.543803
v 0.723248 3.314543 0.499067
v 0.689974 3.402526 0.485808
v 0.755716 3.371240 0.414137
v 0.800121 3.293251 0.397990
v 0.820386 3.325866 0.331315
v 0.766657 3.434384 0.331328
v 0.703378 3.468254 0.409992
v 0.645378 3.522223 0.440673
v 0.654883 3.562606 0.378484
v 0.723713 3.513101 0.319196
v 0.664477 3.586012 0.326313
v 0.591468 3.563783 0.465196
v 0.624804 3.449157 0.529980
v 0.600926 3.508739 0.509319
v 0.665707 3.461323 0.471943
v 0.832944 3.357993 0.265018
v 0.784237 3.454502 0.260821
v 0.879308 3.287118 0.211853
v 0.835587 3.388342 0.208502
v 0.820394 3.442141 0.151920
v 0.869669 3.341649 0.154191
v 0.877588 3.344329 0.079788
v 0.827516 3.445635 0.078891
v 0.828303 3.446020 0.005428
v 0.878466 3.344616 0.004877
v 0.762499 3.536984 0.150140
v 0.720886 3.587169 0.176614
v 0.691682 3.638926 0.097216
v 0.760699 3.553452 0.078202
v 0.693431 3.640947 0.025585
v 0.761368 3.553963 0.005778
v 0.687496 3.595299 0.259867
v 0.772591 3.494025 0.224527
v 0.671786 3.635912 0.204296
v 0.862099 3.365895 -0.067026
v 0.822771 3.442721 -0.067546
v 0.856736 3.352838 -0.126914
v 0.824200 3.401240 -0.162841
v 0.776108 3.450599 -0.222480
v 0.834252 3.301656 -0.258061
v 0.807755 3.367348 -0.250922
v 0.765714 3.505960 -0.156282
v 0.743662 3.556024 -0.110750
v 0.687082 3.625547 -0.116981
v 0.696363 3.586455 -0.189510
v 0.735370 3.486985 -0.264944
v 0.678558 3.569016 -0.260445
v 0.782680 3.511812 -0.062951
v 0.710660 3.613924 -0.052402
v 0.802253 3.288813 -0.331607
v 0.764766 3.389560 -0.316014
v 0.756576 3.270834 -0.413934
v 0.740061 3.351327 -0.386367
v 0.711965 3.425112 -0.371684
v 0.694084 3.359645 -0.442924
v 0.661290 3.297632 -0.510177
v 0.635660 3.384207 -0.492166
v 0.653599 3.431739 -0.443835
v 0.656265 3.492593 -0.390236
v 0.607465 3.480982 -0.459799
v 0.595071 3.555994 -0.404168
v 0.685750 3.512337 -0.324415
v 0.619479 3.589479 -0.331108
v 0.528892 3.587940 -0.436881
v 0.542467 3.622071 -0.384685
v 0.472289 3.609226 -0.459121
v 0.471637 3.656122 -0.409779
v 0.405959 3.624253 -0.486904
v 0.402062 3.708840 -0.399729
v 0.320839 3.699053 -0.458241
v 0.490011 3.696084 -0.340495
v 0.481143 3.745028 -0.272279
v 0.401222 3.764901 -0.321515
v 0.327496 3.760590 -0.381210
v 0.293899 3.810186 -0.331763
v 0.356339 3.823017 -0.261355
v 0.624119 3.634026 -0.254721
v 0.557447 3.658354 -0.317429
v 0.571788 3.688103 -0.246360
v 0.254234 3.644521 -0.535750
v 0.264204 3.751538 -0.425748
v 0.221082 3.717047 -0.479856
v 0.160686 3.732143 -0.480698
v 0.104246 3.803963 -0.411504
v 0.088661 3.669729 -0.550840
v 0.092316 3.742648 -0.482606
v 0.010264 3.699483 -0.529502
v 0.010431 3.767072 -0.463008
v 0.180357 3.849226 -0.326717
v 0.085515 3.863019 -0.330594
v -0.001761 3.818759 -0.400885
v 0.000557 3.866383 -0.332661
v 0.251003 3.854954 -0.281560
v 0.199212 3.800100 -0.391045
v 0.638467 3.654490 -0.183842
v 0.619598 3.698767 -0.110622
v 0.583170 3.710780 -0.174438
v 0.506351 3.747408 -0.232276
v 0.526390 3.766064 -0.149842
v 0.444259 3.826512 -0.132054
v 0.425407 3.812627 -0.204507
v 0.350912 3.857182 -0.191294
v 0.500060 3.804996 -0.068033
v 0.545258 3.780131 0.005543
v 0.458151 3.840373 0.005039
v 0.411646 3.859348 -0.069999
v 0.368287 3.889813 0.004485
v 0.330354 3.896922 -0.084741
v 0.650760 3.677484 -0.067692
v 0.627294 3.709815 0.005899
v 0.581116 3.743650 -0.062968
v 0.294825 3.895904 -0.146133
v 0.245355 3.887440 -0.217898
v 0.231030 3.915983 -0.150713
v 0.161985 3.893014 -0.254098
v 0.161500 3.922446 -0.184126
v 0.186632 3.937283 -0.117675
v 0.099498 3.953714 -0.113777
v 0.083895 3.907000 -0.250822
v 0.076783 3.935697 -0.182647
v 0.011172 3.959280 -0.115493
v -0.010984 3.912825 -0.247916
v -0.011060 3.938555 -0.184588
v 0.189021 3.951122 -0.035128
v 0.094488 3.968346 -0.031024
v 0.189357 3.954606 0.042820
v 0.111321 3.969000 0.042863
v 0.011215 3.969990 -0.057637
v -0.001878 3.975876 -0.002021
v 0.278636 3.927499 0.004003
v 0.255239 3.926831 -0.073026
v 0.626833 3.709066 0.078087
v 0.638768 3.685745 0.153380
v 0.562461 3.754971 0.150977
v 0.544910 3.779247 0.078707
v 0.457890 3.839381 0.079556
v 0.477395 3.816613 0.153031
v 0.388586 3.867982 0.155370
v 0.368095 3.888737 0.080472
v 0.461462 3.806739 0.227727
v 0.514857 3.750325 0.278828
v 0.427983 3.781644 0.332509
v 0.425848 3.813895 0.266144
v 0.363141 3.855718 0.245301
v 0.343622 3.809375 0.363509
v 0.616873 3.680591 0.239326
v 0.618588 3.631567 0.335836
v 0.550440 3.746240 0.219286
v 0.560601 3.700285 0.307779
v 0.278506 3.926364 0.081205
v 0.299412 3.907896 0.157431
v 0.210525 3.936687 0.158991
v 0.200151 3.947918 0.100904
v 0.124488 3.961515 0.118894
v 0.125680 3.946111 0.195264
v 0.051030 3.974326 0.060810
v 0.039911 3.964293 0.154817
v -0.001648 3.975812 0.073592
v 0.192166 3.917837 0.244314
v 0.153804 3.894899 0.320713
v 0.079025 3.935982 0.248581
v 0.067760 3.898707 0.336656
v -0.003281 3.938537 0.251851
v -0.029186 3.897446 0.344040
v 0.283806 3.892860 0.235212
v 0.288033 3.864812 0.301265
v 0.243608 3.873969 0.316494
v 0.580677 3.612804 0.418270
v 0.540612 3.617340 0.458459
v 0.539549 3.672388 0.384945
v 0.482908 3.677065 0.439412
v 0.485717 3.721681 0.371560
v 0.407473 3.757742 0.393305
v 0.404054 3.708257 0.464199
v 0.320621 3.758825 0.454040
v 0.501291 3.614813 0.497780
v 0.427896 3.652391 0.511684
v 0.461151 3.578573 0.560286
v 0.384483 3.607746 0.578305
v 0.347116 3.688779 0.521545
v 0.540867 3.547896 0.531779
v 0.264711 3.813926 0.408127
v 0.239412 3.773244 0.475506
v 0.179936 3.835989 0.412933
v 0.156071 3.791309 0.481049
v 0.095394 3.849316 0.415906
v 0.051265 3.801073 0.487685
v 0.010692 3.855128 0.415859
v 0.174625 3.740205 0.534769
v 0.092587 3.751160 0.539342
v 0.143460 3.672591 0.606520
v 0.071842 3.693011 0.598100
v 0.010358 3.748023 0.548489
v -0.000183 3.692297 0.602218
v 0.266396 3.712360 0.534149
v 0.303412 3.628436 0.597321
v 0.225017 3.659483 0.598344
v 0.715078 0.694240 -0.566504
v 0.764277 0.569964 -0.530343
v 0.751688 0.467282 -0.557525
v 0.837717 0.433162 -0.485810
v 0.755756 0.300271 -0.602009
v 0.794992 0.688049 -0.486186
v 0.774220 0.826212 -0.502539
v 0.870990 0.399061 -0.474110
v 0.812437 0.855765 -0.457000
v 0.861548 0.580572 -0.425466
v 0.741964 0.244946 -0.647102
v 0.826956 0.266156 -0.566379
v 0.893983 0.344723 -0.488194
v 0.879556 0.703578 -0.381347
v 0.847613 0.949540 -0.409142
v 0.985526 0.956587 0.192401
v 0.950697 0.833518 0.287040
v 0.971150 0.717517 0.239873
v 0.985814 0.603794 0.238556
v 0.985603 0.603779 0.283640
v 1.031196 0.407353 0.198732
v 1.004733 0.557367 0.292477
v 0.960775 0.989481 0.259329
v 0.942338 0.766944 0.326528
v 0.951148 0.710917 0.331684
v 0.925788 0.858685 0.343696
v 0.961813 0.662433 0.344932
v 0.981856 0.618960 0.352208
v 0.917585 0.971539 0.355647
v 1.060832 0.343524 0.197545
v 1.036102 0.494068 0.287747
v 1.021649 0.554117 0.329011
v 1.005919 0.583335 0.366558
v 0.878867 0.815114 -0.366840
v 0.914254 0.604006 -0.371027
v 0.909770 0.680306 -0.349147
v 0.892937 0.941847 -0.335551
v 0.955481 0.603953 -0.340708
v 0.929328 0.734566 -0.299886
v 0.947684 0.662669 -0.309383
v 0.932020 0.849647 -0.264151
v 0.953367 0.495324 -0.399673
v 0.983526 0.568719 -0.347050
v 1.004195 0.584329 -0.304146
v 0.978965 0.619567 -0.292191
v 1.002029 0.914765 0.038352
v 0.994800 0.723876 0.120418
v 1.007287 0.962689 0.081806
v 0.998673 0.669847 0.067460
v 0.999473 0.582402 0.124504
v 1.013313 0.464681 0.040505
v 1.018560 0.428744 0.161833
v 1.047937 0.308548 0.024069
v 1.043482 0.333083 0.117999
v 0.988462 0.831770 0.166557
v 1.076425 0.244920 0.017368
v 1.072921 0.265752 0.112157
v 1.009836 1.059860 0.136577
v 0.814288 0.854208 0.520708
v 0.785877 0.617719 0.567279
v 0.806565 0.405804 0.587079
v 0.843203 0.362811 0.573135
v 0.759223 0.819070 0.585361
v 0.778100 0.487570 0.593793
v 0.719866 0.300372 0.699535
v 0.712284 0.752857 0.631817
v 0.670450 0.467201 0.695075
v 0.903967 0.366018 0.540355
v 0.850661 0.286477 0.605974
v 0.771421 0.244909 0.687085
v 0.204302 0.935245 -0.820135
v 0.242867 0.794017 -0.814988
v 0.200687 0.670717 -0.829245
v 0.248125 0.623420 -0.830833
v 0.278785 0.596976 -0.836518
v 0.188344 0.407539 -0.875660
v 0.294489 0.557284 -0.852400
v 0.280769 0.985233 -0.802168
v 0.313627 0.755018 -0.803337
v 0.326646 0.851068 -0.791385
v 0.339762 0.710783 -0.804811
v 0.354413 0.662555 -0.814407
v 0.362606 0.619262 -0.832076
v 0.363582 1.008748 -0.775475
v 0.365183 0.793054 -0.782541
v 0.187121 0.343912 -0.901805
v 0.318435 0.536643 -0.872751
v 0.378850 0.583509 -0.853327
v 0.886741 0.820559 0.419482
v 0.908406 0.752760 0.396763
v 0.918993 0.696076 0.398528
v 0.941201 0.654576 0.387940
v 0.961225 0.610958 0.394815
v 0.912758 0.599227 0.440092
v 0.934559 0.558158 0.442096
v 0.860722 0.703913 0.469578
v 0.872247 0.597706 0.476964
v 0.988586 0.575976 0.402346
v 0.962472 0.522116 0.449785
v 0.076857 0.824501 -0.837171
v 0.072690 0.602783 -0.844784
v 0.050683 0.381264 -0.872102
v -0.014087 0.307820 -0.890690
v 0.096533 0.333091 -0.886510
v 0.146060 0.847640 -0.829793
v 0.037799 0.247430 -0.915404
v 0.116399 0.283231 -0.909931
v 0.981000 0.836930 -0.097153
v 0.988207 0.641212 -0.091226
v 0.988473 0.583111 -0.159827
v 1.022916 0.403347 -0.058250
v 1.029051 0.424317 -0.146349
v 1.041686 0.343704 -0.068992
v 0.997412 0.798461 0.014234
v 0.998602 0.607240 -0.004882
v 1.057534 0.364700 -0.145902
v 1.069507 0.285788 -0.075447
v 0.575677 0.779472 -0.670919
v 0.521799 0.874803 -0.702849
v 0.628538 0.405913 -0.677996
v 0.612726 0.363041 -0.710243
v 0.636547 0.487514 -0.652620
v 0.628377 0.819160 -0.634572
v 0.636770 0.607341 -0.637666
v 0.677553 0.810383 -0.596338
v 0.575598 0.366276 -0.763730
v 0.649862 0.286786 -0.716911
v 0.950716 0.914190 -0.207316
v 0.950091 0.752560 -0.240874
v 0.959213 0.695574 -0.245809
v 0.966848 0.654248 -0.266755
v 0.999051 0.580812 -0.243107
v 0.986622 0.599074 -0.214969
v 0.968628 0.716833 -0.176257
v 1.020158 0.557778 -0.266007
v 1.035080 0.497925 -0.223760
v 0.431292 0.772497 -0.754937
v 0.415414 0.695731 -0.776601
v 0.406570 0.627885 -0.805314
v 0.462415 0.598694 -0.771181
v 0.464760 0.557522 -0.790342
v 0.493585 0.709063 -0.726592
v 0.504019 0.597452 -0.735589
v 0.419534 0.575753 -0.838061
v 0.473201 0.521852 -0.815080
v 0.186975 0.754835 0.892211
v 0.117357 0.841571 0.899244
v 0.082834 0.568152 0.913239
v 0.185086 0.402739 0.942493
v 0.035030 0.655362 0.910128
v 0.048906 0.382403 0.937873
v 0.044151 0.306109 0.956739
v 0.000297 0.816052 0.905656
v 0.192236 0.350323 0.966761
v 0.097521 0.269962 0.977727
v -0.010671 0.244727 0.981378
v 0.370488 0.923292 0.838832
v 0.319078 0.720221 0.872327
v 0.344902 0.628184 0.893348
v 0.250704 0.731574 0.883444
v 0.281775 0.598978 0.901982
v 0.294445 0.557077 0.918363
v 0.245449 0.613972 0.898468
v 0.374487 0.712857 0.858340
v 0.388993 0.662483 0.867896
v 0.397159 0.619107 0.885609
v 0.382762 0.584436 0.917770
v 0.339155 0.557654 0.931986
v 0.291214 0.497726 0.945133
v 0.514553 0.875040 0.772982
v 0.473486 0.725185 0.802969
v 0.453799 0.658039 0.827343
v 0.458682 0.603715 0.838513
v 0.574849 0.399758 0.800838
v 0.441156 0.910967 0.809954
v 0.453055 0.570599 0.862395
v 0.383804 0.788382 0.841833
v 0.591148 0.345044 0.820922
v 0.461949 0.537626 0.886933
v 0.416513 0.564473 0.919683
v 0.673783 0.597615 0.674954
v 0.588196 0.433586 0.771508
v 0.589686 0.839779 0.727763
v 0.576178 0.637919 0.744873
v 0.679778 0.266367 0.761945
v 0.656610 0.814843 0.679203
v 0.300513 0.937323 0.862564
v 0.207245 0.938965 0.885787
v 0.055729 0.870006 0.904397
v 0.971137 1.545317 -0.142762
v 0.920514 1.002629 -0.280507
v 0.990310 1.207220 -0.066739
v 1.006430 1.640145 -0.021604
v 1.016488 1.414394 0.017472
v 1.024920 1.724052 0.025098
v 1.015889 1.206684 0.040523
v 1.048568 1.540342 0.083193
v 1.080285 1.667659 0.122060
v 1.033506 1.260361 0.090390
v 1.093336 1.572599 0.139978
v 1.055047 1.372832 0.112553
v 1.189207 1.780456 0.193397
v -0.011955 0.812656 -0.839744
v 0.888614 0.997546 0.409664
v 0.847139 0.945465 0.475304
v 1.116048 1.591810 0.149589
v 1.129827 1.588244 0.145114
v 1.082894 1.457974 0.125129
v 1.050550 1.317678 0.115220
v 1.119383 1.537549 0.125104
v 1.157161 1.604316 0.130927
v 1.061264 1.365877 0.115273
v 1.024134 1.151254 0.108743
v 1.085695 1.449526 0.113294
v 1.103966 1.512137 0.103236
v 1.153980 1.603599 0.099070
v 1.024871 1.190774 0.131746
v 1.088966 1.496723 0.103433
v 1.172073 1.665496 0.079281
v 1.044493 1.334316 0.125616
v 1.184351 1.676705 0.169996
v 1.064217 1.455052 0.117288
v 1.108776 1.587372 0.093484
v 1.181721 1.719257 0.070142
v 1.202181 1.661236 0.097271
v 1.203813 1.658743 0.137142
v 0.833425 2.629451 -0.428820
v 1.089535 1.594074 0.105988
v 1.040703 1.524956 0.151448
v 1.084357 1.700313 0.116026
v 1.026335 1.335160 0.153277
v 0.996155 1.223346 0.197924
v 1.021874 1.673323 0.183068
v 0.997176 1.641499 0.218126
v 0.963683 1.256821 0.265778
v 0.969846 1.681763 0.263366
v 0.733921 0.813721 -0.545121
v 0.726320 2.661285 -0.552639
v 0.789436 2.639893 -0.485538
v 0.676925 2.632071 -0.597024
v 0.979692 2.616885 0.190772
v 0.996094 2.448932 0.185554
v 1.023458 2.313839 0.170303
v 1.001388 2.320362 0.198190
v 0.965764 2.493514 0.244876
v 0.960539 2.288211 0.266630
v 1.028566 2.366294 0.147993
v 1.064040 2.255767 0.140404
v 1.102704 2.149594 0.133042
v 1.049968 2.179014 0.159744
v 0.861706 2.650920 -0.387189
v 0.884705 2.652109 -0.349311
v 0.907672 2.647865 -0.306628
v 0.996300 2.643339 0.056525
v 1.003396 2.535712 0.041869
v 1.006935 2.521977 0.113453
v 1.012955 2.488936 0.082313
v 1.030095 2.367438 0.070469
v 1.030231 2.409756 0.114027
v 1.047646 2.331566 0.096580
v 1.077054 2.253480 0.108185
v 1.053540 2.330039 0.123189
v 1.088502 2.248910 0.123568
v 1.000570 2.515615 0.148968
v 1.055560 2.257422 0.083822
v 1.104025 2.154884 0.113790
v 1.132057 2.141842 0.125826
v 1.130217 2.175342 0.125773
v 1.119387 2.171236 0.128175
v 0.748372 2.629050 0.596646
v 0.705742 2.639319 0.637708
v 0.840106 2.546221 0.485731
v 0.258587 2.648652 -0.807674
v 0.331856 2.643718 -0.786499
v 0.156443 2.554075 -0.828382
v 0.899178 2.707555 0.387601
v 0.875172 2.548592 0.431630
v 0.036610 2.563481 -0.839375
v 0.099913 2.559070 -0.835158
v 0.994395 2.551111 -0.013649
v 0.994524 2.417661 -0.031177
v 0.989303 2.187762 -0.065506
v 1.011922 2.403343 0.028751
v 1.022679 2.232149 0.028523
v 1.035894 2.241062 0.052177
v 0.627678 2.641471 -0.635141
v 0.956380 2.418278 -0.187767
v 0.413909 2.629163 -0.755386
v 0.499744 2.633801 -0.714826
v 0.145647 2.559947 0.895763
v 0.068394 2.610569 0.903851
v -0.011148 2.593104 0.905671
v 0.300459 2.556059 0.862421
v 0.212180 2.564673 0.884541
v 0.459162 2.637914 0.800881
v 0.414912 2.565239 0.820667
v 0.597882 2.628143 0.722169
v 1.101992 2.015971 0.125848
v 1.066291 2.015036 0.147048
v 1.131801 1.774631 0.088736
v 1.005479 2.166508 0.203073
v 1.050854 1.840824 0.153018
v 1.135164 2.051468 0.117523
v 1.185966 1.805301 0.069555
v 0.914226 2.053988 0.363430
v 1.315453 1.816962 0.229818
v 1.439782 1.803572 0.250350
v 1.547612 1.785972 0.258645
v 1.605887 1.770836 0.256184
v 1.653520 1.755838 0.246963
v 1.311134 1.868016 0.225231
v 1.214252 1.930199 0.187644
v 1.453204 1.824404 0.252183
v 1.259588 1.948353 0.193264
v 1.354598 1.898032 0.219665
v 1.513994 1.813797 0.252280
v 1.578532 1.794337 0.242727
v 1.447595 1.859991 0.227366
v 1.271611 1.972744 0.184205
v 1.176898 2.063693 0.146832
v 1.544571 1.814297 0.226360
v 1.246635 1.759062 0.203840
v 1.329222 1.763626 0.211311
v 1.434028 1.776367 0.230091
v 1.514649 1.773682 0.236854
v 1.402933 1.900389 0.198076
v 1.266314 2.001299 0.167993
v 1.131628 2.057074 0.133535
v 1.170853 1.837359 0.182401
v 1.005594 2.236409 -0.010037
v 1.031495 1.928173 0.037671
v 1.055809 1.862465 0.079714
v 1.072134 2.007374 0.094148
v 1.087729 2.091392 0.103465
v 1.118682 1.792967 0.152418
v 0.456898 0.915465 -0.736376
v 1.701275 1.739071 0.187844
v 1.647954 1.762618 0.134107
v 1.697435 1.741653 0.222418
v 1.677723 1.748080 0.236096
v 1.725364 1.731455 0.186704
v 1.707376 1.736483 0.131570
v 1.723275 1.731939 0.157342
v 1.676260 1.747042 0.105998
v 1.630886 1.751304 0.120883
v 1.637708 1.757286 0.087561
v 1.303465 1.985668 0.159338
v 1.166053 2.128158 0.129718
v 1.433190 1.889916 0.172362
v 1.527829 1.827072 0.198210
v 1.238186 2.052134 0.136688
v 1.547021 1.817657 0.150821
v 1.345248 1.956360 0.139137
v 1.455637 1.872028 0.114804
v 1.243930 2.033050 0.118445
v 1.178947 2.097591 0.122741
v 1.342671 1.950206 0.114515
v 1.530635 1.821533 0.097322
v 1.417650 1.882178 0.087408
v 1.278980 1.984610 0.102945
v 1.194091 2.038059 0.109086
v 1.279369 1.736110 0.073048
v 1.286730 1.722762 0.091519
v 1.418260 1.763072 0.080401
v 1.419242 1.755147 0.100950
v 1.537127 1.761746 0.100293
v 1.324320 1.726172 0.124746
v 1.262164 1.700556 0.111050
v 1.390136 1.743986 0.131128
v 1.484682 1.756387 0.141518
v 1.595143 1.755279 0.187596
v 1.259712 1.699226 0.143689
v 1.316135 1.733351 0.174676
v 1.382254 1.750252 0.182971
v 1.474996 1.761515 0.193726
v 1.242893 1.718234 0.183127
v 1.339243 1.769268 0.061314
v 1.475795 1.773285 0.070900
v 1.597286 1.760358 0.087356
v 1.310389 1.941536 0.087114
v 1.212737 1.959513 0.087480
v 1.592894 1.777527 0.075004
v 1.322441 1.887018 0.064640
v 1.470366 1.826553 0.061577
v 1.335021 1.822417 0.051814
v 1.238952 1.832617 0.061668
v 1.468369 1.803704 0.055109
v 1.535868 1.777792 0.065715
v 1.261495 1.783697 0.057084
v 1.404362 1.789215 0.055733
v -0.668600 2.727789 -0.603533
v -0.617323 2.875401 -0.638007
v -0.642828 3.005477 -0.608086
v -0.578618 2.964215 -0.658300
v -0.633194 2.652341 -0.631158
v -0.592257 2.651119 -0.659842
v -0.545163 2.711001 -0.689157
v -0.504635 2.944025 -0.703336
v -0.692549 2.973480 -0.571249
v -0.480735 2.849133 -0.720868
v -0.401632 2.877234 -0.755732
v -0.385235 2.945655 -0.758662
v -0.475916 3.031393 -0.708619
v -0.407227 3.061085 -0.736221
v -0.413965 2.642580 -0.755481
v -0.345799 2.641982 -0.781423
v -0.525482 3.060857 -0.677954
v -0.444676 3.181617 -0.693610
v -0.530549 3.152388 -0.655801
v -0.380533 3.186798 -0.719730
v -0.623279 3.099501 -0.606845
v -0.636545 3.192412 -0.571312
v -0.573375 3.209898 -0.613043
v -0.286160 2.810348 -0.797862
v -0.199574 2.926638 -0.813646
v -0.281746 2.947068 -0.792568
v -0.318569 3.064992 -0.768292
v -0.209826 2.635672 -0.818798
v -0.152363 2.849883 -0.825144
v -0.033888 2.797626 -0.837289
v -0.088618 2.944925 -0.827377
v -0.077290 3.070478 -0.813946
v -0.147285 2.629706 -0.829768
v -0.165293 3.069121 -0.803967
v -0.098089 3.175261 -0.790569
v -0.185125 3.172895 -0.779149
v -0.165205 3.262774 -0.757258
v -0.079351 3.265465 -0.766732
v -0.247152 3.080506 -0.785648
v -0.311250 3.192271 -0.743195
v -0.248056 3.239414 -0.747763
v -0.606289 3.270933 -0.568361
v -0.503711 3.260328 -0.638832
v -0.502265 3.355384 -0.603332
v -0.560638 3.333791 -0.576123
v -0.624361 3.379472 -0.505898
v -0.545357 3.417197 -0.547828
v -0.429047 3.287473 -0.667619
v -0.339999 3.301016 -0.698962
v -0.428239 3.410241 -0.617145
v -0.346384 3.405093 -0.654074
v -0.339599 3.489630 -0.612821
v -0.444441 3.502247 -0.558594
v -0.350307 3.561923 -0.563235
v -0.480621 3.555075 -0.501539
v -0.406778 3.582908 -0.521218
v -0.594433 3.446036 -0.494935
v -0.499887 3.454151 -0.556596
v -0.539190 3.496979 -0.506013
v -0.546441 3.545427 -0.463416
v -0.263406 3.358040 -0.700996
v -0.179017 3.364789 -0.717489
v -0.239024 3.469004 -0.656114
v -0.163266 3.452703 -0.680230
v -0.094884 3.368964 -0.727445
v -0.080707 3.457499 -0.688316
v -0.161068 3.535083 -0.635621
v -0.079594 3.540978 -0.642754
v -0.166801 3.627137 -0.572603
v -0.081396 3.628461 -0.584003
v -0.251131 3.552466 -0.604036
v -0.254130 3.625291 -0.551222
v -0.078089 2.801767 0.900441
v -0.167064 2.801661 0.890125
v -0.100063 2.927596 0.893284
v -0.178967 2.960877 0.880773
v -0.071081 3.037711 0.885128
v -0.129103 3.082290 0.872675
v -0.260717 2.810568 0.870449
v -0.346157 2.801405 0.845023
v -0.277454 2.957423 0.859349
v -0.350599 2.963928 0.835604
v -0.299656 3.080832 0.836946
v -0.217110 3.080155 0.858278
v -0.184304 3.198114 0.839114
v -0.271222 3.193887 0.820468
v -0.358150 3.284992 0.764915
v -0.097625 3.200722 0.850368
v -0.436886 2.725968 0.810985
v -0.523916 2.876119 0.762802
v -0.431709 2.935993 0.805427
v -0.500664 2.996723 0.766797
v -0.385643 3.060743 0.810602
v -0.493116 2.626245 0.784187
v -0.607358 2.875515 0.710832
v -0.686868 2.728707 0.654187
v -0.678880 2.978417 0.648759
v -0.618108 2.994541 0.694236
v -0.569457 3.052236 0.718890
v -0.596669 2.626124 0.722996
v -0.643709 2.653389 0.689168
v -0.719946 2.653520 0.624588
v -0.649103 3.111274 0.649639
v -0.541281 3.139000 0.718345
v -0.603866 3.181458 0.666164
v -0.659598 3.204155 0.614048
v -0.530614 3.233622 0.698148
v -0.588791 3.273956 0.646238
v -0.471547 3.106729 0.763966
v -0.373877 3.142494 0.799534
v -0.463892 3.203437 0.744006
v -0.379371 3.241451 0.770279
v -0.095983 3.324156 0.811271
v -0.189553 3.391857 0.770129
v -0.103626 3.456437 0.753074
v -0.226374 3.306143 0.796607
v -0.303056 3.387024 0.743056
v -0.339686 3.453510 0.698066
v -0.257833 3.465748 0.718245
v -0.177979 3.477836 0.730498
v -0.234778 3.536307 0.684366
v -0.316124 3.522297 0.667748
v -0.166815 3.612403 0.649072
v -0.248822 3.609344 0.631143
v -0.323804 3.598356 0.613365
v -0.125061 3.549892 0.698523
v -0.079285 3.648631 0.634675
v -0.446764 3.304241 0.719083
v -0.412753 3.419881 0.685333
v -0.497549 3.415457 0.644544
v -0.639586 3.296413 0.596385
v -0.535173 3.335965 0.657965
v -0.567186 3.405105 0.604812
v -0.616728 3.382586 0.576202
v -0.594380 3.451653 0.557347
v -0.472284 3.485654 0.619730
v -0.546973 3.499283 0.564936
v -0.478649 3.541582 0.579022
v -0.584680 3.506252 0.527992
v -0.396454 3.504572 0.646006
v -0.404509 3.567225 0.600318
v -0.734656 2.886028 0.604367
v -0.799958 2.876055 0.531823
v -0.746980 2.988850 0.581741
v -0.812847 2.986285 0.503600
v -0.753896 2.651937 0.590692
v -0.797190 2.671853 0.541931
v -0.857521 2.783403 0.456503
v -0.899177 2.707571 0.387600
v -0.903154 2.891081 0.369908
v -0.855843 2.909419 0.450885
v -0.862796 3.017013 0.421315
v -0.908512 2.971586 0.345163
v -0.823746 3.068925 0.469401
v -0.867986 3.086517 0.390852
v -0.813585 3.179237 0.443320
v -0.862877 3.176332 0.358021
v -0.777220 3.262366 0.454303
v -0.721591 3.109208 0.584280
v -0.770562 3.113403 0.528073
v -0.698532 3.241850 0.563090
v -0.751942 3.220679 0.510561
v -0.926596 2.743809 0.329663
v -0.941552 2.899278 0.279458
v -0.956236 2.919913 0.228306
v -0.960634 2.993841 0.181796
v -0.918259 3.048842 0.297794
v -0.975211 2.892294 0.150635
v -0.992730 2.653640 0.118301
v -0.983916 2.893865 0.061192
v -0.973599 2.992786 0.084522
v -0.986379 2.817457 -0.018075
v -0.959820 3.084128 0.081638
v -0.950648 3.082987 0.159015
v -0.937926 3.162368 0.119532
v -0.920263 3.171017 0.204703
v -0.942835 3.163214 0.042692
v -0.909625 3.238321 0.156461
v -0.918189 3.240293 0.080663
v -0.953549 3.118809 -0.000378
v -0.932599 3.080579 0.236688
v -0.903662 3.156313 0.273353
v -0.867164 3.255724 0.288501
v -0.879316 3.287110 0.211837
v -0.973337 2.718669 -0.120072
v -0.968258 2.868773 -0.123563
v -0.974815 2.944996 -0.055281
v -0.976196 2.984959 0.006947
v -0.961606 2.987983 -0.113454
v -0.961516 3.056240 -0.054662
v -0.953002 2.757474 -0.192678
v -0.940460 2.827759 -0.224721
v -0.941203 2.986413 -0.191697
v -0.909709 2.996985 -0.270026
v -0.925061 2.625185 -0.270738
v -0.913337 2.893476 -0.282060
v -0.937910 3.081095 -0.151272
v -0.905091 3.125888 -0.226081
v -0.920723 3.159094 -0.149546
v -0.880626 3.181669 -0.249871
v -0.881733 3.271380 -0.161728
v -0.935833 3.161747 -0.072682
v -0.919136 3.240496 0.004323
v -0.903412 3.264924 -0.071012
v -0.882961 2.847104 -0.345519
v -0.833128 2.845961 -0.423858
v -0.838020 2.954420 -0.407336
v -0.885878 3.025554 -0.312580
v -0.840362 3.072710 -0.377525
v -0.887153 2.650256 -0.345285
v -0.811589 2.636207 -0.458099
v -0.776768 2.927126 -0.490507
v -0.750289 2.899460 -0.521311
v -0.705723 2.727386 -0.571692
v -0.742016 3.039127 -0.512982
v -0.794249 3.040854 -0.450880
v -0.755054 2.641600 -0.523923
v -0.699960 3.111243 -0.538892
v -0.762020 3.149199 -0.460910
v -0.683252 3.204888 -0.526361
v -0.739120 3.243140 -0.450623
v -0.858500 3.174217 -0.301917
v -0.812947 3.180461 -0.377780
v -0.757500 3.269694 -0.413474
v -0.723249 3.314539 0.499067
v -0.660132 3.389088 0.530817
v -0.718768 3.360661 0.477075
v -0.804827 3.289833 0.392360
v -0.810069 3.350260 0.329835
v -0.756832 3.385912 0.399058
v -0.760810 3.442732 0.333220
v -0.703380 3.468255 0.409988
v -0.689027 3.530191 0.363183
v -0.645374 3.522220 0.440682
v -0.664355 3.602363 0.299789
v -0.606476 3.592788 0.411277
v -0.591468 3.563783 0.465196
v -0.674392 3.445950 0.473361
v -0.619820 3.488542 0.505800
v -0.832942 3.357993 0.265022
v -0.835587 3.388342 0.208502
v -0.784234 3.454506 0.260821
v -0.772592 3.494023 0.224527
v -0.869667 3.341654 0.154194
v -0.877586 3.344335 0.079785
v -0.820393 3.442144 0.151917
v -0.827511 3.445642 0.078894
v -0.762496 3.536987 0.150144
v -0.768655 3.541500 0.078192
v -0.693449 3.634042 0.120429
v -0.681349 3.629905 0.192862
v -0.702021 3.631222 0.046438
v -0.716078 3.535415 0.301082
v -0.721494 3.564371 0.233150
v -0.878464 3.344619 0.004873
v -0.862104 3.365886 -0.067023
v -0.828303 3.446018 0.005417
v -0.814895 3.455333 -0.076790
v -0.834250 3.301661 -0.258060
v -0.851883 3.354975 -0.141035
v -0.821554 3.367869 -0.216877
v -0.805969 3.437993 -0.156546
v -0.769315 3.462611 -0.222529
v -0.769158 3.507564 -0.138470
v -0.714091 3.567260 -0.182213
v -0.710462 3.599640 -0.110016
v -0.666202 3.584238 -0.260040
v -0.646067 3.643094 -0.192407
v -0.658759 3.655478 -0.123653
v -0.769339 3.541989 0.005794
v -0.758766 3.542312 -0.085280
v -0.708152 3.620522 -0.028106
v -0.802248 3.288821 -0.331609
v -0.768077 3.403856 -0.296247
v -0.747021 3.358401 -0.371276
v -0.706021 3.439774 -0.367706
v -0.661292 3.297621 -0.510179
v -0.694092 3.359638 -0.442918
v -0.659099 3.439135 -0.432422
v -0.617783 3.486082 -0.443972
v -0.644589 3.509651 -0.389314
v -0.583389 3.519388 -0.452455
v -0.721924 3.508206 -0.263813
v -0.672261 3.531312 -0.323780
v -0.472282 3.609234 -0.459119
v -0.526137 3.625375 -0.398173
v -0.592202 3.568547 -0.392916
v -0.325494 3.652411 -0.501799
v -0.396431 3.643567 -0.473595
v -0.437830 3.676260 -0.412750
v -0.330239 3.732613 -0.415961
v -0.490011 3.696079 -0.340500
v -0.360128 3.758574 -0.363359
v -0.425765 3.743781 -0.331603
v -0.385045 3.795625 -0.284890
v -0.464972 3.767351 -0.250229
v -0.514345 3.732338 -0.251405
v -0.612668 3.598482 -0.328283
v -0.557445 3.658354 -0.317431
v -0.589065 3.668968 -0.254356
v -0.234726 3.693689 -0.497872
v -0.248412 3.756170 -0.427319
v -0.167719 3.755934 -0.453800
v -0.150420 3.701551 -0.512967
v -0.170293 3.807267 -0.391176
v -0.071182 3.688855 -0.535575
v -0.071841 3.744282 -0.483320
v -0.096566 3.797184 -0.420309
v -0.086914 3.839121 -0.366435
v -0.171656 3.865072 -0.303415
v -0.086280 3.886181 -0.290974
v -0.260388 3.813704 -0.344726
v -0.297579 3.831945 -0.292618
v -0.225736 3.875703 -0.256904
v -0.585538 3.715883 -0.156284
v -0.517542 3.768193 -0.161799
v -0.367032 3.830225 -0.236102
v -0.416608 3.826620 -0.181116
v -0.453134 3.825636 -0.115185
v -0.369719 3.871836 -0.114411
v -0.478683 3.820163 -0.062342
v -0.389836 3.873548 -0.051590
v -0.458150 3.840373 0.005037
v -0.545261 3.780129 0.005542
v -0.368287 3.889813 0.004481
v -0.534529 3.777974 -0.079022
v -0.661880 3.666165 -0.065365
v -0.604319 3.722831 -0.066120
v -0.627295 3.709814 0.005895
v -0.302863 3.878125 -0.191282
v -0.275914 3.901050 -0.152759
v -0.176138 3.938816 -0.121979
v -0.176539 3.913597 -0.199950
v -0.101619 3.926017 -0.202617
v -0.077459 3.956077 -0.113937
v -0.178087 3.953807 -0.035407
v -0.089231 3.968374 -0.035751
v -0.100303 3.970612 0.042865
v -0.188786 3.954728 0.046679
v -0.299841 3.911341 -0.072272
v -0.232956 3.933730 -0.073349
v -0.278634 3.927500 0.004006
v -0.626836 3.709063 0.078089
v -0.544907 3.779249 0.078706
v -0.621036 3.699702 0.167658
v -0.553775 3.763928 0.141470
v -0.507546 3.785174 0.197422
v -0.457888 3.839382 0.079555
v -0.368095 3.888737 0.080469
v -0.455415 3.830470 0.153608
v -0.366232 3.879053 0.155933
v -0.384788 3.852676 0.222456
v -0.510899 3.760246 0.261810
v -0.425851 3.813892 0.266149
v -0.345512 3.842229 0.296840
v -0.483518 3.745483 0.333434
v -0.400421 3.794150 0.338281
v -0.575521 3.723704 0.222614
v -0.623545 3.659611 0.273256
v -0.560601 3.700284 0.307782
v -0.278512 3.926362 0.081207
v -0.182613 3.951151 0.114833
v -0.277174 3.916109 0.157867
v -0.209598 3.927422 0.197799
v -0.146733 3.944878 0.187424
v -0.089900 3.966042 0.119958
v -0.033144 3.963332 0.159245
v -0.069118 3.947726 0.214744
v -0.177283 3.913328 0.265689
v -0.093921 3.914445 0.298066
v -0.157044 3.886242 0.336306
v -0.275495 3.893265 0.243536
v -0.304593 3.848087 0.323256
v -0.226410 3.868175 0.337149
v -0.599667 3.634178 0.360638
v -0.535135 3.671484 0.392737
v -0.540612 3.617342 0.458456
v -0.501290 3.614811 0.497782
v -0.346659 3.781964 0.405493
v -0.466719 3.703784 0.419486
v -0.413115 3.694831 0.474442
v -0.369311 3.658033 0.541219
v -0.444378 3.615611 0.537687
v -0.285724 3.715750 0.522412
v -0.540866 3.547894 0.531781
v -0.243534 3.820280 0.409488
v -0.158770 3.840123 0.413854
v -0.315040 3.746099 0.473460
v -0.217052 3.759768 0.501123
v -0.074277 3.851332 0.416364
v -0.135299 3.794584 0.482060
v -0.052263 3.802896 0.484654
v -0.136926 3.747895 0.535609
v -0.054688 3.756410 0.538135
v -0.091784 3.706383 0.583526
v -0.163286 3.679477 0.596293
v -0.263977 3.666844 0.579120
v -0.713867 0.811631 -0.564298
v -0.812436 0.855766 -0.457001
v -0.735904 0.602362 -0.553150
v -0.808057 0.638474 -0.474507
v -0.751688 0.467284 -0.557525
v -0.861542 0.580559 -0.425473
v -0.837721 0.433167 -0.485806
v -0.755756 0.300271 -0.602009
v -0.870989 0.399059 -0.474112
v -0.889369 0.336049 -0.493862
v -0.812085 0.257654 -0.581635
v -0.724556 0.248157 -0.661472
v -0.985525 0.956594 0.192404
v -0.950696 0.833519 0.287042
v -0.960771 0.989469 0.259338
v -0.925787 0.858678 0.343699
v -0.971150 0.717517 0.239872
v -0.942337 0.766944 0.326530
v -0.985816 0.603786 0.238548
v -0.951148 0.710917 0.331685
v -0.985603 0.603778 0.283640
v -0.961813 0.662432 0.344931
v -1.004733 0.557367 0.292477
v -1.031196 0.407351 0.198731
v -0.981856 0.618960 0.352207
v -0.996997 0.584032 0.385681
v -1.023998 0.563060 0.361259
v -1.021060 0.556177 0.331002
v -1.035722 0.495693 0.288594
v -1.059883 0.348206 0.200651
v -0.878869 0.815118 -0.366837
v -0.889280 0.968143 -0.341996
v -0.917765 0.947880 -0.286732
v -0.879557 0.703580 -0.381344
v -0.929328 0.734566 -0.299886
v -0.909769 0.680302 -0.349150
v -0.914252 0.604003 -0.371030
v -0.947686 0.662669 -0.309380
v -0.955481 0.603953 -0.340708
v -0.978967 0.619565 -0.292188
v -0.997839 0.583917 -0.318847
v -0.970074 0.541851 -0.371509
v -1.002029 0.914764 0.038352
v -1.007287 0.962688 0.081806
v -0.994800 0.723869 0.120417
v -0.998240 0.698822 0.060132
v -0.988462 0.831770 0.166557
v -0.999473 0.582401 0.124502
v -1.013313 0.464681 0.040507
v -1.018558 0.428754 0.161844
v -1.043482 0.333088 0.118007
v -1.047937 0.308547 0.024084
v -1.009835 1.059846 0.136576
v -1.072207 0.269106 0.117329
v -1.076464 0.244474 0.023042
v -0.773042 0.834872 0.570260
v -0.785876 0.617718 0.567280
v -0.778098 0.487570 0.593796
v -0.670448 0.467202 0.695076
v -0.806565 0.405804 0.587079
v -0.843200 0.362808 0.573139
v -0.719867 0.300371 0.699535
v -0.787763 0.248071 0.671732
v -0.855123 0.292271 0.600672
v -0.905539 0.365294 0.540100
v -0.242866 0.794020 -0.814988
v -0.278496 0.981417 -0.802837
v -0.326648 0.851073 -0.791384
v -0.368750 0.952619 -0.773662
v -0.365186 0.793055 -0.782540
v -0.227065 0.675606 -0.825776
v -0.313627 0.755018 -0.803337
v -0.262560 0.637740 -0.828327
v -0.348253 0.712348 -0.801801
v -0.279300 0.597787 -0.836736
v -0.354413 0.662555 -0.814407
v -0.294491 0.557285 -0.852400
v -0.362606 0.619262 -0.832076
v -0.381624 0.583914 -0.852648
v -0.338153 0.556108 -0.866830
v -0.290049 0.495640 -0.879730
v -0.179802 0.334878 -0.902742
v -0.917586 0.971539 0.355645
v -0.886742 0.820553 0.419480
v -0.860722 0.703915 0.469577
v -0.908406 0.752760 0.396762
v -0.918991 0.696071 0.398531
v -0.872244 0.597702 0.476968
v -0.941203 0.654579 0.387936
v -0.912758 0.599228 0.440091
v -0.961225 0.610956 0.394817
v -0.934558 0.558155 0.442098
v -0.971524 0.544299 0.434960
v -0.152036 0.732052 -0.831720
v -0.088121 0.604868 -0.843716
v 0.011316 0.451824 -0.861045
v -0.141070 0.434292 -0.863185
v -0.158147 0.371092 -0.880920
v -0.069932 0.257337 -0.913628
v -0.977192 0.848840 -0.112518
v -0.992164 0.872479 -0.028588
v -0.988206 0.641217 -0.091232
v -0.998602 0.607237 -0.004882
v -0.988474 0.583105 -0.159820
v -1.022915 0.403354 -0.058257
v -1.041687 0.343702 -0.068990
v -1.029052 0.424316 -0.146349
v -1.070242 0.281748 -0.070555
v -1.058320 0.360287 -0.143065
v -0.575601 0.780010 -0.670941
v -0.521474 0.871867 -0.703122
v -0.636781 0.607334 -0.637659
v -0.636548 0.487513 -0.652620
v -0.628532 0.405916 -0.678000
v -0.612732 0.363035 -0.710238
v -0.631777 0.301856 -0.729153
v -0.562628 0.384291 -0.771990
v -0.933502 0.829875 -0.265050
v -0.968629 0.716838 -0.176256
v -0.950094 0.752555 -0.240867
v -0.959215 0.695570 -0.245806
v -0.966849 0.654246 -0.266754
v -0.986622 0.599077 -0.214970
v -0.999052 0.580809 -0.243106
v -1.035280 0.497056 -0.223278
v -1.020791 0.556036 -0.264311
v -1.023300 0.563860 -0.296303
v -0.431076 0.826423 -0.751521
v -0.493588 0.709060 -0.726590
v -0.434117 0.736441 -0.758374
v -0.415413 0.695731 -0.776601
v -0.504023 0.597447 -0.735588
v -0.406570 0.627885 -0.805314
v -0.462417 0.598690 -0.771181
v -0.464756 0.557527 -0.790343
v -0.456695 0.543683 -0.822904
v -0.418421 0.563447 -0.853139
v -0.171837 0.858342 0.892047
v -0.105794 0.616166 0.907864
v -0.234717 0.707038 0.887696
v -0.022407 0.454515 0.926568
v -0.118555 0.419839 0.931487
v -0.115859 0.343737 0.950892
v -0.203612 0.424385 0.939774
v -0.117692 0.281895 0.976051
v -0.199931 0.360498 0.965542
v -0.334559 0.852678 0.854858
v -0.260817 0.857051 0.874040
v -0.331293 0.764505 0.863701
v -0.325274 0.670083 0.881655
v -0.251461 0.626138 0.896121
v -0.365208 0.682934 0.869403
v -0.266344 0.579599 0.905629
v -0.313079 0.580522 0.913431
v -0.369249 0.619700 0.895527
v -0.290615 0.496758 0.945334
v -0.351027 0.570066 0.928391
v -0.399717 0.583832 0.912104
v -0.539610 0.866465 0.758834
v -0.455003 0.909948 0.803616
v -0.390445 0.996368 0.830959
v -0.483945 0.714841 0.797546
v -0.401653 0.781404 0.835009
v -0.453800 0.658039 0.827342
v -0.458682 0.603715 0.838513
v -0.401229 0.655320 0.863059
v -0.574847 0.399759 0.800839
v -0.424723 0.603297 0.874711
v -0.459377 0.541362 0.887641
v -0.597380 0.336591 0.816989
v -0.673782 0.597615 0.674955
v -0.576177 0.637920 0.744874
v -0.588197 0.433585 0.771507
v -0.697056 0.257832 0.748881
v -0.327136 1.004803 0.854060
v -0.077820 0.819577 0.903028
v -0.948070 0.922723 -0.214178
v -0.990312 1.207159 -0.066728
v -1.023130 1.726295 0.021067
v -1.016487 1.414394 0.017467
v -1.048567 1.540342 0.083193
v -1.080285 1.667662 0.122059
v -1.093335 1.572597 0.139978
v -1.055047 1.372836 0.112553
v -1.033506 1.260361 0.090390
v -1.015889 1.206683 0.040523
v -1.189207 1.780456 0.193397
v -0.113880 0.846221 -0.833984
v -0.888617 0.997565 0.409659
v -0.833898 0.878864 0.494723
v -0.204302 0.935246 -0.820135
v -0.714837 0.752453 0.629487
v -1.116048 1.591810 0.149589
v -1.129827 1.588244 0.145114
v -1.157162 1.604315 0.130925
v -1.119384 1.537550 0.125104
v -1.153980 1.603597 0.099070
v -1.103967 1.512139 0.103236
v -1.172073 1.665496 0.079281
v -1.088966 1.496723 0.103433
v -1.082894 1.457978 0.125130
v -1.085697 1.449530 0.113293
v -1.061264 1.365879 0.115273
v -1.044493 1.334316 0.125616
v -1.050550 1.317677 0.115220
v -1.024134 1.151254 0.108743
v -1.024871 1.190773 0.131746
v -1.184351 1.676705 0.169996
v -1.203813 1.658743 0.137142
v -1.202182 1.661236 0.097272
v -1.181722 1.719258 0.070141
v -1.108776 1.587372 0.093484
v -1.064217 1.455051 0.117288
v -0.847601 0.942178 -0.409287
v -1.089535 1.594074 0.105988
v -1.084357 1.700318 0.116027
v -1.040703 1.524956 0.151448
v -1.021874 1.673317 0.183068
v -0.997176 1.641510 0.218127
v -0.969846 1.681737 0.263366
v -1.026335 1.335161 0.153277
v -0.963683 1.256820 0.265778
v -0.996155 1.223347 0.197925
v -0.965765 2.493521 0.244873
v -0.979691 2.616886 0.190775
v -0.996093 2.448935 0.185555
v -1.001388 2.320361 0.198191
v -1.023458 2.313841 0.170302
v -0.960537 2.288149 0.266635
v -0.914227 2.053947 0.363430
v -1.005482 2.166488 0.203071
v -1.049966 2.179016 0.159746
v -1.064039 2.255769 0.140404
v -1.102704 2.149594 0.133042
v -1.028566 2.366294 0.147994
v -0.852812 2.551217 -0.401159
v -0.996300 2.643338 0.056525
v -1.006935 2.521976 0.113454
v -1.003396 2.535711 0.041869
v -1.000571 2.515610 0.148968
v -1.012955 2.488936 0.082312
v -1.030231 2.409757 0.114027
v -1.047646 2.331566 0.096580
v -1.053540 2.330038 0.123189
v -1.077054 2.253481 0.108185
v -1.088502 2.248911 0.123568
v -1.119387 2.171237 0.128175
v -1.130217 2.175343 0.125773
v -1.132056 2.141842 0.125826
v -1.055562 2.257418 0.083823
v -1.104025 2.154884 0.113790
v -1.030095 2.367440 0.070470
v -0.839802 2.547090 0.486165
v -0.279617 2.560051 -0.802438
v -0.875176 2.548511 0.431623
v -0.055820 2.559059 -0.838603
v -0.994395 2.551110 -0.013645
v -0.992534 2.377524 -0.043905
v -1.011923 2.403341 0.028752
v -1.005594 2.236409 -0.010038
v -1.022680 2.232150 0.028523
v -1.035895 2.241055 0.052178
v -1.087728 2.091392 0.103464
v -0.953631 2.458395 -0.196958
v -0.970445 1.485614 -0.145192
v -0.958948 0.957487 -0.181248
v -0.497852 2.590258 -0.715812
v -0.143834 2.566803 0.896211
v -0.067846 2.547217 0.903732
v -0.270651 2.656752 0.870582
v -0.211591 2.559561 0.884443
v -0.366686 2.558527 0.840307
v -0.546434 2.637983 0.754473
v -0.764758 0.825879 -0.513243
v -1.066293 2.015028 0.147046
v -1.101993 2.015964 0.125847
v -1.050852 1.840847 0.153020
v -1.131801 1.774631 0.088736
v -1.135164 2.051467 0.117522
v -1.185965 1.805300 0.069555
v -1.315453 1.816961 0.229818
v -1.214251 1.930204 0.187643
v -1.311134 1.868017 0.225231
v -1.259589 1.948353 0.193264
v -1.176899 2.063694 0.146831
v -1.271611 1.972744 0.184204
v -1.439782 1.803572 0.250350
v -1.354599 1.898031 0.219665
v -1.453204 1.824404 0.252183
v -1.547611 1.785972 0.258645
v -1.513993 1.813798 0.252280
v -1.447594 1.859992 0.227366
v -1.605887 1.770836 0.256184
v -1.544577 1.814294 0.226360
v -1.578540 1.794332 0.242728
v -1.170852 1.837357 0.182401
v -1.246635 1.759062 0.203840
v -1.131627 2.057077 0.133534
v -1.266309 2.001300 0.167993
v -1.402939 1.900385 0.198077
v -1.653519 1.755838 0.246963
v -1.514651 1.773682 0.236855
v -1.434029 1.776367 0.230091
v -1.329222 1.763626 0.211311
v -1.000784 1.729865 -0.041179
v -1.031495 1.928172 0.037670
v -1.072134 2.007374 0.094148
v -1.055809 1.862464 0.079714
v -1.118682 1.792967 0.152418
v -0.648177 0.815060 -0.620094
v -0.457848 0.977104 -0.735961
v -0.658083 0.812819 0.678074
v -0.608209 0.832971 0.714882
v -1.647968 1.762611 0.134106
v -1.701280 1.739069 0.187855
v -1.697435 1.741653 0.222419
v -1.707378 1.736483 0.131570
v -1.677723 1.748079 0.236096
v -1.725364 1.731455 0.186706
v -1.723275 1.731939 0.157342
v -1.676261 1.747042 0.105998
v -1.637710 1.757286 0.087561
v -1.597290 1.760358 0.087357
v -1.630886 1.751304 0.120874
v -1.166053 2.128157 0.129718
v -1.303463 1.985669 0.159338
v -1.238184 2.052135 0.136688
v -1.178944 2.097593 0.122741
v -1.243930 2.033051 0.118445
v -1.345247 1.956361 0.139137
v -1.342668 1.950207 0.114515
v -1.433188 1.889916 0.172366
v -1.455636 1.872029 0.114805
v -1.527850 1.827059 0.198204
v -1.547041 1.817644 0.150818
v -1.530630 1.821535 0.097322
v -1.194088 2.038062 0.109087
v -1.278981 1.984609 0.102944
v -1.417643 1.882184 0.087409
v -1.279374 1.736113 0.073048
v -1.286737 1.722765 0.091519
v -1.262164 1.700556 0.111050
v -1.324320 1.726172 0.124745
v -1.259711 1.699226 0.143689
v -1.316135 1.733351 0.174676
v -1.242893 1.718235 0.183127
v -1.419245 1.755147 0.100951
v -1.418262 1.763072 0.080401
v -1.390135 1.743986 0.131122
v -1.382253 1.750252 0.182974
v -1.484685 1.756387 0.141518
v -1.474998 1.761515 0.193726
v -1.537131 1.761746 0.100293
v -1.595147 1.755279 0.187603
v -1.475788 1.773286 0.070900
v -1.339241 1.769268 0.061315
v -1.212739 1.959508 0.087479
v -1.310383 1.941540 0.087114
v -1.322441 1.887018 0.064640
v -1.238952 1.832616 0.061668
v -1.335021 1.822416 0.051814
v -1.261496 1.783698 0.057084
v -1.404359 1.789216 0.055733
v -1.470365 1.826552 0.061577
v -1.468369 1.803704 0.055109
v -1.535871 1.777792 0.065715
v -1.592886 1.777530 0.075002
v 0.746823 0.324550 -0.987870
v 0.824302 0.256585 -0.943428
v 0.798034 0.223285 -0.914072
v 0.723425 0.293178 -0.955480
v 0.881823 0.219978 -0.903463
v 0.854009 0.185176 -0.875206
v 0.937301 0.200146 -0.860674
v 0.908057 0.164499 -0.833550
v 0.769213 0.203351 -0.881967
v 0.697365 0.275406 -0.921344
v 0.823507 0.164351 -0.844284
v 0.875973 0.143163 -0.803866
v 0.739088 0.196816 -0.848539
v 0.670322 0.270384 -0.886928
v 0.791619 0.157526 -0.812086
v 0.842438 0.136136 -0.772952
v 0.683138 0.230087 -0.831709
v 0.734405 0.181968 -0.797945
v 0.784464 0.151904 -0.761375
v 0.832780 0.139147 -0.722179
v 0.667420 0.235526 -0.791291
v 0.728870 0.185952 -0.749336
v 0.776629 0.164967 -0.712643
v 0.653149 0.258062 -0.754329
v 0.598486 0.320277 -0.788525
v 0.722978 0.207560 -0.705287
v 0.990359 0.196477 -0.815145
v 0.959801 0.160605 -0.789173
v 0.926271 0.139081 -0.760748
v 0.822872 0.160589 -0.673091
v 0.606335 0.313382 -0.828072
v 0.630856 0.296820 -0.861229
v 0.529497 0.539155 -1.077186
v 0.579517 0.525614 -1.074440
v 0.560481 0.504612 -1.041376
v 0.607059 0.435543 -1.002417
v 0.529669 0.488080 -0.987273
v 0.492265 0.513447 -1.001310
v 0.557995 0.424810 -0.925319
v 0.497153 0.492226 -0.928501
v 0.458394 0.519791 -0.916262
v 0.506351 0.470097 -0.879277
v 0.458542 0.526362 -0.858051
v 0.413709 0.555880 -0.875530
v 0.504595 0.466580 -0.837006
v 0.493731 0.555584 -1.105947
v 0.419855 0.535866 -0.913291
v 0.445996 0.519828 -0.970544
v 0.482516 0.528346 -1.051218
v 0.256935 0.323392 1.230867
v 0.144121 0.232767 1.248251
v 0.172355 0.223213 1.208066
v 0.248068 0.291666 1.193234
v 0.109738 0.185167 1.214027
v 0.047769 0.200169 1.254778
v 0.046757 0.164515 1.217346
v 0.167455 0.203237 1.167323
v 0.239782 0.273703 1.152665
v 0.106770 0.164307 1.173099
v 0.045683 0.143162 1.176325
v 0.162433 0.196675 1.124835
v 0.232009 0.268651 1.111278
v 0.103761 0.157451 1.130408
v 0.044629 0.136118 1.133525
v 0.211090 0.257433 1.072000
v 0.129305 0.181835 1.085340
v 0.072327 0.151839 1.089539
v 0.014852 0.139140 1.091371
v 0.204800 0.276505 1.033508
v 0.125670 0.202661 1.044541
v 0.070587 0.173259 1.048615
v 0.014816 0.160707 1.050417
v 0.148739 0.257768 1.004510
v 0.206970 0.319302 0.996562
v 0.070095 0.207253 1.011460
v -0.017354 0.196491 1.255459
v -0.016646 0.160614 1.218021
v -0.015855 0.139087 1.176990
v -0.015022 0.131912 1.134172
v 0.470248 0.539184 1.164461
v 0.433004 0.525327 1.192937
v 0.420745 0.504398 1.157459
v 0.359361 0.434868 1.157757
v 0.409681 0.495357 1.096211
v 0.437431 0.513470 1.087178
v 0.381743 0.467896 1.104445
v 0.334151 0.424160 1.072375
v 0.369850 0.496871 1.016173
v 0.402880 0.521590 1.005499
v 0.305002 0.451448 0.988877
v 0.349859 0.526280 0.963125
v 0.394663 0.555961 0.948246
v 0.517699 0.555680 1.163275
v 0.419855 0.535866 0.979222
v 0.446124 0.519832 1.036448
v 0.483265 0.528331 1.116805
v 1.158345 0.324358 0.691269
v 1.108066 0.256641 0.759286
v 1.074720 0.223309 0.736172
v 1.121571 0.292893 0.670715
v 1.062798 0.220062 0.809896
v 1.030703 0.185246 0.785411
v 1.014305 0.200194 0.858737
v 0.983508 0.164545 0.832978
v 1.038267 0.203358 0.710789
v 1.082856 0.275135 0.647709
v 0.995563 0.164394 0.758571
v 0.949753 0.143192 0.804767
v 1.000327 0.196823 0.684242
v 1.043818 0.270195 0.623788
v 0.958973 0.157538 0.730521
v 0.914575 0.136143 0.775300
v 0.981218 0.230081 0.634955
v 0.942885 0.181947 0.680150
v 0.901365 0.151883 0.724284
v 0.856854 0.139139 0.766892
v 0.960737 0.277975 0.587839
v 0.907362 0.202770 0.653836
v 0.867185 0.173289 0.696596
v 0.823996 0.160703 0.737989
v 0.875976 0.236101 0.629004
v 0.932151 0.320133 0.560449
v 0.795078 0.194651 0.711235
v 0.962670 0.196459 0.905483
v 0.933165 0.160588 0.878582
v 0.900819 0.139071 0.849114
v 0.867064 0.131909 0.818367
v 1.014704 0.296752 0.588923
v 1.260197 0.539370 0.499740
v 1.256814 0.525759 0.543563
v 1.219336 0.504785 0.526772
v 1.175617 0.435889 0.568141
v 1.158361 0.488278 0.499800
v 1.174042 0.513479 0.466891
v 1.087943 0.424835 0.524849
v 1.091185 0.492380 0.470936
v 1.077649 0.519849 0.436782
v 1.035264 0.470242 0.479074
v 1.011199 0.526542 0.436886
v 1.031151 0.555967 0.397095
v 0.987269 0.466643 0.477583
v 1.292288 0.555646 0.468425
v 1.073815 0.535866 0.402946
v 1.138748 0.519831 0.425968
v 1.230450 0.528382 0.458235
v 1.359563 0.322888 -0.193000
v 1.375747 0.256406 -0.122731
v 1.333526 0.223061 -0.118743
v 1.316800 0.291356 -0.185387
v 1.382672 0.219931 -0.066033
v 1.340276 0.185081 -0.063584
v 1.386513 0.200158 -0.009099
v 1.344030 0.164500 -0.008192
v 1.287293 0.203101 -0.114447
v 1.270708 0.273519 -0.178205
v 1.293836 0.164217 -0.060962
v 1.297483 0.143145 -0.007219
v 1.239077 0.196546 -0.110036
v 1.223709 0.268522 -0.171399
v 1.245396 0.157355 -0.058304
v 1.248922 0.136095 -0.006260
v 1.179154 0.257130 -0.152838
v 1.194271 0.181678 -0.080781
v 1.199022 0.151765 -0.030596
v 1.201090 0.139135 0.019956
v 1.135474 0.276087 -0.147211
v 1.147977 0.202483 -0.077560
v 1.152585 0.173174 -0.029053
v 1.154616 0.160697 0.019997
v 1.095637 0.302859 -0.138431
v 1.107106 0.227853 -0.063336
v 1.111547 0.200702 -0.004003
v 1.387283 0.196478 0.048147
v 1.344796 0.160601 0.047518
v 1.298234 0.139078 0.046843
v 1.249651 0.131912 0.046164
v 1.284341 0.539352 -0.381550
v 1.316278 0.525657 -0.348937
v 1.276019 0.504661 -0.338064
v 1.276438 0.434976 -0.283790
v 1.210679 0.488146 -0.320102
v 1.196298 0.513465 -0.352508
v 1.179203 0.424251 -0.261462
v 1.115264 0.497150 -0.292966
v 1.103295 0.521683 -0.321961
v 1.084186 0.451908 -0.235730
v 1.055488 0.526399 -0.275414
v 1.056191 0.544390 -0.320662
v 1.282535 0.555594 -0.423483
v 1.030330 0.556253 -0.331401
v 1.138679 0.519827 -0.360135
v 1.230219 0.528402 -0.393020
v 0.275537 0.346651 -1.163509
v 0.334697 0.407257 -1.122693
v 0.416974 0.514125 -1.132802
v 0.421619 0.505041 -1.090478
v 0.453392 0.521653 -1.061144
v 0.240165 0.274250 -1.088858
v 0.351940 0.428266 -1.068528
v 0.407371 0.492352 -1.051378
v 0.248561 0.290932 -1.046524
v 0.383966 0.481177 -1.012775
v 0.419704 0.513284 -0.979474
v 0.320211 0.429679 -0.968168
v 0.206451 0.251184 -1.009528
v 0.369896 0.497266 -0.949696
v 0.204462 0.274730 -0.969184
v 0.387286 0.538792 -0.901508
v 0.302490 0.465263 -0.909955
v 0.193693 0.301273 -0.933106
v 0.349209 0.526516 -0.896529
v 0.017353 0.196489 -1.189528
v 0.082081 0.208744 -1.187482
v 0.079635 0.173222 -1.150101
v 0.016645 0.160613 -1.152090
v 0.146391 0.237270 -1.182732
v 0.142201 0.202738 -1.145484
v 0.210232 0.282627 -1.175290
v 0.218354 0.262068 -1.136108
v 0.076992 0.151836 -1.109126
v 0.015855 0.139086 -1.111059
v 0.152305 0.190807 -1.103165
v 0.074337 0.144636 -1.066371
v 0.015021 0.131911 -1.068242
v 0.133284 0.174845 -1.062042
v 0.191590 0.223345 -1.055297
v 0.043068 0.143242 -1.024852
v 0.114091 0.171130 -1.020815
v 0.041503 0.164622 -0.983924
v 0.110531 0.191897 -0.980049
v 0.039867 0.198195 -0.946922
v 0.120831 0.236125 -0.941557
v -0.014815 0.160706 -0.984485
v -0.014843 0.139139 -1.025442
v 0.730799 0.347731 1.064963
v 0.659361 0.396554 1.069757
v 0.595590 0.515227 1.135010
v 0.558939 0.505275 1.107112
v 0.512172 0.521596 1.105717
v 0.698571 0.276127 0.989049
v 0.594777 0.428483 1.047170
v 0.538450 0.492559 1.070236
v 0.671587 0.270100 0.954141
v 0.550934 0.451575 1.019000
v 0.498558 0.495119 1.015981
v 0.472159 0.513307 1.026314
v 0.644733 0.276212 0.919855
v 0.527764 0.456534 0.981062
v 0.606620 0.312961 0.893866
v 0.505990 0.470398 0.944539
v 0.452190 0.526238 0.966085
v 0.607161 0.306734 0.850768
v 0.471274 0.514522 0.918079
v 0.908444 0.208644 0.949538
v 0.880338 0.173163 0.921505
v 0.852064 0.237179 0.990780
v 0.825429 0.202736 0.961673
v 0.793984 0.282621 1.029077
v 0.755538 0.262435 1.007124
v 0.849480 0.151833 0.890826
v 0.782893 0.191030 0.938953
v 0.817217 0.144680 0.858868
v 0.752749 0.184026 0.905505
v 0.809372 0.143269 0.807639
v 0.760024 0.164487 0.845657
v 0.709130 0.203503 0.881020
v 0.777767 0.164655 0.777673
v 0.717896 0.192171 0.823344
v 0.655615 0.249184 0.864836
v 0.702383 0.218162 0.786679
v 1.351126 0.426007 0.330083
v 1.319036 0.292727 0.251775
v 1.280938 0.492518 0.390268
v 1.315327 0.526515 0.416046
v 1.241495 0.521641 0.432513
v 1.273120 0.273928 0.244374
v 1.224040 0.447215 0.354093
v 1.230459 0.492520 0.392107
v 1.225035 0.290855 0.251953
v 1.173947 0.509782 0.402235
v 1.135445 0.430053 0.315119
v 1.183129 0.250949 0.214741
v 1.114456 0.497668 0.358951
v 1.102572 0.521975 0.387863
v 1.137350 0.274443 0.212977
v 1.069995 0.465417 0.299608
v 1.096376 0.300971 0.203457
v 1.054683 0.526780 0.340897
v 1.043882 0.549803 0.368420
v 1.384971 0.208631 0.105019
v 1.342548 0.173105 0.102855
v 1.379601 0.236992 0.161574
v 1.335618 0.211186 0.171186
v 1.368726 0.294117 0.230793
v 1.295056 0.156431 0.113563
v 1.287384 0.203438 0.180715
v 1.247539 0.144575 0.098318
v 1.242638 0.174714 0.150242
v 1.234985 0.223198 0.201667
v 1.199869 0.145917 0.083168
v 1.194321 0.181483 0.146472
v 1.153500 0.167237 0.081516
v 1.148066 0.201954 0.142831
v 1.111987 0.198186 0.068045
v 1.105905 0.236076 0.139387
v 1.040322 0.208729 -0.767374
v 1.008439 0.173219 -0.742670
v 1.087032 0.237265 -0.717768
v 1.053892 0.202734 -0.694401
v 1.130358 0.282585 -0.666726
v 1.105233 0.262095 -0.633083
v 0.973517 0.151844 -0.715572
v 1.027934 0.190873 -0.657073
v 1.084726 0.275622 -0.582975
v 0.902973 0.132615 -0.720301
v 0.958993 0.157528 -0.664637
v 1.000382 0.196804 -0.618382
v 1.045164 0.269705 -0.559098
v 0.878992 0.143240 -0.680363
v 0.922118 0.164407 -0.636893
v 0.962246 0.203369 -0.592047
v 1.006315 0.275958 -0.535333
v 0.866253 0.172807 -0.631626
v 0.906688 0.202072 -0.588691
v 0.961719 0.276147 -0.523328
v 0.814170 0.198167 -0.627549
v 0.873892 0.236180 -0.565150
v 0.927933 0.306503 -0.502221
v 1.170912 0.347352 -0.611297
v 1.176070 0.395378 -0.548919
v 1.250648 0.515255 -0.491896
v 1.218955 0.505288 -0.459564
v 1.217769 0.521705 -0.418530
v 1.170285 0.480304 -0.454563
v 1.118959 0.451616 -0.452489
v 1.115842 0.495095 -0.406481
v 1.127365 0.513297 -0.383125
v 1.075911 0.456589 -0.432065
v 1.034482 0.470476 -0.412869
v 1.059073 0.526429 -0.365255
v 1.004637 0.514943 -0.382032
v -0.962673 0.196457 -0.839548
v -0.908440 0.208646 -0.883611
v -0.880334 0.173165 -0.855578
v -0.933165 0.160587 -0.812652
v -0.852064 0.237177 -0.924848
v -0.825428 0.202736 -0.895742
v -0.793985 0.282619 -0.963146
v -0.755539 0.262432 -0.941192
v -0.849480 0.151833 -0.824894
v -0.900818 0.139071 -0.783183
v -0.782897 0.191024 -0.873017
v -0.698569 0.276127 -0.923119
v -0.817217 0.144679 -0.792936
v -0.867061 0.131909 -0.752441
v -0.752751 0.184023 -0.839574
v -0.671586 0.270100 -0.888210
v -0.809366 0.143270 -0.741715
v -0.760023 0.164487 -0.779728
v -0.709135 0.203497 -0.815083
v -0.644731 0.276213 -0.853926
v -0.777766 0.164654 -0.711743
v -0.717894 0.192171 -0.757413
v -0.655617 0.249181 -0.798903
v -0.702382 0.218162 -0.720749
v -0.795076 0.194650 -0.645307
v -0.607162 0.306732 -0.784835
v -0.730799 0.347733 -0.999034
v -0.606619 0.312962 -0.827935
v -0.823995 0.160702 -0.672057
v -0.856852 0.139139 -0.700963
v -0.659357 0.396559 -1.003829
v -0.595585 0.515230 -1.069082
v -0.558938 0.505274 -1.041181
v -0.517698 0.555678 -1.097345
v -0.512172 0.521594 -1.039786
v -0.594781 0.428475 -0.981236
v -0.538452 0.492557 -1.004305
v -0.550927 0.451583 -0.953073
v -0.498553 0.495121 -0.950045
v -0.472158 0.513306 -0.960381
v -0.527763 0.456535 -0.915132
v -0.505996 0.470390 -0.878605
v -0.452188 0.526239 -0.900155
v -0.471274 0.514522 -0.852148
v -0.483265 0.528330 -1.050873
v -0.446126 0.519831 -0.970521
v -0.419855 0.535866 -0.913291
v -0.394663 0.555961 -0.882315
v -0.082069 0.208738 1.253412
v -0.079634 0.173223 1.216033
v -0.146390 0.237270 1.248663
v -0.142201 0.202739 1.211415
v -0.210229 0.282625 1.241221
v -0.218356 0.262071 1.202038
v -0.076992 0.151837 1.175057
v -0.152306 0.190809 1.169095
v -0.240164 0.274250 1.154790
v -0.074337 0.144637 1.132302
v -0.133284 0.174846 1.127973
v -0.191590 0.223346 1.121228
v -0.043062 0.143241 1.090782
v -0.114092 0.171131 1.086746
v -0.206452 0.251186 1.075458
v -0.041502 0.164622 1.049855
v -0.110533 0.191899 1.045979
v -0.204465 0.274734 1.035114
v -0.039865 0.198195 1.012853
v -0.120825 0.236122 1.007488
v -0.193692 0.301273 0.999036
v -0.275539 0.346654 1.229439
v -0.334699 0.407261 1.188623
v -0.416974 0.514126 1.198731
v -0.421620 0.505042 1.156408
v -0.493732 0.555586 1.171878
v -0.453391 0.521654 1.127076
v -0.351950 0.428279 1.134457
v -0.407370 0.492353 1.117308
v -0.248560 0.290933 1.112454
v -0.383963 0.481175 1.078708
v -0.419705 0.513285 1.045407
v -0.320206 0.429672 1.034101
v -0.369895 0.497267 1.015627
v -0.387287 0.538790 0.967441
v -0.302479 0.465247 0.975888
v -0.349206 0.526512 0.962462
v -0.482517 0.528348 1.117150
v -0.445995 0.519829 1.036470
v -0.419855 0.535866 0.979222
v -0.413708 0.555880 0.941462
v -0.990365 0.196479 0.881072
v -1.040327 0.208731 0.833300
v -1.008434 0.173217 0.808604
v -0.959798 0.160605 0.855106
v -1.087035 0.237269 0.783696
v -1.053892 0.202735 0.760331
v -1.130359 0.282587 0.732655
v -1.105233 0.262096 0.699014
v -0.973518 0.151844 0.781503
v -0.926271 0.139081 0.826679
v -1.027939 0.190878 0.723001
v -1.084726 0.275622 0.648907
v -0.902968 0.132615 0.786236
v -0.958992 0.157528 0.730569
v -1.000381 0.196804 0.684314
v -1.045166 0.269708 0.625028
v -0.878987 0.143240 0.746297
v -0.922121 0.164408 0.702821
v -0.962250 0.203374 0.657975
v -1.006312 0.275957 0.601265
v -0.866254 0.172809 0.697556
v -0.822873 0.160591 0.739021
v -0.906686 0.202071 0.654625
v -0.961716 0.276143 0.589261
v -0.814170 0.198167 0.693479
v -0.873892 0.236181 0.631080
v -0.927936 0.306506 0.568150
v -1.170915 0.347358 0.677224
v -0.832778 0.139148 0.788111
v -1.176064 0.395365 0.614857
v -1.250645 0.515251 0.557831
v -1.218953 0.505285 0.525499
v -1.282534 0.555594 0.489414
v -1.217765 0.521705 0.484459
v -1.170284 0.480301 0.520497
v -1.118959 0.451615 0.518422
v -1.115845 0.495095 0.472413
v -1.127368 0.513297 0.449057
v -1.075910 0.456588 0.497997
v -1.034480 0.470470 0.478805
v -1.059073 0.526427 0.431189
v -1.004636 0.514942 0.447964
v -1.030330 0.556253 0.397332
v -1.230218 0.528402 0.458950
v -1.138675 0.519828 0.426064
v -1.073815 0.535866 0.402946
v -1.387283 0.196478 0.017784
v -1.384972 0.208631 -0.039087
v -1.342548 0.173105 -0.036924
v -1.344796 0.160601 0.018413
v -1.379602 0.236992 -0.095642
v -1.335618 0.211188 -0.105259
v -1.368727 0.294115 -0.164860
v -1.319037 0.292736 -0.185850
v -1.295056 0.156431 -0.047632
v -1.298234 0.139079 0.019087
v -1.287383 0.203438 -0.114784
v -1.273120 0.273934 -0.178448
v -1.247539 0.144575 -0.032386
v -1.249651 0.131912 0.019767
v -1.242638 0.174713 -0.084311
v -1.234986 0.223202 -0.135740
v -1.199869 0.145917 -0.017239
v -1.194321 0.181480 -0.080537
v -1.183130 0.250946 -0.148809
v -1.153500 0.167237 -0.015586
v -1.148066 0.201953 -0.076899
v -1.137351 0.274439 -0.147043
v -1.111987 0.198186 -0.002114
v -1.105905 0.236076 -0.073456
v -1.096377 0.300967 -0.137523
v -1.154616 0.160697 0.045933
v -1.201090 0.139135 0.045975
v -1.351128 0.425977 -0.264132
v -1.280938 0.492517 -0.324336
v -1.315326 0.526517 -0.350118
v -1.292288 0.555646 -0.402494
v -1.241500 0.521641 -0.366582
v -1.224042 0.447216 -0.288162
v -1.230457 0.492524 -0.326180
v -1.225035 0.290858 -0.186025
v -1.173948 0.509781 -0.336304
v -1.135442 0.430058 -0.249190
v -1.114462 0.497663 -0.293020
v -1.102575 0.521973 -0.321934
v -1.069997 0.465411 -0.233675
v -1.054684 0.526778 -0.274965
v -1.230453 0.528382 -0.392306
v -1.138753 0.519830 -0.360039
v -1.073815 0.535866 -0.337015
v -1.031151 0.555966 -0.331164
v -0.470246 0.539182 -1.098527
v -0.433001 0.525323 -1.127007
v -0.420745 0.504396 -1.091529
v -0.359358 0.434863 -1.091828
v -0.256935 0.323391 -1.164936
v -0.248072 0.291669 -1.127303
v -0.409683 0.495356 -1.030284
v -0.437431 0.513469 -1.021248
v -0.381743 0.467895 -1.038515
v -0.239784 0.273703 -1.086734
v -0.334151 0.424159 -1.006443
v -0.232010 0.268651 -1.045347
v -0.369849 0.496869 -0.950243
v -0.402883 0.521589 -0.939572
v -0.211091 0.257433 -1.006070
v -0.304998 0.451444 -0.922945
v -0.204802 0.276507 -0.967577
v -0.349860 0.526280 -0.897195
v -0.206983 0.319319 -0.930629
v -0.144117 0.232764 -1.182320
v -0.172356 0.223213 -1.142135
v -0.109738 0.185166 -1.148096
v -0.047768 0.200168 -1.188848
v -0.046755 0.164514 -1.151414
v -0.167454 0.203235 -1.101393
v -0.106771 0.164306 -1.107169
v -0.045683 0.143161 -1.110395
v -0.162433 0.196674 -1.058904
v -0.103761 0.157450 -1.064478
v -0.044630 0.136117 -1.067595
v -0.129305 0.181834 -1.019408
v -0.072325 0.151837 -1.023609
v -0.125671 0.202660 -0.978610
v -0.070588 0.173258 -0.982684
v -0.148742 0.257769 -0.938578
v -0.070092 0.207251 -0.945529
v -0.529497 0.539156 1.143116
v -0.579519 0.525612 1.140367
v -0.560481 0.504613 1.107308
v -0.607060 0.435540 1.068344
v -0.746828 0.324542 1.053796
v -0.723428 0.293172 1.021408
v -0.529664 0.488081 1.053198
v -0.492264 0.513448 1.067238
v -0.697365 0.275409 0.987278
v -0.557987 0.424822 0.991253
v -0.670316 0.270392 0.952861
v -0.497151 0.492229 0.994433
v -0.458394 0.519792 0.982192
v -0.630864 0.296809 0.927157
v -0.506347 0.470102 0.945209
v -0.606334 0.313384 0.894003
v -0.458547 0.526358 0.923978
v -0.504589 0.466590 0.902940
v -0.598490 0.320272 0.854454
v -0.824310 0.256579 1.009352
v -0.798044 0.223278 0.979997
v -0.881820 0.219980 0.969396
v -0.854010 0.185177 0.941137
v -0.937301 0.200146 0.926605
v -0.908051 0.164501 0.899485
v -0.769216 0.203350 0.947897
v -0.823507 0.164352 0.910214
v -0.875971 0.143164 0.869800
v -0.739077 0.196826 0.914475
v -0.791620 0.157526 0.878015
v -0.842435 0.136138 0.838885
v -0.683138 0.230088 0.897640
v -0.734403 0.181969 0.863875
v -0.784458 0.151907 0.827309
v -0.667416 0.235531 0.857223
v -0.728868 0.185954 0.815268
v -0.776624 0.164970 0.778577
v -0.653150 0.258062 0.820259
v -0.722979 0.207558 0.771218
v -1.284340 0.539352 0.447480
v -1.316278 0.525659 0.414869
v -1.276019 0.504661 0.403994
v -1.276440 0.434980 0.349724
v -1.359563 0.322883 0.258926
v -1.316800 0.291347 0.251312
v -1.210675 0.488144 0.386030
v -1.196298 0.513465 0.418438
v -1.270710 0.273514 0.244131
v -1.179201 0.424250 0.327392
v -1.223709 0.268528 0.237334
v -1.115258 0.497153 0.358896
v -1.103293 0.521684 0.387891
v -1.179152 0.257134 0.218771
v -1.084185 0.451911 0.301662
v -1.135472 0.276092 0.213145
v -1.055488 0.526399 0.341345
v -1.095639 0.302856 0.204360
v -1.375747 0.256407 0.188663
v -1.333527 0.223057 0.184668
v -1.382672 0.219931 0.131963
v -1.340276 0.185081 0.129515
v -1.386513 0.200158 0.075030
v -1.344030 0.164500 0.074122
v -1.287292 0.203100 0.180377
v -1.293835 0.164217 0.126893
v -1.297483 0.143145 0.073150
v -1.239077 0.196546 0.175965
v -1.245397 0.157354 0.124232
v -1.248922 0.136095 0.072191
v -1.194270 0.181681 0.146714
v -1.199022 0.151764 0.096526
v -1.147977 0.202484 0.143493
v -1.152585 0.173174 0.094984
v -1.107106 0.227854 0.129267
v -1.111547 0.200702 0.069933
v -1.158345 0.324357 -0.625340
v -1.108067 0.256641 -0.693355
v -1.074725 0.223314 -0.670235
v -1.121575 0.292897 -0.604782
v -1.062801 0.220063 -0.743961
v -1.030702 0.185244 -0.719480
v -1.014309 0.200195 -0.792801
v -0.983503 0.164544 -0.767052
v -1.038268 0.203360 -0.644856
v -1.082854 0.275134 -0.581778
v -0.995564 0.164393 -0.692640
v -0.949749 0.143191 -0.738839
v -1.000324 0.196818 -0.618316
v -1.043815 0.270186 -0.557864
v -0.958975 0.157538 -0.664589
v -0.914573 0.136141 -0.709371
v -0.981216 0.230072 -0.569030
v -0.942886 0.181947 -0.614219
v -0.901362 0.151880 -0.658359
v -0.960739 0.277980 -0.521905
v -0.907362 0.202770 -0.587904
v -0.867190 0.173292 -0.630659
v -0.875977 0.236100 -0.563073
v -0.932149 0.320129 -0.494521
v -1.014704 0.296755 -0.522990
v -1.260196 0.539369 -0.433809
v -1.256813 0.525758 -0.477633
v -1.219339 0.504787 -0.460839
v -1.175614 0.435885 -0.502212
v -1.158362 0.488280 -0.433869
v -1.174044 0.513479 -0.400961
v -1.087942 0.424829 -0.458921
v -1.091181 0.492377 -0.405007
v -1.077654 0.519849 -0.370850
v -1.035267 0.470246 -0.413141
v -1.011198 0.526539 -0.370958
v -0.987259 0.466617 -0.411667
v 0.574206 3.250890 1.219836
v 0.574350 3.251097 1.219341
v 0.579115 2.434907 1.245489
v 0.579270 2.434635 1.244978
v 0.574934 3.250966 1.219048
v 0.579917 2.434747 1.244621
v 0.576279 3.250698 1.218467
v 0.581465 2.435012 1.243909
v 0.579083 3.250134 1.217409
v 0.584720 2.435609 1.242620
v 0.609889 3.240528 1.204008
v 0.614689 2.444102 1.229007
v 0.574725 3.248994 1.221428
v 0.614727 3.240577 1.204199
v 0.579618 2.436965 1.246916
v 0.619526 2.444150 1.229198
v 0.574725 3.248994 1.221428
v 0.618029 3.240649 1.205062
v 0.579618 2.436965 1.246916
v 0.622828 2.444223 1.230061
v 0.574725 3.248994 1.221428
v 0.619669 3.240742 1.206563
v 0.579618 2.436965 1.246916
v 0.624468 2.444316 1.231562
v 0.574725 3.248994 1.221428
v 0.619583 3.240853 1.208645
v 0.579618 2.436965 1.246916
v 0.624382 2.444427 1.233643
v 0.574725 3.248994 1.221428
v 0.617775 3.240977 1.211227
v 0.579618 2.436965 1.246916
v 0.622575 2.444551 1.236226
v 0.574725 3.248994 1.221428
v 0.614315 3.241109 1.214211
v 0.579618 2.436965 1.246916
v 0.619115 2.444683 1.239210
v 0.582313 3.250057 1.221538
v 0.586259 2.435866 1.247297
v 0.578526 3.250803 1.222597
v 0.583007 2.435286 1.248264
v 0.576606 3.251153 1.223031
v 0.581361 2.435007 1.248670
v 0.580609 2.434874 1.248813
v 0.575743 3.251300 1.223165
v 0.575229 3.251054 1.222857
v 0.580136 2.435072 1.248506
v 0.575071 3.251303 1.223344
v 0.579994 2.434845 1.249025
v 0.574448 3.251178 1.223664
v 0.579390 2.434963 1.249354
v 0.572997 3.250914 1.224304
v 0.577954 2.435238 1.250005
v 0.569989 3.250362 1.225474
v 0.574923 2.435846 1.251172
v 0.539655 3.241858 1.239337
v 0.544454 2.445432 1.264335
v 0.574725 3.248994 1.221428
v 0.534817 3.241809 1.239146
v 0.579618 2.436965 1.246916
v 0.539617 2.445383 1.264144
v 0.574725 3.248994 1.221428
v 0.531515 3.241736 1.238283
v 0.579618 2.436965 1.246916
v 0.536314 2.445310 1.263281
v 0.574725 3.248994 1.221428
v 0.529875 3.241643 1.236782
v 0.579618 2.436965 1.246916
v 0.534675 2.445217 1.261780
v 0.529875 3.241643 1.236782
v 0.574725 3.248994 1.221428
v 0.529961 3.241532 1.234700
v 0.579618 2.436965 1.246916
v 0.534675 2.445217 1.261780
v 0.534760 2.445106 1.259699
v 0.574725 3.248994 1.221428
v 0.531768 3.241409 1.232118
v 0.579618 2.436965 1.246916
v 0.536568 2.444982 1.257116
v 0.574725 3.248994 1.221428
v 0.535229 3.241277 1.229134
v 0.579618 2.436965 1.246916
v 0.540028 2.444850 1.254132
v 0.567600 3.250069 1.221075
v 0.572544 2.435876 1.246771
v 0.571137 3.250696 1.220047
v 0.576027 2.435180 1.245774
v 0.572918 3.250983 1.219635
v 0.577804 2.434841 1.245348
v 0.573716 3.251107 1.219508
v 0.578617 2.434683 1.245201
v -0.574206 3.250890 1.219836
v -0.574350 3.251097 1.219341
v -0.579115 2.434907 1.245489
v -0.579270 2.434635 1.244978
v -0.574934 3.250966 1.219048
v -0.579917 2.434747 1.244621
v -0.576279 3.250698 1.218467
v -0.581465 2.435012 1.243909
v -0.579083 3.250134 1.217409
v -0.584720 2.435609 1.242620
v -0.609889 3.240528 1.204008
v -0.614689 2.444102 1.229007
v -0.614727 3.240577 1.204199
v -0.574725 3.248994 1.221428
v -0.579618 2.436965 1.246916
v -0.619526 2.444150 1.229198
v -0.618029 3.240649 1.205062
v -0.574725 3.248994 1.221428
v -0.579618 2.436965 1.246916
v -0.622828 2.444223 1.230061
v -0.619669 3.240742 1.206563
v -0.574725 3.248994 1.221428
v -0.579618 2.436965 1.246916
v -0.624468 2.444316 1.231562
v -0.619583 3.240853 1.208645
v -0.574725 3.248994 1.221428
v -0.579618 2.436965 1.246916
v -0.624382 2.444427 1.233643
v -0.617775 3.240977 1.211227
v -0.574725 3.248994 1.221428
v -0.579618 2.436965 1.246916
v -0.622575 2.444551 1.236226
v -0.614315 3.241109 1.214211
v -0.574725 3.248994 1.221428
v -0.579618 2.436965 1.246916
v -0.619115 2.444683 1.239210
v -0.582313 3.250057 1.221538
v -0.586259 2.435866 1.247297
v -0.578526 3.250803 1.222597
v -0.583007 2.435286 1.248264
v -0.576606 3.251153 1.223031
v -0.581361 2.435007 1.248670
v -0.580609 2.434874 1.248813
v -0.575743 3.251300 1.223165
v -0.575229 3.251054 1.222857
v -0.580136 2.435072 1.248506
v -0.575071 3.251303 1.223344
v -0.579994 2.434845 1.249025
v -0.574448 3.251178 1.223664
v -0.579390 2.434963 1.249354
v -0.572997 3.250914 1.224304
v -0.577954 2.435238 1.250005
v -0.569989 3.250361 1.225474
v -0.574923 2.435846 1.251172
v -0.539655 3.241858 1.239337
v -0.544454 2.445432 1.264335
v -0.534817 3.241809 1.239146
v -0.574725 3.248994 1.221428
v -0.579618 2.436965 1.246916
v -0.539617 2.445383 1.264144
v -0.531515 3.241736 1.238283
v -0.574725 3.248994 1.221428
v -0.579618 2.436965 1.246916
v -0.536314 2.445310 1.263281
v -0.529875 3.241643 1.236782
v -0.574725 3.248994 1.221428
v -0.579618 2.436965 1.246916
v -0.534675 2.445217 1.261780
v -0.529875 3.241643 1.236782
v -0.529961 3.241532 1.234700
v -0.574725 3.248994 1.221428
v -0.579618 2.436965 1.246916
v -0.534760 2.445106 1.259699
v -0.534675 2.445217 1.261780
v -0.531768 3.241409 1.232118
v -0.574725 3.248994 1.221428
v -0.579618 2.436965 1.246916
v -0.536568 2.444982 1.257116
v -0.535229 3.241277 1.229134
v -0.574725 3.248994 1.221428
v -0.579618 2.436965 1.246916
v -0.540028 2.444850 1.254132
v -0.567600 3.250069 1.221075
v -0.572544 2.435876 1.246771
v -0.571137 3.250696 1.220047
v -0.576027 2.435180 1.245774
v -0.572918 3.250983 1.219635
v -0.577804 2.434841 1.245348
v -0.573716 3.251107 1.219508
v -0.578617 2.434683 1.245201
v 0.538902 2.639178 1.205721
v 0.580055 2.799214 1.180638
v 0.554130 3.208100 1.205347
v 0.540596 3.108494 1.195802
v 0.551690 2.518173 1.219817
v 0.578740 2.961468 1.177835
v 0.562584 2.466199 1.230838
v 0.669683 2.881099 1.154085
v 0.667183 2.719051 1.162257
v 0.627728 3.217510 1.188906
v 0.631797 3.162419 1.175520
v 0.650384 2.576668 1.181908
v 0.657352 3.036996 1.158704
v 0.657108 2.501247 1.196128
v 0.633222 2.466020 1.212209
v 0.745644 2.881827 1.142496
v 0.740217 2.719875 1.151082
v 0.678820 3.162491 1.168259
v 0.708769 2.577400 1.172935
v 0.724162 3.037506 1.148514
v 0.787665 2.721934 1.153892
v 0.662294 3.218024 1.191242
v 0.701363 3.181931 1.178774
v 0.747139 2.579602 1.174925
v 0.729150 3.128541 1.163445
v 0.767458 3.038112 1.151135
v 0.706053 2.501826 1.200072
v 0.667157 2.466118 1.214972
v 0.794798 2.883357 1.145538
v 0.791804 2.684473 1.171095
v 0.770671 2.614469 1.180228
v 0.738742 3.129509 1.173198
v 0.742219 2.553522 1.191406
v 0.767938 3.068023 1.165893
v 0.789919 2.997611 1.161197
v 0.803743 2.920878 1.159332
v 0.808754 2.840868 1.160408
v 0.804704 2.760951 1.164389
v 0.768053 2.644326 1.197908
v 0.687088 3.182057 1.203527
v 0.742127 3.104269 1.188506
v 0.712281 2.521050 1.214711
v 0.784211 2.961010 1.183756
v 0.655614 2.467028 1.232799
v 0.793321 2.799095 1.187059
v 0.652123 3.218339 1.208768
v 0.702532 3.106656 1.214907
v 0.723192 2.646105 1.228089
v 0.680344 2.521664 1.235941
v 0.734999 2.963668 1.216771
v 0.742292 2.801560 1.221390
v 0.612906 2.576961 1.272801
v 0.603635 3.167478 1.248236
v 0.616125 3.046088 1.262451
v 0.598740 2.477730 1.263490
v 0.664982 2.885407 1.255039
v 0.662165 2.723189 1.259314
v 0.592386 3.219701 1.237300
v 0.574398 2.887003 1.287658
v 0.575250 2.724665 1.290621
v 0.505069 3.110229 1.286047
v 0.487552 2.968141 1.305905
v 0.520822 2.524264 1.293306
v 0.525661 2.468768 1.279707
v 0.484508 2.806185 1.314267
v 0.522033 3.220246 1.255847
v 0.496245 2.650082 1.309853
v 0.486549 3.172404 1.277504
v 0.465188 2.505829 1.295413
v 0.427806 3.043737 1.307412
v 0.408185 2.888895 1.323185
v 0.415562 2.726665 1.324782
v 0.448725 2.582847 1.311924
v 0.384526 3.043385 1.304776
v 0.359025 2.889325 1.320079
v 0.492123 2.466867 1.275812
v 0.368086 2.727685 1.321877
v 0.487067 3.220556 1.252308
v 0.447235 3.184509 1.267404
v 0.410313 2.584223 1.309826
v 0.421716 3.132685 1.286839
v 0.350984 2.924453 1.307645
v 0.347039 2.845288 1.311619
v 0.351938 2.766034 1.312617
v 0.365493 2.689737 1.310601
v 0.387183 2.619329 1.305647
v 0.412713 3.131707 1.279924
v 0.416173 2.557516 1.297947
v 0.384464 3.070468 1.291487
v 0.451351 2.506673 1.287796
v 0.363620 3.000487 1.300847
v 0.415201 2.556801 1.297897
v 0.385814 2.618847 1.305597
v 0.383760 3.072652 1.291111
v 0.412458 3.133632 1.279530
v 0.450770 2.505993 1.287759
v 0.363620 3.000487 1.300847
v 0.355466 2.962198 1.294646
v 0.490995 2.468383 1.275607
v 0.350984 2.924453 1.307645
v 0.347039 2.845288 1.311619
v 0.347984 2.801384 1.302090
v 0.351938 2.766034 1.312617
v 0.487101 3.219749 1.251804
v 0.363814 2.689728 1.310544
v 0.447403 3.183303 1.266246
v 0.361543 2.800764 1.283987
v 0.497700 3.218569 1.236002
v 0.388688 2.645780 1.282863
v 0.463183 3.182426 1.243510
v 0.409029 3.105551 1.263399
v 0.445972 2.522029 1.273808
v 0.368690 2.962623 1.277128
v 0.503260 2.467227 1.259138
v 0.412565 2.800346 1.249589
v 0.433528 2.645036 1.252656
v 0.448624 3.105765 1.236912
v 0.477887 2.520880 1.252607
v 0.417882 2.962530 1.244036
v 0.489492 2.799658 1.213294
v 0.491814 2.961961 1.209170
v -0.538902 2.639179 1.205721
v -0.580055 2.799213 1.180638
v -0.554130 3.208100 1.205347
v -0.540596 3.108493 1.195802
v -0.551690 2.518173 1.219817
v -0.578739 2.961469 1.177835
v -0.562584 2.466199 1.230838
v -0.667183 2.719052 1.162257
v -0.669684 2.881098 1.154085
v -0.627728 3.217510 1.188906
v -0.631797 3.162419 1.175520
v -0.650384 2.576667 1.181908
v -0.657352 3.036996 1.158704
v -0.657107 2.501247 1.196128
v -0.633222 2.466020 1.212209
v -0.740217 2.719876 1.151082
v -0.745644 2.881827 1.142496
v -0.678821 3.162491 1.168259
v -0.708769 2.577400 1.172935
v -0.724163 3.037506 1.148514
v -0.787665 2.721934 1.153892
v -0.701363 3.181930 1.178774
v -0.662294 3.218024 1.191242
v -0.747140 2.579602 1.174925
v -0.729150 3.128541 1.163445
v -0.767458 3.038112 1.151135
v -0.706054 2.501826 1.200072
v -0.667157 2.466118 1.214972
v -0.794798 2.883356 1.145538
v -0.770671 2.614469 1.180229
v -0.791804 2.684473 1.171095
v -0.738742 3.129509 1.173198
v -0.742219 2.553522 1.191406
v -0.767938 3.068023 1.165893
v -0.789919 2.997611 1.161197
v -0.803743 2.920878 1.159332
v -0.808754 2.840868 1.160408
v -0.804704 2.760951 1.164389
v -0.768053 2.644326 1.197909
v -0.742127 3.104269 1.188506
v -0.687088 3.182058 1.203527
v -0.712281 2.521050 1.214711
v -0.784211 2.961011 1.183756
v -0.655614 2.467028 1.232799
v -0.793321 2.799095 1.187059
v -0.652123 3.218339 1.208768
v -0.702532 3.106655 1.214908
v -0.680344 2.521664 1.235941
v -0.723191 2.646105 1.228089
v -0.734999 2.963668 1.216771
v -0.742293 2.801561 1.221390
v -0.612906 2.576962 1.272801
v -0.616125 3.046089 1.262451
v -0.603636 3.167477 1.248236
v -0.598740 2.477730 1.263490
v -0.664982 2.885408 1.255039
v -0.662165 2.723189 1.259313
v -0.592386 3.219702 1.237300
v -0.574398 2.887003 1.287659
v -0.575249 2.724664 1.290621
v -0.487552 2.968142 1.305905
v -0.505069 3.110228 1.286047
v -0.525661 2.468768 1.279708
v -0.520822 2.524264 1.293306
v -0.484508 2.806185 1.314267
v -0.522033 3.220246 1.255847
v -0.496245 2.650082 1.309853
v -0.486549 3.172404 1.277504
v -0.465188 2.505830 1.295413
v -0.408186 2.888895 1.323185
v -0.427806 3.043736 1.307412
v -0.415562 2.726665 1.324782
v -0.448725 2.582847 1.311924
v -0.359025 2.889325 1.320079
v -0.384526 3.043385 1.304776
v -0.492123 2.466867 1.275812
v -0.368086 2.727685 1.321877
v -0.487067 3.220556 1.252308
v -0.447235 3.184509 1.267404
v -0.410313 2.584223 1.309826
v -0.421717 3.132686 1.286839
v -0.347039 2.845288 1.311619
v -0.350984 2.924453 1.307645
v -0.351938 2.766034 1.312617
v -0.365493 2.689737 1.310601
v -0.387183 2.619329 1.305647
v -0.412713 3.131707 1.279924
v -0.416173 2.557516 1.297947
v -0.384464 3.070468 1.291487
v -0.451351 2.506673 1.287796
v -0.363620 3.000487 1.300847
v -0.415201 2.556801 1.297897
v -0.385814 2.618846 1.305597
v -0.383760 3.072652 1.291111
v -0.412458 3.133632 1.279530
v -0.450770 2.505993 1.287759
v -0.363620 3.000487 1.300847
v -0.355466 2.962198 1.294646
v -0.490995 2.468383 1.275607
v -0.350984 2.924453 1.307645
v -0.347039 2.845288 1.311619
v -0.347984 2.801384 1.302090
v -0.351938 2.766034 1.312617
v -0.487101 3.219749 1.251804
v -0.363814 2.689729 1.310544
v -0.447403 3.183303 1.266246
v -0.361543 2.800764 1.283987
v -0.497700 3.218570 1.236002
v -0.388688 2.645780 1.282863
v -0.463184 3.182426 1.243510
v -0.409029 3.105550 1.263399
v -0.445972 2.522029 1.273808
v -0.368690 2.962622 1.277128
v -0.503260 2.467227 1.259138
v -0.412565 2.800346 1.249589
v -0.433528 2.645035 1.252656
v -0.448624 3.105764 1.236912
v -0.477887 2.520880 1.252607
v -0.417882 2.962530 1.244036
v -0.489492 2.799659 1.213294
v -0.491815 2.961961 1.209170
v 0.670247 3.099364 1.237450
v 0.679578 2.900099 1.246351
v 0.693787 2.905863 1.238003
v 0.685813 3.094452 1.230881
v 0.679770 2.900004 1.246527
v 0.670035 3.099728 1.237795
v 0.679766 2.900289 1.246749
v 0.670434 3.099567 1.237925
v 0.670444 3.099410 1.237826
v 0.679888 2.900135 1.246696
v 0.653629 3.091987 1.245998
v 0.663004 2.906561 1.253797
v 0.654697 3.093025 1.245452
v 0.669297 3.099217 1.238029
v 0.679420 2.900157 1.246602
v 0.663329 2.905885 1.253815
v 0.654716 3.093506 1.242490
v 0.670355 3.099519 1.237404
v 0.663970 2.904794 1.249288
v 0.679609 2.900210 1.246283
v -0.500911 3.099364 1.292484
v -0.510240 2.900099 1.301385
v -0.524451 2.905862 1.293037
v -0.501051 3.099658 1.292654
v -0.510434 2.900004 1.301561
v -0.517385 3.094846 1.289829
v -0.510429 2.900290 1.301782
v -0.501031 3.099549 1.292908
v -0.509769 3.095190 1.296804
v -0.501128 3.099460 1.293013
v -0.510552 2.900135 1.301730
v -0.501229 3.099652 1.292751
v -0.484292 3.091987 1.301032
v -0.493668 2.906560 1.308831
v -0.500844 3.099563 1.292669
v -0.510083 2.900157 1.301636
v -0.493992 2.905885 1.308849
v -0.485221 3.093417 1.296089
v -0.494634 2.904794 1.304322
v -0.500961 3.099514 1.292404
v -0.510266 2.900176 1.301309
v 0.669599 3.087616 1.227349
v 0.674451 2.957469 1.221528
v 0.660315 2.932851 1.233268
v 0.670114 3.063218 1.220756
v 0.685734 2.908557 1.233544
v 0.673519 3.011675 1.216373
v 0.703599 2.989115 1.212638
v 0.691682 3.088893 1.225920
v 0.694615 3.076246 1.219872
v 0.704579 2.927226 1.224995
v 0.705531 3.048984 1.214353
v 0.719079 2.990449 1.214684
v 0.725953 2.978585 1.221384
v 0.714396 2.927163 1.232700
v 0.716064 3.059381 1.225266
v 0.722604 3.030683 1.220313
v 0.697920 2.907970 1.243174
v 0.728514 2.999199 1.227275
v 0.723107 2.954165 1.233170
v 0.705873 3.075223 1.233984
v 0.691074 3.090433 1.237547
v 0.712945 2.953238 1.247627
v 0.703661 2.923275 1.248047
v 0.720891 3.012677 1.240161
v 0.691033 3.060386 1.252334
v 0.706768 3.012910 1.251874
v 0.677466 3.087929 1.248162
v 0.679726 2.936522 1.263506
v 0.680031 2.912048 1.256977
v 0.688557 2.991691 1.262913
v 0.657452 3.065629 1.261367
v 0.655150 3.031534 1.268682
v 0.657622 2.983645 1.271869
v 0.661063 3.089347 1.251111
v 0.662645 2.913166 1.260714
v 0.644131 2.951658 1.269924
v 0.631707 2.999700 1.269721
v 0.639954 3.076428 1.253814
v 0.639974 2.934461 1.263262
v 0.628708 3.046337 1.261364
v 0.651684 2.916287 1.258893
v 0.629119 2.969487 1.265622
v 0.625349 3.008209 1.264824
v 0.647063 2.922153 1.260418
v 0.625892 3.033474 1.262918
v 0.622150 3.007652 1.258989
v 0.630256 2.960198 1.265813
v 0.640452 3.076861 1.253226
v 0.638703 3.075723 1.246620
v 0.628512 2.957989 1.255495
v 0.645136 2.923241 1.249811
v 0.626816 3.045051 1.251150
v 0.626666 2.989419 1.246338
v 0.649416 3.083548 1.236357
v 0.636845 3.045604 1.236667
v 0.661151 2.909949 1.244099
v 0.643341 2.986284 1.232317
v -0.504212 3.090743 1.282142
v -0.506071 2.947337 1.277764
v -0.500780 3.063218 1.275789
v -0.509001 2.910257 1.290127
v -0.502396 3.018522 1.272069
v -0.534265 2.989110 1.267673
v -0.525280 3.076243 1.274905
v -0.535241 2.927229 1.280028
v -0.536194 3.048983 1.269386
v -0.549744 2.990453 1.269718
v -0.523944 3.089022 1.282362
v -0.556617 2.978580 1.276419
v -0.545060 2.927164 1.287733
v -0.546728 3.059379 1.280300
v -0.553268 3.030682 1.275347
v -0.528583 2.907971 1.298208
v -0.559178 2.999196 1.282311
v -0.553769 2.954159 1.288206
v -0.536536 3.075225 1.289018
v -0.520445 3.082785 1.299925
v -0.534324 2.923274 1.303080
v -0.543609 2.953239 1.302663
v -0.551555 3.012683 1.295193
v -0.521698 3.060385 1.307368
v -0.537433 3.012914 1.306907
v -0.510695 2.912045 1.312011
v -0.510386 2.936518 1.318540
v -0.519218 2.991696 1.317948
v -0.485815 3.031539 1.323715
v -0.488112 3.065637 1.316399
v -0.488285 2.983643 1.326903
v -0.491729 3.089347 1.306144
v -0.493309 2.913165 1.315749
v -0.474796 2.951659 1.324958
v -0.462370 2.999700 1.324755
v -0.470617 3.076428 1.308848
v -0.470634 2.934467 1.318298
v -0.459372 3.046335 1.316398
v -0.482347 2.916288 1.313927
v -0.459782 2.969497 1.320655
v -0.456013 3.008209 1.319857
v -0.477731 2.922146 1.315450
v -0.456555 3.033469 1.317953
v -0.452814 3.007649 1.314024
v -0.460921 2.960196 1.320847
v -0.475639 3.084856 1.305598
v -0.472186 3.077231 1.295626
v -0.459177 2.957989 1.310529
v -0.476869 2.920825 1.308247
v -0.457480 3.045050 1.306184
v -0.457330 2.989420 1.301372
v -0.477877 2.932642 1.297055
v -0.467507 3.045604 1.291702
v -0.491814 2.909950 1.299134
v -0.474005 2.986285 1.287351
v 0.189386 3.662784 -1.643154
v 0.122822 3.777348 -1.647907
v 0.247249 3.777348 -1.637105
v 0.373293 3.662782 -1.617860
v 0.370650 3.777348 -1.619168
v 0.494896 3.662779 -1.592796
v 0.492505 3.777348 -1.594216
v 0.676283 3.662783 -1.542353
v 0.612281 3.777349 -1.562373
v 0.729450 3.777350 -1.523763
v 0.845995 3.662783 -1.476552
v 0.844441 3.777376 -1.477977
v 0.000001 3.662709 -1.651455
v 0.000021 3.777153 -1.651232
v 0.955153 3.777284 -1.424886
v 0.956191 3.728556 -1.426470
v 0.956332 3.706233 -1.426690
v 0.955147 3.662800 -1.424876
v 1.062268 3.662782 -1.366377
v 1.134192 3.662798 -1.322275
v 1.060095 3.777353 -1.368597
v 1.161723 3.777354 -1.304420
v 1.259841 3.662777 -1.232310
v 1.259347 3.777380 -1.233657
v 1.351473 3.662781 -1.156626
v 1.350222 3.777377 -1.158687
v 1.436932 3.662781 -1.076193
v 1.435447 3.777358 -1.078865
v 1.516021 3.662780 -0.991289
v 1.515741 3.777385 -0.992799
v 1.588805 3.662776 -0.901942
v 1.588399 3.777382 -0.903778
v 0.955595 3.662869 -1.425741
v 1.654325 3.777362 -0.810870
v 1.655144 3.662780 -0.808060
v 1.713934 3.662780 -0.710871
v 1.765149 3.662779 -0.610719
v 1.713694 3.777392 -0.712821
v 1.764919 3.777364 -0.613375
v 1.808969 3.662774 -0.507714
v 1.808993 3.777365 -0.510230
v 1.845384 3.662779 -0.401792
v 1.845570 3.777397 -0.403773
v 1.873757 3.662779 -0.294478
v 1.873989 3.777368 -0.297435
v 1.894176 3.662779 -0.185789
v 1.894630 3.777368 -0.188702
v 1.906502 3.662779 -0.076181
v 1.907174 3.777369 -0.079033
v 1.911481 3.777369 0.031099
v 1.910538 3.662776 0.032965
v 1.906363 3.662779 0.143959
v 1.893898 3.662780 0.253567
v 1.907457 3.777369 0.141210
v 1.895198 3.777368 0.250859
v 1.873338 3.662779 0.362256
v 1.874840 3.777368 0.359606
v 1.844830 3.662779 0.469543
v 1.846107 3.777397 0.467936
v 1.808511 3.662780 0.574983
v 1.810389 3.777366 0.572526
v 1.764523 3.662781 0.678107
v 1.765950 3.777395 0.676838
v 1.694181 3.662809 0.812377
v 1.714806 3.777384 0.776772
v 1.656446 3.777363 0.873562
v 1.654100 3.662781 0.875584
v 1.587980 3.662781 0.969044
v 1.514987 3.662782 1.058480
v 1.590488 3.777361 0.967143
v 1.517656 3.777360 1.056701
v 1.435515 3.662782 1.143546
v 1.438326 3.777359 1.141906
v 1.349949 3.662782 1.223900
v 1.352879 3.777357 1.222419
v 1.258670 3.662783 1.299209
v 1.260627 3.777383 1.298597
v 1.162061 3.662783 1.369137
v 1.165775 3.774549 1.367655
v 1.060506 3.662783 1.433347
v 1.062992 3.777372 1.432696
v 0.957573 3.777353 1.490781
v 0.899689 3.662784 1.519260
v 0.671545 3.662785 1.609852
v 0.847358 3.777352 1.542760
v 0.733463 3.777351 1.588232
v 0.615141 3.777375 1.627342
v 0.431614 3.662785 1.673643
v 0.474553 3.777279 1.664364
v 0.374942 3.777349 1.684343
v 0.248228 3.662785 1.702133
v 0.250422 3.777373 1.702557
v 0.124391 3.662782 1.712914
v 0.127109 3.777349 1.713586
v 0.002133 3.777349 1.717382
v -0.000007 3.662783 1.716569
v -0.189385 3.662785 1.709085
v -0.122821 3.777349 1.713837
v -0.247249 3.777349 1.703035
v -0.373127 3.662782 1.683818
v -0.394450 3.777297 1.680887
v -0.495435 3.662784 1.658647
v -0.492495 3.777350 1.660148
v -0.582053 3.662823 1.636661
v -0.613306 3.777375 1.627885
v -0.732121 3.662784 1.587877
v -0.729453 3.777351 1.589691
v -0.815034 3.662824 1.556080
v -0.844441 3.777377 1.543907
v -0.953892 3.777353 1.492653
v -0.956204 3.662783 1.490576
v -1.062265 3.662783 1.432309
v -1.214576 3.662783 1.333436
v -1.060087 3.777354 1.434531
v -1.161722 3.777355 1.370350
v -1.259347 3.777381 1.299587
v -1.351471 3.662782 1.222559
v -1.350219 3.777378 1.224619
v -1.436931 3.662782 1.142124
v -1.435448 3.777359 1.144794
v -1.516020 3.662781 1.057219
v -1.515593 3.777387 1.058889
v -1.588806 3.662777 0.967871
v -1.588105 3.777361 0.970280
v -1.654325 3.777363 0.876800
v -1.655144 3.662781 0.873991
v -1.713933 3.662781 0.776801
v -1.765149 3.662780 0.676650
v -1.713316 3.777364 0.779672
v -1.764918 3.777365 0.679306
v -1.808970 3.662774 0.573642
v -1.808993 3.777366 0.576158
v -1.845384 3.662779 0.467721
v -1.845639 3.777396 0.469499
v -1.866284 3.662788 0.394079
v -1.873894 3.774477 0.364007
v -1.893919 3.658644 0.251210
v -1.894583 3.774474 0.255277
v -1.909727 3.662738 0.099606
v -1.907101 3.777391 0.144376
v -1.911481 3.777369 0.034830
v -1.910596 3.662779 0.032050
v -1.906363 3.662779 -0.078029
v -1.893898 3.662779 -0.187639
v -1.907457 3.777369 -0.075280
v -1.895198 3.777367 -0.184930
v -1.873394 3.662776 -0.295828
v -1.874494 3.777397 -0.294650
v -1.844828 3.662779 -0.403618
v -1.846524 3.777367 -0.401054
v -1.821382 3.662787 -0.475971
v -1.809900 3.777395 -0.507531
v -1.764014 3.658638 -0.612500
v -1.766570 3.777364 -0.609852
v -1.692263 3.662745 -0.749759
v -1.714594 3.777392 -0.711211
v -1.656448 3.777362 -0.807631
v -1.654102 3.662780 -0.809652
v -1.326964 3.806237 0.127273
v -1.241521 3.806024 0.515442
v -1.233487 3.807079 0.450215
v -1.288499 3.809247 0.223267
v -1.306810 3.808784 0.072720
v -1.249141 3.809246 0.370085
v -1.188569 3.809246 0.511161
v -1.113211 3.807625 0.641924
v -1.163654 3.817836 0.538601
v -1.198593 3.817845 0.470426
v -1.228417 3.817854 0.400371
v -1.253031 3.817860 0.328749
v -1.272339 3.817865 0.255877
v -1.286245 3.817870 0.182071
v -1.294658 3.817872 0.107634
v -1.587980 3.662781 -0.903113
v -1.514984 3.662781 -0.992554
v -1.590489 3.777360 -0.901211
v -1.517653 3.777359 -0.990775
v -1.435843 3.662778 -1.077213
v -1.437362 3.777385 -1.076789
v -1.349947 3.662781 -1.157971
v -1.353436 3.774537 -1.156058
v -1.287766 3.662794 -1.210941
v -1.261078 3.777374 -1.232317
v -1.125483 3.662755 -1.328053
v -1.165163 3.777354 -1.302089
v -1.060507 3.662782 -1.367415
v -1.063658 3.777353 -1.366495
v -0.955773 3.777354 -1.425840
v -0.955282 3.662785 -1.425077
v -0.787452 3.662783 -1.501870
v -0.847356 3.777351 -1.476831
v -0.733468 3.777350 -1.522301
v -0.552756 3.662783 -1.579245
v -0.615292 3.777374 -1.561363
v -0.496742 3.777349 -1.593216
v -0.372108 3.662780 -1.618068
v -0.374944 3.777348 -1.618413
v -0.248224 3.662783 -1.636204
v -0.251559 3.777348 -1.636601
v -0.160214 3.662802 -1.645081
v -0.125819 3.777371 -1.647630
v -0.955810 3.662732 -1.425904
v -0.955238 3.777293 -1.425005
v -0.000003 3.786021 -1.650960
v 0.000002 3.644356 -1.648486
v 0.572971 5.943629 -0.991282
v 0.495697 5.943661 -1.022026
v 0.416292 5.943618 -1.048269
v 0.335138 5.942350 -1.069960
v 0.252538 5.942337 -1.086948
v 0.168878 5.942353 -1.099182
v 0.084511 5.942362 -1.106578
v 0.456530 6.021608 -1.030852
v 0.572144 6.021594 -0.985998
v 0.294662 6.021617 -1.074276
v 0.127762 6.021623 -1.098878
v 0.000000 6.020918 -1.104216
v 0.645491 6.020625 -0.952261
v 0.647271 6.001236 -0.954963
v -0.848601 3.806001 0.974011
v -0.763502 3.807619 0.971243
v -0.959089 3.807078 0.833665
v -1.007989 3.809240 0.765416
v -0.890608 3.809238 0.875240
v -0.615044 3.808593 1.050233
v -0.648786 3.817747 1.023134
v -0.720834 3.817755 0.983597
v -0.789779 3.817764 0.939950
v -0.855360 3.817774 0.892421
v -0.917316 3.817785 0.841240
v -0.975388 3.817796 0.786636
v -1.029315 3.817805 0.728840
v -1.078836 3.817816 0.668082
v -0.373920 3.806289 1.156676
v -0.127352 3.808054 1.181144
v -0.457403 3.809233 1.111412
v -0.293405 3.809232 1.154814
v -0.084848 3.817715 1.173847
v -0.169318 3.817715 1.166427
v -0.253081 3.817717 1.154164
v -0.335775 3.817720 1.137142
v -0.417047 3.817727 1.115444
v -0.496544 3.817733 1.089154
v -0.573910 3.817740 1.058356
v 0.150304 3.806003 1.228146
v 0.095796 3.808155 1.184509
v 0.386491 3.807070 1.143761
v 0.615610 3.808798 1.049601
v 0.299823 3.809232 1.153494
v 0.463611 3.809234 1.109355
v 0.753198 3.807703 0.977694
v 0.573852 3.817742 1.058380
v 0.496489 3.817736 1.089173
v 0.416998 3.817729 1.115458
v 0.335727 3.817723 1.137153
v 0.253035 3.817719 1.154172
v 0.169278 3.817717 1.166431
v 0.084807 3.817716 1.173849
v 0.799564 3.806020 1.007822
v 1.208199 3.805970 0.572962
v 1.074769 3.806778 0.710116
v 0.897260 3.808130 0.872936
v 1.012295 3.809241 0.760796
v 1.111786 3.808783 0.639514
v 1.123624 3.817830 0.604692
v 1.078763 3.817820 0.668176
v 1.029239 3.817809 0.728926
v 0.975312 3.817799 0.786711
v 0.917241 3.817788 0.841305
v 0.855286 3.817778 0.892476
v 0.789709 3.817767 0.939996
v 0.720768 3.817759 0.983635
v 1.321221 3.806303 0.167899
v 1.232950 3.807170 0.450361
v 1.191400 3.809244 0.505647
v 1.251137 3.809246 0.364278
v 1.289628 3.809248 0.217261
v 1.306088 3.809249 0.067293
v 1.294646 3.817874 0.107788
v 1.286222 3.817871 0.182222
v 1.272304 3.817867 0.256027
v 1.252987 3.817863 0.328892
v 1.228364 3.817856 0.400505
v 1.198533 3.817848 0.470551
v 1.163588 3.817839 0.538717
v -0.369971 3.805921 -1.134812
v -0.250908 3.807225 -1.102333
v -0.451046 3.807675 -1.051008
v -0.655961 3.807807 -0.968232
v -0.130986 3.809232 -1.112639
v -0.651749 3.809961 -0.961810
v -0.573892 3.818952 -0.991683
v -0.496591 3.818943 -1.022478
v -0.417158 3.818935 -1.048769
v -0.335959 3.818707 -1.070599
v -0.253311 3.818704 -1.087633
v -0.169594 3.818700 -1.099910
v -0.085164 3.818698 -1.107347
v 0.000000 3.806294 -1.123653
v 0.319543 3.806336 -1.103821
v 0.000002 3.806115 -1.126234
v 0.656719 3.807443 -0.969385
v 0.458533 3.808768 -1.045988
v 0.293384 3.809234 -1.088883
v 0.125738 3.808770 -1.113933
v -0.000000 3.818337 -1.109894
v 0.084409 3.818697 -1.107392
v 0.168837 3.818699 -1.099999
v 0.252559 3.818702 -1.087766
v 0.335220 3.818706 -1.070774
v 0.416395 3.818934 -1.048997
v 0.495933 3.818718 -1.022852
v 0.573224 3.818849 -0.992036
v 0.650410 3.813275 -0.959758
v 1.300966 3.807174 -0.119019
v 1.211022 3.806301 -0.464259
v 1.251875 3.808134 -0.303374
v 1.190251 3.808604 -0.444742
v 1.109237 3.808779 -0.577185
v 1.163654 3.817836 -0.472672
v 1.198593 3.817845 -0.404496
v 1.228417 3.817854 -0.334441
v 1.253031 3.817861 -0.262820
v 1.272339 3.817865 -0.189948
v 1.286245 3.817870 -0.116141
v 1.294658 3.817872 -0.041705
v -0.969785 3.806217 -0.767538
v -1.298836 3.805832 -1.137005
v -1.199927 3.806676 -0.463256
v -0.672752 3.806040 -0.993856
v -0.763389 3.808773 -0.902480
v -1.110051 3.808807 -0.576061
v -0.895517 3.809240 -0.805249
v -1.012288 3.809242 -0.694871
v -1.078764 3.817821 -0.602245
v -1.029238 3.817809 -0.662997
v -0.975314 3.817799 -0.720780
v -0.917241 3.817790 -0.775374
v -0.855286 3.817779 -0.826546
v -0.789710 3.817769 -0.874065
v -0.720769 3.817760 -0.917705
v 1.042211 3.806079 -0.708013
v 0.679032 3.805957 -1.003441
v 0.832862 3.806872 -0.872919
v 1.013432 3.808417 -0.696200
v 0.890605 3.809240 -0.809307
v 0.758083 3.809239 -0.904822
v 0.653998 3.808226 -0.965228
v 0.720835 3.817756 -0.917667
v 0.789778 3.817766 -0.874020
v 0.855359 3.817775 -0.826491
v 0.917316 3.817786 -0.775310
v 0.975387 3.817796 -0.720707
v 1.029315 3.817806 -0.662910
v 1.078835 3.817818 -0.602153
v -1.285053 3.806565 -0.253135
v -1.298342 3.808686 -0.112594
v -1.191392 3.809245 -0.439733
v -1.251136 3.809247 -0.298351
v -1.294646 3.817874 -0.041859
v -1.286222 3.817871 -0.116293
v -1.272304 3.817867 -0.190098
v -1.252987 3.817863 -0.262962
v -1.228364 3.817856 -0.334575
v -1.198533 3.817848 -0.404621
v -1.163588 3.817841 -0.472787
v 0.384428 6.035401 0.111896
v 0.391177 6.035401 0.078334
v 0.394597 6.035401 0.032965
v 0.393091 6.035401 0.064940
v 0.369445 6.035401 0.155495
v 0.392891 6.035401 -0.001014
v 0.348189 6.035401 0.196964
v -1.076388 6.000727 0.666702
v -1.026979 6.000739 0.727314
v -0.973169 6.000742 0.784978
v -0.915228 6.000745 0.839452
v -0.853411 6.000751 0.890512
v -0.787976 6.000758 0.937930
v -0.716738 5.724117 0.985550
v -0.719025 6.008386 0.979837
v -1.011323 6.028523 0.730115
v -1.103126 6.024911 0.619351
v -0.941601 6.024535 0.807102
v -0.818623 6.024543 0.909031
v -0.731524 6.028534 0.962958
v -1.073917 5.724116 0.675148
v -0.941399 5.724116 0.818480
v -0.816780 5.724116 0.920280
v -0.605174 5.724116 1.043584
v -0.647302 6.000771 1.020918
v -0.609456 6.024560 1.032873
v -1.121702 5.980574 0.603583
v 0.724371 5.724117 0.981048
v 0.787946 6.000779 0.937949
v 0.853378 6.000774 0.890535
v 0.915195 6.000771 0.839478
v 0.973144 6.000762 0.785001
v 1.026950 6.000762 0.727345
v 1.076364 6.000756 0.666730
v 0.717502 6.008398 0.980735
v 0.815318 6.024548 0.911422
v 0.723677 6.028563 0.967636
v 0.938636 6.024535 0.809889
v 1.045991 6.024525 0.695173
v 0.638001 5.724116 1.027317
v 0.828361 5.724116 0.911883
v 0.951656 5.724116 0.808827
v 1.058750 5.724116 0.692608
v 1.147125 5.724116 0.565790
v 1.121126 6.000751 0.603385
v 1.101225 6.028491 0.615240
v 0.605767 6.024559 1.034611
v 0.647270 6.000792 1.020933
v -0.084928 5.941546 -1.106578
v -0.169312 5.942355 -1.099131
v -0.252957 5.944692 -1.086802
v -0.335544 5.944699 -1.069791
v -0.416711 5.944688 -1.048110
v -0.496127 5.942385 -1.021912
v -0.573391 5.942335 -0.991145
v -0.124596 6.021625 -1.099154
v -0.291525 6.021619 -1.074921
v -0.453511 6.021609 -1.031850
v -0.569123 6.021598 -0.987306
v -0.648054 5.724116 -0.956161
v -0.648043 5.816025 -0.956144
v -0.647775 5.952694 -0.955738
v -0.646519 6.007705 -0.953821
v -0.644741 6.022395 -0.951044
v 0.000002 6.022118 -1.103700
v -0.000000 5.944531 -1.109047
v 1.076389 6.000724 -0.600773
v 1.026977 6.000736 -0.661388
v 0.973170 6.000741 -0.719049
v 0.913657 5.724117 -0.777998
v 0.853409 6.000754 -0.824585
v 0.787977 6.000759 -0.872002
v 0.716736 5.724117 -0.919623
v 0.928958 6.021371 -0.756918
v 0.719026 6.008381 -0.913909
v 1.048548 6.024529 -0.626102
v 0.833375 6.028357 -0.829050
v 0.731524 6.028534 -0.897030
v 1.140070 5.724116 -0.511514
v 1.050010 5.724116 -0.637421
v 0.974304 5.724116 -0.719947
v 0.816783 5.724116 -0.854350
v 1.115223 6.024482 -0.533804
v 1.121151 6.000725 -0.537422
v -1.291764 6.000706 0.107528
v -1.283366 6.000713 0.181793
v -1.269486 6.000709 0.255438
v -1.250215 6.000709 0.328148
v -1.225652 6.000718 0.399602
v -1.195890 6.000718 0.469499
v -1.161025 6.000723 0.537517
v -1.271091 6.024499 0.215560
v -1.284961 6.027792 0.065661
v -1.231241 6.027803 0.357731
v -1.172611 6.027814 0.496877
v -1.289683 5.724116 0.151132
v -1.260937 5.724116 0.298603
v -1.240421 5.724116 0.365560
v -1.177919 5.724116 0.510622
v -1.294584 6.000705 0.032946
v 0.084616 6.000796 1.171276
v 0.168896 6.000800 1.163875
v 0.252466 6.000799 1.151644
v 0.334969 6.000800 1.134664
v 0.416061 6.000797 1.113018
v 0.495377 6.000795 1.086792
v 0.572567 6.000792 1.056069
v 0.121243 6.027920 1.160460
v 0.290412 6.024572 1.138503
v 0.448893 6.027906 1.094094
v 0.004547 5.724117 1.175949
v 0.134211 5.724116 1.169436
v 0.301751 5.724116 1.144051
v 0.464148 5.724116 1.099773
v -0.001450 6.020372 1.170805
v 1.291764 6.000706 -0.041600
v 1.283366 6.000713 -0.115866
v 1.269486 6.000709 -0.189509
v 1.250215 6.000706 -0.262220
v 1.225652 6.000716 -0.333674
v 1.195890 6.000715 -0.403570
v 1.161593 5.980566 -0.471788
v 1.268938 6.027796 -0.147179
v 1.287459 6.024497 -0.001873
v 1.233019 6.024502 -0.294499
v 1.172573 6.023032 -0.439475
v 1.289683 5.724116 -0.085204
v 1.259302 5.724116 -0.238191
v 1.210783 5.724116 -0.375670
v 1.294584 6.000705 0.032984
v -1.161004 6.000742 -0.471623
v -1.195872 6.000736 -0.403606
v -1.225635 6.000731 -0.333715
v -1.250202 6.000720 -0.262258
v -1.269476 6.000719 -0.189552
v -1.283360 6.000712 -0.115907
v -1.291762 6.000706 -0.041638
v -1.168813 6.027817 -0.438345
v -1.228533 6.027805 -0.299671
v -1.267411 6.027796 -0.155293
v -1.281677 6.027792 -0.045420
v -1.146213 5.724116 -0.501438
v -1.216052 5.724116 -0.363292
v -1.269259 5.724116 -0.197767
v -1.291163 5.724116 -0.072049
v -1.101231 6.028491 -0.549303
v -1.121128 6.000748 -0.537454
v -0.572598 6.000772 1.056056
v -0.495409 6.000778 1.086782
v -0.416094 6.000783 1.113009
v -0.335010 6.000789 1.134655
v -0.252501 6.000790 1.151638
v -0.168932 6.000791 1.163872
v -0.084652 6.000795 1.171274
v -0.457227 6.027905 1.091339
v -0.294434 6.024570 1.137676
v -0.127929 6.024572 1.162272
v -0.450117 5.724116 1.104420
v -0.287134 5.724116 1.147062
v -0.119295 5.724116 1.170742
v 1.161005 6.000744 0.537550
v 1.195873 6.000737 0.469532
v 1.225635 6.000733 0.399642
v 1.250203 6.000724 0.328184
v 1.269475 6.000723 0.255479
v 1.283359 6.000719 0.181837
v 1.291762 6.000706 0.107566
v 1.172149 6.024514 0.503333
v 1.231703 6.024504 0.364249
v 1.267408 6.027796 0.221230
v 1.281677 6.027792 0.111346
v 1.216053 5.724116 0.429216
v 1.268763 5.724116 0.265972
v 1.291469 5.724116 0.132893
v -0.724367 5.724117 -0.915121
v -0.787947 6.000777 -0.872020
v -0.853377 6.000774 -0.824608
v -0.915197 6.000770 -0.773549
v -0.973142 6.000763 -0.719076
v -1.026950 6.000758 -0.661417
v -1.076364 6.000756 -0.600802
v -0.717501 6.008396 -0.914807
v -0.815310 6.024547 -0.845499
v -0.723670 6.028562 -0.901712
v -0.938626 6.024535 -0.743970
v -1.045981 6.024526 -0.629256
v -0.828359 5.724116 -0.845957
v -0.951655 5.724116 -0.742900
v -1.058744 5.724116 -0.626688
v -0.163127 6.035401 0.349759
v -0.126824 6.035401 0.362171
v -0.089652 6.035401 0.371710
v -0.038592 6.035401 0.379181
v -0.197298 6.035401 0.334100
v -0.000000 6.035401 0.380687
v -0.250438 6.035401 -0.235920
v -0.288183 6.035401 -0.204733
v -0.313026 6.035401 -0.178682
v -0.335669 6.035401 -0.150905
v -0.570279 6.035401 -0.837453
v -0.373362 6.035402 -0.536899
v -0.460309 6.035401 -0.669605
v -0.545163 6.035402 -0.799118
v 0.522358 6.035401 -0.764310
v 0.549504 6.035400 -0.805744
v -0.321024 6.035401 0.235438
v -0.288186 6.035401 0.270658
v -0.229920 6.035401 0.315758
v -0.260121 6.035401 0.294354
v -0.341731 6.035401 0.206826
v 0.321024 6.035401 0.235438
v 0.289727 6.035401 0.269175
v 0.250449 6.035401 0.301841
v 0.289724 6.035401 -0.203250
v 0.321024 6.035401 -0.169510
v 0.278964 6.035401 -0.212862
v 0.250438 6.035401 -0.235920
v 0.368729 6.035406 -0.529827
v 0.348537 6.035401 -0.131266
v -0.392891 6.035401 0.066938
v -0.384433 6.035401 0.111881
v -0.373584 6.035401 0.144723
v -0.359573 6.035401 0.176568
v -0.394597 6.035401 0.032965
v 0.188248 6.035401 0.338758
v 0.384428 6.035401 -0.045968
v 0.370224 6.035401 -0.087674
v -0.353885 6.035401 -0.120831
v -0.384928 6.035401 -0.043989
v -0.392891 6.035401 -0.001010
v -0.369445 6.035401 -0.089567
v -0.163127 6.035401 0.349759
v -0.089652 6.035401 0.371710
v -0.038592 6.035401 0.379181
v -0.042977 6.035401 0.128768
v -0.017082 6.035401 0.134915
v 0.000112 6.035401 0.153337
v -0.029284 6.035401 0.129270
v -0.261052 6.035401 -0.365480
v -0.219210 6.035401 -0.256151
v 0.379232 6.035401 -0.545858
v 0.000002 6.035401 -0.087253
v 0.197298 6.035401 -0.268172
v 0.283115 6.035401 -0.399155
v 0.219210 6.035401 0.322079
v -0.197300 6.035401 -0.268172
v -0.000002 6.035401 -0.087253
v -0.298778 6.035401 -0.423060
v -0.246250 6.035401 -0.342887
v 0.283988 6.035401 -0.400488
v 0.219210 6.035401 -0.256151
v 0.197298 6.035401 -0.268172
v 0.038592 6.035401 0.379181
v 0.089652 6.035401 0.371710
v 0.139183 6.035401 0.358479
v 0.174528 6.035401 0.344812
v 0.053127 6.035401 -0.065379
v 0.070804 6.035401 -0.054285
v 0.019042 6.035401 -0.029658
v 0.074211 6.035401 -0.045084
v -0.009777 6.035401 -0.075628
v 0.017084 6.035401 -0.068985
v -0.019984 6.035401 -0.067325
v -0.019041 6.035401 -0.029656
v -0.053117 6.035401 -0.065377
v -0.070804 6.035401 -0.054285
v -0.074211 6.035401 -0.045084
v -0.063378 6.035401 -0.022885
v -0.038235 6.035401 -0.000729
v -0.101761 6.035401 -0.028804
v -0.110824 6.035401 -0.011399
v -0.108554 6.035401 -0.001930
v -0.109288 6.035401 0.007160
v -0.088570 6.035401 -0.032431
v -0.123144 6.035401 0.041643
v -0.115543 6.035401 0.017753
v -0.113809 6.035401 0.050574
v -0.109288 6.035401 0.058770
v -0.101761 6.035401 0.094732
v -0.110824 6.035401 0.077328
v -0.088570 6.035401 0.098360
v -0.052363 6.035400 0.079108
v -0.108554 6.035401 0.067859
v -0.029386 6.035401 0.058860
v -0.053122 6.035401 0.131306
v -0.070804 6.035401 0.120214
v -0.023181 6.035401 0.109198
v -0.013995 6.035401 0.078989
v -0.074211 6.035401 0.111013
v 0.009774 6.035401 0.141560
v -0.017082 6.035401 0.134915
v 0.019983 6.035401 0.133255
v 0.019020 6.035402 0.095514
v 0.053121 6.035401 0.131306
v 0.070804 6.035401 0.120214
v 0.048069 6.035403 0.075323
v 0.101761 6.035401 0.094732
v 0.110824 6.035401 0.077328
v 0.108554 6.035401 0.067859
v 0.086576 6.035401 0.053407
v 0.052230 6.035401 0.045297
v 0.123144 6.035401 0.041643
v 0.115543 6.035401 0.017753
v 0.109288 6.035401 0.007159
v 0.052230 6.035401 0.020632
v 0.113809 6.035401 0.050574
v 0.118359 6.035401 -0.027133
v 0.091475 6.035401 -0.031102
v 0.086591 6.035401 0.012518
v 0.080004 6.035401 -0.037536
v 0.047083 6.035401 -0.008526
v 0.029386 6.035401 0.007069
v -0.080004 6.035401 -0.037536
v -0.047083 6.035401 0.074455
v -0.029284 6.035401 0.129270
v 0.109288 6.035401 0.058770
v 0.000000 6.035401 0.032965
v 0.068201 6.035401 -0.071322
v 0.039598 6.035401 -0.062694
v 0.029284 6.035401 -0.063341
v -0.000112 6.035401 -0.087409
v -0.029284 6.035401 -0.063341
v 0.029284 6.035401 -0.063341
v -0.068201 6.035401 -0.071322
v -0.039599 6.035401 -0.062694
v -0.029284 6.035401 -0.063341
v -0.118233 6.035401 -0.027301
v -0.136594 6.035401 0.033066
v -0.118233 6.035401 0.093229
v -0.080004 6.035401 0.103465
v -0.068201 6.035401 0.137251
v -0.039599 6.035401 0.128623
v -0.080004 6.035401 0.103465
v 0.000112 6.035401 0.153337
v 0.029284 6.035401 0.129270
v 0.068201 6.035401 0.137251
v 0.074211 6.035401 0.111013
v 0.080004 6.035401 0.103465
v 0.039598 6.035401 0.128623
v 0.029284 6.035401 0.129270
v 0.118233 6.035401 0.093229
v 0.088570 6.035401 0.098360
v 0.080004 6.035401 0.103465
v 0.136594 6.035401 0.033066
v 0.111577 6.035401 -0.013792
v 0.108554 6.035401 -0.001930
v 0.109288 6.035401 0.007160
v 0.348189 6.035401 0.196964
v 0.369445 6.035401 0.155495
v 0.384428 6.035401 0.111896
v 0.321024 6.035401 0.235438
v 0.109288 6.035401 0.007160
v 0.136594 6.035401 0.033066
v 0.113809 6.035401 0.050574
v 0.394597 6.035401 0.032965
v 0.123144 6.035401 0.041643
v 0.109288 6.035401 0.058770
v 0.108554 6.035401 0.067859
v 0.111577 6.035401 0.079720
v -0.250438 6.035401 -0.235920
v -0.288183 6.035401 -0.204733
v -0.313026 6.035401 -0.178682
v -0.068403 6.035401 -0.071234
v -0.118359 6.035401 -0.027133
v -0.074211 6.035401 -0.045084
v -0.091475 6.035401 -0.031102
v -0.080004 6.035401 -0.037536
v -0.070089 6.035401 -0.056742
v 0.068403 6.035401 -0.071233
v 0.042975 6.035401 -0.062840
v 0.017084 6.035401 -0.068985
v 0.029284 6.035401 -0.063341
v -0.321024 6.035401 0.235438
v -0.288186 6.035401 0.270658
v -0.229920 6.035401 0.315758
v -0.068403 6.035401 0.137163
v -0.091475 6.035401 0.097031
v -0.070089 6.035401 0.122670
v -0.074211 6.035401 0.111013
v -0.080004 6.035401 0.103465
v -0.341731 6.035401 0.206826
v 0.219210 6.035401 0.322079
v 0.250449 6.035401 0.301841
v 0.278964 6.035401 0.278790
v 0.118359 6.035401 0.093061
v 0.074211 6.035401 0.111013
v 0.091475 6.035401 0.097031
v 0.080004 6.035401 0.103465
v 0.070089 6.035401 0.122670
v -0.219210 6.035401 -0.256151
v -0.042977 6.035401 -0.062840
v -0.017082 6.035401 -0.068986
v -0.029284 6.035401 -0.063341
v 0.321024 6.035401 -0.169510
v 0.250438 6.035401 -0.235920
v 0.219210 6.035401 -0.256151
v 0.091475 6.035401 -0.031102
v 0.070089 6.035401 -0.056742
v 0.074211 6.035401 -0.045084
v 0.080004 6.035401 -0.037536
v -0.392891 6.035401 0.066938
v -0.384433 6.035401 0.111881
v -0.359573 6.035401 0.176568
v -0.118359 6.035401 0.093061
v -0.109288 6.035401 0.058770
v -0.111577 6.035401 0.079720
v -0.108554 6.035401 0.067859
v -0.113809 6.035401 0.050574
v -0.123144 6.035401 0.041643
v 0.038592 6.035401 0.379181
v 0.089652 6.035401 0.371710
v 0.139183 6.035401 0.358479
v 0.068403 6.035401 0.137163
v 0.042977 6.035401 0.128768
v 0.019983 6.035401 0.133255
v 0.029284 6.035401 0.129270
v 0.009774 6.035401 0.141560
v 0.392891 6.035401 -0.001014
v 0.384428 6.035401 -0.045968
v 0.364512 6.035401 -0.100099
v 0.118359 6.035401 -0.027133
v 0.111577 6.035401 -0.013792
v 0.108554 6.035401 -0.001930
v 0.115543 6.035401 0.017753
v -0.353885 6.035401 -0.120831
v -0.369445 6.035401 -0.089567
v -0.381072 6.035401 -0.057014
v -0.392891 6.035401 -0.001010
v -0.136594 6.035401 0.033066
v -0.115543 6.035401 0.017753
v -0.109288 6.035401 0.007160
v -0.108554 6.035401 -0.001930
v -0.111577 6.035401 -0.013792
v 0.894632 3.634181 -0.070798
v 0.809344 3.634181 -0.318770
v 0.884954 3.634181 -0.122134
v 1.465628 3.634181 0.032965
v 1.372646 3.634181 0.032965
v 1.089797 3.634181 0.032965
v 0.871521 3.634181 -0.172818
v 0.854397 3.634181 -0.222630
v 0.833649 3.634181 -0.271353
v 0.781548 3.634181 -0.364660
v 0.000000 3.634181 1.270454
v -0.000000 3.634181 1.643873
v 0.000000 3.634181 1.649916
v 0.913066 3.634179 1.426579
v 0.897149 3.634181 1.402285
v 0.000000 3.634181 1.200483
v 0.717983 3.634181 1.128823
v 0.778237 3.634181 1.220789
v 1.367897 3.634177 0.728906
v 0.797719 3.634181 1.085072
v 1.581477 3.634181 0.837568
v 0.913066 3.634181 1.426579
v 0.717983 3.634181 1.128823
v 0.874021 3.634181 1.036773
v 1.193935 3.634181 0.735923
v 1.243583 3.634181 0.665659
v 1.243583 3.634181 0.665659
v 1.794298 3.634181 0.032965
v 1.581477 3.634181 0.837568
v 1.660007 3.634181 0.032965
v -0.915990 3.634180 -1.365110
v -0.748690 3.634184 -1.109761
v -0.000000 3.634192 -1.617666
v 0.882727 3.634180 -1.314341
v 0.844886 3.634180 -1.256585
v 0.693816 3.634181 -1.026006
v 0.937492 3.634381 -1.397930
v 0.897149 3.634180 -1.336354
v 0.762383 3.634131 -1.130663
v 1.847959 3.634187 0.032965
v 1.526951 3.634181 0.032965
v -0.917255 3.634181 -1.367041
v 0.778237 3.634180 -1.154859
v 0.856539 3.634181 -1.274372
v 0.833649 3.634181 -0.271353
v 0.871521 3.634181 -0.172819
v 0.894632 3.634181 -0.070798
v 0.436153 3.634181 0.033202
v 0.360825 3.634181 -0.111191
v 0.809344 3.634181 -0.318769
v 0.854397 3.634181 -0.222630
v 0.884954 3.634181 -0.122134
v 0.394278 3.634181 -0.001173
v 0.372847 3.634181 -0.024914
v 0.358884 3.634181 -0.051774
v 0.355736 3.634181 -0.081188
v 0.369998 3.634181 -0.139151
v -0.894632 3.634181 -0.070798
v -0.781548 3.634181 -0.364660
v -0.809344 3.634181 -0.318769
v -0.833649 3.634181 -0.271353
v -0.854397 3.634181 -0.222630
v -0.871520 3.634181 -0.172818
v -0.884954 3.634181 -0.122134
v -0.900487 3.634181 -0.019025
v -0.902453 3.634181 0.032965
v -0.117750 3.634181 0.821324
v -0.058998 3.634181 0.826483
v -0.176008 3.634181 0.812796
v -0.233522 3.634181 0.800958
v -0.290050 3.634181 0.785868
v -0.345341 3.634181 0.767585
v -0.399148 3.634181 0.746167
v -0.451227 3.634181 0.721673
v 0.000000 3.634181 0.918291
v 0.000000 3.634181 0.828216
v 0.000000 3.634181 0.948364
v 0.377865 3.634181 0.224931
v 0.906367 3.634181 0.032965
v 1.174017 3.634181 0.032965
v -0.501338 3.634181 -0.628246
v -0.549291 3.634181 -0.597892
v -0.653901 3.634181 -0.965084
v -0.586015 3.634179 -0.861470
v -0.451227 3.634181 -0.655742
v -0.594904 3.634181 -0.564838
v -0.637997 3.634181 -0.529244
v -0.678389 3.634181 -0.491270
v -0.715899 3.634181 -0.451075
v -0.750345 3.634181 -0.408819
v 0.451227 3.634181 -0.655742
v 0.564860 3.634179 -0.829182
v 0.519399 3.634181 -0.759794
v -0.637997 3.634181 0.595175
v -0.781548 3.634181 0.430591
v -0.750345 3.634181 0.474749
v -0.715899 3.634181 0.517006
v -0.678389 3.634181 0.557201
v -0.594904 3.634181 0.630768
v -0.549291 3.634181 0.663822
v -0.501338 3.634181 0.694177
v 0.797719 3.634181 1.085072
v -0.000002 3.634181 -0.351098
v -0.451227 3.634181 -0.655742
v -0.591567 3.634177 -0.869944
v 0.678389 3.634181 -0.491270
v 0.501339 3.634181 -0.628247
v 0.750345 3.634181 -0.408819
v 0.715899 3.634181 -0.451075
v 0.637997 3.634181 -0.529244
v 0.594904 3.634181 -0.564838
v 0.549291 3.634181 -0.597892
v -0.833649 3.634181 0.337283
v -0.894632 3.634181 0.136727
v -0.900487 3.634181 0.084955
v -0.884954 3.634181 0.188065
v -0.871521 3.634181 0.238748
v -0.854397 3.634181 0.288560
v -0.809344 3.634181 0.384699
v -0.015849 3.634181 -0.335457
v 0.038740 3.634181 -0.314477
v -0.038740 3.634181 -0.314477
v 0.070414 3.634188 -0.198607
v 0.218319 3.634181 -0.299775
v 0.128092 3.634181 -0.117844
v 0.262721 3.634181 -0.198547
v 0.163117 3.634181 -0.110775
v 0.377865 3.634181 -0.159001
v 0.259490 3.634181 -0.084823
v 0.322085 3.634181 -0.170321
v 0.358884 3.634181 -0.051774
v 0.215174 3.634181 -0.156649
v 0.418087 3.634181 0.046931
v 0.369998 3.634181 0.205081
v 0.195318 3.634181 0.359011
v 0.230689 3.634181 0.316790
v 0.096163 3.634181 0.349217
v 0.000264 3.634181 0.417313
v -0.038740 3.634181 0.380407
v -0.060571 3.634177 0.232164
v -0.059705 3.634181 0.229318
v -0.218319 3.634181 0.365704
v -0.163589 3.634181 0.350928
v -0.262721 3.634181 0.264478
v -0.163117 3.634181 0.176705
v -0.377865 3.634181 0.224931
v -0.226162 3.634157 0.086367
v -0.358884 3.634181 0.117705
v -0.418087 3.634181 0.046931
v -0.394278 3.634181 -0.001173
v -0.259558 3.634192 -0.028322
v -0.377865 3.634181 -0.159001
v -0.322085 3.634181 -0.170320
v -0.214768 3.634181 -0.156291
v -0.163117 3.634181 -0.110775
v -0.218319 3.634181 -0.299775
v -0.163589 3.634181 -0.284998
v 0.000000 3.634181 0.032965
v 0.096163 3.634181 -0.283287
v 0.358884 3.634181 -0.051774
v 0.059705 3.634181 0.229318
v -0.358884 3.634181 -0.051774
v -0.000264 3.634181 -0.351384
v 0.065682 3.634181 -0.295591
v -0.065682 3.634181 -0.295591
v -0.096163 3.634181 -0.283287
v 0.222769 3.634181 -0.279115
v 0.230689 3.634181 -0.250859
v 0.243305 3.634181 -0.222634
v 0.163589 3.634181 -0.284998
v 0.129542 3.634181 -0.280513
v 0.369998 3.634181 -0.139151
v 0.360825 3.634181 -0.111191
v 0.355736 3.634181 -0.081188
v 0.290054 3.634181 -0.181438
v 0.436153 3.634181 0.033202
v 0.394278 3.634181 0.067103
v 0.372847 3.634181 0.090844
v 0.358884 3.634181 0.117705
v 0.394278 3.634181 -0.001173
v 0.372847 3.634181 -0.024914
v 0.377865 3.634181 0.224931
v 0.322085 3.634181 0.236251
v 0.290054 3.634181 0.247368
v 0.262721 3.634181 0.264478
v 0.360825 3.634181 0.177122
v 0.355736 3.634181 0.147119
v 0.218273 3.634181 0.366115
v 0.222769 3.634181 0.345045
v 0.163589 3.634181 0.350928
v 0.129542 3.634181 0.346443
v 0.243306 3.634181 0.288564
v 0.262721 3.634181 0.264478
v 0.015849 3.634181 0.401387
v -0.065682 3.634181 0.361522
v -0.096163 3.634181 0.349217
v 0.038740 3.634181 0.380407
v 0.065682 3.634181 0.361522
v -0.222769 3.634181 0.345045
v -0.230689 3.634181 0.316790
v -0.243306 3.634181 0.288564
v -0.129542 3.634181 0.346443
v -0.096163 3.634181 0.349217
v -0.369998 3.634181 0.205081
v -0.360825 3.634181 0.177122
v -0.355736 3.634181 0.147119
v -0.322085 3.634181 0.236251
v -0.290054 3.634181 0.247368
v -0.436153 3.634181 0.033202
v -0.372847 3.634181 -0.024914
v -0.394278 3.634181 0.067103
v -0.372847 3.634181 0.090844
v -0.369998 3.634181 -0.139151
v -0.290054 3.634181 -0.181438
v -0.262721 3.634181 -0.198547
v -0.360825 3.634181 -0.111191
v -0.355736 3.634181 -0.081188
v -0.222769 3.634181 -0.279115
v -0.129542 3.634181 -0.280513
v -0.096163 3.634181 -0.283287
v -0.230689 3.634181 -0.250859
v -0.243306 3.634181 -0.222634
v -0.894632 3.634181 -0.070798
v -0.871520 3.634181 -0.172818
v -0.833649 3.634181 -0.271353
v -0.394278 3.634181 -0.001173
v -0.360825 3.634181 -0.111191
v -0.902453 3.634181 0.032965
v -0.900487 3.634181 -0.019025
v -0.900487 3.634181 0.084955
v -0.884954 3.634181 -0.122134
v -0.854397 3.634181 -0.222630
v -0.809344 3.634181 -0.318769
v -0.781548 3.634181 -0.364660
v -0.369998 3.634181 -0.139151
v -0.355736 3.634181 -0.081188
v -0.358884 3.634181 -0.051774
v -0.372847 3.634181 -0.024914
v -0.058998 3.634181 0.826483
v -0.176008 3.634181 0.812796
v -0.290050 3.634181 0.785868
v -0.399148 3.634181 0.746167
v -0.218319 3.634181 0.365704
v 0.000264 3.634181 0.417313
v -0.038740 3.634181 0.380407
v -0.129542 3.634181 0.346443
v -0.117750 3.634181 0.821324
v -0.233523 3.634181 0.800958
v -0.345341 3.634181 0.767585
v -0.451227 3.634181 0.721673
v -0.163589 3.634181 0.350928
v -0.096163 3.634181 0.349217
v -0.065682 3.634181 0.361522
v 0.372847 3.634181 0.090844
v 0.369998 3.634181 0.205081
v 0.360825 3.634181 0.177122
v 0.355736 3.634181 0.147119
v 0.358884 3.634181 0.117705
v 0.394278 3.634181 0.067103
v 0.418087 3.634181 0.046931
v -0.715899 3.634181 -0.451076
v -0.637997 3.634181 -0.529244
v -0.549291 3.634181 -0.597892
v -0.377865 3.634181 -0.159001
v -0.290054 3.634181 -0.181438
v -0.230689 3.634181 -0.250859
v -0.750345 3.634181 -0.408819
v -0.678389 3.634181 -0.491270
v -0.501338 3.634181 -0.628246
v -0.222769 3.634181 -0.279115
v -0.243306 3.634181 -0.222634
v -0.262721 3.634181 -0.198547
v -0.322085 3.634181 -0.170320
v 0.218319 3.634181 -0.299775
v 0.000002 3.634181 -0.351099
v 0.129542 3.634181 -0.280513
v 0.163589 3.634181 -0.284998
v 0.096163 3.634181 -0.283287
v 0.065682 3.634181 -0.295591
v 0.038740 3.634181 -0.314477
v -0.501338 3.634181 0.694176
v -0.594904 3.634181 0.630768
v -0.715899 3.634181 0.517006
v -0.377865 3.634181 0.224931
v -0.230689 3.634181 0.316790
v -0.290054 3.634181 0.247368
v -0.549291 3.634181 0.663822
v -0.637997 3.634181 0.595175
v -0.750345 3.634181 0.474749
v -0.781548 3.634181 0.430591
v -0.322085 3.634181 0.236251
v -0.262721 3.634181 0.264478
v -0.243306 3.634181 0.288564
v -0.222769 3.634181 0.345045
v 0.218319 3.634181 0.365704
v 0.290054 3.634181 0.247368
v 0.230689 3.634181 0.316790
v 0.222769 3.634181 0.345045
v 0.243306 3.634181 0.288564
v 0.262721 3.634181 0.264478
v 0.322085 3.634181 0.236251
v -0.218319 3.634181 -0.299775
v -0.129542 3.634181 -0.280513
v -0.038740 3.634181 -0.314477
v -0.065682 3.634181 -0.295591
v -0.096163 3.634181 -0.283287
v -0.163589 3.634181 -0.284998
v 0.549291 3.634181 -0.597892
v 0.637997 3.634181 -0.529244
v 0.715899 3.634181 -0.451076
v 0.377865 3.634181 -0.159001
v 0.230689 3.634181 -0.250859
v 0.290054 3.634181 -0.181438
v 0.501338 3.634181 -0.628247
v 0.750345 3.634181 -0.408819
v 0.322085 3.634181 -0.170321
v 0.262721 3.634181 -0.198547
v 0.243305 3.634181 -0.222634
v 0.222769 3.634181 -0.279115
v -0.809344 3.634181 0.384699
v -0.854397 3.634181 0.288559
v -0.884954 3.634181 0.188065
v -0.436153 3.634181 0.033202
v -0.360825 3.634181 0.177122
v -0.394278 3.634181 0.067103
v -0.833649 3.634181 0.337283
v -0.871521 3.634181 0.238748
v -0.894632 3.634181 0.136728
v -0.418087 3.634181 0.046931
v -0.372847 3.634181 0.090844
v -0.358884 3.634181 0.117705
v -0.355736 3.634181 0.147119
v -0.369998 3.634181 0.205081
v 0.000000 3.634181 0.828216
v 0.129542 3.634181 0.346443
v 0.015849 3.634181 0.401387
v 0.038740 3.634181 0.380407
v 0.065682 3.634181 0.361522
v 0.096163 3.634181 0.349217
v 0.163589 3.634181 0.350928
v -0.687824 4.378767 -0.935776
v -0.788891 4.378767 -0.873077
v -0.888203 4.378767 -0.799333
v -0.854403 5.724116 -0.825606
v -0.916294 5.724116 -0.774486
v -0.974307 4.378767 -0.719944
v -1.055274 4.378767 -0.631070
v -1.077650 5.724116 -0.601528
v -0.746125 5.724116 -0.901475
v -1.005193 5.724116 -0.688722
v -1.122463 4.378767 -0.538108
v 1.184091 4.378767 0.498579
v 1.162384 5.724116 0.538127
v 1.242834 4.378767 0.358169
v 1.278944 4.378767 0.220819
v 1.295570 4.378767 0.079866
v 1.197291 5.724116 0.470027
v 1.239039 5.724116 0.369319
v 1.284875 5.724116 0.181988
v 1.296108 5.724116 0.032964
v 1.101051 5.724116 0.636679
v 1.122462 4.378767 0.604038
v -0.605171 4.378767 1.043586
v -0.462016 4.378767 1.100518
v -0.292143 4.378767 1.146095
v -0.126136 4.378767 1.170215
v -0.416573 5.724116 1.114287
v -0.536652 5.724116 1.073183
v -0.301738 5.724116 1.144054
v -0.169113 5.724116 1.165209
v -0.049631 5.724116 1.174818
v -0.000000 4.378767 1.175109
v -0.648053 5.724116 1.022090
v -1.182537 4.378767 -0.435815
v -1.227090 4.378767 -0.334120
v -1.251682 4.378767 -0.262583
v -1.280487 4.378767 -0.146294
v -1.296296 4.378767 0.004405
v -1.284875 5.724116 -0.116059
v -1.295845 5.724116 -0.010066
v -1.197291 5.724116 -0.404099
v -1.238488 5.724116 -0.304893
v 1.290362 4.378767 -0.079871
v 1.270976 4.378767 -0.189791
v 1.238487 4.378767 -0.304895
v 1.180489 4.378767 -0.439846
v 1.284875 5.724116 -0.116059
v 1.293284 5.724116 -0.041704
v 1.227089 5.724116 -0.334124
v 1.197291 5.724116 -0.404099
v 1.162384 5.724116 -0.472198
v 1.100832 4.378767 -0.571059
v 1.122463 5.724116 -0.538108
v 0.144887 4.378767 1.168220
v 0.084732 5.724116 1.172620
v 0.290556 4.378767 1.146408
v 0.464148 4.378767 1.099773
v 0.610256 4.378767 1.041268
v 0.530516 5.724116 1.075585
v 0.379724 5.724116 1.125372
v 0.214597 5.724116 1.159766
v -1.290362 4.378767 0.145799
v -1.261380 4.378767 0.297061
v -1.227089 4.378767 0.400051
v -1.180490 4.378767 0.505773
v -1.279796 5.724116 0.216267
v -1.293284 5.724116 0.107632
v -1.197291 5.724116 0.470027
v -1.162384 5.724116 0.538126
v -1.101172 4.378767 0.636508
v -1.102117 5.724116 0.635167
v 1.001152 4.378767 -0.693081
v 1.028178 5.724116 -0.662217
v 0.916296 4.378767 -0.774482
v 0.820784 4.378767 -0.851531
v 0.761292 5.724116 -0.891968
v 0.720023 4.378767 -0.916672
v 1.077651 5.724116 -0.601528
v 0.882166 5.724116 -0.804274
v 0.611118 4.378767 -0.974937
v 0.648206 5.724116 -0.956317
v -0.150344 4.378767 -1.101629
v -0.295084 4.378767 -1.079568
v -0.416572 4.378767 -1.048358
v -0.537033 4.378767 -1.007101
v 0.000000 4.378767 -1.109179
v 0.720022 4.378767 0.982602
v 0.819831 4.378767 0.918138
v 0.854404 5.724116 0.891533
v 0.947287 4.378767 0.813042
v 1.056528 4.378767 0.695433
v 0.758471 5.724116 0.959745
v 0.946057 5.724116 0.814200
v 1.028177 5.724116 0.728145
v -0.997840 4.378767 0.762463
v -1.028179 5.724116 0.728144
v -0.888202 4.378767 0.865263
v -0.753301 4.378767 0.963036
v -0.788895 5.724116 0.939004
v -0.720024 5.724116 0.982601
v -0.974306 5.724116 0.785874
v -0.885442 5.724116 0.867551
v 0.456421 4.378767 -1.036479
v 0.293074 4.378767 -1.079979
v 0.125367 4.378767 -1.104351
v -0.000000 4.378767 -1.109179
v -0.000000 5.938901 -1.109064
v -0.607503 6.032832 1.018664
v -0.296770 6.032831 1.123493
v -0.088224 6.032174 1.154416
v -1.168318 6.034986 -0.371175
v -1.243052 6.034667 -0.126987
v 1.270804 6.033450 0.009781
v 1.220230 6.032816 -0.285779
v 1.150187 6.030629 -0.461607
v 1.104971 6.035245 -0.485411
v 0.281928 6.032354 1.127641
v 0.566685 6.033269 1.036456
v 0.113799 6.034744 1.133830
v 0.727668 6.035407 0.913397
v -1.260587 6.033209 0.183272
v -1.178944 6.034392 0.425870
v -1.117436 6.035385 0.534318
v -1.065832 6.032656 0.645625
v 1.016589 6.031362 -0.649026
v 0.815171 6.034566 -0.812290
v 0.632953 6.035049 -0.933117
v -0.121095 6.030619 -1.088442
v -0.249715 6.032891 -1.067016
v -0.440771 6.033213 -1.017974
v -0.640138 6.030358 -0.944147
v 0.000001 6.035334 -1.079706
v -0.612099 6.035258 -0.901283
v 0.840644 6.032887 0.875388
v 0.998537 6.033566 0.725912
v -0.875865 6.032825 0.846610
v -0.524849 6.035397 1.032314
v 0.637939 6.032001 -0.940750
v 0.456347 6.032831 -1.013980
v 0.293960 6.030617 -1.063165
v 0.135082 6.033316 -1.081131
v -0.000000 6.035336 -1.080338
v -0.859646 6.034016 -0.789678
v -0.998791 6.032908 -0.662472
v -0.634238 6.033598 -0.935071
v -0.608840 6.035397 -0.896308
v 1.160017 6.031539 0.501711
v 1.219440 6.031536 0.364031
v 1.220142 6.035235 0.278405
v 0.648054 3.898061 -0.956160
v 0.648320 3.834894 -0.956566
v 0.649554 3.815419 -0.958444
v -0.648054 3.898062 1.022090
v -0.720026 3.898062 0.982600
v -0.844041 3.898062 0.899695
v -0.951650 3.898062 0.808834
v -1.085718 3.898062 0.659583
v -1.123694 3.817827 0.604586
v 1.073919 3.898062 0.675147
v 0.940182 3.898062 0.819577
v 0.816779 3.898062 0.920281
v 0.688447 3.898062 1.001355
v 0.648725 3.817751 1.023164
v -0.650053 3.814585 -0.959210
v -0.649076 3.819941 -0.957720
v -0.648342 3.834132 -0.956602
v -0.647931 3.898058 -0.956103
v -0.000000 3.819247 -1.109813
v 0.648156 3.840067 -0.956314
v 0.649044 3.898061 -0.957956
v 0.828363 3.898061 -0.845952
v 0.966639 3.898061 -0.727783
v 1.058744 3.898061 -0.626686
v 1.123693 3.817828 -0.538657
v 1.143666 3.898061 -0.505729
v -1.184092 3.898062 0.498575
v -1.227089 3.898062 0.400052
v -1.264347 3.898062 0.285723
v -1.291163 3.898062 0.137978
v -1.297479 3.817874 0.032888
v -1.296108 3.898061 0.032965
v 0.528871 3.898062 1.076209
v 0.313557 3.898062 1.141686
v 0.073675 3.898062 1.174808
v -0.000017 3.817714 1.176339
v 1.216054 3.898061 -0.363287
v 1.269259 3.898061 -0.197765
v 1.295772 3.898062 -0.031801
v 1.297479 3.817874 0.033041
v -1.289683 3.898062 -0.085202
v -1.262721 3.898062 -0.226250
v -1.210786 3.898061 -0.375664
v -1.145097 3.898061 -0.503338
v -1.123624 3.817831 -0.538762
v -0.134231 3.898062 1.169434
v -0.292522 3.898062 1.145992
v -0.383763 3.898062 1.124233
v -0.542527 3.898062 1.070763
v 1.289683 3.898062 0.151132
v 1.263716 3.898062 0.288905
v 1.227089 3.898062 0.400052
v 1.177915 3.898062 0.510630
v -1.050007 3.898061 -0.637424
v -0.941407 3.898061 -0.752545
v -0.816785 3.898061 -0.854347
v 0.818519 3.805898 -1.216341
v -0.818376 3.805897 -1.216122
v -0.839471 3.805898 -1.248320
v 0.754411 3.805897 -1.118493
v 0.842609 3.805901 -1.253110
v -0.920074 3.805875 -1.371344
v -0.882462 3.805897 -1.313937
v -1.901350 3.798749 0.126755
v -1.880407 3.796892 0.301698
v -1.842383 3.792148 0.466707
v -1.814425 3.796559 0.545793
v -1.762503 3.792154 0.675032
v -1.723101 3.796577 0.750329
v -1.866731 3.804217 0.280226
v -1.817403 3.803504 0.490440
v -1.718894 3.805852 0.706896
v -1.910191 3.777278 0.032965
v -1.808471 3.777278 0.573974
v -1.738737 3.777271 0.731749
v -1.621050 3.777272 0.924999
v -1.652530 3.792162 0.872335
v -1.621673 3.803509 0.889205
v -1.906089 3.795350 0.030760
v -1.602710 3.796598 0.941648
v -1.513942 3.792172 1.055043
v -1.454191 3.796601 1.118043
v -1.349433 3.792179 1.220355
v -1.280766 3.796613 1.276158
v -1.162099 3.795464 1.364023
v -1.073184 3.798845 1.419053
v -1.481057 3.803507 1.067938
v -1.300319 3.804428 1.237382
v -1.005470 3.805712 1.421865
v -1.435922 3.777278 1.142596
v -1.162664 3.777278 1.368278
v -1.005037 3.777272 1.465421
v -0.955105 3.795483 1.486465
v -0.859212 3.798867 1.530418
v -0.678807 3.794793 1.603473
v -0.525157 3.796648 1.646972
v -0.312547 3.792233 1.691679
v -0.157225 3.796660 1.706530
v -0.405426 3.801155 1.666791
v -0.679238 3.804431 1.583971
v -0.152443 3.803612 1.694483
v -0.199347 3.805885 1.660384
v -0.730971 3.777278 1.587909
v -0.181590 3.777272 1.709360
v 0.067424 3.777272 1.716041
v -0.001359 3.792212 1.713763
v 0.091190 3.796665 1.710394
v 0.307111 3.795531 1.691230
v 0.552282 3.792233 1.642327
v 0.699052 3.796638 1.595059
v 0.840816 3.795495 1.540212
v 0.533596 3.802758 1.636604
v 0.236029 3.805394 1.679783
v 0.990533 3.805716 1.434604
v 0.794475 3.777271 1.564549
v 0.955096 3.777278 1.490728
v 0.936162 3.798857 1.494225
v 1.058457 3.792196 1.431146
v 1.121858 3.799598 1.386686
v 1.256302 3.792189 1.297274
v 1.324148 3.796598 1.240336
v 1.432885 3.792180 1.141899
v 1.492108 3.796586 1.077408
v 1.583410 3.795410 0.967860
v 1.269073 3.803507 1.267277
v 1.450644 3.804187 1.097233
v 1.398652 3.777270 1.180158
v 1.556992 3.777270 1.009390
v 1.654274 3.777278 0.874605
v 1.640191 3.798785 0.885636
v 1.678363 3.805868 0.760273
v 1.708310 3.795388 0.777829
v 1.752122 3.798767 0.689978
v 1.805372 3.792155 0.574358
v 1.831961 3.796549 0.494802
v 1.870136 3.792149 0.361995
v 1.884893 3.796546 0.279805
v 1.900387 3.797729 0.147027
v 1.806361 3.803244 0.524588
v 1.851104 3.805801 0.325307
v 1.808471 3.777278 0.573974
v 1.886204 3.777270 0.302626
v 1.910291 3.777270 0.083510
v 1.906675 3.794649 -0.015634
v 1.887019 3.804259 -0.010341
v -0.123321 3.792213 -1.644250
v -0.215445 3.796654 -1.635500
v -0.429769 3.795525 -1.603914
v -0.611709 3.792207 -1.558725
v -0.699050 3.796635 -1.529130
v -0.835253 3.799744 -1.474270
v -0.294852 3.803266 -1.616223
v -0.635653 3.805111 -1.529462
v 0.000002 3.805806 -1.630226
v -0.249238 3.777277 -1.635726
v -0.439208 3.777270 -1.605733
v -0.794461 3.777270 -1.498626
v -0.955096 3.777277 -1.424798
v -0.953786 3.791687 -1.422796
v -0.948114 3.802420 -1.414074
v 0.846807 3.797873 -1.470433
v 0.678812 3.794789 -1.537542
v 0.525149 3.796644 -1.581045
v 0.389924 3.798874 -1.609170
v 0.251120 3.795517 -1.631765
v 0.143129 3.798883 -1.640217
v 0.695543 3.803507 -1.515845
v 0.390728 3.805491 -1.586371
v 0.933809 3.805677 -1.392308
v 0.955096 3.777277 -1.424798
v 0.730971 3.777277 -1.521979
v 0.550118 3.777271 -1.579531
v 0.305892 3.777270 -1.629198
v 0.000002 3.797291 -1.645957
v 0.000000 3.805873 -1.612657
v 0.952495 3.797587 -1.420836
v 1.893344 3.796555 -0.157721
v 1.870934 3.798746 -0.278584
v 1.842383 3.792146 -0.400776
v 1.814424 3.796559 -0.479863
v 1.762503 3.792152 -0.609104
v 1.723102 3.796578 -0.684398
v 1.817403 3.803504 -0.424511
v 1.721228 3.805839 -0.636576
v 1.906029 3.777278 -0.077081
v 1.884689 3.777271 -0.244788
v 1.786808 3.777270 -0.563889
v 1.654274 3.777277 -0.808675
v 1.623837 3.794696 -0.848910
v 1.610468 3.804429 -0.833525
v -1.105217 3.794763 -1.336809
v -1.231531 3.796607 -1.248343
v -1.396863 3.795477 -1.110358
v -1.492103 3.796586 -1.011484
v -1.583406 3.795410 -0.901934
v -0.947459 3.804264 -1.413139
v -1.374197 3.803265 -1.116185
v -1.650923 3.805863 -0.746436
v -0.955096 3.777277 -1.424798
v -1.117408 3.777270 -1.333152
v -0.953622 3.792409 -1.422542
v -1.556999 3.777269 -0.943449
v -1.654274 3.777277 -0.808675
v -1.640185 3.798785 -0.819715
v 1.531799 3.796599 -0.965973
v 1.394401 3.792207 -1.114676
v 1.280761 3.796612 -1.210233
v 1.162053 3.792187 -1.299641
v 1.085648 3.796632 -1.347190
v 1.450366 3.801140 -1.045848
v 1.299709 3.805343 -1.167571
v 1.124559 3.803563 -1.305542
v 1.435922 3.777277 -1.076666
v 1.109104 3.777271 -1.338421
v 0.955096 3.777277 -1.424798
v 0.952700 3.797075 -1.421151
v -1.709988 3.792161 -0.711543
v -1.747886 3.796566 -0.636085
v -1.805373 3.792153 -0.508428
v -1.831958 3.796549 -0.428880
v -1.868622 3.795359 -0.296835
v -1.885450 3.798741 -0.201577
v -1.900387 3.797729 -0.081096
v -1.768219 3.803263 -0.566627
v -1.865090 3.805477 -0.142511
v -1.764555 3.777277 -0.611174
v -1.844717 3.777278 -0.402608
v -1.902340 3.777269 -0.127390
v -1.682516 3.647841 0.827214
v -1.785494 3.647849 0.626819
v -1.830896 3.641222 0.495943
v -1.867624 3.642082 0.363838
v -1.886323 3.640914 0.255815
v -1.900939 3.642089 0.146157
v -1.728907 3.639448 0.730295
v -1.647962 3.634543 0.835625
v -1.829201 3.634531 0.423327
v -1.876307 3.634445 0.098936
v -1.688110 3.662809 0.822687
v -1.904853 3.641113 0.014212
v -1.611518 3.639445 0.922400
v -1.899643 3.647851 -0.129759
v -1.869177 3.642082 -0.291055
v -1.826718 3.647853 -0.453595
v -1.760042 3.640896 -0.605128
v -1.710465 3.642053 -0.706549
v -1.877301 3.636064 -0.196609
v -1.821298 3.639455 -0.447478
v -1.721994 3.634526 -0.637118
v -1.901494 3.662807 -0.135827
v -1.622256 3.647840 -0.853308
v -1.618750 3.639441 -0.846222
v 1.055279 3.641965 -1.364824
v 1.209488 3.647824 -1.267904
v 1.392097 3.647835 -1.117281
v 1.551011 3.647845 -0.947157
v 1.164898 3.636042 -1.284294
v 1.294698 3.639430 -1.193773
v 1.465696 3.639437 -1.034111
v 1.611515 3.639444 -0.856475
v 1.518587 3.634200 -0.943459
v 1.398925 3.662808 -1.114101
v 1.688109 3.662808 -0.756759
v 1.682517 3.647841 -0.761285
v 0.952257 3.641583 -1.420433
v -1.476820 3.647835 -1.032220
v -1.305946 3.647833 -1.193234
v -1.162751 3.641976 -1.296801
v -1.060658 3.644389 -1.362907
v -1.474388 3.639435 -1.024787
v -1.304644 3.639429 -1.185557
v -1.465071 3.634204 -1.004867
v -1.115659 3.635624 -1.311866
v -1.551172 3.662807 -0.950779
v -0.955147 3.662800 -1.424876
v -0.952412 3.640745 -1.420716
v 1.785494 3.647849 -0.560890
v 1.830896 3.641222 -0.430014
v 1.867624 3.642082 -0.297908
v 1.891051 3.647890 -0.187363
v 1.902205 3.644501 -0.078593
v 1.728906 3.639448 -0.664367
v 1.878185 3.635887 -0.185839
v 1.756806 3.634663 -0.564837
v 1.862206 3.662808 -0.344614
v 1.902476 3.662808 -0.127055
v 1.907930 3.648420 0.032964
v 1.905143 3.642488 0.032958
v 0.185029 3.647807 -1.640977
v 0.431862 3.647813 -1.605049
v 0.671373 3.647817 -1.541262
v 0.841493 3.644368 -1.474399
v 0.179172 3.639404 -1.635036
v 0.425122 3.639408 -1.599847
v 0.663892 3.639413 -1.536891
v 0.948875 3.636812 -1.415317
v 0.289940 3.634525 -1.605865
v 0.657650 3.634769 -1.519095
v 0.192520 3.662806 -1.642560
v 0.679160 3.662807 -1.541057
v 0.953933 3.648268 -1.423022
v -0.000002 3.641487 -1.645558
v -0.846092 3.641948 -1.471240
v -0.674319 3.647812 -1.540286
v -0.434905 3.647816 -1.604424
v -0.252381 3.641918 -1.630925
v -0.126518 3.644340 -1.643204
v -0.676467 3.639410 -1.532726
v -0.438171 3.639408 -1.597162
v -0.942794 3.634596 -1.406027
v -0.554547 3.634645 -1.549095
v -0.203279 3.635621 -1.623222
v -0.955147 3.662800 -1.424876
v -0.784663 3.662806 -1.502637
v -0.549795 3.662806 -1.579707
v -0.000000 3.634215 -1.619761
v -0.952262 3.640414 -1.420490
v 1.901456 3.642090 0.139301
v 1.885556 3.641118 0.270472
v 1.858967 3.647852 0.413024
v 1.786709 3.647856 0.623975
v 1.684119 3.647851 0.824576
v 1.821300 3.639456 0.513403
v 1.734597 3.639451 0.719209
v 1.887345 3.635099 0.032965
v 1.803154 3.634492 0.508208
v 1.858041 3.634231 0.032965
v 1.901487 3.662808 0.201815
v 1.859927 3.662807 0.419181
v 1.786768 3.662808 0.630157
v 1.653406 3.637539 0.853998
v 1.895834 3.637758 0.032965
v 1.586328 3.642033 0.962830
v 1.497861 3.641071 1.069718
v 1.394345 3.647835 1.181098
v 1.211990 3.647835 1.332025
v 1.086504 3.641140 1.411848
v 1.304624 3.639431 1.251504
v 1.538198 3.634701 0.985155
v 1.324994 3.634167 1.200568
v 0.911675 3.634761 1.486445
v 1.551184 3.662807 1.016696
v 1.391643 3.662807 1.186898
v 1.208387 3.662807 1.337519
v 1.004788 3.662807 1.465659
v 0.901882 3.647818 1.515343
v 0.902846 3.639415 1.507623
v 0.674321 3.647814 1.606215
v 0.434905 3.647817 1.670355
v 0.252381 3.641920 1.696856
v 0.126510 3.644345 1.709137
v 0.676455 3.639411 1.598658
v 0.438190 3.639408 1.663085
v 0.560044 3.634456 1.612127
v 0.203265 3.635624 1.689159
v 0.784674 3.662807 1.568564
v 0.549816 3.662807 1.645631
v 0.305540 3.662808 1.695266
v 0.000000 3.662801 1.716335
v 0.000000 3.644396 1.712934
v 0.000000 3.637025 1.701952
v -0.120792 3.641918 1.708411
v -0.247811 3.647840 1.699623
v -0.431856 3.647815 1.670980
v -0.671370 3.647821 1.607193
v -0.899104 3.647824 1.516653
v -0.227018 3.637503 1.693069
v -0.425126 3.639408 1.665773
v -0.663881 3.639413 1.602821
v -0.891000 3.639418 1.513203
v -0.531021 3.634586 1.624431
v -0.872610 3.634482 1.498398
v 0.000001 3.634805 1.694342
v -0.192513 3.662808 1.708490
v -1.014120 3.662808 1.460528
v -1.076712 3.641022 1.417563
v -1.209483 3.647826 1.333837
v -1.392093 3.647837 1.183215
v -1.551008 3.647844 1.013090
v -1.294687 3.639431 1.259713
v -1.465687 3.639439 1.100051
v -1.186673 3.635415 1.327394
v -1.441257 3.634187 1.091389
v -1.216768 3.662808 1.331431
v -1.398933 3.662809 1.180022
v 0.464143 4.213883 -1.033846
v 0.295223 4.213883 -1.079539
v 0.127562 4.213883 -1.104161
v 0.614963 4.213883 -0.973106
v -0.000000 4.213883 -1.109179
v -1.077650 3.898062 0.667457
v -1.028178 3.898062 0.728146
v -0.944120 3.898062 0.816000
v -0.788895 3.898062 0.939005
v -0.949036 4.213884 0.811373
v -0.825385 4.213884 0.914111
v -1.058748 4.213884 0.692612
v -0.685984 4.213884 1.002734
v -1.143191 3.898062 0.572440
v -1.144039 4.213884 0.571041
v 0.823107 3.898062 0.915785
v 1.028177 3.898062 0.728147
v 1.102115 3.898062 0.635171
v 0.974309 4.213884 0.785872
v 1.055480 4.213884 0.696744
v 0.754088 4.213884 0.962544
v 0.880969 4.213884 0.871156
v 1.143301 4.213884 0.572261
v 0.611129 4.213884 1.040861
v -0.125995 4.213883 -1.104298
v -0.293690 4.213883 -1.079854
v -0.455828 4.213883 -1.036674
v -0.605155 4.213883 -0.977664
v 0.000000 4.213883 -1.109179
v 1.061762 3.898061 -0.622768
v 1.028178 4.213883 -0.662216
v 0.885739 3.898061 -0.801378
v 0.751285 3.898061 -0.898354
v 0.757546 4.213883 -0.894414
v 0.854404 4.213883 -0.825604
v 0.945378 4.213883 -0.748905
v 1.105471 4.213883 -0.564348
v -1.290404 3.898062 0.145443
v -1.262489 3.898062 0.293049
v -1.197291 3.898062 0.470028
v -1.290582 4.213884 0.143864
v -1.262899 4.213884 0.291503
v -1.215163 4.213884 0.431425
v -1.296060 4.213884 -0.005379
v 0.127784 3.898062 1.170070
v 0.289964 4.213884 1.146523
v 0.416573 3.898062 1.114287
v 0.532083 3.898062 1.074984
v 0.125993 4.213884 1.170228
v 0.455833 4.213884 1.102601
v -0.000000 3.898062 1.175109
v 0.000000 4.213884 1.175109
v 1.290404 3.898062 -0.079513
v 1.251682 3.898062 -0.262582
v 1.213137 3.898061 -0.370340
v 1.290582 4.213884 -0.077934
v 1.213770 4.213883 -0.368854
v 1.162384 4.213883 -0.472198
v 1.261886 4.213883 -0.229330
v 1.296108 3.898061 0.032965
v 1.296108 4.213884 0.032965
v -1.213849 3.898061 -0.368667
v -1.291019 3.898062 -0.073625
v -1.213217 4.213883 -0.370154
v -1.142310 4.213883 -0.507945
v -1.262541 4.213883 -0.226926
v -1.284875 4.213884 -0.116059
v -0.534818 3.898062 1.073915
v -0.416573 3.898062 1.114287
v -0.125769 3.898062 1.170247
v -0.464139 4.213884 1.099777
v -0.573258 4.213884 1.057271
v -0.295224 4.213884 1.145468
v -0.127560 4.213884 1.170090
v 1.181489 3.898062 0.503827
v 1.251682 3.898062 0.328512
v 1.270976 4.213884 0.255720
v 1.290604 3.898062 0.143666
v 1.213217 4.213884 0.436081
v 1.251682 4.213884 0.328512
v 1.290427 4.213884 0.145245
v -0.720025 3.898061 -0.916671
v -0.823405 3.898061 -0.849638
v -0.950456 3.898061 -0.744070
v -1.055037 3.898061 -0.631363
v -0.822015 4.213883 -0.850647
v -0.720025 4.213883 -0.916671
v -0.941410 4.213883 -0.752542
v -1.053989 4.213883 -0.632653
vn 0.3115 -0.6354 -0.7066
vn 0.2499 0.6870 -0.6823
vn 0.3547 0.6437 -0.6781
vn 0.1338 -0.6366 -0.7595
vn 0.0823 0.7119 -0.6975
vn -0.7570 -0.6509 -0.0565
vn -0.5932 -0.6575 0.4646
vn -0.5061 -0.6384 0.5800
vn -0.4816 0.6418 0.5968
vn -0.6120 0.6540 0.4446
vn -0.3429 -0.6415 0.6862
vn -0.3372 0.6473 0.6836
vn 0.4002 -0.6399 0.6561
vn 0.5840 -0.6467 0.4906
vn 0.5506 0.6425 0.5330
vn 0.4103 0.6625 0.6267
vn 0.6490 0.6741 0.3527
vn -0.1430 -0.6413 -0.7538
vn -0.1218 0.6868 -0.7166
vn 0.6292 0.7558 -0.1811
vn -0.2674 -0.6430 -0.7176
vn -0.3360 0.6524 -0.6794
vn 0.0199 -0.6505 -0.7592
vn 0.4430 -0.6730 -0.5923
vn 0.5373 0.6451 -0.5432
vn 0.5825 -0.6727 -0.4563
vn -0.6849 -0.6772 0.2689
vn -0.7424 -0.6698 0.0109
vn -0.7256 0.6543 0.2130
vn -0.7680 0.6404 -0.0066
vn 0.2289 -0.6836 0.6930
vn 0.2001 0.6366 0.7448
vn 0.0460 -0.6752 0.7362
vn 0.0261 0.6421 0.7662
vn 0.7169 -0.6447 -0.2654
vn 0.6823 0.6744 -0.2824
vn 0.7391 0.6571 -0.1479
vn 0.7337 -0.6776 -0.0508
vn 0.7481 0.6584 0.0823
vn -0.7200 0.6442 -0.2582
vn -0.6905 -0.6405 -0.3363
vn -0.2184 -0.6455 0.7319
vn -0.1422 0.6407 0.7545
vn 0.7147 -0.6528 0.2512
vn -0.4505 -0.6442 -0.6181
vn -0.5244 0.6501 -0.5499
vn -0.3612 0.7069 0.6082
vn -0.1322 0.7097 0.6919
vn -0.2841 -0.6979 0.6575
vn -0.0868 -0.6991 0.7098
vn -0.0711 0.6856 0.7245
vn -0.4194 -0.7057 0.5710
vn 0.4880 -0.7233 -0.4886
vn 0.3372 0.7269 -0.5982
vn 0.3320 -0.6896 -0.6435
vn 0.5951 -0.7209 -0.3552
vn 0.5570 0.7107 -0.4297
vn -0.2750 -0.7076 -0.6509
vn -0.2555 0.7099 -0.6563
vn -0.4884 0.7490 -0.4476
vn -0.4990 -0.7236 -0.4769
vn -0.5473 0.7793 -0.3052
vn -0.6045 -0.7242 -0.3319
vn 0.0393 -0.6771 0.7349
vn 0.1725 0.6876 0.7053
vn 0.1894 -0.6795 0.7088
vn 0.3197 0.7286 0.6058
vn 0.3515 -0.6850 0.6381
vn -0.5287 -0.7142 0.4588
vn -0.5486 0.7222 0.4213
vn -0.6324 -0.7209 0.2836
vn 0.6828 -0.7305 0.0089
vn 0.6583 0.7365 -0.1558
vn 0.6483 -0.7172 -0.2554
vn -0.1064 -0.7081 -0.6980
vn 0.0877 0.7020 -0.7068
vn -0.1796 0.7024 -0.6887
vn -0.6921 -0.7132 0.1112
vn -0.6700 0.7387 -0.0737
vn -0.6349 0.7310 0.2501
vn -0.6723 -0.7278 -0.1356
vn 0.5876 0.7179 0.3734
vn 0.6413 0.7559 0.1320
vn 0.5296 -0.7469 0.4021
vn 0.6577 -0.7225 0.2133
vn 0.1819 0.7083 -0.6821
vn 0.1081 -0.7062 -0.6997
vn 0.4533 0.7510 0.4802
vn 0.4341 -0.7083 0.5567
vn 0.6104 0.0476 -0.7907
vn 0.5809 0.1137 -0.8060
vn 0.6374 0.0993 -0.7641
vn 0.5298 0.0480 -0.8467
vn 0.5279 0.0849 -0.8450
vn 0.5041 0.1317 -0.8535
vn 0.6605 0.0129 -0.7507
vn 0.6912 0.0493 -0.7209
vn 0.6005 0.0123 -0.7996
vn 0.5576 0.0140 -0.8300
vn 0.5230 0.0113 -0.8523
vn 0.4868 0.0111 -0.8734
vn 0.6881 0.1140 -0.7166
vn 0.4504 0.0498 -0.8914
vn 0.3896 0.0309 -0.9205
vn 0.3656 0.0812 -0.9272
vn 0.3235 0.0317 -0.9457
vn 0.4483 0.0893 -0.8894
vn 0.4223 0.1347 -0.8964
vn 0.3383 0.1526 -0.9286
vn 0.4350 0.0112 -0.9004
vn 0.4770 0.1903 -0.8580
vn 0.3991 0.1964 -0.8956
vn 0.3237 0.2290 -0.9180
vn 0.4163 0.2624 -0.8705
vn 0.4850 0.2505 -0.8379
vn 0.3535 0.2699 -0.8956
vn 0.2897 0.2910 -0.9118
vn 0.6238 0.1703 -0.7628
vn 0.5496 0.1845 -0.8148
vn 0.5729 0.2383 -0.7842
vn 0.6390 0.2360 -0.7321
vn 0.5140 0.2831 -0.8097
vn 0.2411 0.0333 -0.9699
vn 0.2840 0.0826 -0.9553
vn 0.2051 0.0881 -0.9748
vn 0.1607 0.0559 -0.9854
vn 0.2613 0.1467 -0.9540
vn 0.1805 0.1517 -0.9718
vn 0.1862 0.0114 -0.9824
vn 0.1175 0.0314 -0.9926
vn 0.0745 0.0731 -0.9945
vn 0.0499 0.0374 -0.9981
vn -0.0124 0.0558 -0.9984
vn 0.1253 0.1100 -0.9860
vn 0.0467 0.1137 -0.9924
vn -0.0110 0.0189 -0.9998
vn -0.0315 0.1084 -0.9936
vn 0.0074 0.1761 -0.9843
vn 0.0939 0.1716 -0.9807
vn 0.1602 0.2222 -0.9618
vn 0.0724 0.2354 -0.9692
vn 0.0964 0.3025 -0.9483
vn 0.1753 0.3007 -0.9375
vn 0.0015 0.2595 -0.9658
vn 0.2570 0.2115 -0.9430
vn 0.2140 0.2334 -0.9485
vn 0.2383 0.2968 -0.9247
vn 0.6070 0.3074 -0.7329
vn 0.5582 0.3024 -0.7726
vn 0.5199 0.3441 -0.7819
vn 0.4622 0.3217 -0.8264
vn 0.5494 0.3852 -0.7415
vn 0.6243 0.3848 -0.6799
vn 0.4595 0.3835 -0.8011
vn 0.3957 0.3276 -0.8580
vn 0.3241 0.3397 -0.8829
vn 0.3921 0.3804 -0.8376
vn 0.3194 0.3930 -0.8623
vn 0.2917 0.4482 -0.8450
vn 0.3610 0.4479 -0.8180
vn 0.4181 0.4445 -0.7922
vn 0.3094 0.5007 -0.8084
vn 0.4196 0.5123 -0.7493
vn 0.3573 0.5261 -0.7718
vn 0.2939 0.5686 -0.7683
vn 0.3515 0.5824 -0.7330
vn 0.4045 0.5874 -0.7010
vn 0.4797 0.4268 -0.7666
vn 0.4933 0.4733 -0.7298
vn 0.5876 0.4510 -0.6719
vn 0.5356 0.5171 -0.6676
vn 0.4883 0.5554 -0.6731
vn 0.2438 0.3624 -0.8996
vn 0.1603 0.3658 -0.9168
vn 0.2393 0.4157 -0.8774
vn 0.1666 0.4215 -0.8914
vn 0.0812 0.3705 -0.9253
vn 0.0097 0.3252 -0.9456
vn 0.0001 0.3733 -0.9277
vn 0.0874 0.4249 -0.9010
vn 0.0103 0.4253 -0.9050
vn 0.1441 0.4723 -0.8696
vn 0.0869 0.5384 -0.8382
vn 0.1577 0.5307 -0.8328
vn 0.0660 0.4776 -0.8761
vn 0.0074 0.5380 -0.8429
vn -0.0103 0.4775 -0.8786
vn 0.1283 0.6132 -0.7795
vn 0.0249 0.6003 -0.7994
vn 0.2288 0.4821 -0.8457
vn 0.2250 0.5498 -0.8044
vn 0.1925 0.6032 -0.7740
vn 0.2496 0.6250 -0.7397
vn 0.0631 0.0566 0.9964
vn 0.0737 0.0987 0.9924
vn -0.0034 0.1201 0.9928
vn 0.1458 0.0551 0.9878
vn 0.1554 0.1140 0.9813
vn 0.0818 0.1556 0.9844
vn 0.0109 0.0194 0.9998
vn -0.0123 0.0558 0.9984
vn 0.0914 0.0194 0.9956
vn 0.1553 0.0126 0.9878
vn 0.2143 0.0559 0.9752
vn 0.2320 0.1213 0.9651
vn 0.2803 0.0515 0.9585
vn 0.3219 0.1052 0.9409
vn 0.3587 0.0509 0.9321
vn 0.2192 0.0159 0.9756
vn 0.2986 0.0153 0.9543
vn 0.3225 0.1647 0.9321
vn 0.2589 0.1688 0.9511
vn 0.1574 0.1942 0.9683
vn 0.2252 0.2122 0.9509
vn 0.3183 0.2294 0.9198
vn 0.2741 0.2877 0.9176
vn 0.2097 0.2586 0.9429
vn 0.3364 0.2971 0.8936
vn 0.1870 0.3128 0.9312
vn 0.1339 0.2894 0.9478
vn 0.0883 0.2212 0.9712
vn 0.0011 0.1942 0.9810
vn 0.0651 0.2797 0.9579
vn 0.0132 0.2552 0.9668
vn -0.0204 0.3274 0.9447
vn 0.4046 0.1110 0.9077
vn 0.4393 0.0496 0.8970
vn 0.4850 0.1157 0.8668
vn 0.5191 0.0492 0.8533
vn 0.3578 0.0114 0.9337
vn 0.4089 0.0123 0.9125
vn 0.4536 0.0117 0.8911
vn 0.4978 0.0096 0.8672
vn 0.5647 0.1049 0.8186
vn 0.6008 0.0478 0.7980
vn 0.6454 0.0880 0.7587
vn 0.6818 0.0461 0.7301
vn 0.6251 0.1362 0.7685
vn 0.5497 0.0146 0.8352
vn 0.5954 0.0095 0.8034
vn 0.6367 0.0119 0.7710
vn 0.5514 0.1738 0.8159
vn 0.4765 0.1869 0.8591
vn 0.6170 0.2016 0.7607
vn 0.5358 0.2329 0.8116
vn 0.4749 0.2514 0.8433
vn 0.5836 0.2584 0.7698
vn 0.6690 0.2502 0.6998
vn 0.4013 0.1769 0.8987
vn 0.3947 0.2439 0.8859
vn 0.4346 0.2886 0.8531
vn 0.0696 0.3462 0.9356
vn 0.1477 0.3876 0.9099
vn 0.0680 0.4055 0.9116
vn -0.0099 0.4034 0.9150
vn 0.1927 0.4271 0.8834
vn 0.1417 0.4718 0.8702
vn 0.0668 0.4772 0.8762
vn -0.0087 0.4791 0.8777
vn 0.2295 0.3533 0.9069
vn 0.3290 0.3577 0.8740
vn 0.2592 0.3994 0.8794
vn 0.2402 0.4636 0.8529
vn 0.1809 0.5154 0.8376
vn 0.2376 0.5188 0.8212
vn 0.2968 0.5140 0.8048
vn 0.3179 0.4363 0.8418
vn 0.2233 0.5883 0.7772
vn 0.1417 0.5525 0.8214
vn 0.2913 0.5969 0.7476
vn 0.1717 0.6226 0.7635
vn 0.0734 0.5521 0.8306
vn 0.0021 0.5563 0.8310
vn 0.0858 0.6224 0.7779
vn -0.0077 0.6184 0.7858
vn 0.3909 0.3261 0.8607
vn 0.4564 0.3307 0.8261
vn 0.3863 0.4101 0.8262
vn 0.4495 0.4081 0.7946
vn 0.4931 0.3623 0.7910
vn 0.5371 0.3128 0.7834
vn 0.6216 0.3090 0.7199
vn 0.6065 0.3633 0.7073
vn 0.5307 0.3921 0.7514
vn 0.5912 0.4222 0.6872
vn 0.5068 0.4610 0.7284
vn 0.4325 0.4795 0.7636
vn 0.5941 0.4772 0.6475
vn 0.4417 0.5425 0.7146
vn 0.5182 0.5239 0.6760
vn 0.3670 0.4950 0.7876
vn 0.3651 0.5627 0.7417
vn 0.6992 0.1054 0.7071
vn 0.7534 0.0482 0.6558
vn 0.7606 0.1001 0.6414
vn 0.8172 0.0593 0.5733
vn 0.6762 0.0110 0.7366
vn 0.7141 0.0119 0.6999
vn 0.7526 0.0124 0.6584
vn 0.7904 0.0106 0.6125
vn 0.8236 0.1045 0.5574
vn 0.8000 0.1662 0.5765
vn 0.7394 0.1590 0.6542
vn 0.8418 0.0289 0.5390
vn 0.8769 0.0595 0.4771
vn 0.8741 0.1087 0.4735
vn 0.8289 0.0116 0.5592
vn 0.8709 0.0122 0.4913
vn 0.9047 0.0129 0.4258
vn 0.9124 0.0476 0.4066
vn 0.9162 0.1110 0.3851
vn 0.8980 0.1806 0.4012
vn 0.8543 0.1733 0.4901
vn 0.8458 0.2239 0.4843
vn 0.7877 0.2239 0.5739
vn 0.8869 0.2370 0.3965
vn 0.8014 0.2768 0.5302
vn 0.8504 0.2876 0.4406
vn 0.6805 0.1711 0.7124
vn 0.7298 0.2206 0.6470
vn 0.7352 0.2843 0.6153
vn 0.9364 0.0288 0.3497
vn 0.9613 0.0508 0.2706
vn 0.9420 0.0785 0.3262
vn 0.9687 0.1122 0.2212
vn 0.9452 0.1462 0.2918
vn 0.9781 0.0579 0.2001
vn 0.9630 0.1717 0.2077
vn 0.9268 0.1876 0.3254
vn 0.9916 0.0566 0.1160
vn 0.9866 0.1129 0.1181
vn 0.9983 0.0569 0.0128
vn 0.9937 0.1108 0.0166
vn 0.9846 0.1736 0.0184
vn 0.9782 0.1719 0.1169
vn 0.9566 0.2394 0.1661
vn 0.9679 0.2426 0.0659
vn 0.9435 0.3021 0.1361
vn 0.9248 0.3125 0.2169
vn 0.9456 0.3194 0.0617
vn 0.9747 0.2191 -0.0435
vn 0.9559 0.2911 -0.0384
vn 0.9385 0.2312 0.2564
vn 0.9068 0.2634 0.3292
vn 0.9145 0.2912 0.2808
vn 0.8768 0.3233 0.3558
vn 0.9940 0.0485 -0.0985
vn 0.9803 0.0331 -0.1948
vn 0.9757 0.0934 -0.1984
vn 0.9909 0.0955 -0.0954
vn 0.9869 0.1468 -0.0663
vn 0.9736 0.1756 -0.1455
vn 0.9547 0.1701 -0.2442
vn 0.9533 0.0403 -0.2995
vn 0.9500 0.0967 -0.2968
vn 0.9141 0.0570 -0.4016
vn 0.9259 0.1205 -0.3581
vn 0.9303 0.0106 -0.3667
vn 0.9024 0.0170 -0.4306
vn 0.8873 0.1209 -0.4451
vn 0.9188 0.1848 -0.3487
vn 0.9396 0.2408 -0.2432
vn 0.8978 0.2639 -0.3525
vn 0.9180 0.2781 -0.2827
vn 0.9129 0.3369 -0.2306
vn 0.8760 0.1984 -0.4397
vn 0.8599 0.2681 -0.4343
vn 0.8813 0.3323 -0.3359
vn 0.9553 0.2578 -0.1445
vn 0.9323 0.3345 -0.1375
vn 0.9275 0.3722 -0.0364
vn 0.8722 0.0491 -0.4868
vn 0.8234 0.0487 -0.5654
vn 0.8464 0.0988 -0.5234
vn 0.7923 0.0931 -0.6030
vn 0.8006 0.1428 -0.5819
vn 0.8446 0.1594 -0.5110
vn 0.8715 0.0084 -0.4902
vn 0.8416 0.0130 -0.5400
vn 0.8097 0.0118 -0.5867
vn 0.7597 0.0485 -0.6484
vn 0.7393 0.1137 -0.6637
vn 0.7797 0.0149 -0.6259
vn 0.7445 0.0103 -0.6676
vn 0.7081 0.0132 -0.7060
vn 0.7512 0.1756 -0.6363
vn 0.6981 0.1926 -0.6896
vn 0.7785 0.2117 -0.5909
vn 0.7548 0.2546 -0.6045
vn 0.6877 0.2629 -0.6767
vn 0.8229 0.2084 -0.5286
vn 0.8150 0.2567 -0.5195
vn 0.8019 0.3153 -0.5075
vn 0.6887 0.3288 0.6463
vn 0.7505 0.3443 0.5641
vn 0.6766 0.3907 0.6242
vn 0.7457 0.4067 0.5278
vn 0.8012 0.3429 0.4904
vn 0.8453 0.3492 0.4043
vn 0.8064 0.4013 0.4343
vn 0.8448 0.4057 0.3488
vn 0.7875 0.4860 0.3790
vn 0.7628 0.4628 0.4515
vn 0.7066 0.4611 0.5367
vn 0.7049 0.5226 0.4796
vn 0.7396 0.5445 0.3956
vn 0.6656 0.5983 0.4462
vn 0.6361 0.5694 0.5207
vn 0.6952 0.6168 0.3690
vn 0.6595 0.4670 0.5891
vn 0.6111 0.5435 0.5754
vn 0.8859 0.3659 0.2852
vn 0.8941 0.3959 0.2095
vn 0.8535 0.4434 0.2738
vn 0.8569 0.4719 0.2076
vn 0.8211 0.4657 0.3301
vn 0.9160 0.3771 0.1370
vn 0.9128 0.4044 0.0575
vn 0.8798 0.4565 0.1324
vn 0.8715 0.4867 0.0606
vn 0.8870 0.4610 -0.0261
vn 0.8332 0.5249 0.1740
vn 0.8253 0.5615 0.0599
vn 0.8013 0.5808 0.1434
vn 0.7740 0.6304 0.0589
vn 0.7533 0.6265 0.2003
vn 0.7498 0.6489 0.1296
vn 0.8443 0.5347 -0.0350
vn 0.8033 0.5949 -0.0301
vn 0.7504 0.6607 -0.0205
vn 0.8060 0.5202 0.2825
vn 0.7635 0.5612 0.3196
vn 0.7800 0.5790 0.2376
vn 0.7313 0.6160 0.2928
vn 0.9003 0.4251 -0.0940
vn 0.8982 0.4042 -0.1728
vn 0.8595 0.4755 -0.1875
vn 0.8589 0.5009 -0.1071
vn 0.8802 0.3859 -0.2763
vn 0.8509 0.3899 -0.3519
vn 0.8591 0.4359 -0.2681
vn 0.8144 0.4458 -0.3715
vn 0.8469 0.3260 -0.4201
vn 0.8230 0.3722 -0.4290
vn 0.8174 0.5036 -0.2797
vn 0.8212 0.5423 -0.1777
vn 0.7836 0.5071 -0.3589
vn 0.7733 0.5867 -0.2404
vn 0.7518 0.5719 -0.3283
vn 0.6829 0.6272 -0.3746
vn 0.7050 0.6467 -0.2910
vn 0.7157 0.6640 -0.2166
vn 0.7538 0.6375 -0.1593
vn 0.8030 0.5825 -0.1262
vn 0.7677 0.6360 -0.0785
vn 0.7583 0.3307 -0.5619
vn 0.7552 0.3910 -0.5261
vn 0.7822 0.4234 -0.4570
vn 0.7129 0.3114 -0.6284
vn 0.6533 0.3309 -0.6810
vn 0.6983 0.3746 -0.6099
vn 0.6792 0.4322 -0.5933
vn 0.7248 0.4573 -0.5154
vn 0.6714 0.5032 -0.5441
vn 0.6187 0.5077 -0.5996
vn 0.6269 0.5775 -0.5229
vn 0.6983 0.5284 -0.4829
vn 0.7572 0.4850 -0.4375
vn 0.7259 0.5519 -0.4105
vn 0.6568 0.6040 -0.4514
vn 0.5617 0.5762 -0.5937
vn 0.4766 0.6055 -0.6374
vn 0.5498 0.6256 -0.5534
vn 0.4899 0.6622 -0.5670
vn 0.3223 0.6262 -0.7099
vn 0.4199 0.6614 -0.6215
vn 0.3508 0.6624 -0.6619
vn 0.3557 0.7070 -0.6113
vn 0.4892 0.6977 -0.5233
vn 0.3998 0.7375 -0.5443
vn 0.4526 0.7463 -0.4880
vn 0.5301 0.7268 -0.4366
vn 0.3923 0.8009 -0.4523
vn 0.4711 0.7764 -0.4187
vn 0.3062 0.7371 -0.6024
vn 0.3240 0.7775 -0.5390
vn 0.5793 0.6530 -0.4879
vn 0.6087 0.6778 -0.4124
vn 0.5693 0.7410 -0.3561
vn 0.1828 0.6825 -0.7077
vn 0.2737 0.6816 -0.6786
vn 0.2288 0.7324 -0.6413
vn 0.1365 0.7423 -0.6560
vn 0.0632 0.6529 -0.7548
vn 0.1051 0.6868 -0.7192
vn 0.0106 0.6955 -0.7184
vn 0.0541 0.7423 -0.6679
vn -0.0140 0.7422 -0.6700
vn -0.0357 0.6504 -0.7588
vn 0.1089 0.7844 -0.6106
vn 0.0952 0.8327 -0.5455
vn 0.1662 0.8223 -0.5443
vn 0.0115 0.7881 -0.6155
vn 0.0186 0.8304 -0.5568
vn 0.1667 0.8725 -0.4593
vn 0.0916 0.8809 -0.4643
vn 0.0016 0.8842 -0.4671
vn 0.2247 0.7821 -0.5812
vn -0.0370 0.8535 -0.5198
vn 0.2245 0.8346 -0.5031
vn 0.3075 0.8210 -0.4810
vn 0.2588 0.8721 -0.4153
vn 0.3373 0.8606 -0.3816
vn 0.6351 0.7006 -0.3252
vn 0.5913 0.7633 -0.2605
vn 0.6534 0.7204 -0.2324
vn 0.6058 0.7815 -0.1492
vn 0.4564 0.8163 -0.3540
vn 0.5232 0.7836 -0.3350
vn 0.4081 0.8470 -0.3407
vn 0.4850 0.8398 -0.2439
vn 0.5455 0.8029 -0.2404
vn 0.3904 0.8816 -0.2654
vn 0.4275 0.8893 -0.1623
vn 0.5588 0.8172 -0.1410
vn 0.4981 0.8559 -0.1391
vn 0.5693 0.8211 -0.0399
vn 0.4792 0.8766 -0.0451
vn 0.3850 0.9217 -0.0462
vn 0.7122 0.6899 -0.1294
vn 0.7071 0.7061 -0.0380
vn 0.6632 0.7361 -0.1350
vn 0.6490 0.7599 -0.0360
vn 0.2325 0.9183 -0.3204
vn 0.3178 0.9041 -0.2858
vn 0.1820 0.9065 -0.3810
vn 0.2511 0.9371 -0.2424
vn 0.0859 0.9177 -0.3878
vn -0.0103 0.9212 -0.3890
vn 0.1187 0.9418 -0.3144
vn 0.0145 0.9470 -0.3210
vn 0.1539 0.9612 -0.2289
vn 0.0663 0.9676 -0.2437
vn -0.0190 0.9690 -0.2464
vn 0.0995 0.9837 -0.1498
vn 0.0152 0.9848 -0.1728
vn 0.1650 0.9802 -0.1093
vn 0.0131 0.9954 -0.0946
vn 0.0934 0.9946 -0.0456
vn 0.2044 0.9777 -0.0482
vn 0.1484 0.9887 0.0202
vn 0.0135 0.9998 -0.0118
vn 0.2548 0.9534 -0.1616
vn 0.3493 0.9236 -0.1578
vn 0.2857 0.9571 -0.0479
vn 0.7063 0.7054 0.0597
vn 0.7080 0.6884 0.1580
vn 0.6455 0.7517 0.1352
vn 0.6298 0.7746 0.0581
vn 0.6548 0.7263 0.2091
vn 0.5756 0.7881 0.2183
vn 0.5720 0.8080 0.1416
vn 0.5616 0.8253 0.0583
vn 0.5040 0.8630 0.0359
vn 0.4953 0.8593 0.1274
vn 0.4321 0.9009 0.0414
vn 0.4048 0.9047 0.1325
vn 0.4903 0.8423 0.2237
vn 0.3970 0.8874 0.2344
vn 0.5509 0.7754 0.3087
vn 0.4601 0.8339 0.3048
vn 0.5028 0.7798 0.3731
vn 0.4417 0.8100 0.3857
vn 0.3939 0.8542 0.3394
vn 0.3698 0.8172 0.4421
vn 0.5689 0.7266 0.3853
vn 0.6294 0.7156 0.3030
vn 0.6949 0.6653 0.2729
vn 0.6241 0.6728 0.3973
vn 0.3350 0.9412 0.0432
vn 0.3064 0.9422 0.1356
vn 0.2313 0.9718 0.0465
vn 0.2221 0.9658 0.1337
vn 0.3103 0.9217 0.2329
vn 0.2142 0.9499 0.2275
vn 0.1551 0.9787 0.1348
vn 0.0689 0.9947 0.0761
vn 0.1115 0.9723 0.2054
vn 0.0185 0.9817 0.1893
vn -0.0473 0.9956 0.0810
vn 0.1825 0.9356 0.3024
vn 0.1102 0.9115 0.3962
vn 0.2134 0.9064 0.3645
vn 0.0883 0.9495 0.3012
vn 0.0133 0.9170 0.3986
vn -0.0123 0.9537 0.3005
vn 0.1822 0.8777 0.4433
vn 0.0009 0.8755 0.4832
vn 0.0955 0.8690 0.4856
vn 0.2661 0.9170 0.2973
vn 0.3159 0.8871 0.3364
vn 0.3396 0.8553 0.3913
vn 0.2568 0.8725 0.4157
vn 0.2867 0.8358 0.4683
vn 0.5469 0.6947 0.4673
vn 0.5887 0.6415 0.4919
vn 0.4953 0.6831 0.5368
vn 0.5376 0.6146 0.5773
vn 0.5008 0.7356 0.4561
vn 0.4403 0.7686 0.4642
vn 0.4240 0.7292 0.5372
vn 0.3691 0.7785 0.5077
vn 0.3393 0.7553 0.5607
vn 0.4018 0.6916 0.6002
vn 0.3318 0.7134 0.6172
vn 0.3673 0.6353 0.6793
vn 0.4582 0.6430 0.6137
vn 0.4433 0.5961 0.6694
vn 0.3035 0.6591 0.6881
vn 0.5405 0.5623 0.6259
vn 0.2858 0.8000 0.5276
vn 0.1976 0.8324 0.5178
vn 0.2486 0.7639 0.5955
vn 0.1648 0.7781 0.6062
vn 0.1041 0.8289 0.5496
vn 0.0124 0.8340 0.5516
vn 0.0754 0.7848 0.6152
vn -0.0137 0.7888 0.6145
vn 0.1784 0.7250 0.6653
vn 0.0948 0.7329 0.6737
vn 0.1496 0.6788 0.7190
vn 0.0696 0.6850 0.7253
vn 0.0119 0.7361 0.6767
vn -0.0066 0.6719 0.7406
vn 0.2582 0.7119 0.6531
vn 0.2304 0.6678 0.7078
vn 0.6721 -0.0119 -0.7403
vn 0.7116 -0.0178 -0.7024
vn 0.6945 -0.0713 -0.7160
vn 0.7460 -0.0176 -0.6657
vn 0.7791 -0.0792 -0.6219
vn 0.7923 -0.0212 -0.6098
vn 0.7960 -0.1480 -0.5869
vn 0.6975 -0.1408 -0.7026
vn 0.8099 -0.2411 -0.5347
vn 0.6950 -0.2194 -0.6847
vn 0.7658 -0.3407 -0.5454
vn 0.6049 -0.3269 -0.7261
vn 0.8756 -0.3741 -0.3056
vn 0.8445 -0.0869 -0.5284
vn 0.8747 -0.1797 -0.4501
vn 0.8898 -0.2674 -0.3699
vn 0.8637 -0.5038 0.0143
vn 0.8451 -0.4925 -0.2078
vn 0.7942 -0.4940 -0.3539
vn 0.7000 -0.4868 -0.5225
vn 0.5526 -0.4794 -0.6817
vn 0.9644 -0.0276 0.2630
vn 0.9337 -0.0223 0.3574
vn 0.9410 -0.0961 0.3245
vn 0.9097 -0.0966 0.4040
vn 0.8819 -0.1913 0.4309
vn 0.9219 -0.1696 0.3483
vn 0.8903 -0.2095 0.4043
vn 0.8152 -0.2797 0.5071
vn 0.8890 -0.2484 0.3848
vn 0.8138 -0.3529 0.4617
vn 0.7293 -0.3668 0.5776
vn 0.6925 -0.4709 0.5466
vn 0.9038 -0.0235 0.4274
vn 0.8812 -0.0970 0.4627
vn 0.8841 -0.3447 0.3154
vn 0.8022 -0.5085 0.3128
vn 0.6228 -0.6814 0.3845
vn 0.4699 -0.5639 0.6791
vn 0.5650 -0.4739 0.6755
vn 0.8374 -0.0215 -0.5462
vn 0.8691 -0.0240 -0.4941
vn 0.8871 -0.0984 -0.4510
vn 0.8976 -0.0218 -0.4404
vn 0.8867 -0.2072 -0.4132
vn 0.9018 -0.3284 -0.2809
vn 0.8649 -0.3512 -0.3587
vn 0.8969 -0.4264 -0.1173
vn 0.8402 -0.5019 -0.2051
vn 0.9272 -0.0236 -0.3739
vn 0.9101 -0.0991 -0.4024
vn 0.7520 -0.5029 -0.4261
vn 0.6924 -0.6857 -0.2243
vn 0.7845 -0.6155 0.0752
vn 0.9964 -0.0191 0.0829
vn 0.9834 -0.0421 0.1767
vn 0.9960 -0.0736 0.0513
vn 0.9771 -0.0932 0.1914
vn 0.9711 -0.1522 0.1841
vn 0.9891 -0.1460 0.0191
vn 0.9690 -0.2353 0.0749
vn 0.9425 -0.2375 0.2352
vn 0.9033 -0.3581 0.2363
vn 0.9343 -0.3553 -0.0287
vn 0.8285 -0.3569 0.4315
vn 0.7051 -0.4830 0.5191
vn 0.8133 -0.4962 0.3039
vn 0.8634 -0.5031 -0.0377
vn 0.9998 -0.0171 -0.0077
vn 0.8152 -0.0413 0.5776
vn 0.7641 -0.0110 0.6451
vn 0.7498 -0.0541 0.6594
vn 0.7206 -0.0107 0.6933
vn 0.6714 -0.0316 0.7405
vn 0.8135 -0.1376 0.5650
vn 0.7177 -0.1192 0.6861
vn 0.7856 -0.2271 0.5756
vn 0.8898 -0.2700 0.3680
vn 0.6621 -0.2194 0.7166
vn 0.8329 -0.3588 0.4214
vn 0.8889 -0.3831 0.2513
vn 0.7186 -0.3468 0.6027
vn 0.6227 -0.0722 0.7791
vn 0.6143 -0.1389 0.7768
vn 0.5600 -0.3335 0.7584
vn 0.6082 -0.4804 0.6319
vn 0.7840 -0.4997 0.3682
vn 0.8568 -0.5125 0.0578
vn 0.1751 -0.0200 -0.9843
vn 0.2495 -0.0214 -0.9681
vn 0.2834 -0.0861 -0.9551
vn 0.1755 -0.0656 -0.9823
vn 0.3120 -0.0193 -0.9499
vn 0.3292 -0.0880 -0.9401
vn 0.2611 -0.0970 -0.9604
vn 0.3518 -0.1801 -0.9186
vn 0.2575 -0.1540 -0.9539
vn 0.3203 -0.1942 -0.9272
vn 0.4184 -0.2638 -0.8691
vn 0.3078 -0.2330 -0.9225
vn 0.3798 -0.3313 -0.8637
vn 0.4921 -0.3617 -0.7918
vn 0.4689 -0.4589 -0.7547
vn 0.3644 -0.0226 -0.9310
vn 0.2518 -0.3144 -0.9153
vn 0.2560 -0.4715 -0.8439
vn 0.3181 -0.6641 -0.6766
vn 0.5891 -0.5940 -0.5479
vn 0.6490 -0.4871 -0.5844
vn 0.5369 -0.4575 -0.7088
vn 0.8714 -0.0231 0.4901
vn 0.8341 -0.0162 0.5513
vn 0.8767 -0.1510 0.4567
vn 0.8683 -0.4874 0.0919
vn 0.7651 -0.5968 -0.2419
vn 0.7494 -0.6620 0.0111
vn -0.0171 -0.0189 -0.9997
vn 0.0341 -0.0187 -0.9992
vn 0.0912 -0.0690 -0.9934
vn -0.0134 -0.0684 -0.9976
vn 0.1025 -0.0143 -0.9946
vn 0.1155 -0.1323 -0.9845
vn -0.0181 -0.1333 -0.9909
vn 0.1418 -0.2072 -0.9680
vn -0.0260 -0.2074 -0.9779
vn 0.0255 -0.3232 -0.9460
vn 0.1891 -0.3190 -0.9287
vn 0.3299 -0.3245 -0.8865
vn 0.3842 -0.4588 -0.8012
vn 0.1830 -0.4618 -0.8679
vn -0.1092 -0.4651 -0.8785
vn 0.9825 -0.0197 -0.1852
vn 0.9953 -0.0230 -0.0944
vn 0.9941 -0.0728 -0.0800
vn 0.9740 -0.0786 -0.2125
vn 0.9779 -0.1531 -0.1427
vn 0.9343 -0.1700 -0.3132
vn 0.9089 -0.2517 -0.3325
vn 0.9639 -0.2354 -0.1240
vn 0.8854 -0.3549 -0.3000
vn 0.7663 -0.3619 -0.5308
vn 0.9995 -0.0143 -0.0290
vn 0.7839 -0.4943 -0.3758
vn 0.6076 -0.4788 -0.6337
vn 0.4846 -0.0402 -0.8738
vn 0.5462 -0.0068 -0.8376
vn 0.5736 -0.0359 -0.8183
vn 0.4769 -0.1232 -0.8703
vn 0.5915 -0.1173 -0.7977
vn 0.6344 -0.0286 -0.7725
vn 0.5626 -0.2156 -0.7981
vn 0.4050 -0.2327 -0.8842
vn 0.4153 -0.3274 -0.8487
vn 0.2063 -0.3410 -0.9172
vn 0.3120 -0.4671 -0.8273
vn 0.0462 -0.4671 -0.8830
vn 0.9598 -0.0075 -0.2804
vn 0.9511 -0.0539 -0.3042
vn 0.9079 -0.1595 -0.3875
vn 0.8091 -0.3321 -0.4848
vn 0.8209 -0.2795 -0.4980
vn 0.6551 -0.4520 -0.6054
vn 0.3581 -0.5469 -0.7567
vn 0.5192 -0.6325 -0.5747
vn 0.3917 -0.0669 -0.9177
vn 0.4189 -0.0151 -0.9079
vn 0.4592 -0.0149 -0.8882
vn 0.3738 -0.1385 -0.9171
vn 0.2546 -0.2603 -0.9314
vn 0.0764 -0.4347 -0.8973
vn -0.2034 -0.5566 -0.8055
vn 0.0052 -0.6147 -0.7887
vn 0.0958 -0.0147 0.9953
vn 0.0286 -0.0105 0.9995
vn 0.0641 -0.0409 0.9971
vn 0.1403 -0.0155 0.9900
vn 0.1689 -0.0669 0.9834
vn 0.1131 -0.1187 0.9865
vn -0.0002 -0.0663 0.9978
vn 0.2544 -0.1532 0.9549
vn -0.0210 -0.1731 0.9847
vn 0.2675 -0.2299 0.9357
vn 0.1021 -0.2050 0.9734
vn 0.2463 -0.3203 0.9147
vn 0.4473 -0.3457 0.8249
vn 0.0498 -0.3111 0.9491
vn 0.0667 -0.4540 0.8885
vn 0.3237 -0.4629 0.8252
vn 0.5590 -0.4762 0.6788
vn 0.1857 -0.0181 0.9824
vn 0.2822 -0.0224 0.9591
vn 0.2632 -0.0833 0.9611
vn 0.3249 -0.0910 0.9414
vn 0.2282 -0.0180 0.9734
vn 0.3445 -0.1756 0.9222
vn 0.3312 -0.1912 0.9240
vn 0.3585 -0.3228 0.8760
vn 0.4119 -0.2622 0.8727
vn 0.5203 -0.4549 0.7228
vn 0.3600 -0.5568 0.7486
vn 0.7012 -0.5762 0.4198
vn 0.5649 -0.5988 0.5677
vn 0.3383 -0.0200 0.9408
vn 0.4425 -0.0208 0.8965
vn 0.3648 -0.0898 0.9268
vn 0.4346 -0.0819 0.8969
vn 0.3860 -0.0215 0.9222
vn 0.3304 -0.1768 0.9271
vn 0.4327 -0.1520 0.8886
vn 0.3396 -0.2413 0.9091
vn 0.2311 -0.2939 0.9275
vn 0.0993 -0.3808 0.9193
vn 0.2567 -0.3378 0.9055
vn 0.1668 -0.4767 0.8631
vn 0.1456 -0.6720 0.7261
vn -0.0645 -0.5637 0.8235
vn -0.0093 -0.4544 0.8908
vn 0.5039 -0.0162 0.8636
vn 0.6177 -0.0125 0.7863
vn 0.5636 -0.0166 0.8259
vn 0.5382 -0.0504 0.8413
vn 0.5182 -0.1184 0.8470
vn 0.5148 -0.2142 0.8301
vn 0.4041 -0.3190 0.8573
vn 0.1638 -0.4602 0.8726
vn 0.3686 -0.4716 0.8011
vn 0.2578 0.0017 0.9662
vn 0.3794 0.0051 -0.9252
vn 0.3246 0.0065 -0.9458
vn 0.9519 0.0060 -0.3063
vn 0.9720 0.0084 -0.2348
vn 0.6313 0.0008 -0.7756
vn 0.9781 -0.0074 -0.2082
vn 0.9578 -0.0596 -0.2812
vn 0.9909 -0.0226 -0.1326
vn 0.8897 -0.1457 -0.4326
vn 0.9925 -0.0668 -0.1023
vn 0.7498 -0.2433 -0.6153
vn 0.9735 -0.1548 -0.1683
vn 0.0658 0.0102 -0.9978
vn 0.1234 0.0050 -0.9923
vn 0.0283 0.0025 -0.9996
vn -0.0218 0.0033 -0.9998
vn 0.8508 0.0012 0.5255
vn 0.2610 0.0065 -0.9653
vn 0.9301 -0.3643 -0.0460
vn 0.9133 -0.3730 0.1636
vn 0.9788 -0.1581 0.1303
vn 0.9721 -0.2213 -0.0777
vn 0.9023 -0.2550 0.3475
vn 0.9968 -0.0770 0.0204
vn 0.9634 -0.0674 0.2596
vn 0.9887 -0.0481 0.1419
vn 0.9983 -0.0206 0.0538
vn 0.9880 -0.0086 0.1542
vn 0.7615 -0.4720 -0.4442
vn 0.7141 -0.6986 -0.0440
vn 0.6540 -0.6283 0.4213
vn 0.5970 -0.3455 0.7241
vn 0.8466 -0.1616 0.5071
vn 0.9251 -0.0620 0.3746
vn 0.9660 -0.0126 0.2582
vn 0.8205 -0.0906 0.5644
vn 0.8559 -0.0605 0.5136
vn 0.8992 -0.0147 0.4372
vn 0.9160 -0.0062 0.4011
vn 0.9403 -0.0131 0.3401
vn 0.6916 -0.1552 0.7054
vn 0.9610 0.0410 0.2734
vn 0.9260 0.0160 0.3772
vn 0.9272 0.0745 0.3672
vn 0.8970 0.0115 0.4418
vn 0.8609 0.1134 0.4959
vn 0.8224 0.0481 0.5669
vn 0.6931 0.1068 0.7128
vn 0.8362 0.2024 0.5097
vn 0.6450 0.2397 0.7256
vn 0.9698 0.1054 0.2201
vn 0.9868 0.0415 0.1564
vn 0.9951 0.0651 0.0743
vn 0.9986 0.0488 -0.0226
vn 0.9793 0.1682 0.1128
vn 0.9942 0.0932 -0.0533
vn 0.9845 0.1695 -0.0441
vn 0.9414 0.1988 0.2726
vn 0.9624 0.2687 -0.0403
vn 0.9626 0.1475 -0.2274
vn 0.9457 0.2824 0.1611
vn 0.9296 0.3523 -0.1086
vn 0.9179 0.2144 -0.3338
vn 0.9079 0.3754 0.1867
vn 0.8553 0.2965 0.4248
vn 0.7463 0.3887 0.5403
vn 0.8521 0.4835 0.2004
vn 0.8737 0.4406 -0.2061
vn 0.8234 0.2545 -0.5072
vn 0.9878 0.0556 -0.1456
vn 0.9790 0.0283 -0.2019
vn 0.9504 0.0820 -0.3001
vn 0.9082 0.1426 -0.3935
vn 0.9265 0.0280 -0.3751
vn 0.9597 0.0062 -0.2808
vn 0.0911 0.0030 0.9958
vn 0.0098 0.0034 0.9999
vn 0.6952 -0.0004 0.7188
vn 0.5294 0.0582 0.8463
vn 0.7980 -0.0029 0.6026
vn 0.4928 -0.0479 0.8688
vn 0.4493 0.1088 0.8867
vn 0.3765 -0.2186 0.9003
vn 0.2835 -0.0955 0.9542
vn 0.3103 0.0140 0.9505
vn 0.3662 -0.2088 -0.9068
vn 0.2273 -0.1468 -0.9627
vn 0.1582 -0.2814 -0.9464
vn 0.3891 -0.0697 -0.9186
vn 0.2829 -0.0244 -0.9588
vn 0.4071 0.0567 -0.9116
vn 0.2706 -0.1095 -0.9564
vn 0.3124 0.0031 -0.9499
vn 0.4894 0.1592 -0.8574
vn 0.4270 0.0974 -0.8990
vn 0.1622 -0.2149 -0.9631
vn 0.0566 -0.4047 -0.9127
vn 0.2609 -0.2936 -0.9196
vn 0.4627 -0.0273 -0.8861
vn 0.3353 -0.4879 -0.8059
vn 0.6274 -0.0977 -0.7726
vn 0.5766 -0.0158 -0.8169
vn 0.6155 0.1103 -0.7804
vn 0.6776 0.3129 -0.6655
vn 0.5776 0.3241 -0.7492
vn 0.5079 0.2248 -0.8316
vn 0.6211 0.1886 -0.7607
vn 0.4013 -0.1881 -0.8964
vn 0.2641 -0.5050 -0.8217
vn 0.0828 -0.5793 -0.8109
vn 0.1154 -0.4070 -0.9061
vn 0.7917 -0.0001 -0.6110
vn 0.7298 0.0781 -0.6792
vn 0.9525 -0.0142 -0.3044
vn 0.8720 -0.0283 -0.4887
vn 0.8671 -0.1043 -0.4872
vn 0.7517 0.0928 -0.6529
vn 0.8868 -0.1356 -0.4418
vn 0.6087 -0.1560 -0.7779
vn 0.9496 0.0110 -0.3131
vn 0.9651 0.0381 0.2589
vn 0.9590 -0.2625 0.1065
vn 0.7979 -0.1065 0.5933
vn 0.6455 0.0738 0.7602
vn 0.4863 -0.0793 0.8702
vn 0.8111 -0.3435 -0.4733
vn 0.7773 -0.4205 0.4681
vn 0.5723 -0.2778 0.7716
vn 0.6231 -0.4909 -0.6089
vn 0.4774 -0.3548 -0.8039
vn 0.8245 -0.5625 -0.0614
vn 0.3514 -0.2839 0.8921
vn 0.5953 -0.7153 -0.3661
vn 0.6241 -0.7728 0.1151
vn 0.5506 -0.6682 0.5004
vn 0.4017 -0.4958 0.7699
vn 0.3610 -0.7035 -0.6121
vn 0.1661 -0.4594 0.8725
vn 0.3395 -0.9361 -0.0916
vn 0.2533 -0.7740 0.5802
vn 0.9606 0.2545 -0.1115
vn 0.8137 0.2435 0.5279
vn 0.5030 0.1936 0.8423
vn 0.3267 0.0422 0.9442
vn 0.2745 -0.1012 0.9562
vn 0.1141 -0.2226 0.9682
vn -0.0401 -0.3758 0.9258
vn -0.0926 -0.6599 0.7456
vn 0.0555 -0.9630 0.2636
vn -0.0187 -0.9407 -0.3387
vn 0.0338 -0.7722 -0.6345
vn 0.7935 0.5367 -0.2870
vn 0.7116 0.4842 -0.5090
vn 0.6716 0.4125 -0.6154
vn 0.7983 0.5834 -0.1495
vn 0.8124 0.5805 0.0553
vn 0.7602 0.5586 0.3317
vn 0.8045 0.5393 0.2489
vn 0.6818 0.4928 0.5406
vn 0.5649 0.4500 0.6917
vn 0.5410 0.3953 0.7423
vn 0.8230 0.4050 -0.3983
vn 0.6767 0.3863 0.6268
vn 0.4535 0.2870 0.8438
vn 0.8835 0.4249 0.1973
vn 0.4178 0.2680 0.8681
vn 0.0450 -0.6898 0.7226
vn -0.3003 -0.7227 0.6226
vn -0.1867 -0.5190 0.8342
vn 0.0733 -0.9788 0.1912
vn -0.3689 -0.8530 0.3693
vn -0.3454 -0.9379 -0.0320
vn 0.2024 -0.8660 -0.4573
vn -0.2770 -0.8923 -0.3564
vn -0.1480 -0.7470 -0.6482
vn -0.0051 -0.5962 -0.8028
vn -0.2941 -0.6028 0.7417
vn -0.4004 -0.8165 0.4160
vn -0.4077 -0.9131 -0.0103
vn -0.1575 -0.6641 -0.7308
vn -0.3046 -0.8653 -0.3982
vn -0.2263 -0.9466 0.2298
vn 0.1028 -0.3845 0.9174
vn -0.1434 -0.3212 0.9361
vn -0.0698 -0.3073 0.9490
vn 0.3293 0.1340 0.9347
vn 0.1188 0.0138 0.9928
vn 0.2358 0.1446 0.9610
vn 0.0180 -0.1225 0.9923
vn 0.1576 0.0617 0.9856
vn 0.2868 0.1598 0.9446
vn 0.1063 -0.0473 0.9932
vn -0.0195 -0.1446 0.9893
vn -0.6706 0.0467 -0.7404
vn -0.6172 0.1028 -0.7800
vn -0.5901 0.0461 -0.8060
vn -0.5573 0.1110 -0.8228
vn -0.5110 0.0463 -0.8583
vn -0.4852 0.0885 -0.8699
vn -0.5026 0.1326 -0.8543
vn -0.6760 0.1116 -0.7284
vn -0.5263 0.0133 -0.8502
vn -0.4878 0.0115 -0.8729
vn -0.5655 0.0102 -0.8247
vn -0.6091 0.0124 -0.7930
vn -0.6502 0.0102 -0.7597
vn -0.4288 0.0469 -0.9022
vn -0.4233 0.1323 -0.8963
vn -0.4037 0.0928 -0.9102
vn -0.3468 0.0490 -0.9367
vn -0.3400 0.1535 -0.9278
vn -0.3270 0.0947 -0.9403
vn -0.3570 0.0142 -0.9340
vn -0.3149 0.0127 -0.9490
vn -0.4013 0.0104 -0.9159
vn -0.4493 0.0128 -0.8933
vn -0.4426 0.1728 -0.8799
vn -0.4930 0.1912 -0.8488
vn -0.4332 0.2270 -0.8722
vn -0.4907 0.2562 -0.8328
vn -0.3862 0.1969 -0.9011
vn -0.4074 0.2773 -0.8701
vn -0.3364 0.2331 -0.9124
vn -0.3199 0.2910 -0.9016
vn -0.6225 0.1686 -0.7642
vn -0.6382 0.2378 -0.7322
vn -0.5930 0.2447 -0.7671
vn -0.5522 0.1849 -0.8129
vn -0.5482 0.2530 -0.7971
vn -0.2610 0.0516 -0.9639
vn -0.2673 0.1152 -0.9567
vn -0.1979 0.1161 -0.9733
vn -0.1788 0.0527 -0.9825
vn -0.2682 0.1783 -0.9467
vn -0.2604 0.0161 -0.9654
vn -0.1774 0.0164 -0.9840
vn -0.1146 0.1087 -0.9874
vn -0.0942 0.0537 -0.9941
vn -0.1347 0.1720 -0.9759
vn -0.0673 0.1759 -0.9821
vn -0.0954 0.0225 -0.9952
vn -0.1385 0.2390 -0.9611
vn -0.1556 0.3038 -0.9400
vn -0.0752 0.2378 -0.9684
vn -0.0771 0.3058 -0.9490
vn -0.1971 0.1869 -0.9624
vn -0.2040 0.2445 -0.9480
vn -0.2671 0.2327 -0.9352
vn -0.2385 0.2985 -0.9241
vn -0.6374 0.3134 -0.7039
vn -0.5456 0.3112 -0.7781
vn -0.5910 0.3544 -0.7246
vn -0.5275 0.3843 -0.7576
vn -0.4679 0.3258 -0.8216
vn -0.4580 0.3932 -0.7973
vn -0.3889 0.3367 -0.8575
vn -0.4015 0.3921 -0.8277
vn -0.3177 0.3905 -0.8640
vn -0.3045 0.3450 -0.8879
vn -0.3472 0.4454 -0.8253
vn -0.2784 0.4543 -0.8463
vn -0.4046 0.4672 -0.7861
vn -0.4560 0.4976 -0.7378
vn -0.3873 0.5534 -0.7374
vn -0.3451 0.5213 -0.7805
vn -0.2917 0.5070 -0.8111
vn -0.4507 0.5543 -0.6997
vn -0.3370 0.6004 -0.7252
vn -0.2831 0.5664 -0.7740
vn -0.5966 0.4305 -0.6773
vn -0.4999 0.4527 -0.7384
vn -0.5624 0.5014 -0.6575
vn -0.5319 0.5515 -0.6426
vn -0.2323 0.3619 -0.9028
vn -0.2238 0.4276 -0.8758
vn -0.1557 0.3656 -0.9177
vn -0.1444 0.4210 -0.8955
vn -0.0765 0.3691 -0.9262
vn -0.0667 0.4256 -0.9024
vn -0.1615 0.4724 -0.8664
vn -0.1420 0.5319 -0.8348
vn -0.0867 0.4769 -0.8746
vn -0.0655 0.5383 -0.8402
vn -0.1493 0.5908 -0.7929
vn -0.0655 0.5932 -0.8024
vn -0.2201 0.5023 -0.8362
vn -0.2217 0.5588 -0.7991
vn -0.0851 0.0575 0.9947
vn -0.0813 0.1163 0.9899
vn -0.1666 0.0542 0.9845
vn -0.1748 0.0964 0.9799
vn -0.1453 0.1537 0.9774
vn -0.1352 0.0101 0.9908
vn -0.2045 0.0152 0.9787
vn -0.0668 0.0144 0.9977
vn -0.2572 0.0560 0.9647
vn -0.2640 0.1027 0.9590
vn -0.2090 0.1465 0.9669
vn -0.3406 0.1203 0.9325
vn -0.3416 0.0686 0.9373
vn -0.2783 0.1687 0.9456
vn -0.2852 0.0198 0.9583
vn -0.3620 0.0257 0.9318
vn -0.1986 0.2040 0.9586
vn -0.1472 0.2423 0.9590
vn -0.2362 0.2466 0.9399
vn -0.2951 0.2400 0.9248
vn -0.1734 0.3089 0.9352
vn -0.2484 0.3038 0.9198
vn -0.3172 0.3167 0.8939
vn -0.3614 0.2509 0.8980
vn -0.3389 0.1954 0.9203
vn -0.0663 0.2555 0.9645
vn -0.0808 0.1903 0.9784
vn -0.0985 0.3190 0.9426
vn -0.4304 0.0518 0.9011
vn -0.4258 0.1072 0.8985
vn -0.4941 0.1081 0.8627
vn -0.5086 0.0497 0.8596
vn -0.4699 0.0136 0.8826
vn -0.5111 0.0090 0.8595
vn -0.4253 0.0110 0.9050
vn -0.5497 0.1173 0.8271
vn -0.5882 0.0492 0.8072
vn -0.6090 0.1018 0.7866
vn -0.6567 0.1039 0.7470
vn -0.6484 0.0497 0.7597
vn -0.6423 0.0195 0.7662
vn -0.5966 0.0092 0.8025
vn -0.5522 0.0130 0.8336
vn -0.4815 0.1626 0.8612
vn -0.5177 0.2099 0.8294
vn -0.5859 0.1783 0.7905
vn -0.5428 0.2522 0.8011
vn -0.6357 0.1838 0.7497
vn -0.6073 0.2664 0.7484
vn -0.4440 0.2684 0.8549
vn -0.6664 0.2585 0.6994
vn -0.6726 0.2227 0.7057
vn -0.3998 0.1747 0.8998
vn -0.4415 0.2175 0.8705
vn -0.0881 0.3990 0.9127
vn -0.1694 0.3719 0.9127
vn -0.1573 0.4553 0.8763
vn -0.0839 0.4757 0.8756
vn -0.2015 0.4182 0.8857
vn -0.2441 0.3579 0.9013
vn -0.2695 0.4028 0.8747
vn -0.3386 0.3721 0.8643
vn -0.1555 0.5182 0.8410
vn -0.2221 0.5238 0.8224
vn -0.1527 0.5736 0.8048
vn -0.2388 0.4647 0.8527
vn -0.2393 0.5863 0.7740
vn -0.2974 0.5125 0.8055
vn -0.3178 0.4388 0.8405
vn -0.3051 0.5841 0.7522
vn -0.1709 0.6304 0.7572
vn -0.0750 0.5530 0.8298
vn -0.0845 0.6177 0.7819
vn -0.3895 0.3202 0.8636
vn -0.3878 0.4108 0.8252
vn -0.4567 0.3284 0.8268
vn -0.4510 0.4072 0.7942
vn -0.4933 0.3617 0.7911
vn -0.5379 0.3023 0.7869
vn -0.5731 0.3487 0.7416
vn -0.5474 0.4012 0.7344
vn -0.6438 0.3726 0.6683
vn -0.6547 0.3133 0.6879
vn -0.4296 0.4803 0.7647
vn -0.4872 0.4625 0.7408
vn -0.4418 0.5456 0.7121
vn -0.5207 0.5239 0.6741
vn -0.5554 0.4654 0.6891
vn -0.6189 0.4231 0.6618
vn -0.3657 0.4972 0.7868
vn -0.3761 0.5608 0.7376
vn -0.6982 0.0460 0.7144
vn -0.7064 0.1055 0.6999
vn -0.7538 0.0492 0.6553
vn -0.7564 0.1117 0.6445
vn -0.8039 0.0523 0.5924
vn -0.6847 0.0102 0.7288
vn -0.7878 0.1648 0.5935
vn -0.8211 0.1051 0.5610
vn -0.8032 0.0138 0.5955
vn -0.7679 0.0093 0.6405
vn -0.7262 0.0111 0.6874
vn -0.8537 0.0524 0.5181
vn -0.8745 0.1099 0.4725
vn -0.9016 0.0511 0.4295
vn -0.8343 0.0144 0.5512
vn -0.8412 0.1751 0.5117
vn -0.8869 0.1825 0.4243
vn -0.9162 0.1111 0.3849
vn -0.8663 0.0129 0.4994
vn -0.9023 0.0127 0.4310
vn -0.7790 0.2300 0.5833
vn -0.8300 0.2410 0.5030
vn -0.8740 0.2525 0.4151
vn -0.7647 0.2982 0.5712
vn -0.8119 0.3056 0.4975
vn -0.8568 0.3147 0.4086
vn -0.6960 0.1651 0.6988
vn -0.7344 0.1902 0.6515
vn -0.7218 0.2627 0.6403
vn -0.9418 0.0774 0.3272
vn -0.9356 0.0297 0.3519
vn -0.9425 0.1465 0.3004
vn -0.9614 0.0508 0.2706
vn -0.9684 0.1157 0.2211
vn -0.9179 0.1863 0.3504
vn -0.9563 0.1936 0.2193
vn -0.9780 0.0577 0.2003
vn -0.9862 0.1155 0.1189
vn -0.9916 0.0566 0.1160
vn -0.9934 0.1137 0.0155
vn -0.9983 0.0559 0.0140
vn -0.9733 0.1950 0.1207
vn -0.9852 0.1706 0.0151
vn -0.9377 0.2719 0.2164
vn -0.9538 0.2759 0.1194
vn -0.9732 0.2282 0.0293
vn -0.9564 0.2899 0.0363
vn -0.9193 0.3597 0.1595
vn -0.9293 0.3637 0.0634
vn -0.9459 0.3219 -0.0419
vn -0.9706 0.2352 -0.0512
vn -0.9201 0.2308 0.3165
vn -0.9015 0.2953 0.3164
vn -0.9056 0.3519 0.2369
vn -0.9927 0.0903 -0.0797
vn -0.9941 0.0469 -0.0977
vn -0.9837 0.1518 -0.0961
vn -0.9786 0.0919 -0.1841
vn -0.9810 0.0319 -0.1914
vn -0.9657 0.1671 -0.1989
vn -0.9613 0.0425 -0.2723
vn -0.9598 0.0930 -0.2648
vn -0.9419 0.1821 -0.2823
vn -0.9384 0.1026 -0.3299
vn -0.9384 0.0302 -0.3443
vn -0.9108 0.0771 -0.4057
vn -0.9062 0.0356 -0.4214
vn -0.8971 0.1259 -0.4235
vn -0.9193 0.1837 -0.3482
vn -0.9431 0.2501 -0.2192
vn -0.9219 0.2803 -0.2675
vn -0.9019 0.2509 -0.3515
vn -0.8840 0.3176 -0.3430
vn -0.8909 0.2003 -0.4076
vn -0.9390 0.3145 -0.1393
vn -0.9105 0.3534 -0.2147
vn -0.8595 0.2678 -0.4353
vn -0.9616 0.2364 -0.1397
vn -0.8649 0.0558 -0.4988
vn -0.8485 0.1187 -0.5157
vn -0.8101 0.0536 -0.5838
vn -0.7929 0.1155 -0.5983
vn -0.8359 0.0129 -0.5487
vn -0.7933 0.0194 -0.6085
vn -0.8731 0.0107 -0.4875
vn -0.7445 0.0498 -0.6657
vn -0.7289 0.1039 -0.6767
vn -0.6971 0.0131 -0.7169
vn -0.7473 0.0079 -0.6644
vn -0.7625 0.1764 -0.6225
vn -0.7580 0.2498 -0.6025
vn -0.6982 0.1892 -0.6904
vn -0.6865 0.2615 -0.6785
vn -0.8623 0.1930 -0.4682
vn -0.8226 0.1979 -0.5330
vn -0.8147 0.2544 -0.5211
vn -0.8029 0.3121 -0.5078
vn -0.7059 0.3335 0.6248
vn -0.6986 0.4118 0.5851
vn -0.7470 0.3536 0.5630
vn -0.7581 0.4064 0.5100
vn -0.7996 0.3658 0.4763
vn -0.7864 0.4520 0.4210
vn -0.8375 0.3788 0.3938
vn -0.8205 0.4378 0.3676
vn -0.6933 0.5245 0.4942
vn -0.6345 0.5722 0.5196
vn -0.6650 0.5968 0.4490
vn -0.7220 0.5458 0.4253
vn -0.7388 0.4710 0.4820
vn -0.7652 0.5169 0.3837
vn -0.6880 0.6171 0.3820
vn -0.7431 0.5745 0.3430
vn -0.6839 0.4787 0.5505
vn -0.8060 0.5014 0.3145
vn -0.6270 0.4808 0.6129
vn -0.6088 0.5447 0.5767
vn -0.8779 0.3645 0.3105
vn -0.8472 0.4397 0.2984
vn -0.8733 0.4296 0.2298
vn -0.8313 0.5080 0.2255
vn -0.8438 0.5150 0.1508
vn -0.8856 0.4380 0.1545
vn -0.8945 0.4427 0.0627
vn -0.8514 0.5211 0.0602
vn -0.8741 0.4846 -0.0340
vn -0.9149 0.4021 -0.0358
vn -0.8026 0.5763 0.1543
vn -0.7542 0.6218 0.2110
vn -0.7657 0.6357 0.0980
vn -0.8115 0.5811 0.0614
vn -0.7777 0.6285 0.0135
vn -0.7206 0.6765 0.1519
vn -0.7488 0.6622 -0.0285
vn -0.8266 0.5616 -0.0362
vn -0.7818 0.5636 0.2667
vn -0.7152 0.6316 0.2994
vn -0.9085 0.4013 -0.1166
vn -0.8692 0.4830 -0.1056
vn -0.8624 0.4741 -0.1774
vn -0.8919 0.4095 -0.1919
vn -0.8631 0.4250 -0.2727
vn -0.8807 0.3601 -0.3076
vn -0.8384 0.4045 -0.3653
vn -0.8354 0.4890 -0.2508
vn -0.8104 0.4847 -0.3293
vn -0.8448 0.3293 -0.4217
vn -0.8076 0.5445 -0.2266
vn -0.7653 0.6158 -0.1875
vn -0.7603 0.5918 -0.2679
vn -0.7709 0.5382 -0.3407
vn -0.7231 0.5948 -0.3511
vn -0.7238 0.6760 -0.1386
vn -0.7168 0.6608 -0.2223
vn -0.6965 0.6480 -0.3082
vn -0.7824 0.4632 -0.4164
vn -0.7785 0.6217 -0.0863
vn -0.8207 0.5568 -0.1285
vn -0.8072 0.3882 -0.4447
vn -0.7712 0.3817 -0.5095
vn -0.7589 0.3277 -0.5627
vn -0.7437 0.4385 -0.5047
vn -0.7229 0.3751 -0.5803
vn -0.7114 0.3113 -0.6301
vn -0.6589 0.3779 -0.6504
vn -0.7101 0.4849 -0.5104
vn -0.6819 0.4273 -0.5936
vn -0.6460 0.4921 -0.5836
vn -0.6321 0.5502 -0.5456
vn -0.6736 0.5580 -0.4846
vn -0.6982 0.5739 -0.4280
vn -0.7435 0.5181 -0.4228
vn -0.5770 0.6028 -0.5511
vn -0.5173 0.6138 -0.5964
vn -0.4482 0.6116 -0.6520
vn -0.4916 0.6601 -0.5680
vn -0.6397 0.5958 -0.4856
vn -0.4097 0.6897 -0.5971
vn -0.3848 0.6322 -0.6725
vn -0.3384 0.7121 -0.6151
vn -0.3096 0.6679 -0.6768
vn -0.2813 0.6259 -0.7274
vn -0.4748 0.7135 -0.5153
vn -0.5342 0.7355 -0.4166
vn -0.4201 0.7490 -0.5123
vn -0.4689 0.7736 -0.4262
vn -0.3781 0.8101 -0.4480
vn -0.3660 0.7742 -0.5163
vn -0.5318 0.6958 -0.4828
vn -0.3107 0.7634 -0.5662
vn -0.6584 0.6288 -0.4137
vn -0.5792 0.6509 -0.4908
vn -0.6103 0.6790 -0.4079
vn -0.2513 0.7289 -0.6368
vn -0.2138 0.6739 -0.7072
vn -0.2050 0.6253 -0.7530
vn -0.1582 0.7266 -0.6686
vn -0.1432 0.6887 -0.7107
vn -0.1650 0.7726 -0.6131
vn -0.1135 0.6452 -0.7555
vn -0.0704 0.6969 -0.7137
vn -0.0886 0.7437 -0.6626
vn -0.1532 0.8233 -0.5466
vn -0.1811 0.8735 -0.4519
vn -0.1076 0.8731 -0.4755
vn -0.0838 0.8264 -0.5568
vn -0.0750 0.7872 -0.6121
vn -0.2220 0.8360 -0.5019
vn -0.2918 0.8069 -0.5136
vn -0.2785 0.8519 -0.4435
vn -0.2245 0.7896 -0.5710
vn -0.6529 0.7206 -0.2335
vn -0.6322 0.7014 -0.3292
vn -0.5819 0.7518 -0.3102
vn -0.5997 0.7733 -0.2059
vn -0.5231 0.7846 -0.3328
vn -0.4560 0.8161 -0.3551
vn -0.4750 0.8429 -0.2529
vn -0.5384 0.8089 -0.2362
vn -0.4063 0.8658 -0.2921
vn -0.3697 0.8443 -0.3878
vn -0.4240 0.8916 -0.1586
vn -0.5599 0.8170 -0.1379
vn -0.4905 0.8608 -0.1357
vn -0.5688 0.8216 -0.0393
vn -0.4772 0.8776 -0.0459
vn -0.6263 0.7699 -0.1224
vn -0.3853 0.9215 -0.0488
vn -0.7062 0.7070 -0.0384
vn -0.6770 0.7226 -0.1397
vn -0.6511 0.7583 -0.0338
vn -0.3202 0.8880 -0.3299
vn -0.3538 0.9046 -0.2376
vn -0.2596 0.8854 -0.3855
vn -0.2477 0.9246 -0.2896
vn -0.3211 0.9329 -0.1634
vn -0.1655 0.9103 -0.3796
vn -0.0864 0.9093 -0.4070
vn -0.1723 0.9457 -0.2755
vn -0.0872 0.9449 -0.3156
vn -0.1143 0.9706 -0.2120
vn -0.2272 0.9597 -0.1654
vn -0.1392 0.9848 -0.1039
vn -0.2046 0.9779 -0.0431
vn -0.1382 0.9903 -0.0110
vn -0.0646 0.9888 -0.1349
vn -0.0671 0.9975 -0.0200
vn -0.2837 0.9578 -0.0458
vn -0.7074 0.7044 0.0579
vn -0.6693 0.7266 0.1552
vn -0.6332 0.7716 0.0598
vn -0.5924 0.7933 0.1408
vn -0.6164 0.7575 0.2151
vn -0.5606 0.8259 0.0608
vn -0.4980 0.8579 0.1263
vn -0.5343 0.8164 0.2192
vn -0.5040 0.8630 0.0359
vn -0.4450 0.8652 0.2310
vn -0.4321 0.9009 0.0414
vn -0.4030 0.9059 0.1303
vn -0.5423 0.7792 0.3141
vn -0.5379 0.7412 0.4016
vn -0.4721 0.7959 0.3789
vn -0.4743 0.8267 0.3027
vn -0.3847 0.8564 0.3444
vn -0.4003 0.8068 0.4346
vn -0.6002 0.7399 0.3038
vn -0.6556 0.6761 0.3364
vn -0.6837 0.6863 0.2480
vn -0.5969 0.7031 0.3864
vn -0.3346 0.9414 0.0428
vn -0.3081 0.9419 0.1338
vn -0.3719 0.8975 0.2370
vn -0.3086 0.9216 0.2354
vn -0.2249 0.9718 0.0706
vn -0.2246 0.9556 0.1908
vn -0.1527 0.9705 0.1868
vn -0.1384 0.9873 0.0777
vn -0.0516 0.9853 0.1629
vn -0.0864 0.9701 0.2270
vn -0.2258 0.9296 0.2912
vn -0.1881 0.9121 0.3642
vn -0.1190 0.9454 0.3034
vn -0.0790 0.9148 0.3961
vn -0.1211 0.8897 0.4403
vn -0.2075 0.8738 0.4398
vn -0.3107 0.8941 0.3225
vn -0.2819 0.8769 0.3894
vn -0.3402 0.8264 0.4487
vn -0.2723 0.8360 0.4765
vn -0.6184 0.6613 0.4245
vn -0.5884 0.6410 0.4929
vn -0.5310 0.6970 0.4819
vn -0.5030 0.6630 0.5544
vn -0.5403 0.6142 0.5752
vn -0.4844 0.7450 0.4586
vn -0.4426 0.7223 0.5314
vn -0.4523 0.6760 0.5817
vn -0.4302 0.7671 0.4759
vn -0.3896 0.6962 0.6029
vn -0.3544 0.7674 0.5343
vn -0.3213 0.7105 0.6260
vn -0.4686 0.6055 0.6433
vn -0.4144 0.6243 0.6622
vn -0.3579 0.6176 0.7003
vn -0.3292 0.6544 0.6807
vn -0.5441 0.5585 0.6261
vn -0.2727 0.7589 0.5913
vn -0.2636 0.8044 0.5325
vn -0.1833 0.7745 0.6055
vn -0.1731 0.8350 0.5223
vn -0.1002 0.7835 0.6133
vn -0.0809 0.8464 0.5264
vn -0.1627 0.7088 0.6864
vn -0.0951 0.6741 0.7324
vn -0.0671 0.7271 0.6832
vn -0.2503 0.6579 0.7103
vn -0.2398 0.7139 0.6579
vn -0.6660 -0.0128 -0.7458
vn -0.6500 -0.0476 -0.7584
vn -0.7371 -0.0322 -0.6750
vn -0.7037 -0.0136 -0.7104
vn -0.6979 -0.0845 -0.7112
vn -0.6953 -0.2199 -0.6843
vn -0.6096 -0.3300 -0.7208
vn -0.7657 -0.3455 -0.5425
vn -0.7855 -0.0858 -0.6129
vn -0.6973 -0.1430 -0.7024
vn -0.7961 -0.1494 -0.5865
vn -0.8098 -0.2425 -0.5342
vn -0.7814 -0.0179 -0.6237
vn -0.8756 -0.3763 -0.3030
vn -0.5486 -0.4784 -0.6856
vn -0.7400 -0.4940 -0.4564
vn -0.8404 -0.4990 -0.2113
vn -0.8642 -0.5027 0.0210
vn -0.8898 -0.2675 -0.3699
vn -0.8753 -0.1805 -0.4485
vn -0.8439 -0.0849 -0.5297
vn -0.8121 -0.0212 -0.5831
vn -0.9225 -0.1680 0.3476
vn -0.8889 -0.2497 0.3840
vn -0.8152 -0.2794 0.5074
vn -0.7230 -0.3699 0.5835
vn -0.9409 -0.0948 0.3251
vn -0.8814 -0.1913 0.4319
vn -0.9644 -0.0275 0.2630
vn -0.9333 -0.0224 0.3585
vn -0.9097 -0.0964 0.4040
vn -0.6890 -0.4763 0.5463
vn -0.8135 -0.3529 0.4623
vn -0.8903 -0.2105 0.4037
vn -0.5732 -0.4776 0.6658
vn -0.3899 -0.5585 0.7322
vn -0.5342 -0.6412 0.5509
vn -0.6354 -0.7042 0.3167
vn -0.7983 -0.5125 0.3163
vn -0.8841 -0.3453 0.3149
vn -0.8819 -0.0980 0.4611
vn -0.9038 -0.0237 0.4273
vn -0.8463 -0.0215 -0.5323
vn -0.8947 -0.4323 -0.1126
vn -0.9021 -0.3278 -0.2806
vn -0.8871 -0.0993 -0.4507
vn -0.8831 -0.0223 -0.4686
vn -0.8827 -0.2221 -0.4141
vn -0.8371 -0.5064 -0.2071
vn -0.8641 -0.3540 -0.3578
vn -0.7753 -0.6013 0.1935
vn -0.7436 -0.6686 -0.0088
vn -0.6529 -0.7008 -0.2873
vn -0.7500 -0.5099 -0.4213
vn -0.9249 -0.1131 -0.3629
vn -0.9185 -0.0531 -0.3918
vn -0.9242 -0.0088 -0.3817
vn -0.9692 -0.2346 0.0747
vn -0.9346 -0.3544 -0.0308
vn -0.9037 -0.3602 0.2315
vn -0.9960 -0.0736 0.0512
vn -0.9891 -0.1458 0.0192
vn -0.9710 -0.1517 0.1846
vn -0.9964 -0.0191 0.0829
vn -0.9833 -0.0423 0.1770
vn -0.9769 -0.0933 0.1922
vn -0.9423 -0.2372 0.2363
vn -0.8221 -0.3607 0.4406
vn -0.9998 -0.0171 -0.0077
vn -0.8535 -0.5069 0.1210
vn -0.7334 -0.4914 0.4697
vn -0.8163 -0.0413 0.5761
vn -0.8120 -0.1349 0.5678
vn -0.7651 -0.0323 0.6430
vn -0.8896 -0.2696 0.3687
vn -0.7872 -0.2282 0.5729
vn -0.8931 -0.3837 0.2346
vn -0.8283 -0.3511 0.4367
vn -0.7157 -0.0709 0.6948
vn -0.7292 -0.0124 0.6842
vn -0.7184 -0.1407 0.6812
vn -0.7180 -0.3366 0.6092
vn -0.6913 -0.0163 0.7224
vn -0.6609 -0.2204 0.7173
vn -0.8552 -0.5157 0.0520
vn -0.8200 -0.4921 0.2924
vn -0.7087 -0.4914 0.5063
vn -0.5062 -0.4729 0.7212
vn -0.5558 -0.3298 0.7631
vn -0.6154 -0.1375 0.7761
vn -0.6322 -0.0744 0.7712
vn -0.6494 -0.0203 0.7602
vn -0.2148 -0.0143 -0.9766
vn -0.2533 -0.0576 -0.9657
vn -0.2893 -0.0185 -0.9571
vn -0.2324 -0.0847 -0.9689
vn -0.3293 -0.0923 -0.9397
vn -0.2931 -0.1574 -0.9430
vn -0.3840 -0.2483 -0.8893
vn -0.4801 -0.3542 -0.8025
vn -0.4676 -0.4666 -0.7507
vn -0.3931 -0.3545 -0.8484
vn -0.3179 -0.2013 -0.9265
vn -0.1510 -0.0178 -0.9884
vn -0.1406 -0.0741 -0.9873
vn -0.5934 -0.4779 -0.6477
vn -0.6727 -0.5836 -0.4547
vn -0.4640 -0.6450 -0.6072
vn -0.1444 -0.6359 -0.7582
vn -0.2661 -0.4768 -0.8377
vn -0.2512 -0.3150 -0.9152
vn -0.3435 -0.0171 -0.9390
vn -0.8815 -0.0230 0.4716
vn -0.8725 -0.4775 0.1038
vn -0.8556 -0.0215 0.5172
vn -0.8768 -0.1512 0.4565
vn -0.8296 -0.0124 0.5582
vn -0.7519 -0.6573 0.0514
vn -0.8229 -0.5582 -0.1058
vn -0.1833 -0.3233 -0.9284
vn -0.0788 -0.0240 -0.9966
vn -0.1387 -0.1328 -0.9814
vn -0.2119 -0.2158 -0.9532
vn -0.3769 -0.3271 -0.8666
vn -0.4072 -0.4768 -0.7790
vn -0.9108 -0.2492 -0.3291
vn -0.7568 -0.3616 -0.5445
vn -0.8870 -0.3519 -0.2989
vn -0.9740 -0.0771 -0.2128
vn -0.9355 -0.1658 -0.3119
vn -0.9778 -0.1532 -0.1432
vn -0.9825 -0.0196 -0.1852
vn -0.9941 -0.0728 -0.0802
vn -0.9953 -0.0230 -0.0944
vn -0.9641 -0.2349 -0.1240
vn -0.5834 -0.4777 -0.6569
vn -0.7372 -0.4812 -0.4744
vn -0.8368 -0.4990 -0.2255
vn -0.9995 -0.0149 -0.0276
vn -0.4837 -0.0393 -0.8744
vn -0.5617 -0.0524 -0.8257
vn -0.5565 -0.0095 -0.8308
vn -0.4735 -0.1254 -0.8718
vn -0.4080 -0.2300 -0.8835
vn -0.1927 -0.3431 -0.9193
vn -0.4181 -0.3258 -0.8480
vn -0.6116 -0.0165 -0.7910
vn -0.5910 -0.1208 -0.7976
vn -0.5633 -0.2159 -0.7975
vn -0.0528 -0.4699 -0.8811
vn -0.2978 -0.4625 -0.8351
vn -0.8021 -0.3391 -0.4915
vn -0.6650 -0.4446 -0.6001
vn -0.8828 -0.1945 -0.4275
vn -0.9540 -0.0446 -0.2966
vn -0.9586 -0.0087 -0.2847
vn -0.8218 -0.2775 -0.4976
vn -0.5450 -0.6373 -0.5448
vn -0.4938 -0.5100 -0.7043
vn -0.3893 -0.0419 -0.9201
vn -0.0944 -0.4202 -0.9025
vn -0.3726 -0.1362 -0.9180
vn -0.2545 -0.2603 -0.9314
vn -0.4493 -0.0194 -0.8932
vn 0.0818 -0.5110 -0.8557
vn -0.1852 -0.0202 0.9825
vn -0.1776 -0.0756 0.9812
vn -0.1006 -0.0441 0.9940
vn -0.1274 -0.0148 0.9917
vn -0.2377 -0.1518 0.9594
vn -0.3743 -0.2502 0.8929
vn -0.1850 -0.2111 0.9598
vn -0.4633 -0.3539 0.8125
vn -0.2995 -0.3235 0.8976
vn -0.0952 -0.1125 0.9891
vn -0.0512 -0.0138 0.9986
vn -0.1243 -0.3120 0.9419
vn -0.5652 -0.4815 0.6699
vn -0.3915 -0.4548 0.7999
vn -0.1877 -0.4611 0.8673
vn -0.3603 -0.3155 0.8778
vn -0.3487 -0.4684 0.8118
vn -0.5320 -0.4589 0.7116
vn -0.3052 -0.0208 0.9521
vn -0.3228 -0.0898 0.9422
vn -0.2494 -0.0211 0.9682
vn -0.3313 -0.1907 0.9240
vn -0.3464 -0.1771 0.9212
vn -0.2640 -0.0823 0.9610
vn -0.3484 -0.0230 0.9371
vn -0.2398 -0.6674 0.7051
vn -0.4795 -0.6272 0.6137
vn -0.6401 -0.5307 0.5555
vn -0.4325 -0.0846 0.8977
vn -0.4334 -0.1511 0.8884
vn -0.3296 -0.1766 0.9275
vn -0.3395 -0.2418 0.9090
vn -0.2531 -0.3461 0.9034
vn -0.0962 -0.3889 0.9162
vn -0.4652 -0.0154 0.8851
vn -0.4244 -0.0210 0.9052
vn -0.2308 -0.2932 0.9278
vn -0.3646 -0.0907 0.9267
vn -0.3858 -0.0211 0.9223
vn -0.1626 -0.4842 0.8597
vn -0.5056 -0.0319 0.8622
vn 0.0051 -0.4652 0.8852
vn 0.1634 -0.5599 0.8123
vn -0.0056 -0.6218 0.7832
vn -0.5795 -0.0469 0.8136
vn -0.5146 -0.2139 0.8303
vn -0.5977 -0.0115 0.8016
vn -0.5181 -0.1172 0.8472
vn -0.4187 -0.3262 0.8475
vn -0.5522 -0.0118 0.8336
vn -0.2376 -0.4653 0.8527
vn -0.6420 0.0010 0.7667
vn -0.2581 0.0023 0.9661
vn -0.3198 0.0024 0.9475
vn -0.9720 0.0084 -0.2348
vn -0.9514 0.0078 -0.3079
vn -0.9333 0.0023 -0.3591
vn -0.9089 0.0067 -0.4170
vn -0.9782 -0.0065 -0.2077
vn -0.9903 -0.0179 -0.1378
vn -0.9613 -0.0645 -0.2678
vn -0.9927 -0.0638 -0.1025
vn -0.9139 -0.1217 -0.3873
vn -0.9741 -0.1503 -0.1692
vn -0.7464 -0.2285 -0.6251
vn -0.0707 0.0037 -0.9975
vn -0.1199 0.0023 -0.9928
vn -0.2198 0.0013 -0.9755
vn -0.9968 -0.0773 0.0208
vn -0.9722 -0.2218 -0.0750
vn -0.9983 -0.0206 0.0537
vn -0.9887 -0.0491 0.1417
vn -0.9304 -0.3639 -0.0444
vn -0.9788 -0.1581 0.1304
vn -0.9131 -0.3733 0.1639
vn -0.9880 -0.0088 0.1541
vn -0.9021 -0.2551 0.3482
vn -0.9626 -0.0723 0.2613
vn -0.7404 -0.5079 -0.4403
vn -0.9658 -0.0133 0.2589
vn -0.9250 -0.0624 0.3749
vn -0.8478 -0.1514 0.5083
vn -0.6002 -0.3417 0.7232
vn -0.6571 -0.6320 0.4108
vn -0.7199 -0.6915 -0.0595
vn -0.8208 -0.0896 0.5642
vn -0.9399 -0.0150 0.3412
vn -0.8559 -0.0609 0.5136
vn -0.8992 -0.0145 0.4373
vn -0.9159 -0.0063 0.4013
vn -0.6918 -0.1513 0.7060
vn -0.8003 0.0012 -0.5996
vn -0.9600 0.0436 0.2765
vn -0.9258 0.0152 0.3777
vn -0.9302 0.0756 0.3592
vn -0.8631 0.1214 0.4903
vn -0.8971 0.0115 0.4418
vn -0.9698 0.1055 0.2201
vn -0.8362 0.2024 0.5097
vn -0.6457 0.2429 0.7239
vn -0.6867 0.1068 0.7190
vn -0.8247 0.0497 0.5633
vn -0.9836 0.1770 -0.0350
vn -0.9624 0.1496 -0.2266
vn -0.9611 0.2722 -0.0460
vn -0.9084 0.2265 -0.3514
vn -0.9296 0.3523 -0.1086
vn -0.9986 0.0489 -0.0192
vn -0.9940 0.0985 -0.0472
vn -0.9793 0.1679 0.1134
vn -0.9951 0.0650 0.0743
vn -0.9457 0.2822 0.1611
vn -0.9079 0.3754 0.1868
vn -0.9867 0.0412 0.1573
vn -0.9419 0.1952 0.2733
vn -0.8553 0.2965 0.4248
vn -0.8191 0.2554 -0.5137
vn -0.8723 0.4440 -0.2050
vn -0.8524 0.4828 0.2008
vn -0.7467 0.3848 0.5427
vn -0.9790 0.0280 -0.2019
vn -0.9878 0.0556 -0.1455
vn -0.9519 0.0775 -0.2965
vn -0.9011 0.1320 -0.4130
vn -0.9597 0.0059 -0.2808
vn -0.9267 0.0267 -0.3748
vn -0.3765 0.0045 0.9264
vn -0.5296 0.0631 0.8459
vn -0.6953 -0.0004 0.7188
vn -0.4907 -0.0487 0.8700
vn -0.8000 -0.0010 0.6000
vn -0.4483 0.1073 0.8874
vn -0.3109 0.0148 0.9503
vn -0.2818 -0.0964 0.9546
vn -0.3895 -0.2059 0.8977
vn -0.3666 -0.2082 -0.9068
vn -0.1577 -0.2816 -0.9465
vn -0.2270 -0.1471 -0.9627
vn -0.0532 -0.4021 -0.9140
vn -0.1626 -0.2151 -0.9630
vn -0.2595 -0.2928 -0.9203
vn -0.3896 -0.0698 -0.9183
vn -0.2828 -0.0244 -0.9589
vn -0.2701 -0.1094 -0.9566
vn -0.4078 0.0556 -0.9114
vn -0.3125 0.0031 -0.9499
vn -0.4622 -0.0291 -0.8863
vn -0.4270 0.0976 -0.8990
vn -0.4907 0.1570 -0.8571
vn -0.3256 -0.4931 -0.8067
vn -0.1154 -0.4070 -0.9061
vn -0.0775 -0.5828 -0.8089
vn -0.2687 -0.4982 -0.8244
vn -0.4038 -0.1836 -0.8962
vn -0.6186 0.1849 -0.7637
vn -0.5073 0.2252 -0.8318
vn -0.5774 0.3250 -0.7489
vn -0.6766 0.3175 -0.6644
vn -0.6167 0.1093 -0.7796
vn -0.5701 -0.0172 -0.8214
vn -0.6216 -0.1162 -0.7746
vn -0.9525 -0.0179 -0.3039
vn -0.8720 -0.0282 -0.4887
vn -0.8662 -0.1050 -0.4885
vn -0.7956 0.0078 -0.6058
vn -0.7213 0.0739 -0.6886
vn -0.7515 0.0935 -0.6530
vn -0.6085 -0.1541 -0.7784
vn -0.8883 -0.1351 -0.4388
vn -0.8102 -0.3434 -0.4750
vn -0.4776 -0.3546 -0.8039
vn -0.6229 -0.4909 -0.6091
vn -0.3610 -0.7036 -0.6121
vn -0.9499 0.0105 -0.3125
vn -0.8200 -0.5688 -0.0634
vn -0.5978 -0.7143 -0.3640
vn -0.3378 -0.9364 -0.0954
vn -0.9590 -0.2625 0.1065
vn -0.9651 0.0384 0.2590
vn -0.6229 -0.7730 0.1205
vn -0.7966 -0.1099 0.5944
vn -0.7753 -0.4240 0.4682
vn -0.5506 -0.6682 0.5004
vn -0.2533 -0.7741 0.5802
vn -0.6449 0.0733 0.7608
vn -0.5688 -0.2811 0.7730
vn -0.4017 -0.4958 0.7699
vn -0.4873 -0.0802 0.8695
vn -0.3509 -0.2854 0.8919
vn -0.1640 -0.4615 0.8719
vn -0.0339 -0.7732 -0.6333
vn 0.0194 -0.9412 -0.3372
vn -0.0580 -0.9628 0.2640
vn 0.0959 -0.6564 0.7483
vn 0.0397 -0.3764 0.9256
vn -0.1155 -0.2220 0.9682
vn -0.2734 -0.1021 0.9565
vn -0.3310 0.0436 0.9426
vn -0.5037 0.1925 0.8422
vn -0.8127 0.2443 0.5289
vn -0.9605 0.2548 -0.1114
vn -0.7116 0.4842 -0.5090
vn -0.7941 0.5360 -0.2867
vn -0.6719 0.4119 -0.6155
vn -0.8235 0.4033 -0.3991
vn -0.7983 0.5834 -0.1495
vn -0.8132 0.5793 0.0548
vn -0.8042 0.5395 0.2494
vn -0.8843 0.4239 0.1956
vn -0.7602 0.5570 0.3344
vn -0.5649 0.4501 0.6916
vn -0.6827 0.4877 0.5441
vn -0.6772 0.3864 0.6262
vn -0.5418 0.3832 0.7481
vn -0.4555 0.2859 0.8431
vn -0.4211 0.2764 0.8639
vn -0.0504 -0.6938 0.7184
vn 0.1916 -0.5178 0.8338
vn 0.3037 -0.7207 0.6232
vn 0.2927 -0.6030 0.7421
vn 0.3689 -0.8529 0.3693
vn -0.0754 -0.9790 0.1895
vn 0.4003 -0.8165 0.4159
vn 0.2260 -0.9466 0.2299
vn 0.3478 -0.9371 -0.0294
vn 0.4076 -0.9131 -0.0103
vn 0.2770 -0.8923 -0.3565
vn -0.2039 -0.8649 -0.4586
vn 0.2994 -0.8670 -0.3982
vn 0.1439 -0.7479 -0.6481
vn 0.1580 -0.6635 -0.7313
vn 0.0051 -0.5962 -0.8028
vn -0.0914 -0.3764 0.9219
vn 0.0699 -0.3073 0.9490
vn 0.1436 -0.3213 0.9360
vn -0.2352 0.1449 0.9611
vn -0.2867 0.1607 0.9445
vn -0.1584 0.0616 0.9855
vn -0.3274 0.1303 0.9359
vn -0.1188 0.0138 0.9928
vn -0.1067 -0.0473 0.9932
vn -0.0181 -0.1200 0.9926
vn 0.0195 -0.1446 0.9893
vn -0.6477 -0.0416 0.7608
vn -0.6455 -0.1057 0.7564
vn -0.5798 -0.0596 0.8126
vn -0.4811 -0.0728 0.8736
vn -0.5013 -0.0334 0.8646
vn -0.5509 -0.1264 0.8249
vn -0.6980 -0.0100 0.7160
vn -0.6397 -0.0075 0.7686
vn -0.6313 -0.1640 0.7580
vn -0.4617 -0.1246 0.8782
vn -0.5333 -0.0099 0.8459
vn -0.5896 -0.0095 0.8076
vn -0.4147 -0.0352 0.9093
vn -0.3879 -0.1083 0.9153
vn -0.3353 -0.0437 0.9411
vn -0.4642 -0.0067 0.8857
vn -0.3301 -0.1641 0.9296
vn -0.3022 -0.1131 0.9465
vn -0.3908 -0.0070 0.9204
vn -0.3163 -0.0107 0.9486
vn -0.4912 -0.1844 0.8513
vn -0.4151 -0.1971 0.8881
vn -0.4621 -0.2607 0.8477
vn -0.3834 -0.2946 0.8753
vn -0.3371 -0.2313 0.9126
vn -0.3262 -0.3126 0.8921
vn -0.6070 -0.2670 0.7485
vn -0.5578 -0.2068 0.8038
vn -0.5371 -0.2698 0.7992
vn -0.6717 -0.2450 0.6991
vn -0.2490 -0.0642 0.9664
vn -0.2206 -0.1360 0.9658
vn -0.2008 -0.0171 0.9795
vn -0.1629 -0.0424 0.9857
vn -0.1442 -0.1215 0.9821
vn -0.2525 -0.0089 0.9676
vn -0.0839 -0.0757 0.9936
vn -0.0721 -0.0256 0.9971
vn -0.0307 -0.1434 0.9892
vn 0.0008 -0.0760 0.9971
vn 0.0332 -0.0259 0.9991
vn -0.1822 -0.2163 0.9592
vn -0.0949 -0.2217 0.9705
vn -0.1749 -0.2990 0.9381
vn -0.0934 -0.3042 0.9480
vn -0.0020 -0.2248 0.9744
vn -0.0097 -0.3031 0.9529
vn -0.2595 -0.2077 0.9431
vn -0.2567 -0.2931 0.9210
vn -0.5372 -0.3268 0.7775
vn -0.5707 -0.3801 0.7279
vn -0.4530 -0.3203 0.8320
vn -0.4782 -0.3854 0.7892
vn -0.6590 -0.3115 0.6846
vn -0.6449 -0.3632 0.6724
vn -0.4018 -0.3757 0.8351
vn -0.3159 -0.3655 0.8755
vn -0.3185 -0.4251 0.8472
vn -0.4017 -0.4929 0.7718
vn -0.4372 -0.5580 0.7053
vn -0.3526 -0.5415 0.7632
vn -0.4100 -0.4406 0.7986
vn -0.3180 -0.4861 0.8140
vn -0.3020 -0.6002 0.7407
vn -0.2573 -0.5366 0.8036
vn -0.5262 -0.4499 0.7216
vn -0.4830 -0.5009 0.7182
vn -0.6279 -0.4705 0.6200
vn -0.5425 -0.5453 0.6390
vn -0.2382 -0.4503 0.8605
vn -0.2274 -0.3724 0.8998
vn -0.1609 -0.4613 0.8726
vn -0.1468 -0.3791 0.9136
vn -0.0856 -0.4654 0.8810
vn -0.0686 -0.3815 0.9218
vn -0.0020 -0.4462 0.8949
vn 0.0102 -0.3788 0.9254
vn -0.1889 -0.5437 0.8178
vn -0.0904 -0.5520 0.8290
vn -0.0079 -0.5204 0.8539
vn -0.0003 -0.5955 0.8033
vn -0.1576 -0.6161 0.7717
vn -0.0851 -0.6400 0.7636
vn -0.2434 -0.6203 0.7457
vn -0.0105 -0.0313 -0.9995
vn 0.0060 -0.0931 -0.9956
vn -0.0818 -0.0836 -0.9931
vn -0.0973 -0.0310 -0.9948
vn -0.1680 -0.0859 -0.9820
vn -0.1793 -0.0270 -0.9834
vn -0.0591 -0.1576 -0.9857
vn -0.1401 -0.1649 -0.9763
vn -0.0650 -0.0069 -0.9979
vn -0.2522 -0.0621 -0.9657
vn -0.2665 -0.0271 -0.9635
vn -0.2704 -0.1218 -0.9550
vn -0.3436 -0.0738 -0.9362
vn -0.3455 -0.0158 -0.9383
vn -0.2143 -0.1660 -0.9626
vn -0.3765 -0.1475 -0.9146
vn -0.1960 -0.2382 -0.9512
vn -0.1398 -0.3092 -0.9407
vn -0.2418 -0.3033 -0.9217
vn -0.2860 -0.2048 -0.9361
vn -0.3113 -0.2845 -0.9067
vn -0.3711 -0.2308 -0.8995
vn 0.0119 -0.2727 -0.9620
vn -0.0590 -0.3165 -0.9467
vn -0.0463 -0.2240 -0.9735
vn -0.1121 -0.2377 -0.9648
vn 0.0271 -0.1903 -0.9814
vn -0.4059 -0.0364 -0.9132
vn -0.4441 -0.0803 -0.8924
vn -0.4734 -0.0174 -0.8807
vn -0.5141 -0.0579 -0.8558
vn -0.4726 -0.1423 -0.8697
vn -0.5128 -0.0069 -0.8585
vn -0.4233 -0.0064 -0.9060
vn -0.5577 -0.1242 -0.8207
vn -0.5769 -0.0348 -0.8161
vn -0.6384 -0.1055 -0.7624
vn -0.6337 -0.0546 -0.7717
vn -0.6217 -0.0064 -0.7833
vn -0.6719 -0.0093 -0.7406
vn -0.5615 -0.0063 -0.8274
vn -0.5111 -0.1997 -0.8360
vn -0.5709 -0.2296 -0.7883
vn -0.4680 -0.2757 -0.8396
vn -0.5946 -0.1802 -0.7835
vn -0.6624 -0.1701 -0.7295
vn -0.6377 -0.2483 -0.7291
vn -0.5651 -0.2887 -0.7728
vn -0.4380 -0.2232 -0.8708
vn -0.3792 -0.3087 -0.8723
vn 0.0099 -0.3584 -0.9335
vn -0.0728 -0.4032 -0.9122
vn 0.0133 -0.4291 -0.9032
vn -0.1561 -0.3602 -0.9197
vn -0.1304 -0.4442 -0.8864
vn -0.1909 -0.4438 -0.8756
vn -0.2382 -0.3866 -0.8910
vn -0.3033 -0.3603 -0.8822
vn -0.3407 -0.3933 -0.8540
vn -0.2643 -0.4702 -0.8421
vn -0.1893 -0.5160 -0.8354
vn -0.2990 -0.5384 -0.7878
vn -0.2104 -0.5643 -0.7983
vn -0.1370 -0.6424 -0.7541
vn -0.2163 -0.6372 -0.7397
vn -0.2896 -0.6109 -0.7368
vn -0.3354 -0.4637 -0.8201
vn -0.0078 -0.4804 -0.8770
vn 0.0316 -0.5323 -0.8460
vn -0.0860 -0.4988 -0.8625
vn -0.0190 -0.5818 -0.8131
vn -0.1003 -0.5683 -0.8167
vn -0.4268 -0.3623 -0.8286
vn -0.4077 -0.4377 -0.8013
vn -0.5011 -0.3322 -0.7991
vn -0.5173 -0.3859 -0.7638
vn -0.6251 -0.3079 -0.7173
vn -0.6011 -0.3852 -0.7002
vn -0.4491 -0.4863 -0.7495
vn -0.5405 -0.4812 -0.6902
vn -0.4268 -0.5806 -0.6933
vn -0.5211 -0.5651 -0.6396
vn -0.3706 -0.5246 -0.7665
vn -0.3582 -0.6008 -0.7146
vn -0.7073 -0.0442 -0.7056
vn -0.7306 -0.1177 -0.6726
vn -0.7639 -0.0814 -0.6402
vn -0.7800 -0.0406 -0.6245
vn -0.8040 -0.1107 -0.5842
vn -0.7741 -0.0129 -0.6329
vn -0.7198 -0.0068 -0.6941
vn -0.8687 -0.0801 -0.4888
vn -0.8368 -0.0529 -0.5449
vn -0.8389 -0.0234 -0.5437
vn -0.8846 -0.0123 -0.4661
vn -0.9094 -0.0349 -0.4144
vn -0.8989 -0.1249 -0.4200
vn -0.8300 -0.1626 -0.5336
vn -0.8696 -0.1727 -0.4626
vn -0.9246 -0.0781 -0.3728
vn -0.8149 -0.2318 -0.5313
vn -0.8463 -0.2559 -0.4672
vn -0.7668 -0.1957 -0.6113
vn -0.7543 -0.2656 -0.6004
vn -0.7905 -0.3057 -0.5307
vn -0.8690 -0.2959 -0.3966
vn -0.8924 -0.2144 -0.3970
vn -0.7022 -0.2135 -0.6793
vn -0.6934 -0.2882 -0.6604
vn -0.9371 -0.1645 -0.3078
vn -0.9458 -0.0355 -0.3228
vn -0.9597 -0.0740 -0.2711
vn -0.9722 -0.1238 -0.1988
vn -0.9600 -0.0572 -0.2742
vn -0.9851 -0.0672 -0.1585
vn -0.9895 -0.1236 -0.0754
vn -0.9892 -0.0712 -0.1284
vn -0.9970 -0.0688 -0.0351
vn -0.9671 -0.1860 -0.1733
vn -0.9807 -0.1850 -0.0637
vn -0.9926 -0.1169 0.0336
vn -0.9380 -0.2585 -0.2311
vn -0.9596 -0.2558 -0.1176
vn -0.9327 -0.3210 -0.1645
vn -0.9426 -0.3277 -0.0636
vn -0.9652 -0.2610 -0.0150
vn -0.9454 -0.3234 0.0397
vn -0.9749 -0.2184 0.0444
vn -0.9145 -0.2456 -0.3215
vn -0.8928 -0.3233 -0.3138
vn -0.9050 -0.3525 -0.2380
vn -0.9952 -0.0443 0.0868
vn -0.9894 -0.0813 0.1200
vn -0.9774 -0.1705 0.1251
vn -0.9762 -0.0466 0.2118
vn -0.9772 -0.0192 0.2113
vn -0.9726 -0.1146 0.2021
vn -0.9473 -0.0776 0.3108
vn -0.9477 -0.1632 0.2743
vn -0.9504 -0.0225 0.3102
vn -0.9149 -0.0462 0.4010
vn -0.9091 -0.1169 0.4000
vn -0.9270 -0.0067 0.3750
vn -0.8957 -0.0110 0.4445
vn -0.9366 -0.2533 0.2420
vn -0.9129 -0.2138 0.3477
vn -0.9048 -0.3343 0.2636
vn -0.8913 -0.2688 0.3652
vn -0.8632 -0.1805 0.4715
vn -0.9555 -0.2561 0.1463
vn -0.9308 -0.3368 0.1419
vn -0.8724 -0.0463 0.4866
vn -0.8613 -0.1123 0.4955
vn -0.8290 -0.0754 0.5542
vn -0.8150 -0.0333 0.5785
vn -0.7969 -0.1627 0.5818
vn -0.7711 -0.0932 0.6298
vn -0.8407 -0.0102 0.5414
vn -0.8679 -0.0107 0.4966
vn -0.7549 -0.0421 0.6545
vn -0.7026 -0.0512 0.7098
vn -0.7209 -0.1313 0.6805
vn -0.8086 -0.0063 0.5883
vn -0.7610 -0.0079 0.6487
vn -0.7167 -0.1983 0.6686
vn -0.7459 -0.2609 0.6128
vn -0.8616 -0.2531 0.4399
vn -0.8139 -0.2461 0.5262
vn -0.8206 -0.3311 0.4659
vn -0.7701 -0.3107 0.5572
vn -0.6785 -0.3501 -0.6458
vn -0.7427 -0.3347 -0.5800
vn -0.7277 -0.3978 -0.5587
vn -0.6515 -0.4308 -0.6245
vn -0.7857 -0.3928 -0.4778
vn -0.8196 -0.3353 -0.4646
vn -0.8437 -0.3718 -0.3873
vn -0.8063 -0.4499 -0.3840
vn -0.7504 -0.4745 -0.4601
vn -0.6888 -0.5315 -0.4930
vn -0.6982 -0.5708 -0.4320
vn -0.7692 -0.5280 -0.3599
vn -0.7095 -0.4588 -0.5348
vn -0.6166 -0.5834 -0.5286
vn -0.7150 -0.5976 -0.3629
vn -0.6268 -0.5110 -0.5882
vn -0.8627 -0.4020 -0.3067
vn -0.8289 -0.4746 -0.2963
vn -0.8717 -0.4327 -0.2302
vn -0.8171 -0.5211 -0.2465
vn -0.8642 -0.4792 -0.1535
vn -0.9038 -0.3984 -0.1562
vn -0.9131 -0.4031 -0.0619
vn -0.8726 -0.4847 -0.0601
vn -0.8743 -0.4842 0.0330
vn -0.9146 -0.4027 0.0351
vn -0.8212 -0.5511 -0.1480
vn -0.8183 -0.5718 -0.0592
vn -0.7755 -0.6034 -0.1860
vn -0.7533 -0.6519 -0.0867
vn -0.7536 -0.6573 0.0122
vn -0.8191 -0.5726 0.0349
vn -0.7401 -0.6053 -0.2930
vn -0.7253 -0.6523 -0.2202
vn -0.8988 -0.4194 0.1276
vn -0.8670 -0.4786 0.1391
vn -0.8906 -0.4022 0.2122
vn -0.8609 -0.4394 0.2565
vn -0.8588 -0.3512 0.3731
vn -0.8403 -0.4030 0.3626
vn -0.8172 -0.4722 0.3304
vn -0.8146 -0.5242 0.2482
vn -0.7962 -0.5757 0.1862
vn -0.7496 -0.5960 0.2879
vn -0.7411 -0.6405 0.2014
vn -0.7790 -0.5018 0.3759
vn -0.7267 -0.5798 0.3684
vn -0.7689 -0.6306 0.1061
vn -0.8364 -0.5337 0.1248
vn -0.7984 -0.4136 0.4376
vn -0.7699 -0.3679 0.5215
vn -0.7515 -0.4336 0.4972
vn -0.7187 -0.3578 0.5962
vn -0.6916 -0.4177 0.5893
vn -0.6988 -0.4998 0.5118
vn -0.6244 -0.5719 0.5320
vn -0.7297 -0.5212 0.4427
vn -0.6573 -0.6039 0.4509
vn -0.5195 -0.6092 0.5991
vn -0.5573 -0.6480 0.5192
vn -0.4462 -0.6244 0.6411
vn -0.4644 -0.6737 0.5749
vn -0.3809 -0.6255 0.6809
vn -0.4066 -0.7090 0.5762
vn -0.3203 -0.6835 0.6559
vn -0.5059 -0.7103 0.4894
vn -0.4269 -0.7650 0.4822
vn -0.5094 -0.7520 0.4182
vn -0.3432 -0.7509 0.5642
vn -0.3926 -0.8175 0.4213
vn -0.3168 -0.7977 0.5131
vn -0.5865 -0.6761 0.4460
vn -0.6673 -0.6473 0.3684
vn -0.6098 -0.7022 0.3674
vn -0.5529 -0.7560 0.3505
vn -0.2168 -0.6947 0.6859
vn -0.2692 -0.7387 0.6179
vn -0.1649 -0.7118 0.6828
vn -0.2085 -0.7774 0.5934
vn -0.1104 -0.7805 0.6154
vn -0.0909 -0.7128 0.6954
vn -0.0092 -0.6695 0.7428
vn -0.0093 -0.7394 0.6732
vn -0.1949 -0.8331 0.5176
vn -0.0927 -0.8452 0.5264
vn -0.0002 -0.7947 0.6070
vn -0.0032 -0.8493 0.5280
vn -0.1835 -0.8847 0.4284
vn -0.0926 -0.8986 0.4289
vn 0.0090 -0.9043 0.4267
vn -0.2836 -0.8457 0.4520
vn -0.6900 -0.6660 0.2834
vn -0.6738 -0.7126 0.1954
vn -0.6311 -0.7239 0.2787
vn -0.5793 -0.7757 0.2503
vn -0.4766 -0.8112 0.3389
vn -0.4985 -0.8341 0.2364
vn -0.3984 -0.8595 0.3204
vn -0.3945 -0.9024 0.1735
vn -0.5635 -0.8140 0.1406
vn -0.6094 -0.7921 0.0348
vn -0.5252 -0.8501 0.0375
vn -0.4735 -0.8677 0.1514
vn -0.4336 -0.9002 0.0401
vn -0.6894 -0.7235 0.0363
vn -0.7139 -0.6894 0.1224
vn -0.6390 -0.7578 0.1317
vn -0.2857 -0.8825 0.3736
vn -0.3460 -0.8987 0.2694
vn -0.2754 -0.9197 0.2797
vn -0.1858 -0.9244 0.3331
vn -0.2171 -0.9500 0.2243
vn -0.1221 -0.9672 0.2228
vn -0.0881 -0.9391 0.3321
vn -0.0135 -0.9724 0.2328
vn 0.0127 -0.9432 0.3321
vn -0.2238 -0.9689 0.1052
vn -0.1174 -0.9879 0.1011
vn -0.2301 -0.9731 -0.0116
vn -0.1380 -0.9904 -0.0122
vn -0.0126 -0.9894 0.1448
vn 0.0040 -0.9986 0.0524
vn -0.0690 -0.9967 -0.0430
vn -0.3382 -0.9401 0.0433
vn -0.3068 -0.9383 0.1595
vn -0.6859 -0.7252 -0.0597
vn -0.6955 -0.7002 -0.1610
vn -0.6238 -0.7651 -0.1596
vn -0.6083 -0.7914 -0.0610
vn -0.5401 -0.8245 -0.1687
vn -0.5238 -0.8494 -0.0644
vn -0.4513 -0.8738 -0.1812
vn -0.4333 -0.8987 -0.0677
vn -0.5165 -0.8136 -0.2670
vn -0.5543 -0.7591 -0.3413
vn -0.4665 -0.8165 -0.3402
vn -0.4636 -0.7862 -0.4086
vn -0.4152 -0.8552 -0.3102
vn -0.3742 -0.8057 -0.4592
vn -0.6057 -0.7555 -0.2497
vn -0.6670 -0.6933 -0.2731
vn -0.6569 -0.6497 -0.3827
vn -0.6011 -0.7111 -0.3647
vn -0.3568 -0.9153 -0.1869
vn -0.3374 -0.9386 -0.0719
vn -0.2555 -0.9465 -0.1970
vn -0.2440 -0.9642 -0.1040
vn -0.1492 -0.9799 -0.1323
vn -0.1511 -0.9566 -0.2492
vn -0.0490 -0.9801 -0.1925
vn 0.0076 -0.9977 -0.0667
vn -0.2252 -0.9209 -0.3183
vn -0.0914 -0.9384 -0.3331
vn -0.1725 -0.8855 -0.4315
vn -0.0735 -0.8886 -0.4527
vn 0.0010 -0.9410 -0.3383
vn 0.0330 -0.8863 -0.4619
vn -0.3284 -0.8972 -0.2954
vn -0.3419 -0.8537 -0.3928
vn -0.2710 -0.8646 -0.4230
vn -0.6126 -0.6340 -0.4720
vn -0.5668 -0.6891 -0.4515
vn -0.5488 -0.6425 -0.5348
vn -0.4886 -0.6940 -0.5289
vn -0.4859 -0.6362 -0.5993
vn -0.5130 -0.7327 -0.4472
vn -0.4287 -0.7549 -0.4964
vn -0.4097 -0.7124 -0.5698
vn -0.3353 -0.7481 -0.5726
vn -0.3394 -0.6795 -0.6504
vn -0.4159 -0.6573 -0.6285
vn -0.2847 -0.8034 -0.5230
vn -0.2477 -0.7550 -0.6071
vn -0.1960 -0.8215 -0.5354
vn -0.1597 -0.7705 -0.6172
vn -0.1055 -0.8311 -0.5460
vn -0.0516 -0.7765 -0.6280
vn -0.0120 -0.8348 -0.5504
vn -0.1766 -0.7134 -0.6781
vn -0.0950 -0.7224 -0.6849
vn -0.0690 -0.6596 -0.7485
vn -0.0118 -0.7209 -0.6930
vn 0.0017 -0.6585 -0.7525
vn 0.0531 -0.7292 -0.6823
vn -0.2653 -0.6946 -0.6686
vn -0.6987 -0.0124 0.7153
vn -0.6789 -0.0327 0.7335
vn -0.7524 -0.0430 0.6573
vn -0.7013 -0.0875 0.7075
vn -0.7407 -0.0171 0.6716
vn -0.6144 -0.2429 0.7507
vn -0.6097 -0.3445 0.7139
vn -0.4707 -0.3439 0.8125
vn -0.7866 -0.0093 0.6174
vn -0.6680 -0.1264 0.7333
vn -0.6920 -0.1653 0.7027
vn -0.6455 -0.0155 0.7636
vn -0.6569 -0.2318 0.7174
vn -0.6002 -0.4952 0.6281
vn -0.4622 -0.4685 0.7529
vn -0.3071 -0.4462 0.8406
vn -0.7814 -0.1108 0.6142
vn -0.9418 0.0358 -0.3343
vn -0.9727 0.0207 -0.2313
vn -0.9405 -0.0359 -0.3380
vn -0.9728 -0.0743 -0.2192
vn -0.9840 -0.1668 -0.0622
vn -0.9666 -0.2454 0.0739
vn -0.9484 -0.3153 0.0319
vn -0.8932 -0.3514 0.2805
vn -0.8715 -0.4157 0.2600
vn -0.9230 0.0144 -0.3846
vn -0.9249 -0.1138 -0.3628
vn -0.9235 -0.2115 -0.3199
vn -0.9012 -0.0453 -0.4310
vn -0.8956 -0.3417 -0.2847
vn -0.8438 -0.5057 -0.1797
vn -0.8962 -0.0092 -0.4435
vn -0.9952 -0.0546 -0.0813
vn -0.7793 -0.4599 0.4256
vn -0.7218 -0.4670 0.5108
vn -0.7427 -0.5850 0.3257
vn -0.7080 -0.6914 -0.1437
vn -0.8268 -0.0060 0.5624
vn -0.8360 -0.0526 0.5462
vn -0.6195 -0.2742 0.7355
vn -0.7580 -0.2139 0.6162
vn -0.8721 -0.0145 0.4890
vn -0.5753 -0.4610 0.6756
vn -0.8712 -0.1756 0.4584
vn -0.8019 -0.3324 0.4964
vn -0.9167 -0.0550 0.3958
vn -0.1856 -0.4678 0.8641
vn -0.4116 -0.5919 0.6930
vn -0.6800 -0.7064 0.1962
vn -0.8270 -0.4984 0.2602
vn -0.9096 -0.0055 0.4155
vn -0.9986 0.0523 0.0090
vn -0.9975 0.0085 0.0706
vn -0.9936 -0.0072 -0.1131
vn -0.9979 0.0647 -0.0094
vn -0.9997 -0.0184 -0.0164
vn -0.9375 -0.3478 -0.0090
vn -0.9279 -0.3522 0.1226
vn -0.9902 -0.1397 0.0014
vn -0.9970 -0.0523 0.0562
vn -0.9689 -0.2420 -0.0512
vn -0.8577 -0.5123 -0.0435
vn -0.8430 -0.4977 0.2039
vn -0.9684 0.0788 -0.2365
vn -0.7861 -0.0170 -0.6179
vn -0.7168 -0.0732 -0.6934
vn -0.7257 -0.0151 -0.6879
vn -0.6982 -0.1666 -0.6963
vn -0.6766 -0.1449 -0.7220
vn -0.6303 -0.2321 -0.7408
vn -0.6793 -0.0234 -0.7335
vn -0.5213 -0.3356 -0.7846
vn -0.6340 -0.3467 -0.6912
vn -0.6456 -0.0709 -0.7604
vn -0.6436 -0.1251 -0.7550
vn -0.7855 -0.0828 -0.6133
vn -0.6200 -0.2904 -0.7288
vn -0.4588 -0.3913 -0.7977
vn -0.2798 -0.4367 -0.8550
vn -0.4235 -0.4602 -0.7803
vn -0.5529 -0.4850 -0.6775
vn 0.0352 -0.2725 0.9615
vn 0.2023 -0.3093 0.9292
vn 0.2260 -0.3920 0.8918
vn -0.1881 -0.0076 0.9821
vn -0.1965 -0.0453 0.9795
vn -0.2634 -0.0100 0.9646
vn -0.1102 -0.0825 0.9905
vn -0.2172 -0.1145 0.9694
vn -0.0507 -0.1726 0.9837
vn -0.3005 -0.0403 0.9529
vn -0.2452 -0.1887 0.9509
vn -0.2156 -0.3012 0.9289
vn -0.1453 -0.4684 0.8715
vn -0.3478 -0.0090 0.9375
vn -0.3740 -0.1305 0.9182
vn -0.1298 -0.0144 0.9914
vn 0.3576 -0.4302 0.8289
vn 0.3434 -0.5105 0.7884
vn -0.1051 -0.6519 0.7510
vn -0.8427 -0.0545 -0.5356
vn -0.8418 -0.1190 -0.5265
vn -0.8645 -0.0070 -0.5025
vn -0.7902 -0.2150 -0.5739
vn -0.7585 -0.3318 -0.5608
vn -0.6248 -0.4761 -0.6188
vn -0.8237 -0.0050 -0.5670
vn -0.4572 -0.6311 -0.6267
vn -0.2476 -0.4812 -0.8409
vn 0.0173 -0.2135 0.9768
vn -0.0191 -0.3094 0.9507
vn 0.1032 -0.3138 0.9438
vn -0.0649 -0.0162 0.9978
vn -0.0442 -0.0643 0.9970
vn -0.0001 -0.1374 0.9905
vn 0.0112 -0.0180 0.9998
vn 0.0611 -0.4666 0.8823
vn 0.2226 -0.4508 0.8644
vn -0.8926 -0.3494 -0.2850
vn -0.9231 -0.3535 -0.1513
vn -0.9814 -0.0165 0.1913
vn -0.9914 -0.0727 0.1087
vn -0.9851 -0.1691 0.0322
vn -0.9742 -0.0819 0.2104
vn -0.9446 -0.3151 -0.0915
vn -0.7487 -0.4530 -0.4841
vn -0.8233 -0.4920 -0.2830
vn -0.9694 0.0144 0.2449
vn -0.5463 -0.0233 0.8373
vn -0.5235 -0.0764 0.8486
vn -0.6131 -0.0718 0.7867
vn -0.6070 -0.1636 0.7777
vn -0.6288 -0.1407 0.7647
vn -0.5888 -0.0137 0.8081
vn -0.7153 -0.3470 0.6066
vn -0.6431 -0.2886 0.7093
vn -0.7398 -0.4085 0.5347
vn -0.8140 -0.4734 0.3367
vn -0.7207 -0.4783 0.5019
vn -0.9509 -0.0187 0.3089
vn -0.9211 -0.3425 0.1853
vn -0.8779 -0.4428 -0.1821
vn -0.9543 -0.2252 0.1966
vn -0.9538 -0.1307 0.2703
vn -0.7584 -0.5853 -0.2869
vn -0.7113 -0.4814 -0.5121
vn -0.4775 -0.2003 0.8555
vn -0.4405 -0.0885 0.8934
vn -0.4396 -0.0224 0.8979
vn -0.5088 -0.3943 0.7653
vn -0.4975 -0.0165 0.8673
vn -0.5669 -0.6290 0.5320
vn -0.8015 -0.5161 0.3023
vn -0.1948 -0.0039 -0.9808
vn -0.1386 -0.0323 -0.9898
vn -0.1002 -0.0084 -0.9949
vn -0.0198 -0.0371 -0.9991
vn -0.0508 -0.0641 -0.9966
vn -0.0323 -0.1661 -0.9856
vn 0.0394 -0.2662 -0.9631
vn 0.0238 -0.2145 -0.9764
vn 0.1862 -0.3103 -0.9322
vn 0.0427 -0.3259 -0.9444
vn 0.0018 -0.1387 -0.9903
vn -0.0546 0.0131 -0.9984
vn -0.0025 -0.0117 -0.9999
vn -0.1613 -0.0825 -0.9834
vn 0.3838 -0.4390 -0.8124
vn 0.1890 -0.4531 -0.8712
vn -0.0211 -0.4682 -0.8833
vn -0.2814 -0.0093 -0.9595
vn -0.3481 -0.0247 -0.9371
vn -0.2045 -0.1698 -0.9640
vn -0.0906 -0.3801 -0.9205
vn 0.2266 -0.3748 -0.8990
vn -0.3945 -0.0828 -0.9152
vn -0.3628 -0.2145 -0.9069
vn -0.4290 -0.3160 -0.8462
vn -0.4449 -0.4995 -0.7433
vn -0.1367 -0.6265 -0.7673
vn 0.2379 -0.5408 -0.8068
vn 0.4339 -0.4565 -0.7767
vn -0.5460 -0.1783 -0.8186
vn -0.6667 -0.2464 -0.7034
vn -0.6439 -0.2829 -0.7109
vn -0.7510 -0.3564 -0.5559
vn -0.4929 -0.0209 -0.8699
vn -0.5044 -0.0930 -0.8584
vn -0.4215 -0.0235 -0.9065
vn -0.7159 -0.4347 -0.5464
vn -0.5705 -0.0621 -0.8189
vn -0.7940 -0.4794 -0.3738
vn -0.7626 -0.5541 -0.3338
vn -0.5207 -0.7037 -0.4833
vn -0.6229 -0.0145 -0.7822
vn -0.5580 -0.0174 -0.8296
vn -0.6892 -0.4863 -0.5371
vn -0.3862 -0.0020 -0.9224
vn -0.2839 -0.0028 -0.9588
vn -0.1360 -0.0040 -0.9907
vn 0.0096 -0.0064 -0.9999
vn -0.9549 -0.0025 0.2968
vn -0.9572 0.0020 0.2894
vn -0.9502 0.0071 0.3114
vn -0.9492 0.0284 0.3135
vn -0.9137 0.0114 0.4063
vn -0.9681 0.0479 0.2458
vn -0.8839 0.0395 0.4660
vn -0.9423 0.0890 0.3226
vn -0.6554 0.0329 0.7546
vn -0.7579 0.0349 0.6515
vn -0.5352 -0.0161 0.8446
vn -0.6047 0.0395 0.7954
vn -0.3469 -0.0600 0.9360
vn -0.8348 0.0162 0.5503
vn -0.0295 -0.0047 0.9996
vn -0.0940 -0.0058 0.9956
vn -0.1485 -0.0042 0.9889
vn -0.8569 -0.0030 -0.5154
vn -0.8939 0.0194 -0.4478
vn -0.8181 -0.0028 -0.5751
vn -0.0756 -0.1910 0.9787
vn 0.5924 -0.3082 0.7444
vn 0.4107 -0.3942 0.8222
vn -0.9959 0.0569 -0.0707
vn 0.8640 -0.4345 0.2545
vn 0.7552 -0.5841 0.2976
vn -0.9920 0.0935 0.0847
vn -0.9927 0.1037 -0.0613
vn 0.9252 -0.3302 0.1870
vn 0.5541 -0.2577 -0.7916
vn 0.7404 -0.5116 -0.4360
vn -0.9278 0.1253 -0.3515
vn -0.1899 -0.0921 -0.9775
vn 0.1996 -0.2912 -0.9356
vn -0.7791 0.1033 -0.6183
vn 0.1921 -0.4577 0.8681
vn -0.6555 0.0389 -0.7542
vn -0.3581 -0.0015 -0.9337
vn -0.1677 -0.0804 -0.9826
vn 0.5702 -0.6804 -0.4604
vn 0.6187 -0.7282 0.2949
vn -0.6066 0.0561 -0.7930
vn -0.7709 0.0434 -0.6355
vn -0.6231 0.0390 -0.7811
vn -0.8584 0.0477 -0.5108
vn -0.8969 0.0513 -0.4393
vn -0.8046 0.0142 -0.5936
vn -0.8351 0.0021 -0.5500
vn -0.8678 -0.0023 -0.4969
vn -0.4485 0.0500 -0.8924
vn -0.9172 -0.1001 -0.3857
vn -0.7711 -0.1386 -0.6215
vn -0.8217 -0.0683 -0.5658
vn -0.9171 -0.0430 -0.3963
vn -0.8743 -0.0193 -0.4850
vn -0.8564 -0.2141 -0.4698
vn -0.5984 -0.1562 -0.7858
vn -0.3561 -0.0030 -0.9344
vn -0.6112 -0.0580 -0.7893
vn -0.7643 -0.0155 -0.6447
vn -0.8806 -0.0051 -0.4739
vn -0.9983 -0.0559 0.0187
vn -0.9911 -0.0957 0.0927
vn -0.9850 -0.1458 -0.0919
vn -0.9833 -0.1781 0.0364
vn -0.9529 -0.1755 0.2475
vn -0.9737 -0.2186 -0.0648
vn -0.9137 -0.3394 0.2235
vn -0.9214 -0.3343 -0.1984
vn -0.7927 -0.1964 0.5771
vn -0.8713 -0.4496 -0.1970
vn -0.9592 -0.1214 -0.2554
vn -0.8039 -0.1115 0.5842
vn -0.4241 0.0544 0.9040
vn -0.2606 0.0616 0.9635
vn -0.9460 -0.3208 -0.0467
vn -0.2381 -0.0796 -0.9680
vn -0.9706 -0.0253 0.2394
vn -0.9875 -0.0442 0.1512
vn -0.9500 -0.0804 0.3018
vn -0.9350 -0.0131 0.3545
vn -0.8947 -0.0319 0.4455
vn -0.8486 -0.0558 0.5260
vn -0.9636 -0.0130 0.2669
vn -0.6021 0.0091 0.7984
vn -0.2048 -0.0047 -0.9788
vn -0.4257 0.0769 -0.9016
vn -0.5823 0.0329 -0.8123
vn -0.7028 0.0204 -0.7111
vn -0.2027 0.1274 -0.9709
vn -0.2648 0.0587 -0.9625
vn -0.2158 -0.0535 0.9750
vn -0.1896 0.1807 0.9651
vn -0.2850 0.1834 0.9408
vn -0.1431 -0.2778 0.9499
vn -0.0260 0.2435 0.9696
vn -0.0119 -0.2258 0.9741
vn 0.1828 0.5450 0.8183
vn 0.1341 -0.0651 0.9888
vn -0.1911 0.3691 0.9096
vn 0.0340 0.4468 0.8940
vn 0.4043 0.8226 0.3999
vn 0.2943 0.7347 0.6112
vn 0.0365 0.4404 0.8971
vn -0.1773 0.2130 0.9608
vn 0.4603 0.8776 0.1336
vn -0.1488 -0.2811 0.9481
vn 0.0249 -0.7262 0.6870
vn -0.0539 -0.7758 0.6287
vn -0.0873 -0.8931 0.4413
vn 0.3995 -0.1817 0.8986
vn 0.4350 0.7969 0.4192
vn 0.2668 0.5869 0.7645
vn -0.4203 0.1135 0.9003
vn -0.4285 0.0673 0.9010
vn -0.8776 -0.0063 0.4793
vn -0.7261 0.0316 0.6869
vn 0.3606 0.9327 -0.0077
vn 0.4478 0.8932 -0.0415
vn 0.8818 -0.2636 0.3910
vn -0.8684 0.3376 -0.3633
vn -0.8933 0.2589 0.3675
vn 0.9242 -0.2718 -0.2685
vn 0.5085 -0.0353 0.8603
vn -0.1538 -0.9867 -0.0530
vn -0.0824 -0.9217 -0.3791
vn 0.3222 -0.2588 -0.9106
vn 0.5657 -0.1615 -0.8086
vn 0.5162 0.6985 0.4956
vn 0.6726 0.6831 0.2845
vn 0.5507 0.8258 0.1216
vn 0.5133 0.8542 0.0822
vn 0.7295 0.6288 -0.2691
vn 0.5036 0.8635 -0.0292
vn 0.6099 0.7870 -0.0928
vn 0.5245 0.8212 -0.2250
vn 0.5116 0.5946 -0.6202
vn 0.2289 0.2534 -0.9399
vn 0.5258 0.7359 -0.4266
vn 0.5124 0.8301 -0.2199
vn 0.4527 0.6938 -0.5602
vn 0.3281 0.5446 -0.7718
vn -0.0018 0.2211 -0.9753
vn 0.1937 -0.5952 -0.7799
vn 0.0986 -0.8750 -0.4740
vn 0.1422 -0.9518 -0.2719
vn 0.3667 -0.7859 -0.4979
vn -0.0274 -0.9850 -0.1701
vn 0.3224 -0.9458 -0.0401
vn 0.5041 -0.8545 -0.1255
vn 0.1995 -0.9799 -0.0060
vn 0.0506 -0.9987 -0.0006
vn -0.1062 -0.9912 0.0791
vn 0.4347 -0.8605 0.2656
vn 0.2486 -0.8737 0.4181
vn 0.1094 -0.9361 0.3343
vn 0.0061 -0.9705 0.2408
vn 0.1914 -0.6337 0.7495
vn 0.0832 -0.4183 -0.9045
vn 0.0366 -0.7936 -0.6073
vn 0.3778 0.3525 -0.8561
vn -0.1081 0.2087 -0.9720
vn 0.0426 0.2927 -0.9553
vn 0.2171 0.4618 -0.8600
vn 0.2387 0.4490 -0.8610
vn -0.0072 0.0579 -0.9983
vn -0.1416 0.1128 -0.9835
vn 0.1068 0.0266 -0.9939
vn 0.0897 -0.4023 -0.9111
vn -0.0638 -0.0787 -0.9949
vn 0.0329 -0.2877 -0.9571
vn 0.6261 -0.0177 0.7796
vn 0.5807 -0.0401 0.8131
vn 0.6634 -0.0847 0.7435
vn 0.5067 -0.0165 0.8620
vn 0.5402 -0.0820 0.8375
vn 0.6076 -0.1111 0.7864
vn 0.5926 -0.0055 0.8055
vn 0.5530 -0.0064 0.8331
vn 0.4692 -0.0677 0.8805
vn 0.4928 -0.1489 0.8573
vn 0.4517 -0.0348 0.8915
vn 0.3757 -0.0398 0.9259
vn 0.3623 -0.0747 0.9291
vn 0.4397 -0.1292 0.8888
vn 0.3842 -0.1521 0.9107
vn 0.3929 -0.0089 0.9196
vn 0.3260 -0.0095 0.9453
vn 0.4184 -0.2300 0.8786
vn 0.4941 -0.2072 0.8444
vn 0.3548 -0.2394 0.9038
vn 0.3028 -0.1527 0.9407
vn 0.2906 -0.2424 0.9256
vn 0.4736 -0.2886 0.8321
vn 0.5907 -0.1681 0.7892
vn 0.5382 -0.2497 0.8050
vn 0.6137 -0.2331 0.7544
vn 0.5856 -0.2902 0.7568
vn 0.6782 -0.1806 0.7124
vn 0.6742 -0.2480 0.6956
vn 0.2717 -0.0283 0.9620
vn 0.2685 -0.0782 0.9601
vn 0.1878 -0.0716 0.9796
vn 0.2313 -0.1654 0.9587
vn 0.1546 -0.1525 0.9761
vn 0.2040 -0.0101 0.9789
vn 0.1420 -0.0330 0.9893
vn 0.0854 -0.0807 0.9931
vn 0.0705 -0.1563 0.9852
vn 0.1310 -0.0093 0.9913
vn 0.0892 -0.2374 0.9673
vn 0.1770 -0.2321 0.9565
vn 0.1533 -0.3062 0.9395
vn 0.0713 -0.3056 0.9495
vn 0.2330 -0.2849 0.9298
vn 0.5322 -0.3264 0.7812
vn 0.4625 -0.3473 0.8158
vn 0.6270 -0.3610 0.6903
vn 0.5194 -0.3896 0.7605
vn 0.6627 -0.3063 0.6833
vn 0.3952 -0.3130 0.8637
vn 0.3910 -0.3991 0.8293
vn 0.3182 -0.3978 0.8605
vn 0.3183 -0.3235 0.8911
vn 0.4531 -0.4338 0.7788
vn 0.3983 -0.4863 0.7778
vn 0.3128 -0.4708 0.8249
vn 0.3207 -0.5432 0.7759
vn 0.3764 -0.5749 0.7266
vn 0.4385 -0.5550 0.7069
vn 0.5973 -0.4204 0.6829
vn 0.5078 -0.4817 0.7142
vn 0.5285 -0.5668 0.6320
vn 0.5989 -0.5226 0.6068
vn 0.2437 -0.3683 0.8972
vn 0.1687 -0.3738 0.9120
vn 0.2251 -0.4512 0.8635
vn 0.1495 -0.4404 0.8853
vn 0.0881 -0.3784 0.9214
vn 0.0738 -0.4474 0.8913
vn 0.1478 -0.5142 0.8448
vn 0.0731 -0.5179 0.8523
vn 0.1570 -0.5973 0.7865
vn 0.0787 -0.5933 0.8011
vn 0.2339 -0.5284 0.8161
vn 0.2411 -0.6011 0.7619
vn 0.0718 -0.0279 -0.9970
vn 0.0908 -0.0652 -0.9937
vn 0.1601 -0.0271 -0.9867
vn 0.1694 -0.0857 -0.9818
vn 0.0680 -0.1337 -0.9887
vn 0.1237 -0.1703 -0.9776
vn 0.2443 -0.0303 -0.9692
vn 0.2592 -0.0817 -0.9624
vn 0.3300 -0.0287 -0.9435
vn 0.2570 -0.0100 -0.9664
vn 0.3341 -0.0837 -0.9388
vn 0.3668 -0.1426 -0.9193
vn 0.2817 -0.1640 -0.9454
vn 0.2047 -0.1652 -0.9648
vn 0.2590 -0.2496 -0.9331
vn 0.1711 -0.2556 -0.9515
vn 0.3496 -0.2130 -0.9124
vn 0.3276 -0.3158 -0.8905
vn 0.0915 -0.2583 -0.9617
vn 0.4093 -0.0180 -0.9122
vn 0.4041 -0.0661 -0.9123
vn 0.4892 -0.0430 -0.8711
vn 0.4681 -0.1013 -0.8778
vn 0.4604 -0.0055 -0.8877
vn 0.5097 -0.0097 -0.8603
vn 0.5714 -0.0419 -0.8196
vn 0.6493 -0.0193 -0.7603
vn 0.6498 -0.0901 -0.7548
vn 0.5768 -0.0970 -0.8111
vn 0.5330 -0.1392 -0.8346
vn 0.5569 -0.0067 -0.8305
vn 0.6035 -0.0072 -0.7973
vn 0.6217 -0.1744 -0.7636
vn 0.5070 -0.2002 -0.8384
vn 0.5721 -0.2280 -0.7879
vn 0.6401 -0.2452 -0.7281
vn 0.4938 -0.2680 -0.8273
vn 0.5667 -0.2893 -0.7714
vn 0.4388 -0.1769 -0.8810
vn 0.4307 -0.2485 -0.8676
vn 0.3501 -0.2664 -0.8981
vn 0.0929 -0.3458 -0.9337
vn 0.0913 -0.4449 -0.8909
vn 0.1753 -0.3939 -0.9023
vn 0.2110 -0.3294 -0.9203
vn 0.2828 -0.3847 -0.8786
vn 0.3134 -0.4387 -0.8422
vn 0.2381 -0.4496 -0.8609
vn 0.1679 -0.4631 -0.8703
vn 0.2162 -0.5150 -0.8295
vn 0.1133 -0.5236 -0.8444
vn 0.2918 -0.5043 -0.8127
vn 0.1566 -0.5817 -0.7982
vn 0.2313 -0.5816 -0.7799
vn 0.3065 -0.5776 -0.7566
vn 0.0740 -0.6134 -0.7863
vn 0.4149 -0.3246 -0.8500
vn 0.3771 -0.4032 -0.8338
vn 0.4560 -0.3986 -0.7957
vn 0.4985 -0.3325 -0.8006
vn 0.6303 -0.3079 -0.7127
vn 0.5419 -0.3812 -0.7490
vn 0.6165 -0.3546 -0.7030
vn 0.6007 -0.4235 -0.6781
vn 0.4281 -0.4671 -0.7737
vn 0.5147 -0.4797 -0.7107
vn 0.4341 -0.5403 -0.7208
vn 0.5969 -0.5082 -0.6208
vn 0.5214 -0.5697 -0.6352
vn 0.3600 -0.4876 -0.7954
vn 0.3691 -0.5567 -0.7442
vn 0.7068 -0.0423 -0.7062
vn 0.7793 -0.0414 -0.6253
vn 0.7273 -0.1023 -0.6787
vn 0.7966 -0.1001 -0.5962
vn 0.6889 -0.0059 -0.7248
vn 0.7271 -0.0086 -0.6865
vn 0.7758 -0.0129 -0.6308
vn 0.8386 -0.0233 -0.5442
vn 0.8829 -0.0128 -0.4694
vn 0.8923 -0.0517 -0.4484
vn 0.8428 -0.0585 -0.5350
vn 0.8575 -0.1189 -0.5006
vn 0.9035 -0.1007 -0.4166
vn 0.9166 -0.0220 -0.3993
vn 0.9218 -0.1544 -0.3556
vn 0.8686 -0.1812 -0.4613
vn 0.8157 -0.1642 -0.5547
vn 0.8166 -0.2451 -0.5225
vn 0.8691 -0.2536 -0.4246
vn 0.7550 -0.2626 -0.6008
vn 0.7906 -0.3085 -0.5290
vn 0.7626 -0.1893 -0.6186
vn 0.7018 -0.1799 -0.6893
vn 0.6962 -0.2748 -0.6632
vn 0.9380 -0.0618 -0.3409
vn 0.9606 -0.0786 -0.2665
vn 0.9713 -0.1236 -0.2034
vn 0.9596 -0.0624 -0.2745
vn 0.9893 -0.0722 -0.1264
vn 0.9970 -0.0690 -0.0352
vn 0.9851 -0.0672 -0.1585
vn 0.9895 -0.1236 -0.0754
vn 0.9926 -0.1169 0.0336
vn 0.9807 -0.1850 -0.0637
vn 0.9679 -0.1860 -0.1689
vn 0.9596 -0.2557 -0.1176
vn 0.9370 -0.2621 -0.2309
vn 0.9652 -0.2610 -0.0150
vn 0.9327 -0.3210 -0.1645
vn 0.9426 -0.3277 -0.0636
vn 0.9749 -0.2184 0.0444
vn 0.9454 -0.3234 0.0397
vn 0.9133 -0.2435 -0.3265
vn 0.9452 -0.1792 -0.2729
vn 0.8843 -0.3211 -0.3391
vn 0.9050 -0.3506 -0.2410
vn 0.9952 -0.0444 0.0868
vn 0.9773 -0.0187 0.2112
vn 0.9751 -0.0486 0.2164
vn 0.9894 -0.0813 0.1200
vn 0.9729 -0.1134 0.2016
vn 0.9778 -0.1701 0.1224
vn 0.9532 -0.0177 0.3018
vn 0.9381 -0.0384 0.3443
vn 0.9454 -0.1085 0.3075
vn 0.9062 -0.0588 0.4188
vn 0.9122 -0.1143 0.3936
vn 0.9154 -0.0077 0.4025
vn 0.9519 -0.1853 0.2439
vn 0.9117 -0.2129 0.3513
vn 0.9357 -0.2562 0.2426
vn 0.9056 -0.3348 0.2603
vn 0.8917 -0.2656 0.3664
vn 0.8795 -0.1365 0.4560
vn 0.9555 -0.2562 0.1463
vn 0.9302 -0.3381 0.1431
vn 0.8695 -0.0371 0.4925
vn 0.8130 -0.0307 0.5814
vn 0.8275 -0.0829 0.5554
vn 0.8337 -0.1687 0.5259
vn 0.8691 -0.0117 0.4946
vn 0.7829 -0.1388 0.6065
vn 0.6791 -0.0179 0.7338
vn 0.7166 -0.0438 0.6961
vn 0.7587 -0.0652 0.6481
vn 0.7222 -0.1325 0.6789
vn 0.7873 -0.0090 0.6165
vn 0.7298 -0.0071 0.6836
vn 0.7564 -0.2132 0.6184
vn 0.7386 -0.2780 0.6142
vn 0.8630 -0.2457 0.4415
vn 0.8148 -0.2467 0.5246
vn 0.7737 -0.3084 0.5534
vn 0.8211 -0.3316 0.4646
vn 0.7382 -0.3255 -0.5908
vn 0.6820 -0.3749 -0.6279
vn 0.7511 -0.3738 -0.5441
vn 0.8245 -0.3333 -0.4573
vn 0.7893 -0.4041 -0.4622
vn 0.8372 -0.3893 -0.3841
vn 0.8013 -0.4615 -0.3807
vn 0.7177 -0.4417 -0.5384
vn 0.7504 -0.4719 -0.4629
vn 0.7317 -0.5428 -0.4123
vn 0.6898 -0.5308 -0.4923
vn 0.7679 -0.5434 -0.3391
vn 0.7103 -0.6146 -0.3431
vn 0.6445 -0.6110 -0.4596
vn 0.6137 -0.5815 -0.5342
vn 0.6580 -0.4809 -0.5794
vn 0.8626 -0.4030 -0.3058
vn 0.8717 -0.4327 -0.2302
vn 0.8280 -0.4738 -0.2998
vn 0.9038 -0.3984 -0.1562
vn 0.8644 -0.4786 -0.1541
vn 0.8205 -0.5166 -0.2447
vn 0.9131 -0.4031 -0.0619
vn 0.8736 -0.4829 -0.0601
vn 0.9146 -0.4027 0.0351
vn 0.8744 -0.4840 0.0351
vn 0.8247 -0.5624 -0.0591
vn 0.8153 -0.5590 -0.1510
vn 0.7543 -0.6467 -0.1131
vn 0.7364 -0.6423 -0.2125
vn 0.7624 -0.6468 -0.0167
vn 0.8265 -0.5616 0.0374
vn 0.7731 -0.5812 -0.2539
vn 0.8987 -0.4178 0.1333
vn 0.8611 -0.4885 0.1407
vn 0.8851 -0.4056 0.2282
vn 0.8531 -0.4077 0.3256
vn 0.8573 -0.3495 0.3781
vn 0.8500 -0.4661 0.2456
vn 0.8117 -0.4841 0.3268
vn 0.8031 -0.4256 0.4170
vn 0.8164 -0.5300 0.2292
vn 0.7655 -0.5806 0.2773
vn 0.8130 -0.5627 0.1495
vn 0.7672 -0.5192 0.3766
vn 0.7649 -0.6161 0.1881
vn 0.7107 -0.5993 0.3685
vn 0.6969 -0.6538 0.2949
vn 0.7154 -0.6676 0.2064
vn 0.7673 -0.6363 0.0798
vn 0.7756 -0.3775 0.5059
vn 0.7494 -0.4464 0.4890
vn 0.7177 -0.3610 0.5955
vn 0.6971 -0.4237 0.5783
vn 0.6506 -0.4758 0.5919
vn 0.6881 -0.5187 0.5074
vn 0.6180 -0.5915 0.5179
vn 0.7175 -0.5392 0.4410
vn 0.6479 -0.6157 0.4484
vn 0.4497 -0.6233 0.6398
vn 0.5331 -0.6475 0.5445
vn 0.4332 -0.6877 0.5826
vn 0.3788 -0.6452 0.6635
vn 0.3105 -0.6413 0.7017
vn 0.3337 -0.7193 0.6092
vn 0.5070 -0.7108 0.4876
vn 0.4505 -0.7449 0.4922
vn 0.3759 -0.7559 0.5361
vn 0.4180 -0.7899 0.4487
vn 0.5005 -0.7746 0.3868
vn 0.5574 -0.7386 0.3792
vn 0.3284 -0.8236 0.4624
vn 0.5836 -0.6744 0.4524
vn 0.6304 -0.6830 0.3688
vn 0.2328 -0.6718 0.7032
vn 0.1480 -0.6708 0.7267
vn 0.2582 -0.7367 0.6250
vn 0.1686 -0.7301 0.6622
vn 0.0692 -0.6559 0.7517
vn 0.0706 -0.7174 0.6931
vn 0.0942 -0.7701 0.6309
vn 0.1831 -0.7898 0.5853
vn 0.0930 -0.8204 0.5642
vn 0.1882 -0.8518 0.4888
vn 0.0997 -0.8743 0.4751
vn 0.2780 -0.7987 0.5337
vn 0.2580 -0.8686 0.4231
vn 0.4079 -0.8295 0.3814
vn 0.6360 -0.7280 0.2558
vn 0.5675 -0.7774 0.2713
vn 0.5976 -0.7866 0.1556
vn 0.4696 -0.8284 0.3053
vn 0.5122 -0.8319 0.2135
vn 0.4268 -0.8769 0.2209
vn 0.3491 -0.8750 0.3354
vn 0.4569 -0.8809 0.1237
vn 0.5423 -0.8303 0.1286
vn 0.5252 -0.8502 0.0360
vn 0.6101 -0.7915 0.0365
vn 0.4323 -0.9010 0.0371
vn 0.7240 -0.6783 0.1256
vn 0.6893 -0.7236 0.0339
vn 0.6619 -0.7374 0.1348
vn 0.2082 -0.9109 0.3563
vn 0.3160 -0.9085 0.2734
vn 0.2064 -0.9489 0.2388
vn 0.1190 -0.9253 0.3601
vn 0.0949 -0.9690 0.2283
vn 0.1089 -0.9880 0.1095
vn 0.2125 -0.9717 0.1030
vn 0.1224 -0.9924 -0.0143
vn 0.2305 -0.9729 -0.0168
vn 0.2838 -0.9451 0.1624
vn 0.3599 -0.9197 0.1570
vn 0.3361 -0.9409 0.0420
vn 0.6872 -0.7239 -0.0613
vn 0.6790 -0.7119 -0.1793
vn 0.6141 -0.7752 -0.1479
vn 0.6066 -0.7927 -0.0601
vn 0.5244 -0.8489 -0.0663
vn 0.5169 -0.8385 -0.1724
vn 0.4339 -0.8983 -0.0698
vn 0.4239 -0.8879 -0.1786
vn 0.5593 -0.7968 -0.2289
vn 0.4798 -0.8141 -0.3272
vn 0.5560 -0.7691 -0.3153
vn 0.4376 -0.8567 -0.2732
vn 0.3943 -0.8398 -0.3731
vn 0.5146 -0.7537 -0.4089
vn 0.4374 -0.7896 -0.4303
vn 0.3371 -0.8401 -0.4250
vn 0.6710 -0.6741 -0.3087
vn 0.6288 -0.7341 -0.2562
vn 0.6002 -0.7126 -0.3633
vn 0.3384 -0.9382 -0.0730
vn 0.2231 -0.9666 -0.1261
vn 0.3346 -0.9236 -0.1873
vn 0.2536 -0.9345 -0.2499
vn 0.1714 -0.9551 -0.2416
vn 0.1097 -0.9849 -0.1337
vn 0.0362 -0.9795 -0.1983
vn 0.0851 -0.9552 -0.2834
vn 0.2067 -0.9135 -0.3505
vn 0.1067 -0.9109 -0.3985
vn 0.1717 -0.8742 -0.4543
vn 0.3227 -0.8930 -0.3137
vn 0.2573 -0.8588 -0.4431
vn 0.6398 -0.6498 -0.4105
vn 0.5602 -0.6882 -0.4610
vn 0.4769 -0.7173 -0.5079
vn 0.5505 -0.6429 -0.5326
vn 0.4867 -0.6386 -0.5961
vn 0.3706 -0.7750 -0.5120
vn 0.4119 -0.7002 -0.5831
vn 0.3250 -0.7370 -0.5926
vn 0.4189 -0.6213 -0.6622
vn 0.3540 -0.6514 -0.6711
vn 0.2847 -0.6974 -0.6577
vn 0.2515 -0.6500 -0.7171
vn 0.2650 -0.8036 -0.5329
vn 0.1733 -0.8217 -0.5429
vn 0.2226 -0.7393 -0.6355
vn 0.1402 -0.7745 -0.6168
vn 0.0829 -0.8336 -0.5461
vn 0.0509 -0.7791 -0.6248
vn 0.1414 -0.7193 -0.6802
vn 0.0863 -0.6765 -0.7314
vn 0.1644 -0.6540 -0.7384
vn 0.6760 -0.0170 0.7367
vn 0.7316 -0.0189 0.6815
vn 0.6834 -0.0704 0.7267
vn 0.7406 -0.0748 0.6677
vn 0.7846 -0.0131 0.6198
vn 0.6684 -0.1246 0.7333
vn 0.6982 -0.1580 0.6983
vn 0.6145 -0.2428 0.7507
vn 0.4738 -0.3458 0.8099
vn 0.6065 -0.3439 0.7169
vn 0.7792 -0.1159 0.6160
vn 0.3291 -0.4497 0.8303
vn 0.4847 -0.4767 0.7333
vn 0.6227 -0.4925 0.6081
vn 0.6568 -0.2315 0.7177
vn 0.9415 0.0340 -0.3353
vn 0.9405 -0.0356 -0.3380
vn 0.9727 0.0207 -0.2311
vn 0.9228 0.0149 -0.3851
vn 0.9013 -0.0451 -0.4309
vn 0.8963 -0.0092 -0.4434
vn 0.9730 -0.0741 -0.2188
vn 0.9252 -0.1127 -0.3624
vn 0.9235 -0.2111 -0.3203
vn 0.9840 -0.1670 -0.0617
vn 0.9484 -0.3155 0.0315
vn 0.9664 -0.2457 0.0751
vn 0.8964 -0.3394 -0.2851
vn 0.8720 -0.4150 0.2596
vn 0.8936 -0.3520 0.2787
vn 0.8379 -0.5190 -0.1692
vn 0.5973 -0.6501 -0.4697
vn 0.6718 -0.7350 0.0917
vn 0.7494 -0.5804 0.3187
vn 0.7176 -0.4764 0.5080
vn 0.7720 -0.4575 0.4413
vn 0.9952 -0.0557 -0.0810
vn 0.8241 -0.0070 0.5664
vn 0.8375 -0.0517 0.5440
vn 0.8709 -0.0081 0.4913
vn 0.9057 -0.0158 0.4235
vn 0.9167 -0.0672 0.3939
vn 0.8712 -0.1759 0.4583
vn 0.7585 -0.2143 0.6154
vn 0.6193 -0.2745 0.7356
vn 0.8027 -0.3315 0.4957
vn 0.5708 -0.4586 0.6811
vn 0.8232 -0.5095 0.2504
vn 0.5983 -0.6543 0.4625
vn 0.2633 -0.5295 0.8064
vn 0.9952 0.0455 0.0862
vn 0.9977 0.0663 -0.0113
vn 0.9925 -0.0036 -0.1221
vn 0.9999 -0.0131 -0.0050
vn 0.9901 -0.1401 0.0019
vn 0.9282 -0.3507 0.1243
vn 0.9375 -0.3480 -0.0076
vn 0.9682 0.0801 -0.2370
vn 0.8409 -0.4924 0.2245
vn 0.8607 -0.5087 -0.0208
vn 0.9691 -0.2412 -0.0516
vn 0.9972 -0.0512 0.0540
vn 0.8035 -0.0187 -0.5950
vn 0.7401 -0.0154 -0.6723
vn 0.7177 -0.0735 -0.6925
vn 0.6828 -0.0246 -0.7302
vn 0.6457 -0.0706 -0.7603
vn 0.6766 -0.1453 -0.7219
vn 0.6974 -0.1668 -0.6970
vn 0.6436 -0.1251 -0.7551
vn 0.6306 -0.2319 -0.7407
vn 0.6361 -0.3457 -0.6899
vn 0.5204 -0.3347 -0.7856
vn 0.5314 -0.4805 -0.6977
vn 0.4064 -0.4646 -0.7868
vn 0.2861 -0.4323 -0.8552
vn 0.4395 -0.3899 -0.8092
vn 0.6200 -0.2906 -0.7288
vn 0.7855 -0.0808 -0.6135
vn 0.1823 -0.0095 0.9832
vn 0.2658 -0.0091 0.9640
vn 0.1929 -0.0443 0.9802
vn 0.2799 -0.0444 0.9590
vn 0.3508 -0.0198 0.9362
vn 0.2247 -0.1134 0.9678
vn 0.1074 -0.1037 0.9888
vn 0.3563 -0.0936 0.9297
vn 0.0671 -0.1764 0.9820
vn 0.2708 -0.1914 0.9434
vn 0.2026 -0.3047 0.9306
vn -0.0391 -0.2676 0.9627
vn -0.2127 -0.3799 0.9002
vn -0.1719 -0.3200 0.9317
vn 0.1375 -0.4775 0.8678
vn 0.1413 -0.6285 0.7649
vn -0.2582 -0.5545 0.7911
vn -0.4255 -0.4566 0.7813
vn -0.3609 -0.4413 0.8216
vn 0.1320 -0.0360 0.9906
vn 0.8468 -0.0571 -0.5288
vn 0.8623 -0.0062 -0.5064
vn 0.8418 -0.1193 -0.5264
vn 0.7894 -0.2166 -0.5744
vn 0.7589 -0.3327 -0.5598
vn 0.6163 -0.4831 -0.6219
vn 0.3092 -0.5304 -0.7893
vn 0.0953 -0.0155 0.9953
vn 0.0549 -0.0583 0.9968
vn -0.0411 -0.2170 0.9753
vn -0.1319 -0.4562 0.8801
vn 0.9891 0.0110 0.1469
vn 0.9767 -0.0219 0.2133
vn 0.9911 -0.0676 0.1142
vn 0.9850 -0.1700 0.0307
vn 0.9224 -0.3545 -0.1535
vn 0.8916 -0.3504 -0.2867
vn 0.9694 0.0131 0.2453
vn 0.8276 -0.4922 -0.2698
vn 0.7639 -0.4510 -0.4615
vn 0.9446 -0.3151 -0.0916
vn 0.9746 -0.0811 0.2089
vn 0.5506 -0.0234 0.8344
vn 0.6105 -0.0140 0.7919
vn 0.6109 -0.0725 0.7884
vn 0.5254 -0.0783 0.8472
vn 0.6077 -0.1660 0.7766
vn 0.6294 -0.1404 0.7643
vn 0.7192 -0.3449 0.6031
vn 0.7415 -0.4966 0.4512
vn 0.7547 -0.4061 0.5152
vn 0.8209 -0.4551 0.3451
vn 0.6431 -0.2886 0.7093
vn 0.9578 0.0060 0.2873
vn 0.9444 -0.0176 0.3283
vn 0.9541 -0.1395 0.2651
vn 0.9543 -0.2262 0.1951
vn 0.9210 -0.3427 0.1852
vn 0.8784 -0.4420 -0.1816
vn 0.7090 -0.4810 -0.5157
vn 0.7649 -0.5728 -0.2947
vn 0.6665 -0.7396 -0.0936
vn 0.4268 -0.0056 0.9043
vn 0.4301 -0.0485 0.9015
vn 0.4925 -0.0126 0.8702
vn 0.4795 -0.1221 0.8690
vn 0.4833 -0.2070 0.8507
vn 0.5077 -0.4058 0.7600
vn 0.7485 -0.5510 0.3691
vn 0.5135 -0.7017 0.4938
vn 0.1520 -0.0182 -0.9882
vn 0.0596 -0.0644 -0.9961
vn 0.1483 -0.0844 -0.9853
vn 0.0673 -0.0170 -0.9976
vn 0.0618 -0.1615 -0.9849
vn -0.0424 -0.2140 -0.9759
vn -0.0868 -0.2518 -0.9639
vn -0.1146 -0.3150 -0.9422
vn -0.2353 -0.3211 -0.9174
vn -0.2209 -0.4534 -0.8635
vn -0.3873 -0.4258 -0.8177
vn 0.3129 -0.0062 -0.9498
vn 0.2306 -0.0269 -0.9727
vn 0.3058 -0.0471 -0.9509
vn 0.2511 -0.1309 -0.9591
vn 0.1295 -0.2362 -0.9630
vn 0.3266 -0.2558 -0.9099
vn -0.1606 -0.3964 -0.9039
vn 0.1949 -0.4729 -0.8593
vn -0.4277 -0.4671 -0.7739
vn -0.1537 -0.5935 -0.7900
vn 0.3675 -0.6566 -0.6586
vn 0.4054 -0.1014 -0.9085
vn 0.3703 -0.0046 -0.9289
vn 0.4318 -0.0197 -0.9018
vn 0.5129 -0.0199 -0.8582
vn 0.5186 -0.0908 -0.8502
vn 0.5475 -0.1800 -0.8172
vn 0.6582 -0.2632 -0.7053
vn 0.6678 -0.2454 -0.7027
vn 0.4872 -0.3941 -0.7793
vn 0.7469 -0.3599 -0.5592
vn 0.6072 -0.4549 -0.6515
vn 0.7627 -0.5662 -0.3126
vn 0.7840 -0.4755 -0.3991
vn 0.5705 -0.0612 -0.8190
vn 0.6274 -0.0150 -0.7785
vn 0.5733 -0.0176 -0.8192
vn 0.6675 -0.4834 -0.5663
vn 0.1986 -0.0038 -0.9801
vn 0.1343 -0.0053 -0.9909
vn 0.4589 -0.0031 0.8885
vn 0.9572 0.0020 0.2893
vn 0.9519 -0.0006 0.3063
vn 0.9190 0.0114 0.3942
vn 0.9500 0.0291 0.3109
vn 0.8848 0.0384 0.4644
vn 0.7579 0.0347 0.6514
vn 0.6557 0.0327 0.7543
vn 0.9424 0.0912 0.3219
vn 0.9690 0.0488 0.2423
vn 0.8356 0.0156 0.5491
vn 0.6047 0.0395 0.7955
vn 0.5335 -0.0128 0.8457
vn 0.3395 -0.0371 0.9399
vn 0.0518 -0.0039 0.9986
vn 0.8569 -0.0029 -0.5155
vn 0.8938 0.0193 -0.4481
vn 0.8179 -0.0027 -0.5753
vn -0.4122 -0.3964 0.8203
vn -0.7563 -0.5812 0.3003
vn -0.8620 -0.4392 0.2533
vn -0.7408 -0.5105 -0.4366
vn -0.5541 -0.2577 -0.7916
vn -0.1965 -0.2868 -0.9376
vn 0.1899 -0.0921 -0.9775
vn 0.0760 -0.1914 0.9786
vn -0.5923 -0.3082 0.7444
vn -0.9356 -0.3160 0.1574
vn 0.9831 0.0112 0.1829
vn 0.7808 0.0954 -0.6174
vn 0.9745 0.1926 -0.1152
vn 0.9925 0.1055 -0.0613
vn 0.9365 0.1169 -0.3306
vn -0.2031 -0.4577 0.8656
vn -0.6188 -0.7281 0.2949
vn -0.5702 -0.6804 -0.4604
vn 0.1692 -0.0912 -0.9814
vn 0.3387 -0.0082 -0.9408
vn 0.6533 0.0391 -0.7561
vn 0.8317 -0.0027 0.5553
vn 0.6081 0.0539 -0.7920
vn 0.6232 0.0405 -0.7810
vn 0.7716 0.0435 -0.6347
vn 0.8573 0.0489 -0.5125
vn 0.8964 0.0521 -0.4402
vn 0.8045 0.0139 -0.5938
vn 0.8342 0.0010 -0.5515
vn 0.8674 -0.0027 -0.4975
vn 0.4519 0.0464 -0.8909
vn 0.9179 -0.0440 -0.3945
vn 0.9111 -0.1088 -0.3975
vn 0.8747 -0.0189 -0.4843
vn 0.8231 -0.0652 -0.5641
vn 0.7725 -0.1422 -0.6189
vn 0.8806 -0.0049 -0.4738
vn 0.7643 -0.0152 -0.6447
vn 0.6028 -0.0585 -0.7958
vn 0.5984 -0.1562 -0.7858
vn 0.3528 -0.0041 -0.9357
vn 0.8577 -0.2024 -0.4726
vn 0.9983 -0.0561 0.0171
vn 0.9857 -0.1423 -0.0900
vn 0.9894 -0.0962 0.1084
vn 0.9597 -0.1282 -0.2500
vn 0.9824 -0.1780 0.0573
vn 0.9778 -0.1970 -0.0709
vn 0.9465 -0.2154 0.2403
vn 0.9298 -0.2847 0.2333
vn 0.9307 -0.3255 -0.1666
vn 0.8713 -0.4496 -0.1970
vn 0.7589 -0.2163 0.6142
vn 0.2354 -0.0816 -0.9685
vn 0.9448 -0.3229 -0.0550
vn 0.2430 0.0403 0.9692
vn 0.8040 -0.1117 0.5841
vn 0.4382 0.0686 0.8963
vn 0.2657 -0.0024 0.9641
vn 0.9871 -0.0435 0.1542
vn 0.9652 -0.0254 0.2602
vn 0.9504 -0.0717 0.3026
vn 0.8945 -0.0335 0.4459
vn 0.9306 -0.0062 0.3659
vn 0.8368 -0.0555 0.5446
vn 0.6007 0.0100 0.7994
vn 0.9525 -0.0025 0.3045
vn 0.0667 -0.0035 -0.9978
vn 0.3433 -0.0023 -0.9392
vn 0.5810 0.0331 -0.8132
vn 0.4252 0.0751 -0.9020
vn 0.7027 0.0209 -0.7112
vn 0.2043 0.1323 -0.9699
vn 0.2602 0.0655 -0.9633
vn 0.2920 0.1860 0.9382
vn 0.1889 0.1796 0.9654
vn 0.2150 -0.0568 0.9750
vn 0.1971 0.3626 0.9109
vn 0.1902 0.2120 0.9586
vn -0.0365 0.4404 0.8971
vn -0.0322 0.4455 0.8947
vn 0.0260 0.2434 0.9696
vn 0.1405 -0.2725 0.9518
vn -0.2943 0.7347 0.6112
vn -0.1827 0.5450 0.8183
vn 0.0214 -0.2091 0.9777
vn -0.1699 -0.0722 0.9828
vn -0.3984 0.8358 0.3777
vn -0.4495 0.8830 0.1351
vn 0.4249 0.0717 0.9024
vn 0.4168 0.1179 0.9013
vn -0.3140 0.5608 0.7661
vn -0.4406 0.7929 0.4210
vn -0.4223 -0.1589 0.8924
vn 0.0858 -0.8914 0.4451
vn 0.0539 -0.7758 0.6287
vn -0.0250 -0.7262 0.6871
vn 0.1626 -0.3067 0.9378
vn 0.8792 -0.0062 0.4764
vn 0.7260 0.0316 0.6870
vn -0.4284 0.9028 -0.0378
vn -0.3605 0.9327 -0.0076
vn -0.9242 -0.2718 -0.2684
vn -0.8904 -0.2688 0.3672
vn 0.8709 0.3277 -0.3662
vn 0.8932 0.2596 0.3671
vn -0.5674 -0.1347 -0.8124
vn -0.3230 -0.2574 -0.9107
vn 0.0818 -0.9216 -0.3795
vn 0.1543 -0.9867 -0.0514
vn -0.5074 -0.0454 0.8605
vn -0.5884 0.7304 0.3469
vn -0.5162 0.6985 0.4957
vn -0.6606 0.7073 -0.2519
vn -0.2049 0.2827 -0.9371
vn -0.5116 0.5946 -0.6202
vn -0.6071 0.7893 -0.0918
vn -0.5258 0.7359 -0.4266
vn -0.5506 0.8258 0.1216
vn -0.5113 0.8318 -0.2162
vn -0.5128 0.8546 0.0822
vn -0.4991 0.8660 -0.0308
vn -0.4677 0.8586 -0.2098
vn -0.0012 0.2202 -0.9754
vn -0.3112 0.5055 -0.8048
vn -0.4164 0.7026 -0.5771
vn -0.3612 -0.7825 -0.5072
vn -0.5059 -0.8540 -0.1215
vn -0.3211 -0.9462 -0.0409
vn -0.4358 -0.8599 0.2658
vn -0.2453 -0.8788 0.4093
vn -0.1939 -0.6307 0.7515
vn -0.1938 -0.5975 -0.7781
vn -0.1418 -0.9519 -0.2718
vn -0.0977 -0.8751 -0.4739
vn -0.1995 -0.9799 -0.0060
vn -0.1093 -0.9361 0.3344
vn -0.0501 -0.9987 -0.0006
vn -0.0061 -0.9705 0.2409
vn 0.0284 -0.9849 -0.1705
vn 0.1063 -0.9912 0.0791
vn -0.0198 -0.7922 -0.6099
vn -0.0575 -0.4249 -0.9034
vn 0.1071 0.2077 -0.9723
vn -0.0445 0.2914 -0.9556
vn 0.1416 0.1128 -0.9835
vn 0.0072 0.0579 -0.9983
vn 0.0698 -0.0841 -0.9940
vn -0.2268 0.4557 -0.8607
vn -0.0385 -0.2865 -0.9573
vn -0.2386 0.4477 -0.8618
vn -0.1068 0.0266 -0.9939
vn -0.0897 -0.4023 -0.9111
vn -0.3759 0.3512 -0.8575
vn -0.1489 -0.5646 -0.8118
vn 0.0592 -0.5877 -0.8069
vn -0.1141 -0.6997 -0.7053
vn -0.3220 -0.6296 -0.7070
vn 0.2506 -0.6206 -0.7430
vn 0.0696 -0.7643 -0.6411
vn 0.3883 -0.6405 -0.6626
vn 0.2480 -0.8105 -0.5306
vn -0.2905 -0.7680 -0.5708
vn -0.4690 -0.6617 -0.5850
vn -0.1164 -0.8643 -0.4893
vn 0.0681 -0.9339 -0.3511
vn -0.4525 -0.7935 -0.4069
vn -0.6005 -0.6638 -0.4459
vn -0.3024 -0.9050 -0.2993
vn -0.1228 -0.9824 -0.1407
vn -0.6315 -0.7276 -0.2680
vn -0.5325 -0.8339 -0.1449
vn -0.3946 -0.9188 0.0055
vn -0.2345 -0.9557 0.1778
vn -0.7045 -0.7096 -0.0103
vn -0.6018 -0.7848 0.1481
vn -0.4665 -0.8218 0.3271
vn -0.7390 -0.6281 0.2438
vn -0.8122 -0.5728 0.1109
vn -0.6197 -0.6612 0.4228
vn 0.5491 -0.6584 -0.5147
vn 0.4133 -0.8336 -0.3665
vn 0.2368 -0.9539 -0.1844
vn 0.0839 -0.9916 0.0984
vn -0.3464 -0.8230 0.4502
vn -0.4279 -0.6508 0.6272
vn -0.7817 -0.6035 -0.1570
vn -0.7136 -0.6255 -0.3153
vn -0.0910 -0.8211 -0.5635
vn -0.2444 -0.6691 -0.7018
vn -0.3907 -0.7286 -0.5626
vn -0.4938 -0.6276 -0.6019
vn -0.5267 -0.7512 -0.3979
vn -0.3283 -0.9048 -0.2711
vn -0.6896 -0.6244 -0.3670
vn -0.6367 -0.7370 -0.2267
vn -0.5243 -0.8509 0.0330
vn -0.7589 -0.6387 -0.1270
vn -0.7153 -0.6808 0.1575
vn -0.3463 -0.8090 0.4750
vn -0.8290 -0.5588 0.0243
vn 0.3136 -0.8164 -0.4850
vn -0.1285 -0.9299 0.3447
vn -0.0089 -0.9970 0.0771
vn 0.1187 -0.9568 -0.2656
vn 0.6612 -0.5784 0.4778
vn 0.4053 -0.6217 0.6702
vn 0.5882 -0.6972 0.4099
vn 0.7328 -0.6344 0.2460
vn 0.3771 -0.7637 0.5241
vn 0.1569 -0.6342 0.7571
vn 0.1760 -0.8013 0.5717
vn 0.6210 -0.7650 0.1707
vn 0.7557 -0.6539 0.0380
vn 0.4331 -0.8650 0.2533
vn 0.1958 -0.9318 0.3058
vn 0.6292 -0.7727 -0.0838
vn 0.7555 -0.6391 -0.1445
vn 0.4450 -0.8950 -0.0306
vn 0.2041 -0.9789 -0.0021
vn 0.6868 -0.6533 -0.3186
vn 0.5140 -0.7984 -0.3135
vn 0.3050 -0.8978 -0.3179
vn 0.0615 -0.9450 -0.3213
vn 0.4488 -0.7118 -0.5403
vn 0.6245 -0.5938 -0.5074
vn 0.2604 -0.7876 -0.5585
vn 0.0540 -0.8054 -0.5903
vn 0.4053 -0.5773 -0.7088
vn 0.5481 -0.5098 -0.6631
vn 0.1839 -0.6279 -0.7562
vn -0.0584 -0.6359 0.7696
vn -0.0668 -0.8166 0.5734
vn -0.0727 -0.9477 0.3108
vn -0.0701 -0.9975 0.0051
vn -0.1153 -0.6363 -0.7628
vn 0.4390 -0.8327 0.3374
vn 0.6355 -0.6955 0.3351
vn 0.6656 -0.7416 0.0841
vn 0.7775 -0.6282 0.0314
vn 0.5926 -0.7940 -0.1360
vn 0.4026 -0.9137 -0.0559
vn 0.7132 -0.6794 -0.1727
vn 0.7463 -0.5978 -0.2926
vn 0.5688 -0.7012 -0.4299
vn 0.3017 -0.8642 -0.4025
vn 0.6129 -0.5420 -0.5750
vn 0.4203 -0.6386 -0.6446
vn -0.0443 -0.8134 -0.5800
vn 0.0726 -0.8095 0.5827
vn -0.1780 -0.9265 -0.3315
vn -0.0532 -0.9964 -0.0658
vn 0.0753 -0.9576 0.2780
vn 0.7724 -0.6092 -0.1798
vn 0.7688 -0.6357 0.0698
vn 0.6583 -0.7403 -0.1361
vn 0.6518 -0.6567 -0.3792
vn 0.6944 -0.6547 0.2986
vn 0.5934 -0.8007 0.0818
vn 0.6025 -0.6597 0.4493
vn 0.4808 -0.8287 0.2865
vn 0.5162 -0.7879 -0.3358
vn 0.5193 -0.6660 -0.5355
vn 0.4428 -0.8865 -0.1346
vn 0.3198 -0.9444 0.0769
vn 0.3542 -0.7875 -0.5044
vn 0.3847 -0.6478 -0.6576
vn 0.2616 -0.9039 -0.3384
vn 0.1258 -0.9814 -0.1451
vn 0.2121 -0.7005 -0.6814
vn 0.1204 -0.8070 -0.5782
vn -0.0101 -0.8987 -0.4385
vn -0.1633 -0.9481 -0.2727
vn -0.0583 -0.7226 -0.6888
vn 0.0764 -0.6016 -0.7951
vn -0.2067 -0.7812 -0.5891
vn -0.3309 -0.8305 -0.4482
vn -0.2578 -0.6075 -0.7513
vn -0.0920 -0.5208 -0.8487
vn -0.4732 -0.6572 -0.5866
vn 0.4515 -0.6506 0.6106
vn 0.3308 -0.8235 0.4609
vn 0.1566 -0.9491 0.2734
vn -0.0416 -0.9977 0.0544
vn 0.2703 -0.5772 -0.7705
vn 0.5196 -0.8481 -0.1031
vn 0.6496 -0.7046 -0.2856
vn 0.5023 -0.7383 -0.4501
vn 0.5371 -0.6316 -0.5591
vn 0.3426 -0.7376 -0.5818
vn 0.2409 -0.8957 -0.3737
vn 0.3066 -0.5948 -0.7431
vn 0.1918 -0.6985 -0.6894
vn -0.0275 -0.8207 -0.5707
vn 0.1024 -0.5940 -0.7979
vn -0.1338 -0.6377 -0.7586
vn -0.4222 -0.8241 -0.3778
vn -0.0206 -0.5120 -0.8587
vn 0.4317 -0.8303 0.3525
vn -0.3446 -0.9264 -0.1517
vn -0.0783 -0.9969 0.0004
vn 0.2278 -0.9632 0.1430
vn 0.3983 -0.5556 -0.7298
vn 0.5553 -0.6009 -0.5749
vn 0.3537 -0.6883 -0.6333
vn 0.2042 -0.5944 -0.7778
vn 0.6671 -0.6470 -0.3692
vn 0.4529 -0.7753 -0.4403
vn 0.7174 -0.6738 -0.1772
vn 0.5185 -0.8315 -0.1994
vn 0.1436 -0.7292 -0.6691
vn 0.0312 -0.6065 -0.7945
vn 0.2185 -0.8509 -0.4777
vn 0.2686 -0.9380 -0.2190
vn -0.0679 -0.7339 -0.6759
vn -0.1176 -0.5950 -0.7951
vn -0.0236 -0.8724 -0.4882
vn 0.0005 -0.9734 -0.2292
vn -0.2684 -0.6199 -0.7373
vn -0.2729 -0.7770 -0.5672
vn -0.2828 -0.8950 -0.3450
vn -0.2913 -0.9546 -0.0620
vn -0.4738 -0.7127 -0.5173
vn -0.4389 -0.5865 -0.6808
vn -0.5113 -0.8041 -0.3033
vn -0.5298 -0.8463 -0.0549
vn -0.6885 -0.6277 -0.3632
vn -0.6150 -0.5387 -0.5759
vn -0.7250 -0.6743 -0.1403
vn 0.7288 -0.6804 0.0771
vn 0.5248 -0.8476 0.0789
vn 0.2823 -0.9552 0.0886
vn 0.0039 -0.9969 0.0791
vn -0.7208 -0.6788 0.1406
vn 0.2982 -0.8258 -0.4787
vn 0.2682 -0.6604 -0.7014
vn 0.0739 -0.7014 -0.7089
vn 0.0276 -0.5812 -0.8133
vn -0.1219 -0.7098 -0.6938
vn -0.0616 -0.8865 -0.4587
vn -0.2440 -0.5641 -0.7888
vn -0.3724 -0.6843 -0.6270
vn -0.3766 -0.8367 -0.3977
vn -0.5013 -0.5315 -0.6828
vn -0.5876 -0.6527 -0.4782
vn -0.4840 -0.8750 -0.0092
vn 0.5368 -0.8389 -0.0899
vn -0.4031 -0.7832 0.4734
vn -0.0578 -0.9961 0.0672
vn 0.2569 -0.9627 -0.0853
vn 0.7108 -0.5656 -0.4182
vn 0.6760 -0.6713 -0.3040
vn 0.7812 -0.6115 -0.1257
vn 0.6621 -0.7364 -0.1393
vn 0.4345 -0.8942 -0.1079
vn 0.7810 -0.6217 0.0588
vn 0.7633 -0.6441 -0.0512
vn 0.6452 -0.7578 0.0968
vn 0.7802 -0.6004 0.1755
vn 0.6610 -0.7110 0.2398
vn 0.3646 -0.9018 0.2322
vn 0.6965 -0.5680 0.4385
vn 0.6777 -0.6667 0.3102
vn 0.5583 -0.6953 0.4526
vn 0.6210 -0.6073 0.4955
vn 0.2004 -0.8049 0.5585
vn 0.5935 -0.5180 0.6160
vn 0.5057 -0.5362 0.6758
vn 0.3953 -0.6433 0.6557
vn 0.6735 -0.6671 -0.3182
vn 0.0537 -0.6288 -0.7757
vn 0.2408 -0.6375 -0.7319
vn 0.2919 -0.7888 -0.5409
vn 0.0590 -0.8128 -0.5796
vn 0.4202 -0.6097 -0.6721
vn 0.4774 -0.7424 -0.4701
vn 0.5625 -0.5936 -0.5756
vn 0.3281 -0.9005 -0.2853
vn 0.0672 -0.9465 -0.3157
vn 0.5723 -0.7963 -0.1961
vn 0.3329 -0.9428 0.0163
vn 0.0699 -0.9975 -0.0050
vn 0.5467 -0.8355 0.0549
vn 0.6765 -0.7295 0.1012
vn 0.1945 -0.9259 0.3240
vn 0.4667 -0.8261 0.3157
vn 0.4043 -0.7306 0.5503
vn 0.1642 -0.8074 0.5667
vn 0.1054 -0.6350 0.7653
vn 0.3494 -0.5933 0.7252
vn -0.0616 -0.8074 0.5867
vn -0.0674 -0.9444 0.3219
vn -0.1980 -0.5592 0.8051
vn -0.2442 -0.6409 0.7278
vn -0.4254 -0.5993 0.6781
vn -0.3643 -0.7167 0.5947
vn -0.2354 -0.8807 0.4111
vn -0.5704 -0.6378 0.5176
vn -0.4621 -0.6549 0.5979
vn -0.4997 -0.7538 0.4268
vn -0.6431 -0.6620 0.3850
vn -0.5821 -0.6760 0.4518
vn -0.5881 -0.7712 0.2435
vn -0.3858 -0.9173 0.0986
vn -0.7081 -0.6561 0.2610
vn -0.6894 -0.6563 0.3066
vn -0.7668 -0.6297 0.1249
vn -0.7852 -0.5952 0.1711
vn -0.5467 -0.8309 -0.1035
vn -0.7657 -0.6297 -0.1307
vn -0.7931 -0.5970 -0.1207
vn -0.2373 -0.6626 0.7104
vn 0.3271 -0.6311 0.7034
vn 0.1524 -0.7892 0.5950
vn 0.1348 -0.5997 0.7888
vn -0.0142 -0.7385 0.6741
vn 0.0068 -0.5835 0.8121
vn -0.0328 -0.8991 0.4366
vn -0.2455 -0.7974 0.5512
vn -0.2209 -0.9463 0.2360
vn -0.4164 -0.8236 0.3852
vn -0.3230 -0.9412 -0.0992
vn -0.4603 -0.8857 0.0608
vn -0.5953 -0.7702 0.2287
vn -0.6161 -0.7792 -0.1154
vn -0.4787 -0.8207 -0.3119
vn -0.7226 -0.6910 0.0180
vn -0.6650 -0.6486 -0.3703
vn 0.2985 -0.5389 0.7877
vn 0.0738 -0.6686 0.7399
vn 0.2077 -0.5887 0.7812
vn 0.2754 -0.6872 0.6722
vn 0.0987 -0.8679 0.4868
vn -0.1296 -0.6002 0.7893
vn 0.0458 -0.6050 0.7949
vn -0.0350 -0.7193 0.6938
vn -0.1433 -0.5564 0.8184
vn -0.1478 -0.8478 0.5092
vn -0.3468 -0.5421 0.7654
vn -0.2593 -0.6287 0.7331
vn -0.3835 -0.6857 0.6187
vn -0.3637 -0.8681 0.3378
vn -0.4250 -0.5878 0.6884
vn -0.5499 -0.5192 0.6543
vn -0.6069 -0.5412 0.5820
vn -0.5801 -0.6456 0.4966
vn -0.5738 -0.7977 0.1855
vn 0.4810 -0.5783 0.6590
vn 0.6966 -0.6627 0.2749
vn 0.4942 -0.8064 0.3247
vn 0.6142 -0.6214 0.4865
vn 0.3807 -0.7116 0.5905
vn 0.2390 -0.8788 0.4130
vn 0.1494 -0.7206 0.6771
vn -0.0131 -0.9297 0.3680
vn -0.0480 -0.8053 0.5910
vn -0.0944 -0.6860 0.7215
vn -0.2847 -0.9175 0.2777
vn -0.2700 -0.7812 0.5629
vn -0.4798 -0.7210 0.5000
vn -0.5137 -0.8224 0.2445
vn -0.6702 -0.6218 0.4051
vn 0.6509 -0.6605 -0.3742
vn 0.5463 -0.8203 -0.1695
vn 0.7377 -0.6519 -0.1755
vn 0.6306 -0.7759 0.0181
vn 0.7766 -0.6300 0.0009
vn 0.6627 -0.6963 0.2756
vn 0.3931 -0.9189 0.0326
vn 0.5036 -0.8153 0.2859
vn 0.5340 -0.6598 0.5287
vn 0.2565 -0.9052 0.3388
vn 0.3663 -0.7735 0.5172
vn 0.3936 -0.6566 0.6434
vn 0.0666 -0.8601 0.5058
vn -0.0688 -0.9293 0.3628
vn 0.1784 -0.7462 0.6414
vn 0.2683 -0.6185 0.7385
vn -0.1957 -0.7850 0.5877
vn -0.0697 -0.7159 0.6947
vn 0.0829 -0.6091 0.7887
vn -0.2512 -0.6014 0.7584
vn -0.0992 -0.5362 0.8382
vn 0.7629 -0.6018 0.2364
vn 0.6718 -0.6810 0.2916
vn 0.6181 -0.6141 0.4908
vn 0.5397 -0.7362 0.4084
vn 0.3721 -0.8881 0.2701
vn 0.3870 -0.7085 0.5901
vn 0.3357 -0.6230 0.7065
vn 0.2008 -0.7456 0.6354
vn 0.0832 -0.8969 0.4343
vn 0.2161 -0.6176 0.7563
vn 0.0970 -0.5840 0.8060
vn -0.0710 -0.8091 0.5834
vn -0.1030 -0.5952 0.7969
vn -0.4590 -0.6668 -0.5872
vn -0.3169 -0.6264 -0.7121
vn -0.1524 -0.7892 -0.5949
vn -0.3235 -0.8270 -0.4597
vn -0.1352 -0.6182 -0.7743
vn 0.0141 -0.7385 -0.6741
vn -0.0011 -0.5794 -0.8151
vn 0.2350 -0.6612 -0.7125
vn 0.0328 -0.8990 -0.4367
vn -0.1512 -0.9502 -0.2726
vn 0.2456 -0.7975 -0.5510
vn 0.4608 -0.6551 -0.5988
vn 0.2208 -0.9463 -0.2361
vn 0.0419 -0.9976 -0.0546
vn 0.4164 -0.8236 -0.3852
vn 0.5824 -0.6755 -0.4522
vn 0.3230 -0.9412 0.0993
vn 0.4602 -0.8857 -0.0609
vn 0.5954 -0.7702 -0.2285
vn 0.6900 -0.6560 -0.3059
vn 0.6161 -0.7792 0.1154
vn 0.4789 -0.8207 0.3116
vn 0.7226 -0.6910 -0.0180
vn 0.6688 -0.6468 0.3667
vn 0.4669 -0.6576 0.5912
vn 0.8014 -0.5858 0.1204
vn 0.2129 -0.5575 -0.8024
vn 0.7849 -0.5955 -0.1709
vn 0.3245 -0.8326 0.4488
vn 0.1592 -0.9481 0.2752
vn 0.2504 -0.6571 -0.7110
vn 0.4253 -0.5994 -0.6781
vn 0.3642 -0.7167 -0.5947
vn -0.0928 -0.8045 -0.5866
vn 0.2354 -0.8807 -0.4111
vn 0.5705 -0.6376 -0.5177
vn 0.4993 -0.7539 -0.4269
vn 0.6430 -0.6621 -0.3849
vn 0.5880 -0.7714 -0.2433
vn 0.3856 -0.9174 -0.0982
vn 0.7081 -0.6561 -0.2609
vn 0.7668 -0.6297 -0.1249
vn 0.5465 -0.8309 0.1046
vn 0.7711 -0.6251 0.1208
vn -0.0806 -0.9564 -0.2806
vn 0.0522 -0.9966 0.0644
vn 0.1783 -0.9265 0.3314
vn 0.0480 -0.8153 0.5771
vn -0.2395 -0.6372 0.7325
vn -0.2918 -0.7889 0.5408
vn -0.4212 -0.6099 0.6713
vn -0.4772 -0.7425 0.4700
vn -0.5626 -0.5928 0.5763
vn -0.6745 -0.6657 0.3192
vn -0.3281 -0.9005 0.2853
vn -0.5723 -0.7962 0.1961
vn -0.7634 -0.6440 0.0512
vn -0.3329 -0.9428 -0.0161
vn -0.5467 -0.8355 -0.0548
vn -0.6764 -0.7296 -0.1011
vn -0.1945 -0.9259 -0.3240
vn -0.4667 -0.8262 -0.3156
vn -0.6791 -0.6644 -0.3120
vn -0.4043 -0.7306 -0.5502
vn -0.1639 -0.8074 -0.5668
vn -0.6225 -0.6048 -0.4967
vn -0.3530 -0.5970 -0.7204
vn -0.5031 -0.5277 -0.6844
vn -0.7157 -0.5703 0.4031
vn -0.7804 -0.6002 -0.1754
vn -0.6684 -0.6707 0.3216
vn -0.7813 -0.6114 0.1256
vn -0.6621 -0.7364 0.1392
vn -0.3125 -0.8089 0.4980
vn -0.4344 -0.8942 0.1078
vn -0.7808 -0.6220 -0.0590
vn -0.6450 -0.7581 -0.0963
vn -0.6611 -0.7109 -0.2399
vn -0.3645 -0.9018 -0.2322
vn -0.6965 -0.5680 -0.4384
vn -0.5582 -0.6953 -0.4527
vn -0.1848 -0.8040 -0.5652
vn -0.5800 -0.5232 -0.6245
vn -0.4474 -0.6173 -0.6471
vn -0.1174 -0.9555 0.2707
vn 0.0080 -0.9971 -0.0756
vn 0.1283 -0.9297 -0.3453
vn 0.3600 -0.8157 -0.4528
vn -0.5434 -0.6516 0.5292
vn -0.6467 -0.6727 0.3595
vn -0.5462 -0.8203 0.1695
vn -0.4106 -0.8313 0.3746
vn -0.7394 -0.6505 0.1738
vn -0.6294 -0.7769 -0.0159
vn -0.7755 -0.6313 -0.0108
vn -0.6626 -0.6963 -0.2759
vn -0.3931 -0.9189 -0.0326
vn -0.2335 -0.9539 0.1884
vn -0.5036 -0.8153 -0.2859
vn -0.5340 -0.6598 -0.5287
vn -0.0824 -0.9918 -0.0972
vn -0.2565 -0.9052 -0.3388
vn -0.3663 -0.7736 -0.5172
vn -0.3936 -0.6566 -0.6434
vn -0.0665 -0.8601 -0.5057
vn 0.0688 -0.9293 -0.3628
vn -0.1785 -0.7462 -0.6413
vn -0.2684 -0.6185 -0.7385
vn 0.1956 -0.7851 -0.5877
vn 0.3516 -0.8205 -0.4508
vn 0.0698 -0.7159 -0.6947
vn -0.0829 -0.6091 -0.7887
vn 0.4282 -0.6512 -0.6265
vn 0.2635 -0.6013 -0.7543
vn 0.1065 -0.5347 -0.8383
vn -0.7585 -0.5991 -0.2565
vn 0.2387 -0.9552 -0.1752
vn -0.6644 -0.6868 -0.2948
vn -0.6175 -0.6141 -0.4915
vn -0.5398 -0.7361 -0.4085
vn -0.5490 -0.8294 0.1034
vn -0.3720 -0.8881 -0.2701
vn -0.3870 -0.7085 -0.5901
vn -0.3356 -0.6231 -0.7065
vn -0.2010 -0.7456 -0.6353
vn -0.0841 -0.8974 -0.4332
vn -0.2160 -0.6176 -0.7563
vn -0.0970 -0.5840 -0.8060
vn 0.0752 -0.7974 -0.5988
vn 0.1077 -0.5945 -0.7968
vn 0.3763 -0.8361 -0.3992
vn -0.2600 -0.9616 0.0881
vn 0.0492 -0.9967 -0.0644
vn 0.3242 -0.9275 -0.1859
vn -0.7333 -0.6768 -0.0644
vn -0.6787 -0.6749 -0.2895
vn -0.4944 -0.8062 -0.3249
vn -0.5282 -0.8458 -0.0749
vn -0.6166 -0.6300 -0.4722
vn -0.3808 -0.7114 -0.5907
vn -0.4722 -0.5721 -0.6706
vn -0.2077 -0.5884 -0.7815
vn -0.2392 -0.8787 -0.4130
vn -0.2822 -0.9553 -0.0887
vn -0.1495 -0.7205 -0.6772
vn -0.0456 -0.6046 -0.7952
vn 0.0131 -0.9297 -0.3681
vn -0.0037 -0.9968 -0.0792
vn 0.0480 -0.8051 -0.5912
vn 0.0943 -0.6861 -0.7214
vn 0.2848 -0.9175 -0.2776
vn 0.2701 -0.7812 -0.5628
vn 0.2604 -0.6281 -0.7333
vn 0.4799 -0.7210 -0.4999
vn 0.5137 -0.8224 -0.2447
vn 0.4259 -0.5868 -0.6887
vn 0.6705 -0.6253 -0.3993
vn 0.7206 -0.6790 -0.1403
vn 0.6157 -0.5362 -0.5774
vn 0.1434 -0.5563 -0.8185
vn 0.5278 -0.8473 0.0593
vn 0.2918 -0.9543 0.0654
vn -0.3147 -0.5330 -0.7854
vn -0.0738 -0.6687 -0.7399
vn -0.2693 -0.6854 -0.6765
vn -0.4507 -0.8214 -0.3494
vn -0.0987 -0.8679 -0.4868
vn 0.1297 -0.6002 -0.7892
vn 0.0350 -0.7198 -0.6933
vn 0.1479 -0.8478 -0.5092
vn 0.3468 -0.5421 -0.7654
vn 0.3874 -0.6824 -0.6199
vn 0.3745 -0.8674 -0.3277
vn 0.5499 -0.5190 -0.6544
vn 0.5685 -0.6322 -0.5264
vn -0.2332 -0.9619 -0.1425
vn 0.0768 -0.9970 -0.0007
vn 0.3442 -0.9265 0.1518
vn 0.3794 -0.8409 0.3860
vn -0.4288 -0.8389 -0.3352
vn -0.6291 -0.7098 -0.3168
vn -0.6656 -0.7416 -0.0841
vn -0.7793 -0.6262 -0.0243
vn -0.6547 -0.5724 -0.4937
vn -0.7338 -0.6332 -0.2459
vn -0.5926 -0.7939 0.1360
vn -0.4026 -0.9137 0.0559
vn -0.7131 -0.6794 0.1727
vn -0.7569 -0.6524 -0.0379
vn -0.7464 -0.5977 0.2927
vn -0.7563 -0.6381 0.1444
vn -0.5688 -0.7012 0.4299
vn -0.3016 -0.8642 0.4026
vn -0.6868 -0.6534 0.3183
vn -0.6111 -0.5429 0.5760
vn -0.6246 -0.5948 0.5061
vn -0.4204 -0.6389 0.6442
vn -0.5542 -0.5070 0.6602
vn -0.3980 -0.6134 -0.6821
vn -0.5882 -0.6974 -0.4096
vn -0.3771 -0.7637 -0.5241
vn -0.1556 -0.6404 -0.7521
vn -0.1760 -0.8013 -0.5717
vn -0.6210 -0.7650 -0.1706
vn -0.4331 -0.8650 -0.2534
vn -0.1958 -0.9318 -0.3058
vn -0.6292 -0.7727 0.0839
vn -0.4450 -0.8950 0.0306
vn -0.2044 -0.9789 0.0023
vn -0.5139 -0.7985 0.3136
vn -0.3051 -0.8978 0.3176
vn -0.4488 -0.7118 0.5404
vn -0.2604 -0.7876 0.5584
vn -0.3938 -0.5770 0.7156
vn -0.1832 -0.6284 0.7560
vn 0.0943 -0.8178 0.5677
vn 0.2311 -0.6849 0.6910
vn 0.3908 -0.7286 0.5626
vn 0.4985 -0.6260 0.5996
vn 0.1250 -0.5591 0.8196
vn 0.3233 -0.6282 0.7077
vn 0.5267 -0.7512 0.3979
vn 0.3283 -0.9048 0.2711
vn 0.4710 -0.6596 0.5857
vn 0.6896 -0.6244 0.3670
vn 0.5983 -0.6637 0.4490
vn 0.6367 -0.7370 0.2267
vn 0.5243 -0.8509 -0.0329
vn 0.7127 -0.6264 0.3159
vn 0.7589 -0.6387 0.1270
vn 0.7805 -0.6047 0.1586
vn 0.7027 -0.6901 -0.1734
vn 0.8279 -0.5604 -0.0248
vn 0.8186 -0.5691 -0.0778
vn -0.0540 -0.5965 0.8008
vn 0.1141 -0.6997 0.7053
vn -0.2482 -0.6123 0.7507
vn -0.0696 -0.7644 0.6410
vn -0.3866 -0.6542 0.6501
vn -0.2481 -0.8105 0.5306
vn 0.2904 -0.7680 0.5708
vn 0.1164 -0.8643 0.4893
vn -0.0681 -0.9338 0.3512
vn 0.4527 -0.7934 0.4069
vn 0.3025 -0.9049 0.2993
vn 0.1228 -0.9824 0.1407
vn 0.6315 -0.7276 0.2681
vn 0.5325 -0.8340 0.1448
vn 0.3947 -0.9188 -0.0055
vn 0.7046 -0.7096 0.0103
vn 0.6017 -0.7848 -0.1481
vn 0.4665 -0.8218 -0.3271
vn 0.7338 -0.6245 -0.2674
vn 0.6160 -0.6617 -0.4274
vn -0.2985 -0.8230 0.4833
vn -0.2721 -0.6776 0.6833
vn -0.0739 -0.7014 0.7089
vn -0.0222 -0.5794 0.8148
vn -0.4238 -0.5498 0.7197
vn -0.2039 -0.5940 0.7782
vn 0.1219 -0.7098 0.6938
vn 0.0615 -0.8865 0.4587
vn -0.0309 -0.6053 0.7954
vn 0.2440 -0.5641 0.7889
vn 0.1174 -0.5937 0.7961
vn 0.3724 -0.6842 0.6270
vn 0.3675 -0.8649 0.3418
vn 0.2686 -0.6188 0.7382
vn 0.5024 -0.5325 0.6812
vn 0.4380 -0.5854 0.6822
vn 0.5768 -0.6344 0.5146
vn 0.6175 -0.5417 0.5703
vn -0.5490 -0.6069 0.5747
vn -0.3539 -0.6882 0.6333
vn -0.6688 -0.6407 0.3771
vn -0.4529 -0.7752 0.4403
vn -0.7090 -0.6844 0.1697
vn -0.5187 -0.8314 0.1991
vn -0.1435 -0.7292 0.6690
vn -0.2191 -0.8495 0.4799
vn -0.2707 -0.9368 0.2216
vn 0.0678 -0.7339 0.6759
vn 0.0235 -0.8724 0.4881
vn -0.0006 -0.9734 0.2291
vn 0.2729 -0.7770 0.5673
vn 0.2827 -0.8950 0.3451
vn 0.4737 -0.7127 0.5173
vn 0.5112 -0.8041 0.3034
vn 0.6785 -0.6293 0.3789
vn 0.7259 -0.6744 0.1349
vn -0.7792 -0.6037 0.1683
vn -0.7685 -0.6334 -0.0903
vn -0.6583 -0.7404 0.1361
vn -0.6517 -0.6568 0.3793
vn -0.6933 -0.6672 -0.2725
vn -0.5934 -0.8007 -0.0820
vn -0.5981 -0.6533 -0.4643
vn -0.4807 -0.8287 -0.2866
vn -0.5162 -0.7879 0.3359
vn -0.5191 -0.6662 0.5354
vn -0.4430 -0.8863 0.1349
vn -0.3198 -0.9443 -0.0772
vn -0.3544 -0.7875 0.5042
vn -0.3847 -0.6479 0.6575
vn -0.2617 -0.9039 0.3383
vn -0.1258 -0.9814 0.1450
vn -0.2120 -0.7004 0.6815
vn -0.1204 -0.8070 0.5782
vn 0.0101 -0.8987 0.4385
vn 0.0583 -0.7227 0.6887
vn -0.0763 -0.6016 0.7951
vn 0.2067 -0.7811 0.5891
vn 0.2531 -0.6043 0.7555
vn 0.0718 -0.5168 0.8531
vn -0.2703 -0.5772 0.7705
vn -0.5222 -0.8460 0.1074
vn -0.6393 -0.7205 0.2686
vn -0.5023 -0.7383 0.4501
vn -0.5339 -0.6297 0.5643
vn -0.3427 -0.7377 0.5817
vn -0.2409 -0.8957 0.3736
vn -0.3066 -0.5947 0.7432
vn -0.1918 -0.6986 0.6894
vn 0.0275 -0.8207 0.5707
vn -0.1025 -0.5940 0.7979
vn 0.1442 -0.6501 0.7460
vn 0.0212 -0.5131 0.8581
vn -0.1143 0.6543 -0.7476
vn -0.0080 0.9985 -0.0535
vn 0.0579 0.7813 -0.6214
vn 0.0079 -0.9985 0.0533
vn -0.1052 -0.7138 -0.6924
vn 0.0705 -0.8257 -0.5596
vn -0.0079 0.9985 -0.0536
vn 0.1716 0.8750 -0.4527
vn 0.0080 -0.9985 0.0534
vn 0.1890 -0.9117 -0.3649
vn -0.0079 0.9985 -0.0535
vn 0.3048 0.9350 -0.1814
vn 0.3208 -0.9436 -0.0818
vn -0.0078 0.9985 -0.0534
vn 0.3932 0.9091 0.1373
vn 0.3984 -0.8888 0.2264
vn -0.0079 0.9985 -0.0534
vn 0.3894 0.8591 0.3321
vn 0.0080 -0.9985 0.0535
vn 0.3954 -0.8185 0.4169
vn -0.0080 0.9985 -0.0534
vn 0.3048 0.6761 0.6708
vn 0.3087 -0.6197 0.7216
vn 0.1071 0.7161 0.6898
vn -0.0733 0.8335 0.5476
vn 0.1115 -0.6516 0.7503
vn -0.0563 -0.7680 0.6379
vn -0.0080 0.9985 -0.0533
vn -0.1878 0.9115 0.3658
vn 0.0079 -0.9985 0.0535
vn -0.1703 -0.8745 0.4541
vn -0.3152 0.9460 0.0755
vn -0.2983 -0.9383 0.1751
vn -0.3215 0.9428 0.0885
vn -0.3962 0.8901 -0.2254
vn 0.0079 -0.9985 0.0534
vn -0.3061 -0.9333 0.1879
vn -0.3870 -0.9126 -0.1317
vn -0.0081 0.9985 -0.0535
vn -0.3948 0.8186 -0.4171
vn -0.3879 -0.8595 -0.3328
vn -0.3096 0.6166 -0.7239
vn -0.3037 -0.6792 -0.6681
vn 0.1146 0.6543 -0.7475
vn -0.0580 0.7813 -0.6214
vn 0.0080 0.9985 -0.0535
vn -0.0079 -0.9985 0.0533
vn -0.0705 -0.8257 -0.5597
vn 0.1048 -0.7138 -0.6925
vn -0.1715 0.8750 -0.4527
vn 0.0079 0.9985 -0.0536
vn -0.0080 -0.9985 0.0534
vn -0.1890 -0.9117 -0.3649
vn -0.3048 0.9350 -0.1814
vn 0.0079 0.9985 -0.0535
vn -0.3208 -0.9436 -0.0818
vn -0.3932 0.9091 0.1374
vn 0.0078 0.9985 -0.0534
vn -0.3984 -0.8888 0.2264
vn -0.3894 0.8591 0.3321
vn -0.0080 -0.9985 0.0535
vn -0.3954 -0.8185 0.4169
vn -0.3048 0.6761 0.6708
vn 0.0080 0.9985 -0.0534
vn -0.3087 -0.6197 0.7216
vn -0.1074 0.7161 0.6897
vn 0.0733 0.8335 0.5476
vn 0.0079 0.9985 -0.0534
vn 0.0563 -0.7680 0.6379
vn -0.1112 -0.6516 0.7504
vn 0.1878 0.9115 0.3659
vn 0.0080 0.9985 -0.0533
vn -0.0079 -0.9985 0.0535
vn 0.1703 -0.8745 0.4541
vn 0.3152 0.9460 0.0754
vn 0.2984 -0.9383 0.1751
vn 0.3215 0.9428 0.0885
vn 0.3962 0.8901 -0.2254
vn -0.0079 -0.9985 0.0534
vn 0.3870 -0.9126 -0.1317
vn 0.3061 -0.9333 0.1879
vn 0.3948 0.8186 -0.4172
vn 0.3879 -0.8595 -0.3328
vn 0.3096 0.6166 -0.7239
vn 0.3037 -0.6792 -0.6681
vn -0.4741 -0.5585 -0.6807
vn -0.3244 -0.3912 -0.8613
vn -0.6542 -0.5096 -0.5588
vn -0.3354 0.2816 -0.8990
vn -0.4532 0.4619 -0.7625
vn -0.6768 0.4793 -0.5588
vn -0.2968 -0.0442 -0.9539
vn -0.2019 -0.0166 -0.9793
vn -0.2046 -0.0807 -0.9755
vn -0.3064 0.3909 -0.8679
vn -0.0964 0.3952 -0.9135
vn -0.3426 -0.1099 -0.9330
vn -0.2090 0.1504 -0.9663
vn -0.2092 -0.1521 -0.9660
vn -0.3445 0.0882 -0.9346
vn -0.3373 -0.2104 -0.9176
vn -0.2048 0.0533 -0.9774
vn -0.0763 -0.3236 -0.9431
vn -0.2970 0.0083 -0.9548
vn -0.0897 -0.4593 -0.8838
vn -0.4628 -0.1269 -0.8773
vn -0.3570 -0.3143 -0.8796
vn -0.3358 0.2868 -0.8972
vn -0.0388 -0.0094 -0.9992
vn -0.0369 -0.0989 -0.9944
vn -0.2726 0.3775 -0.8850
vn -0.0172 0.2507 -0.9679
vn -0.0293 -0.2159 -0.9760
vn -0.0421 0.0837 -0.9956
vn -0.2758 -0.4312 -0.8591
vn 0.4956 0.7852 -0.3714
vn 0.6451 0.6675 -0.3720
vn 0.4499 -0.1589 -0.8788
vn 0.4378 -0.3619 -0.8230
vn 0.3499 0.3344 -0.8751
vn 0.4386 0.1986 -0.8764
vn 0.6146 -0.6879 -0.3862
vn 0.5338 -0.7921 -0.2960
vn 0.4538 0.0213 -0.8909
vn 0.9613 -0.2445 -0.1269
vn 0.9238 -0.3540 -0.1459
vn 0.8581 0.5033 -0.1021
vn 0.8678 -0.4967 -0.0113
vn 0.9215 0.3727 -0.1089
vn 0.9561 0.2390 -0.1693
vn 0.9840 0.1236 -0.1286
vn 0.9908 -0.0043 -0.1353
vn 0.9837 -0.1024 -0.1478
vn 0.7215 -0.1429 0.6775
vn 0.6112 0.4224 0.6693
vn 0.7193 0.2739 0.6384
vn 0.6939 -0.3666 0.6197
vn 0.7322 0.1199 0.6705
vn 0.5341 -0.5123 0.6726
vn 0.7330 -0.0078 0.6801
vn 0.5401 0.5641 0.6246
vn 0.4838 0.1720 0.8581
vn 0.4914 -0.0715 0.8680
vn 0.4752 -0.1850 0.8602
vn 0.4940 0.0884 0.8650
vn 0.3069 -0.2759 0.9109
vn 0.4973 0.0118 0.8675
vn 0.3002 0.3166 0.8998
vn 0.2362 0.1425 0.9612
vn 0.3013 -0.3992 0.8660
vn 0.3405 -0.0860 0.9363
vn 0.3401 0.2121 0.9162
vn 0.3426 0.1078 0.9333
vn 0.3265 -0.2832 0.9018
vn 0.3859 0.0442 0.9215
vn 0.2467 -0.3961 0.8844
vn 0.3852 -0.0110 0.9228
vn 0.2539 0.4691 0.8459
vn 0.3245 0.3897 0.8619
vn -0.2930 0.2417 0.9250
vn -0.2780 -0.1888 0.9419
vn 0.2968 0.0443 0.9539
vn 0.4652 -0.4595 0.7566
vn 0.2967 -0.0082 0.9549
vn 0.4550 0.5582 0.6939
vn 0.6512 0.5593 0.5129
vn 0.6826 -0.4202 0.5980
vn 0.2076 0.1534 0.9661
vn 0.2046 0.0801 0.9756
vn 0.1943 -0.1581 0.9681
vn 0.0914 -0.4025 0.9109
vn 0.4719 -0.0463 0.8805
vn 0.2012 0.0173 0.9794
vn 0.2854 0.4812 0.8289
vn 0.0834 0.4574 0.8853
vn 0.2033 -0.0509 0.9778
vn 0.0620 0.3163 0.9466
vn 0.3677 -0.2326 0.9004
vn 0.3249 0.3664 0.8719
vn -0.1781 -0.4178 0.8909
vn 0.0407 0.1485 0.9881
vn 0.0386 0.0541 0.9978
vn 0.2848 -0.3558 0.8901
vn 0.0383 -0.0358 0.9986
vn 0.2644 0.4509 0.8525
vn 0.0440 -0.1388 0.9893
vn -0.4193 0.2482 0.8732
vn -0.4175 0.0663 0.9062
vn -0.0526 -0.5416 0.8390
vn -0.4114 -0.0980 0.9062
vn -0.0747 0.5091 0.8575
vn -0.0694 0.3455 0.9358
vn -0.4086 -0.2978 0.8627
vn -0.3104 0.3805 0.8712
vn -0.8526 0.1587 0.4979
vn -0.8412 -0.0186 0.5405
vn -0.8443 -0.0702 0.5313
vn -0.8018 -0.2575 0.5393
vn -0.7598 -0.3024 0.5755
vn -0.7796 0.4895 0.3906
vn -0.6942 -0.5245 0.4929
vn -0.7896 0.4115 0.4552
vn -0.6222 -0.6102 0.4905
vn -0.8115 0.2158 0.5431
vn -0.9308 0.2689 0.2475
vn -0.8385 0.2161 -0.5003
vn -0.9587 0.1312 -0.2524
vn -0.9667 0.0804 0.2429
vn -0.6449 -0.6285 -0.4349
vn -0.9741 0.0362 0.2230
vn -0.9636 -0.0747 -0.2569
vn -0.9335 -0.1354 0.3319
vn -0.6062 0.5881 -0.5354
vn -0.8272 -0.0685 -0.5577
vn -0.5311 0.5020 -0.6827
vn -0.6984 -0.0633 -0.7130
vn -0.7368 -0.2021 -0.6453
vn -0.7295 0.4305 -0.5315
vn -0.6009 0.3482 -0.7195
vn -0.8297 -0.3046 -0.4677
vn -0.7826 0.3720 -0.4992
vn -0.7291 0.2324 -0.6437
vn -0.7895 -0.3415 -0.5099
vn -0.6941 -0.4019 -0.5972
vn -0.7218 -0.5599 -0.4068
vn -0.6935 0.0652 -0.7175
vn -0.5265 -0.5539 -0.6450
vn -0.2986 0.2420 -0.9232
vn -0.4972 -0.0488 -0.8663
vn -0.4892 -0.1305 -0.8623
vn -0.4814 0.1100 -0.8696
vn -0.4734 -0.2459 -0.8458
vn -0.4956 0.0268 -0.8681
vn -0.3096 -0.3535 -0.8827
vn -0.3082 -0.4974 -0.8109
vn -0.2274 0.0513 -0.9725
vn -0.2446 0.3663 -0.8978
vn -0.3858 -0.0445 -0.9215
vn -0.3874 0.0142 -0.9218
vn -0.2541 -0.4959 -0.8304
vn 0.2744 -0.2641 -0.9247
vn 0.2986 0.1577 -0.9412
vn 0.4741 -0.5585 -0.6807
vn 0.6543 -0.5096 -0.5587
vn 0.3232 -0.3891 -0.8627
vn 0.3351 0.2810 -0.8993
vn 0.6766 0.4792 -0.5591
vn 0.4530 0.4616 -0.7627
vn 0.2968 -0.0442 -0.9539
vn 0.2046 -0.0807 -0.9755
vn 0.2019 -0.0166 -0.9793
vn 0.0959 0.3951 -0.9136
vn 0.3064 0.3909 -0.8679
vn 0.3426 -0.1099 -0.9330
vn 0.2090 0.1505 -0.9663
vn 0.2092 -0.1521 -0.9660
vn 0.3445 0.0882 -0.9346
vn 0.3373 -0.2104 -0.9176
vn 0.2048 0.0533 -0.9774
vn 0.0763 -0.3253 -0.9425
vn 0.2970 0.0083 -0.9548
vn 0.0892 -0.4592 -0.8838
vn 0.4634 -0.1272 -0.8770
vn 0.3569 -0.3139 -0.8798
vn 0.3358 0.2866 -0.8973
vn 0.0369 -0.0989 -0.9944
vn 0.0388 -0.0094 -0.9992
vn 0.2725 0.3775 -0.8850
vn 0.0171 0.2507 -0.9679
vn 0.0291 -0.2163 -0.9759
vn 0.0421 0.0837 -0.9956
vn 0.2758 -0.4314 -0.8590
vn -0.6445 0.6670 -0.3736
vn -0.4977 0.7808 -0.3777
vn -0.4380 -0.3616 -0.8231
vn -0.4569 -0.1575 -0.8755
vn -0.3511 0.3316 -0.8756
vn -0.4374 0.1986 -0.8771
vn -0.6060 -0.7002 -0.3775
vn -0.5219 -0.7964 -0.3056
vn -0.4474 0.0204 -0.8941
vn -0.9209 -0.3654 -0.1357
vn -0.9593 -0.2512 -0.1292
vn -0.8587 0.5028 -0.0993
vn -0.8630 -0.5049 -0.0157
vn -0.9223 0.3678 -0.1187
vn -0.9570 0.2349 -0.1703
vn -0.9834 0.1176 -0.1382
vn -0.9893 -0.0178 -0.1447
vn -0.9836 -0.1160 -0.1381
vn -0.7211 -0.1438 0.6777
vn -0.7177 0.2745 0.6400
vn -0.6100 0.4244 0.6691
vn -0.6950 -0.3647 0.6197
vn -0.7317 0.1202 0.6709
vn -0.5331 -0.5131 0.6728
vn -0.7328 -0.0071 0.6805
vn -0.5388 0.5644 0.6254
vn -0.4839 0.1720 0.8581
vn -0.4751 -0.1851 0.8602
vn -0.4914 -0.0715 0.8680
vn -0.4940 0.0884 0.8650
vn -0.3067 -0.2758 0.9110
vn -0.4973 0.0118 0.8675
vn -0.3001 0.3164 0.8999
vn -0.2364 0.1426 0.9611
vn -0.3013 -0.3991 0.8660
vn -0.3405 -0.0860 0.9363
vn -0.3426 0.1078 0.9333
vn -0.3401 0.2120 0.9162
vn -0.3262 -0.2843 0.9015
vn -0.3859 0.0442 0.9215
vn -0.2467 -0.3961 0.8844
vn -0.3852 -0.0110 0.9228
vn -0.3246 0.3897 0.8618
vn -0.2539 0.4690 0.8459
vn 0.2932 0.2417 0.9250
vn 0.2781 -0.1889 0.9418
vn -0.2968 0.0443 0.9539
vn -0.4652 -0.4595 0.7566
vn -0.2967 -0.0082 0.9549
vn -0.4549 0.5582 0.6939
vn -0.6514 0.5592 0.5128
vn -0.6825 -0.4202 0.5980
vn -0.2046 0.0801 0.9756
vn -0.2076 0.1534 0.9661
vn -0.0930 -0.4030 0.9105
vn -0.1943 -0.1581 0.9681
vn -0.4715 -0.0463 0.8806
vn -0.2013 0.0173 0.9794
vn -0.0834 0.4573 0.8854
vn -0.2856 0.4812 0.8288
vn -0.2033 -0.0509 0.9778
vn -0.0619 0.3164 0.9466
vn -0.3676 -0.2325 0.9005
vn -0.3249 0.3664 0.8719
vn 0.1844 -0.4278 0.8849
vn -0.0386 0.0541 0.9978
vn -0.0407 0.1485 0.9881
vn -0.2848 -0.3560 0.8900
vn -0.0383 -0.0358 0.9986
vn -0.2644 0.4509 0.8525
vn -0.0440 -0.1388 0.9893
vn 0.4128 0.0706 0.9081
vn 0.4166 0.2516 0.8736
vn 0.0978 -0.4862 0.8683
vn 0.4117 -0.1027 0.9055
vn 0.0755 0.5056 0.8595
vn 0.0382 0.4981 0.8663
vn 0.4088 -0.2974 0.8628
vn 0.3116 0.3780 0.8718
vn 0.8412 -0.0184 0.5405
vn 0.8526 0.1587 0.4979
vn 0.8443 -0.0702 0.5313
vn 0.8018 -0.2575 0.5393
vn 0.7598 -0.3024 0.5755
vn 0.7796 0.4895 0.3906
vn 0.6942 -0.5245 0.4929
vn 0.7895 0.4116 0.4553
vn 0.6222 -0.6102 0.4905
vn 0.8115 0.2158 0.5431
vn 0.9308 0.2688 0.2475
vn 0.9568 0.1360 -0.2568
vn 0.8376 0.2209 -0.4996
vn 0.9667 0.0804 0.2429
vn 0.6483 -0.6274 -0.4314
vn 0.9742 0.0362 0.2230
vn 0.9630 -0.0702 -0.2600
vn 0.9335 -0.1355 0.3319
vn 0.6494 0.5489 -0.5263
vn 0.7894 -0.1589 -0.5930
vn 0.5301 0.5022 -0.6832
vn 0.7369 -0.2010 -0.6454
vn 0.6989 -0.0638 -0.7124
vn 0.7254 0.4371 -0.5317
vn 0.6008 0.3482 -0.7196
vn 0.8297 -0.3046 -0.4677
vn 0.7826 0.3720 -0.4992
vn 0.7282 0.2325 -0.6448
vn 0.7921 -0.3390 -0.5076
vn 0.6943 -0.4010 -0.5977
vn 0.7253 -0.5578 -0.4036
vn 0.6936 0.0651 -0.7174
vn 0.5268 -0.5538 -0.6448
vn 0.2985 0.2419 -0.9232
vn 0.4892 -0.1305 -0.8623
vn 0.4972 -0.0488 -0.8663
vn 0.4814 0.1100 -0.8696
vn 0.4733 -0.2461 -0.8459
vn 0.4956 0.0268 -0.8681
vn 0.3096 -0.3535 -0.8827
vn 0.3083 -0.4974 -0.8109
vn 0.2272 0.0514 -0.9725
vn 0.2443 0.3664 -0.8978
vn 0.3858 -0.0445 -0.9215
vn 0.3874 0.0142 -0.9218
vn 0.2538 -0.4958 -0.8305
vn -0.2747 -0.2640 -0.9246
vn -0.2986 0.1578 -0.9412
vn -0.2795 0.4584 -0.8437
vn 0.3052 0.6198 -0.7230
vn 0.9960 -0.0875 0.0177
vn -0.4702 -0.2838 -0.8357
vn -0.2730 -0.1796 -0.9451
vn -0.1050 -0.5928 -0.7984
vn 0.3859 0.6948 -0.6069
vn -0.2926 -0.0025 -0.9562
vn -0.0031 -0.0864 -0.9963
vn 0.1926 0.3625 -0.9119
vn 0.2544 -0.4022 -0.8795
vn -0.3091 0.1477 -0.9395
vn 0.2223 0.1860 -0.9571
vn 0.3665 -0.8311 -0.4182
vn 0.0285 -0.8321 -0.5539
vn 0.4327 -0.0485 -0.9002
vn 0.8329 -0.1769 -0.5244
vn 0.8648 -0.4739 -0.1660
vn 0.8911 0.4014 -0.2116
vn 0.8451 0.1915 -0.4991
vn 0.6392 -0.7049 0.3074
vn 0.4093 -0.6643 0.6255
vn 0.2467 0.8843 -0.3964
vn 0.9992 0.0375 0.0136
vn 0.9642 -0.2218 0.1456
vn 0.7936 0.5265 0.3049
vn 0.4063 0.9099 0.0830
vn 0.6061 0.6870 0.4008
vn 0.9484 -0.1799 0.2611
vn 0.6758 -0.1203 0.7272
vn 0.6525 -0.3114 0.6908
vn 0.7984 0.1268 0.5886
vn 0.0823 0.9751 0.2061
vn 0.4716 0.2438 0.8474
vn 0.5467 0.1030 0.8310
vn 0.3310 0.5200 0.7874
vn 0.3001 -0.1523 0.9417
vn 0.2967 -0.4504 0.8421
vn 0.3885 0.0279 0.9210
vn -0.6849 0.2642 0.6790
vn 0.0472 0.2909 0.9556
vn 0.0720 0.1515 0.9858
vn 0.7227 -0.4852 0.4921
vn 0.1045 -0.0020 0.9945
vn -0.0146 0.6081 0.7938
vn -0.0555 -0.5013 0.8635
vn -0.1873 -0.1710 0.9673
vn -0.3645 0.0232 0.9309
vn -0.1869 0.3978 0.8983
vn -0.2396 -0.3603 0.9015
vn -0.1437 0.2084 0.9674
vn -0.2477 -0.5248 0.8144
vn -0.1976 0.7159 0.6697
vn -0.5815 -0.1391 0.8016
vn -0.1378 -0.7921 0.5947
vn -0.6906 0.0778 0.7191
vn -0.9410 -0.1929 0.2781
vn -0.9763 0.1862 0.1106
vn -0.9782 0.0025 0.2077
vn -0.8428 0.5214 0.1336
vn -0.5991 0.7912 0.1231
vn -0.5526 0.8076 -0.2059
vn -0.8740 0.4289 -0.2283
vn -0.8070 -0.5828 0.0957
vn -0.9342 -0.2940 -0.2021
vn -0.7992 -0.4966 -0.3387
vn -0.9525 0.2568 -0.1634
vn -0.5748 -0.8108 0.1108
vn -0.4695 -0.8676 -0.1635
vn -0.2518 -0.9483 0.1931
vn -0.3224 0.9346 0.1502
vn -0.8469 -0.1014 -0.5220
vn -0.6240 0.4321 -0.6511
vn -0.6704 0.1198 -0.7322
vn -0.5258 -0.5980 -0.6050
vn -0.3144 -0.7211 -0.6173
vn -0.5545 -0.1057 -0.8255
vn 0.1976 0.5345 -0.8217
vn -0.6015 0.5771 -0.5524
vn -0.4955 0.7200 -0.4859
vn 0.2828 -0.2172 -0.9343
vn 0.0121 -0.0842 -0.9964
vn 0.3015 0.0061 -0.9534
vn -0.2517 -0.4141 -0.8747
vn 0.3181 0.1598 -0.9345
vn -0.1989 0.3665 -0.9089
vn -0.2231 0.1856 -0.9570
vn 0.2328 -0.5361 -0.8114
vn -0.3100 -0.8240 -0.4742
vn 0.1781 -0.7053 -0.6862
vn 0.1458 -0.6635 -0.7339
vn -0.4823 0.7284 -0.4866
vn -0.4328 -0.0517 -0.9000
vn -0.8612 -0.4809 -0.1645
vn -0.8367 -0.1737 -0.5194
vn -0.8939 0.3963 -0.2093
vn -0.8448 0.1874 -0.5011
vn -0.6315 -0.7119 0.3073
vn -0.4092 -0.6630 0.6268
vn 0.0794 0.5969 -0.7983
vn -0.9993 0.0346 0.0134
vn -0.9638 -0.2231 0.1459
vn -0.8028 0.5054 0.3163
vn -0.9484 -0.1786 0.2621
vn -0.4699 0.8821 0.0321
vn -0.6527 -0.3111 0.6908
vn -0.6762 -0.1202 0.7268
vn -0.7979 0.1274 0.5892
vn -0.4961 0.4473 0.7442
vn -0.5468 0.1031 0.8309
vn -0.4662 0.2342 0.8531
vn -0.3325 0.7174 0.6121
vn -0.3256 0.8960 0.3018
vn -0.2974 -0.4549 0.8394
vn -0.3001 -0.1523 0.9417
vn -0.3884 0.0279 0.9211
vn -0.0721 0.1515 0.9858
vn -0.0532 0.2965 0.9536
vn -0.7238 -0.4841 0.4918
vn -0.1046 -0.0020 0.9945
vn -0.0139 0.5884 0.8085
vn 0.0434 0.7965 0.6031
vn 0.0575 -0.5069 0.8601
vn 0.1016 0.8153 0.5700
vn 0.1879 -0.1727 0.9669
vn 0.3655 0.0209 0.9306
vn 0.1866 0.3960 0.8991
vn 0.2940 -0.2471 0.9233
vn 0.1584 0.2522 0.9546
vn 0.3443 -0.4186 0.8404
vn 0.1999 0.7118 0.6733
vn 0.5816 -0.1390 0.8015
vn 0.1379 -0.7921 0.5946
vn 0.6906 0.0779 0.7190
vn 0.9136 -0.3293 0.2385
vn 0.9782 0.0003 0.2076
vn 0.9797 0.1455 0.1382
vn 0.8004 -0.5649 0.2005
vn 0.8039 -0.5762 -0.1475
vn 0.9396 -0.2923 -0.1781
vn 0.9471 0.3081 -0.0900
vn 0.7924 0.3901 -0.4690
vn 0.8193 0.5713 -0.0478
vn 0.5398 -0.8308 0.1353
vn 0.4600 -0.8720 -0.1671
vn 0.2519 -0.9483 0.1932
vn 0.8498 -0.0931 -0.5188
vn 0.5147 0.8435 -0.1539
vn 0.2089 0.8208 0.5317
vn 0.6411 -0.3269 -0.6944
vn 0.6643 0.1025 -0.7404
vn 0.5310 -0.5815 -0.6164
vn 0.5432 -0.0968 -0.8340
vn 0.0911 -0.0075 -0.9958
vn 0.0540 -0.0034 -0.9985
vn 0.1238 -0.0101 -0.9923
vn 0.1694 -0.0096 -0.9855
vn 0.1537 -0.1470 -0.9771
vn 0.2288 -0.0070 -0.9735
vn 0.2406 -0.1361 -0.9610
vn 0.2803 -0.0066 -0.9599
vn 0.3170 -0.0083 -0.9484
vn 0.3499 -0.0104 -0.9367
vn 0.3923 -0.0034 -0.9198
vn 0.3845 -0.0121 -0.9230
vn 0.0143 -0.0274 -0.9995
vn 0.0063 0.0226 -0.9997
vn 0.4511 0.0603 -0.8904
vn 0.4476 0.0170 -0.8941
vn 0.4439 -0.0123 -0.8960
vn 0.4543 -0.0762 -0.8876
vn 0.5102 -0.0057 -0.8600
vn 0.5097 -0.0004 -0.8604
vn 0.5640 -0.0091 -0.8257
vn 0.5432 -0.1367 -0.8284
vn 0.6002 0.1376 -0.7879
vn 0.6150 -0.1387 -0.7762
vn 0.6504 0.1375 -0.7471
vn 0.6613 -0.0069 -0.7501
vn 0.7078 -0.0067 -0.7063
vn 0.7092 -0.0074 -0.7050
vn 0.7374 0.1516 -0.6582
vn 0.7325 -0.1563 -0.6625
vn 0.7848 0.1449 -0.6025
vn 0.7964 -0.1438 -0.5875
vn 0.4582 -0.0538 -0.8872
vn 0.4558 -0.0029 -0.8901
vn 0.4525 0.0520 -0.8902
vn 0.8360 -0.0070 -0.5487
vn 0.8369 -0.0075 -0.5473
vn 0.8733 -0.0072 -0.4871
vn 0.8726 -0.0064 -0.4884
vn 0.9049 -0.0073 -0.4255
vn 0.8858 -0.1600 -0.4356
vn 0.9332 -0.0077 -0.3592
vn 0.9298 -0.1213 -0.3474
vn 0.9564 -0.0066 -0.2921
vn 0.9568 -0.0072 -0.2908
vn 0.9749 -0.0070 -0.2224
vn 0.9754 -0.0081 -0.2202
vn 0.9886 -0.0073 -0.1503
vn 0.9889 -0.0082 -0.1482
vn 0.9970 -0.0073 -0.0765
vn 0.9972 -0.0082 -0.0743
vn 1.0000 -0.0077 -0.0012
vn 1.0000 -0.0085 0.0004
vn 0.9971 -0.0082 0.0755
vn 0.9973 -0.0075 0.0735
vn 0.9890 -0.0073 0.1475
vn 0.9887 -0.0082 0.1496
vn 0.9754 -0.0072 0.2202
vn 0.9750 -0.0078 0.2219
vn 0.9571 -0.0065 0.2897
vn 0.9566 -0.0072 0.2912
vn 0.9338 -0.0070 0.3578
vn 0.9330 -0.0077 0.3597
vn 0.8968 0.1521 0.4155
vn 0.9043 -0.0089 0.4267
vn 0.8666 0.1365 0.4799
vn 0.8646 -0.0067 0.5024
vn 0.8354 -0.0027 0.5496
vn 0.8307 -0.0076 0.5567
vn 0.7959 -0.0078 0.6054
vn 0.7971 -0.0070 0.6038
vn 0.7544 -0.0069 0.6564
vn 0.7530 -0.0078 0.6579
vn 0.7093 -0.0069 0.7049
vn 0.7079 -0.0077 0.7063
vn 0.6617 -0.0068 0.7497
vn 0.6605 -0.0073 0.7508
vn 0.6088 0.1158 0.7848
vn 0.6120 -0.0070 0.7908
vn 0.5556 0.1634 0.8153
vn 0.5601 -0.0077 0.8284
vn 0.5066 0.1179 0.8541
vn 0.5056 -0.0094 0.8627
vn 0.4591 -0.0066 0.8884
vn 0.4221 -0.0114 0.9065
vn 0.3906 -0.0104 0.9205
vn 0.3510 -0.0123 0.9363
vn 0.3124 -0.0121 0.9499
vn 0.2839 0.1273 0.9504
vn 0.2060 0.1707 0.9635
vn 0.2033 -0.0102 0.9791
vn 0.1630 -0.0115 0.9866
vn 0.1202 -0.0085 0.9927
vn 0.1204 -0.0066 0.9927
vn 0.0596 -0.0066 0.9982
vn 0.0579 -0.0075 0.9983
vn 0.0011 -0.0069 1.0000
vn -0.0025 -0.0100 0.9999
vn -0.0908 -0.0077 0.9958
vn -0.0525 -0.0065 0.9986
vn -0.1270 -0.0118 0.9918
vn -0.1779 -0.0112 0.9840
vn -0.1662 -0.0046 0.9861
vn -0.2307 -0.0083 0.9730
vn -0.2275 -0.0037 0.9738
vn -0.2880 -0.0075 0.9576
vn -0.2729 -0.0000 0.9621
vn -0.3398 -0.0079 0.9405
vn -0.3373 -0.0037 0.9414
vn -0.3998 -0.0076 0.9166
vn -0.3850 -0.0000 0.9229
vn -0.4512 -0.0081 0.8924
vn -0.4516 -0.0075 0.8922
vn -0.5110 -0.0102 0.8595
vn -0.5072 -0.0067 0.8618
vn -0.5564 -0.0062 0.8309
vn -0.5895 -0.0082 0.8077
vn -0.6041 0.1391 0.7847
vn -0.6562 0.1165 0.7455
vn -0.6577 -0.0070 0.7532
vn -0.7078 -0.0067 0.7063
vn -0.7091 -0.0074 0.7050
vn -0.7529 -0.0066 0.6581
vn -0.7324 -0.1564 0.6626
vn -0.7955 -0.0073 0.6059
vn -0.7964 -0.1440 0.5873
vn -0.8357 -0.0072 0.5491
vn -0.8367 -0.0079 0.5476
vn -0.8735 -0.0077 0.4867
vn -0.8725 -0.0071 0.4886
vn -0.9050 -0.0075 0.4253
vn -0.8858 -0.1600 0.4356
vn -0.9332 -0.0077 0.3592
vn -0.9300 -0.1203 0.3472
vn -0.9493 0.1245 0.2888
vn -0.9553 -0.0030 0.2955
vn -0.9619 0.1603 0.2216
vn -0.9571 -0.1407 0.2534
vn -0.9769 0.1610 0.1404
vn -0.9725 -0.1823 0.1449
vn -0.9828 0.1634 0.0863
vn -0.9878 -0.1516 0.0364
vn -1.0000 -0.0023 -0.0023
vn -0.9999 -0.0079 -0.0127
vn -0.9971 -0.0082 -0.0759
vn -0.9973 -0.0073 -0.0737
vn -0.9889 -0.0072 -0.1482
vn -0.9886 -0.0079 -0.1501
vn -0.9755 -0.0069 -0.2199
vn -0.9752 -0.0076 -0.2211
vn -0.9571 -0.0072 -0.2898
vn -0.9579 -0.0032 -0.2871
vn -0.9325 -0.0091 -0.3611
vn -0.9309 -0.0959 -0.3525
vn -0.9066 -0.0110 -0.4219
vn -0.8910 -0.1811 -0.4164
vn -0.8761 -0.0057 -0.4821
vn -0.8523 -0.1503 -0.5011
vn -0.8353 -0.0024 -0.5498
vn -0.8301 -0.0076 -0.5576
vn -0.0534 0.9986 0.0052
vn -0.0128 0.9999 0.0062
vn -0.0798 0.9963 0.0306
vn -0.4528 0.8866 0.0944
vn -0.4068 0.9135 0.0091
vn -0.4731 0.8674 0.1541
vn -0.4465 0.8610 0.2435
vn -0.1065 0.9922 -0.0647
vn -0.3054 0.9266 0.2193
vn -0.7790 0.4008 0.4822
vn -0.8052 0.3623 0.4695
vn -0.8543 0.3491 0.3851
vn -0.8661 0.3596 0.3473
vn -0.8978 0.3515 0.2655
vn -0.9079 0.3620 0.2116
vn -0.9234 0.3595 0.1347
vn -0.9233 0.3765 0.0752
vn -0.9338 0.3577 -0.0127
vn -0.7959 -0.0078 -0.6054
vn -0.7971 -0.0070 -0.6038
vn -0.7540 -0.0074 -0.6569
vn -0.7528 -0.0075 -0.6582
vn -0.7061 0.1373 -0.6947
vn -0.7084 -0.0074 -0.7058
vn -0.6471 0.1502 -0.7475
vn -0.6635 -0.0039 -0.7482
vn -0.6133 0.1524 -0.7750
vn -0.6107 -0.0953 -0.7861
vn -0.5675 -0.0086 -0.8233
vn -0.5437 -0.1395 -0.8276
vn -0.5062 -0.0026 -0.8624
vn -0.4995 -0.0072 -0.8663
vn -0.4618 0.0149 -0.8869
vn -0.4609 -0.0298 -0.8870
vn -0.3646 -0.0102 -0.9311
vn -0.4031 -0.0014 -0.9152
vn -0.3340 -0.0107 -0.9425
vn -0.2953 -0.0118 -0.9553
vn -0.2591 -0.0097 -0.9658
vn -0.2227 -0.0100 -0.9748
vn -0.1772 -0.0096 -0.9841
vn -0.1773 -0.0076 -0.9841
vn -0.1169 -0.0066 -0.9931
vn -0.1187 -0.0035 -0.9929
vn -0.0586 0.1074 -0.9925
vn -0.0857 -0.1164 -0.9895
vn -0.4421 -0.0248 -0.8966
vn -0.4524 0.0310 -0.8913
vn 0.0096 0.3781 -0.9257
vn 0.0065 -0.5758 -0.8176
vn -0.0494 -0.9927 0.1099
vn -0.0822 -0.9935 0.0793
vn -0.0007 -1.0000 0.0066
vn 0.3944 0.0297 -0.9185
vn 0.3461 0.0349 -0.9375
vn 0.2730 0.4832 -0.8319
vn 0.3276 0.5069 -0.7973
vn 0.2813 0.0355 -0.9590
vn 0.2339 0.0340 -0.9717
vn 0.1787 0.4536 -0.8731
vn 0.1685 0.0348 -0.9851
vn 0.1206 0.0342 -0.9921
vn 0.0730 0.4911 -0.8680
vn 0.0557 0.0315 -0.9980
vn 0.4507 0.0012 -0.8927
vn 0.4451 0.0884 -0.8911
vn -0.0012 0.0284 -0.9996
vn -0.0024 0.5106 -0.8598
vn 0.3953 0.4815 -0.7822
vn -0.0090 0.9999 0.0114
vn -0.1820 0.9703 0.1596
vn -0.1908 0.9364 0.2946
vn -0.4048 0.8401 0.3610
vn -0.3244 0.8515 0.4119
vn -0.1833 0.9793 0.0858
vn -0.1850 0.8947 0.4066
vn -0.4294 0.3633 0.8268
vn -0.4614 0.3882 0.7977
vn -0.5252 0.3884 0.7572
vn -0.5689 0.3449 0.7466
vn -0.6260 0.3427 0.7005
vn -0.6592 0.3480 0.6666
vn -0.7019 0.3692 0.6092
vn -0.7275 0.3885 0.5655
vn -0.0169 0.9978 0.0637
vn 0.0031 0.9998 0.0189
vn -0.0451 0.8935 0.4468
vn -0.1633 0.8680 0.4690
vn -0.0895 0.8746 0.4765
vn 0.0259 0.9320 0.3616
vn -0.0148 0.3222 0.9466
vn -0.0402 0.3751 0.9261
vn -0.1212 0.3610 0.9246
vn -0.1511 0.3372 0.9292
vn -0.2248 0.3232 0.9193
vn -0.2655 0.3373 0.9032
vn -0.3238 0.3381 0.8836
vn -0.3672 0.3568 0.8590
vn 0.0622 0.9779 0.1996
vn 0.0096 0.9998 0.0145
vn 0.1725 0.9066 0.3851
vn 0.1149 0.7550 0.6456
vn 0.2085 0.7864 0.5814
vn 0.1889 0.9365 0.2954
vn 0.4276 0.3526 0.8324
vn 0.3690 0.3523 0.8601
vn 0.3293 0.3413 0.8804
vn 0.2586 0.3424 0.9033
vn 0.2310 0.3358 0.9132
vn 0.1449 0.3323 0.9320
vn 0.1271 0.3471 0.9292
vn 0.0517 0.4179 0.9070
vn 0.0103 0.9999 0.0067
vn 0.1386 0.9828 0.1221
vn 0.2464 0.9242 0.2917
vn 0.3854 0.8431 0.3751
vn 0.4237 0.8595 0.2859
vn 0.1140 0.9926 0.0411
vn 0.7820 0.3781 0.4954
vn 0.7395 0.3457 0.5776
vn 0.7031 0.3620 0.6120
vn 0.6595 0.3608 0.6595
vn 0.6109 0.3922 0.6878
vn 0.5595 0.3811 0.7360
vn 0.5264 0.3773 0.7620
vn 0.4570 0.3988 0.7951
vn 0.0553 0.9984 0.0080
vn 0.5327 0.8299 0.1658
vn 0.4307 0.8717 0.2338
vn 0.4258 0.9005 0.0877
vn 0.4953 0.8687 0.0034
vn 0.9288 0.3706 -0.0024
vn 0.9309 0.3579 0.0729
vn 0.9220 0.3647 0.1302
vn 0.9111 0.3521 0.2145
vn 0.8927 0.3653 0.2638
vn 0.8716 0.3499 0.3433
vn 0.8515 0.3593 0.3819
vn 0.8097 0.3502 0.4710
vn -0.0099 0.9310 -0.3649
vn -0.0022 0.9999 -0.0121
vn -0.0471 0.9385 -0.3420
vn -0.1138 0.9285 -0.3536
vn -0.0110 0.9996 -0.0243
vn -0.1022 0.9839 -0.1465
vn -0.2731 0.8394 -0.4700
vn -0.3658 0.3405 -0.8662
vn -0.3315 0.3556 -0.8739
vn -0.2509 0.3767 -0.8917
vn -0.2312 0.3301 -0.9152
vn -0.1512 0.4322 -0.8890
vn -0.0800 0.3532 -0.9321
vn -0.1229 0.3216 -0.9389
vn -0.0587 0.3592 -0.9314
vn -0.0080 0.3996 -0.9166
vn 0.0856 0.9917 -0.0955
vn 0.0163 0.9977 -0.0654
vn 0.2307 0.7319 -0.6412
vn 0.0178 0.9540 -0.2991
vn 0.0525 0.7592 -0.6488
vn 0.0892 0.8875 -0.4520
vn 0.0177 0.4422 -0.8967
vn 0.0454 0.3301 -0.9429
vn 0.1182 0.3268 -0.9377
vn 0.1548 0.3222 -0.9339
vn 0.2247 0.3195 -0.9206
vn 0.2604 0.3337 -0.9060
vn 0.3277 0.3380 -0.8823
vn 0.3629 0.3561 -0.8611
vn 0.2339 0.9299 -0.2839
vn 0.3402 0.7015 -0.6262
vn 0.0048 0.9999 -0.0150
vn 0.1938 0.9800 0.0448
vn 0.2985 0.9534 -0.0447
vn 0.0419 0.9989 -0.0232
vn 0.6960 0.6876 -0.2068
vn 0.3439 0.9225 -0.1755
vn 0.3996 0.8678 -0.2953
vn 0.7827 0.3647 -0.5044
vn 0.8066 0.3773 -0.4551
vn 0.8387 0.3801 -0.3901
vn 0.8563 0.3924 -0.3359
vn 0.8810 0.3956 -0.2596
vn 0.9025 0.3734 -0.2145
vn 0.8702 0.4743 -0.1334
vn 0.9326 0.3558 -0.0599
vn -0.0436 0.9980 -0.0465
vn -0.0285 0.9989 -0.0374
vn -0.0569 0.9979 -0.0321
vn -0.4820 0.8022 -0.3524
vn -0.0285 0.9987 -0.0430
vn -0.2894 0.8885 -0.3561
vn -0.2248 0.9111 -0.3455
vn -0.3510 0.8814 -0.3162
vn -0.7807 0.3668 -0.5059
vn -0.7360 0.3663 -0.5694
vn -0.7078 0.3544 -0.6111
vn -0.6599 0.3426 -0.6688
vn -0.6228 0.3501 -0.6997
vn -0.5694 0.3434 -0.7469
vn -0.5300 0.3604 -0.7676
vn -0.4669 0.3512 -0.8116
vn -0.2961 0.8044 -0.5150
vn 0.0277 0.9993 -0.0244
vn 0.0141 0.9997 -0.0199
vn 0.1021 0.9860 -0.1318
vn 0.2799 0.9231 -0.2638
vn 0.3412 0.8523 -0.3965
vn 0.2613 0.8638 -0.4308
vn 0.1866 0.9220 -0.3393
vn 0.4200 0.4509 -0.7876
vn 0.4734 0.3474 -0.8095
vn 0.5281 0.3417 -0.7774
vn 0.5706 0.3459 -0.7448
vn 0.6219 0.3557 -0.6977
vn 0.6524 0.3667 -0.6632
vn 0.7016 0.3821 -0.6015
vn 0.7380 0.3660 -0.5669
vn -0.0627 0.9979 -0.0140
vn -0.6626 0.7444 -0.0826
vn -0.4133 0.8989 -0.1455
vn -0.3778 0.9063 -0.1895
vn -0.9464 0.3181 -0.0553
vn -0.8844 0.4447 -0.1416
vn -0.9234 0.3175 -0.2156
vn -0.8930 0.3648 -0.2635
vn -0.8704 0.3535 -0.3428
vn -0.8483 0.3605 -0.3879
vn -0.8142 0.3500 -0.4632
vn 0.0002 1.0000 0.0001
vn 0.1041 0.9943 0.0226
vn 0.0002 1.0000 -0.0000
vn 0.0253 0.9988 0.0412
vn 0.0001 1.0000 -0.0000
vn -0.5439 0.1530 0.8251
vn -0.5048 0.0048 0.8632
vn -0.4946 0.2059 0.8444
vn -0.7785 0.1760 0.6024
vn -0.7435 0.1729 0.6460
vn -0.5004 0.7389 0.4512
vn -0.6621 0.6095 0.4362
vn -0.7088 0.1530 0.6887
vn -0.5438 0.6122 0.5740
vn -0.6448 0.1560 0.7483
vn -0.6134 0.1531 0.7748
vn -0.4686 0.6109 0.6382
vn -0.3516 0.7484 0.5624
vn -0.7920 -0.0024 0.6106
vn -0.8358 0.0667 0.5450
vn -0.6847 -0.0001 0.7288
vn -0.5894 0.0023 0.8078
vn -0.4147 0.0019 0.9099
vn -0.4575 0.1419 0.8778
vn -0.3479 0.5827 0.7345
vn 0.5131 0.0052 0.8583
vn 0.5473 0.1430 0.8246
vn 0.4862 0.2107 0.8480
vn 0.4759 0.5963 0.6465
vn 0.3324 0.7568 0.5628
vn 0.6125 0.1564 0.7748
vn 0.6451 0.1534 0.7485
vn 0.5300 0.6388 0.5577
vn 0.7069 0.1581 0.6894
vn 0.7368 0.1558 0.6579
vn 0.6150 0.6125 0.4966
vn 0.7923 0.1591 0.5890
vn 0.4315 0.0006 0.9021
vn 0.4608 0.1582 0.8733
vn 0.5977 0.0019 0.8017
vn 0.6898 0.0006 0.7240
vn 0.7797 0.0006 0.6261
vn 0.8587 0.0006 0.5124
vn 0.8248 0.1770 0.5370
vn 0.5550 0.7431 0.3738
vn 0.3390 0.5957 0.7282
vn -0.0549 0.0331 -0.9979
vn -0.1209 0.0346 -0.9921
vn -0.0810 0.4557 -0.8864
vn -0.1685 0.0354 -0.9851
vn -0.1854 0.5004 -0.8457
vn -0.2345 0.0357 -0.9715
vn -0.2816 0.0351 -0.9589
vn -0.2764 0.4955 -0.8235
vn -0.3440 0.0323 -0.9384
vn -0.3960 0.0300 -0.9178
vn -0.3268 0.5167 -0.7913
vn -0.4447 0.0026 -0.8957
vn -0.4534 0.0008 -0.8913
vn -0.4549 0.0239 -0.8902
vn -0.4473 0.1267 -0.8853
vn -0.3722 0.4736 -0.7982
vn -0.0024 0.0367 -0.9993
vn 0.0046 0.5231 -0.8522
vn 0.7035 0.1411 -0.6965
vn 0.6566 0.0066 -0.7542
vn 0.5736 0.5190 -0.6337
vn 0.6111 0.1469 -0.7778
vn 0.5476 0.1736 -0.8186
vn 0.5062 0.0107 -0.8623
vn 0.4975 0.1868 -0.8471
vn 0.7933 0.1567 -0.5884
vn 0.7372 0.1567 -0.6572
vn 0.6290 0.6004 -0.4938
vn 0.4154 0.7194 -0.5566
vn 0.3664 0.7352 -0.5703
vn 0.8519 -0.0005 -0.5237
vn 0.7755 0.0028 -0.6314
vn 0.8266 0.1471 -0.5432
vn 0.7146 0.0052 -0.6996
vn 0.5831 0.0036 -0.8124
vn 0.4525 -0.0056 -0.8917
vn 0.3717 0.4859 -0.7910
vn 0.6352 0.6400 -0.4323
vn -0.9799 0.1831 0.0791
vn -0.9771 0.1622 0.1378
vn -0.7701 0.6203 0.1488
vn -0.6670 0.7448 0.0177
vn -0.9585 0.1703 0.2287
vn -0.9431 0.1817 0.2784
vn -0.6469 0.7304 0.2189
vn -0.9140 0.1845 0.3614
vn -0.8952 0.1802 0.4075
vn -0.6102 0.7279 0.3128
vn -0.8572 0.1745 0.4845
vn -0.9997 0.0083 -0.0242
vn -0.9933 0.0002 0.1154
vn -0.9836 0.1803 -0.0087
vn -0.9690 0.0066 0.2470
vn -0.9403 0.0079 0.3402
vn -0.8856 -0.0024 0.4645
vn 0.0540 0.1424 0.9883
vn 0.1206 0.1674 0.9785
vn 0.0662 0.7151 0.6959
vn 0.1617 0.1469 0.9758
vn 0.1738 0.5801 0.7958
vn 0.2385 0.1562 0.9585
vn 0.2733 0.1676 0.9472
vn 0.2219 0.7102 0.6681
vn 0.3431 0.1696 0.9239
vn 0.3840 0.1483 0.9113
vn 0.0038 0.0056 1.0000
vn 0.0993 0.0019 0.9951
vn 0.2068 0.0007 0.9784
vn 0.3233 -0.0010 0.9463
vn 0.0006 0.4665 0.8845
vn 0.8983 0.1535 -0.4117
vn 0.8719 0.0635 -0.4856
vn 0.7536 0.5344 -0.3828
vn 0.9812 0.1723 -0.0868
vn 0.9734 0.1826 -0.1384
vn 0.6689 0.7331 -0.1231
vn 0.7812 0.6232 -0.0355
vn 0.9578 0.1825 -0.2220
vn 0.9469 0.1613 -0.2780
vn 0.7501 0.6087 -0.2585
vn 0.9181 0.1615 -0.3619
vn 1.0000 0.0017 0.0004
vn 0.9923 0.0008 -0.1240
vn 0.9868 0.1615 0.0112
vn 0.9643 0.0002 -0.2650
vn 0.9175 -0.0001 -0.3977
vn 0.3824 0.8982 -0.2165
vn -0.8551 0.1785 -0.4867
vn -0.8927 0.1861 -0.4104
vn -0.6008 0.7367 -0.3102
vn -0.9152 0.1807 -0.3602
vn -0.6361 0.7404 -0.2170
vn -0.9424 0.1861 -0.2781
vn -0.9570 0.1820 -0.2258
vn -0.6680 0.7321 -0.1332
vn -0.9732 0.1807 -0.1424
vn -0.9819 0.1764 -0.0694
vn -0.6585 0.7511 -0.0464
vn -0.8582 0.0007 -0.5133
vn -0.8257 0.1811 -0.5343
vn -0.9245 -0.0015 -0.3812
vn -0.9714 -0.0012 -0.2375
vn -0.9929 0.0076 -0.1189
vn -0.5399 0.7581 -0.3659
vn -0.3805 0.1580 0.9112
vn -0.3459 0.1686 0.9230
vn -0.2207 0.7166 0.6617
vn -0.2760 0.1682 0.9463
vn -0.2371 0.1476 0.9602
vn -0.1639 0.5806 0.7975
vn -0.1622 0.1496 0.9753
vn -0.1249 0.1471 0.9812
vn -0.0885 0.5887 0.8035
vn -0.0520 0.1246 0.9908
vn -0.3097 0.0007 0.9508
vn -0.1967 0.0007 0.9805
vn -0.0898 0.0022 0.9960
vn 0.8575 0.1584 0.4895
vn 0.8969 0.1634 0.4108
vn 0.7136 0.5984 0.3644
vn 0.9181 0.1603 0.3626
vn 0.7593 0.5980 0.2566
vn 0.9464 0.1692 0.2752
vn 0.9570 0.1821 0.2257
vn 0.6605 0.7405 0.1240
vn 0.9732 0.1803 0.1424
vn 0.9820 0.1744 0.0721
vn 0.6740 0.7362 0.0601
vn 0.9244 -0.0012 0.3814
vn 0.9715 -0.0016 0.2370
vn 0.9952 0.0011 0.0982
vn -0.5143 0.0045 -0.8576
vn -0.5473 0.1430 -0.8246
vn -0.4979 0.1944 -0.8452
vn -0.4671 0.6188 -0.6315
vn -0.3466 0.7488 -0.5650
vn -0.6125 0.1564 -0.7748
vn -0.6451 0.1534 -0.7486
vn -0.5333 0.6331 -0.5610
vn -0.7069 0.1582 -0.6894
vn -0.7368 0.1557 -0.6580
vn -0.6178 0.6085 -0.4980
vn -0.7924 0.1592 -0.5889
vn -0.4460 0.0021 -0.8950
vn -0.4551 0.0322 -0.8898
vn -0.5977 0.0019 -0.8017
vn -0.6898 0.0006 -0.7240
vn -0.7795 0.0007 -0.6264
vn -0.3775 0.5198 -0.7664
vn -0.0309 0.9956 0.0885
vn -0.0000 1.0000 -0.0000
vn -0.0100 0.9998 -0.0159
vn -0.0005 1.0000 0.0003
vn -0.0001 1.0000 -0.0000
vn -0.0002 1.0000 -0.0000
vn 0.0005 1.0000 -0.0012
vn 0.0084 0.9626 -0.2707
vn -0.0001 1.0000 -0.0001
vn 0.0699 0.9832 -0.1689
vn -0.0009 0.9681 -0.2507
vn -0.0041 0.9999 -0.0138
vn 0.0001 1.0000 -0.0001
vn 0.0803 0.9954 -0.0527
vn 0.0002 1.0000 -0.0001
vn 0.1102 0.9668 -0.2305
vn 0.0092 0.9999 0.0041
vn 0.0001 1.0000 0.0001
vn -0.1545 0.9844 0.0838
vn -0.0000 1.0000 0.0001
vn -0.0000 1.0000 -0.0002
vn -0.0000 1.0000 -0.0001
vn -0.0000 1.0000 -0.0007
vn 0.0001 1.0000 0.0005
vn -0.0003 1.0000 -0.0004
vn -0.0000 1.0000 0.0002
vn -0.0000 1.0000 0.0003
vn -0.0000 1.0000 0.0004
vn 0.0003 1.0000 -0.0000
vn -0.0001 1.0000 0.0004
vn -0.0000 1.0000 -0.0003
vn -0.0003 1.0000 -0.0000
vn 0.1174 -0.9884 -0.0966
vn -0.0000 -1.0000 -0.0000
vn -0.0456 -0.9839 0.1725
vn 0.0035 -1.0000 0.0068
vn 0.0003 -1.0000 0.0002
vn -0.0000 -1.0000 0.0001
vn 0.0366 -0.9902 0.1349
vn 0.0010 -1.0000 0.0073
vn 0.0009 -1.0000 0.0006
vn 0.0005 -1.0000 0.0010
vn 0.0025 -1.0000 0.0007
vn 0.0001 -1.0000 -0.0000
vn 0.0001 -1.0000 0.0001
vn 0.1285 -0.9908 0.0424
vn 0.0004 -1.0000 -0.0007
vn 0.0071 -1.0000 0.0039
vn -0.0724 -0.9828 -0.1701
vn -0.0005 -0.9857 -0.1683
vn -0.0014 -1.0000 -0.0052
vn -0.0002 -1.0000 -0.0003
vn -0.0000 -1.0000 -0.0001
vn 0.0059 -0.9913 -0.1316
vn 0.0254 -0.9840 -0.1763
vn 0.0257 -0.9978 -0.0618
vn 0.0002 -1.0000 -0.0017
vn -0.0001 -1.0000 -0.0000
vn -0.0001 -1.0000 0.0001
vn 0.1722 -0.9824 -0.0717
vn 0.0130 -0.9999 -0.0026
vn -0.0025 -1.0000 -0.0039
vn -0.0001 -1.0000 -0.0001
vn -0.0981 -0.9913 -0.0875
vn 0.0594 -0.9919 -0.1119
vn 0.0005 -1.0000 -0.0008
vn 0.0003 -1.0000 -0.0010
vn 0.0002 -1.0000 -0.0005
vn -0.1365 -0.9906 0.0077
vn -0.1455 -0.9865 -0.0751
vn -0.1434 -0.9858 0.0877
vn -0.1579 -0.9866 0.0417
vn -0.0004 -1.0000 0.0004
vn 0.0001 -1.0000 -0.0001
vn 0.0026 -1.0000 -0.0003
vn 0.0004 -1.0000 -0.0001
vn -0.0000 -1.0000 -0.0002
vn 0.0001 -1.0000 0.0002
vn -0.0002 -1.0000 -0.0001
vn -0.0002 -1.0000 -0.0000
vn -0.0000 -1.0000 0.0003
vn -0.0000 -1.0000 -0.0004
vn -0.0000 -1.0000 0.0004
vn -0.5623 -0.0009 -0.8269
vn -0.6379 -0.0006 -0.7701
vn -0.6058 0.0009 -0.7956
vn -0.6661 0.0008 -0.7459
vn -0.7090 -0.0009 -0.7052
vn -0.7762 -0.0009 -0.6304
vn -0.7327 0.0009 -0.6805
vn -0.7980 0.0010 -0.6027
vn -0.4780 -0.0009 -0.8784
vn -0.5312 0.0010 -0.8473
vn -0.8372 -0.0010 -0.5469
vn -0.8567 0.0010 -0.5159
vn 0.8702 0.0008 0.4928
vn 0.8950 -0.0007 0.4461
vn 0.9078 -0.0000 0.4193
vn 0.9471 -0.0009 0.3211
vn 0.9438 -0.0003 0.3306
vn 0.9825 -0.0011 0.1861
vn 0.9991 -0.0011 0.0425
vn 0.9872 -0.0005 0.1598
vn 0.9725 0.0007 0.2329
vn 0.8382 -0.0010 0.5453
vn 0.8171 0.0009 0.5766
vn -0.3147 -0.0013 0.9492
vn -0.2017 -0.0010 0.9794
vn -0.2871 0.0004 0.9579
vn -0.4246 -0.0012 0.9054
vn -0.3708 0.0011 0.9287
vn -0.2047 -0.0000 0.9788
vn -0.0915 -0.0010 0.9958
vn -0.1192 0.0007 0.9929
vn -0.0318 0.0009 0.9995
vn 0.0044 -0.0011 1.0000
vn -0.4500 -0.0001 0.8930
vn -0.9591 -0.0010 -0.2831
vn -0.9850 -0.0009 -0.1727
vn -0.9727 0.0008 -0.2322
vn -0.9895 -0.0000 -0.1449
vn -0.9995 -0.0008 -0.0313
vn -0.9992 -0.0002 -0.0412
vn -0.8908 -0.0009 -0.4544
vn -0.9055 0.0008 -0.4243
vn -0.9316 -0.0007 -0.3636
vn -0.9438 0.0006 -0.3304
vn 0.9749 -0.0010 -0.2227
vn 0.9425 -0.0011 -0.3341
vn 0.9650 0.0010 -0.2621
vn 0.9946 -0.0009 -0.1036
vn 0.9873 0.0010 -0.1588
vn 0.9972 -0.0004 -0.0743
vn 0.9345 0.0002 -0.3559
vn 0.8890 -0.0010 -0.4580
vn 0.9058 0.0001 -0.4237
vn 0.8729 -0.0000 -0.4880
vn 0.8166 -0.0010 -0.5772
vn 0.8369 -0.0000 -0.5474
vn 0.2039 -0.0016 0.9790
vn 0.3163 -0.0017 0.9487
vn 0.2592 0.0015 0.9658
vn 0.3623 0.0012 0.9321
vn 0.4225 -0.0010 0.9064
vn 0.0978 -0.0012 0.9952
vn 0.1512 0.0014 0.9885
vn 0.0574 0.0009 0.9984
vn 0.4499 0.0009 0.8931
vn -0.9934 -0.0015 0.1150
vn -0.9819 0.0016 0.1893
vn -0.9974 0.0009 0.0723
vn -0.9675 -0.0016 0.2528
vn -0.9329 -0.0010 0.3602
vn -0.8869 -0.0008 0.4619
vn -0.9079 0.0008 0.4191
vn -0.8703 0.0004 0.4926
vn -0.9476 0.0013 0.3195
vn -0.8161 -0.0011 0.5779
vn -0.8175 -0.0000 0.5759
vn 0.7346 -0.0008 -0.6785
vn 0.7540 -0.0001 -0.6569
vn 0.7037 0.0007 -0.7105
vn 0.6608 -0.0009 -0.7505
vn 0.5862 -0.0012 -0.8102
vn 0.6324 0.0011 -0.7746
vn 0.5415 0.0011 -0.8407
vn 0.5076 -0.0010 -0.8616
vn 0.7960 -0.0000 -0.6053
vn 0.4213 -0.0007 -0.9069
vn -0.1008 -0.0006 -0.9949
vn -0.2001 -0.0001 -0.9798
vn -0.2864 -0.0002 -0.9581
vn -0.3764 -0.0005 -0.9265
vn -0.0223 -0.0123 -0.9997
vn 0.5904 -0.0011 0.8071
vn 0.6859 -0.0010 0.7277
vn 0.6130 0.0005 0.7901
vn 0.5072 -0.0009 0.8618
vn 0.5350 0.0010 0.8449
vn 0.6851 -0.0000 0.7284
vn 0.7733 -0.0011 0.6341
vn 0.7535 0.0004 0.6574
vn -0.7300 -0.0010 0.6835
vn -0.7577 0.0004 0.6526
vn -0.6368 -0.0008 0.7711
vn -0.5334 -0.0010 0.8459
vn -0.5655 0.0004 0.8247
vn -0.5076 -0.0002 0.8616
vn -0.7042 0.0005 0.7100
vn -0.6366 -0.0000 0.7712
vn 0.3141 -0.0007 -0.9494
vn 0.2009 -0.0007 -0.9796
vn 0.0910 -0.0003 -0.9958
vn 0.0177 -0.0207 -0.9996
vn -0.0606 0.9533 0.2959
vn -0.1364 0.9507 0.2787
vn -0.0166 0.9280 0.3723
vn 0.0090 0.9919 0.1264
vn -0.1192 0.9915 -0.0523
vn -0.1230 0.9922 -0.0192
vn -0.2755 0.9605 0.0392
vn -0.2373 0.9465 -0.2186
vn 0.2639 0.9605 -0.0880
vn 0.2550 0.9669 -0.0079
vn 0.0618 0.9485 0.3108
vn 0.1169 0.9531 0.2790
vn -0.1441 0.9879 0.0583
vn -0.2276 0.9583 0.1729
vn 0.2967 0.9147 -0.2745
vn 0.0840 0.9906 -0.1080
vn -0.0949 0.9480 -0.3039
vn -0.2089 0.8554 -0.4740
vn -0.0692 0.9836 -0.1667
vn -0.0571 0.9320 -0.3580
vn -0.0110 0.9994 -0.0319
vn -0.0411 0.8915 -0.4512
vn 0.2086 0.9437 0.2566
vn 0.2186 0.9547 0.2018
vn -0.2058 0.9468 0.2474
vn 0.0881 0.9063 -0.4133
vn 0.0372 0.9407 -0.3371
vn 0.1069 0.9421 -0.3178
vn 0.2045 0.8667 -0.4550
vn -0.1821 0.9581 -0.2210
vn -0.1187 0.9632 -0.2410
vn 0.3100 0.9435 0.1167
vn 0.2747 0.9510 0.1420
vn 0.4516 0.0261 -0.8918
vn 0.4503 0.0008 -0.8929
vn 0.4391 0.0824 -0.8947
vn 0.4122 0.3764 -0.8297
vn -0.4493 0.0065 0.8933
vn -0.5120 0.0113 0.8589
vn -0.6029 0.0258 0.7974
vn -0.6926 0.0267 0.7208
vn -0.8027 0.0231 0.5959
vn 0.7915 0.0232 0.6108
vn 0.6825 0.0263 0.7304
vn 0.5828 0.0223 0.8123
vn 0.4820 0.0225 0.8759
vn -0.3981 0.4415 -0.8041
vn -0.4275 0.2046 -0.8806
vn -0.4456 0.0468 -0.8940
vn -0.4557 -0.0007 -0.8901
vn 0.4482 0.0236 -0.8936
vn 0.5012 0.0159 -0.8652
vn 0.5901 0.0290 -0.8068
vn 0.6988 0.0288 -0.7147
vn 0.7803 0.0227 -0.6250
vn 0.8561 0.0244 -0.5163
vn -0.8897 0.0232 0.4560
vn -0.9331 0.0208 0.3589
vn -0.9689 0.0241 0.2461
vn -0.9939 0.0218 0.1082
vn -0.9998 0.0211 0.0003
vn 0.3632 0.0290 0.9313
vn 0.2141 0.0318 0.9763
vn 0.0519 0.0222 0.9984
vn 0.9230 0.0299 -0.3837
vn 0.9725 0.0349 -0.2305
vn 0.9978 0.0227 -0.0624
vn -0.9924 0.0232 -0.1211
vn -0.9660 0.0250 -0.2573
vn -0.9180 0.0247 -0.3959
vn -0.8554 0.0244 -0.5175
vn -0.0891 0.0231 0.9958
vn -0.1926 0.0163 0.9811
vn -0.2715 0.0174 0.9623
vn -0.3733 0.0192 0.9275
vn 0.9932 0.0264 0.1134
vn 0.9675 0.0192 0.2520
vn 0.9340 0.0204 0.3566
vn 0.8839 0.0271 0.4669
vn -0.7725 0.0254 -0.6345
vn -0.6808 0.0239 -0.7320
vn -0.5795 0.0282 -0.8145
vn -0.4978 0.0266 -0.8669
vn -0.4546 0.2319 -0.8600
vn 0.1399 0.9770 -0.1611
vn 0.0506 0.9935 -0.1015
vn 0.1857 0.9788 -0.0866
vn 0.0004 1.0000 -0.0005
vn -0.0002 1.0000 -0.0003
vn -0.0085 0.9999 -0.0135
vn 0.0560 0.9917 -0.1161
vn 0.0296 0.9884 -0.1492
vn 0.0006 0.9921 -0.1251
vn 0.0001 1.0000 -0.0002
vn 0.0003 1.0000 -0.0007
vn -0.0164 0.9993 -0.0325
vn -0.0077 0.9248 -0.3805
vn 0.1036 0.9929 0.0593
vn -0.0076 0.9989 0.0457
vn 0.0258 0.9697 0.2430
vn 0.0634 0.9913 0.1154
vn -0.0555 0.9931 0.1034
vn -0.1287 0.9916 -0.0133
vn -0.6672 0.7442 0.0328
vn -0.7472 0.6485 0.1453
vn -0.7966 0.5585 0.2313
vn -0.7132 0.6469 0.2699
vn -0.8122 0.4591 0.3599
vn -0.6607 0.6507 0.3742
vn -0.2144 0.9761 0.0351
vn -0.2862 0.9547 0.0812
vn -0.9811 0.1937 -0.0016
vn -0.8109 0.5852 -0.0054
vn -0.9070 0.2102 0.3650
vn -0.8676 0.2119 0.4498
vn -0.7967 0.2125 0.5658
vn -0.7649 0.4345 0.4755
vn -0.6080 0.6396 0.4703
vn -0.2433 0.9567 0.1597
vn -0.6560 0.5155 0.5513
vn -0.5490 0.6358 0.5426
vn -0.5787 0.5109 0.6356
vn -0.4693 0.6505 0.5971
vn -0.2149 0.9593 0.1834
vn -0.1602 0.9706 0.1797
vn -0.4504 0.6103 0.6517
vn -0.3749 0.6968 0.6115
vn -0.7406 0.2115 0.6378
vn -0.6829 0.2105 0.6995
vn -0.5449 0.1753 0.8200
vn -0.4683 0.2590 0.8447
vn -0.3748 0.5205 0.7672
vn -0.2865 0.7269 0.6241
vn -0.1948 0.6182 0.7615
vn -0.1173 0.4550 0.8827
vn -0.0957 0.8642 0.4940
vn -0.0475 0.5866 0.8085
vn -0.2637 0.5654 0.7816
vn -0.0811 0.9671 0.2410
vn -0.0181 0.9550 0.2960
vn -0.3743 0.2665 0.8882
vn -0.3498 0.2000 0.9152
vn -0.2684 0.2418 0.9325
vn -0.1869 0.2976 0.9362
vn -0.0878 0.2081 0.9742
vn 0.0336 0.1986 0.9795
vn -0.0184 0.4103 0.9118
vn 0.0532 0.6533 0.7553
vn 0.1248 0.5897 0.7979
vn 0.2333 0.4298 0.8723
vn 0.1003 0.8996 0.4251
vn 0.2581 0.6532 0.7119
vn 0.3317 0.5760 0.7472
vn 0.2994 0.7112 0.6361
vn 0.0793 0.3131 0.9464
vn 0.3561 0.2511 0.9001
vn 0.4442 0.2177 0.8691
vn 0.4445 0.4636 0.7665
vn 0.3683 0.7444 0.5570
vn 0.5192 0.5124 0.6841
vn 0.5180 0.6182 0.5912
vn 0.6421 0.4399 0.6279
vn 0.6011 0.5910 0.5379
vn 0.1748 0.9581 0.2268
vn 0.1747 0.9689 0.1755
vn 0.6513 0.5856 0.4826
vn 0.5669 0.7242 0.3927
vn 0.6603 0.2495 0.7084
vn 0.7470 0.2573 0.6130
vn 0.8159 0.2296 0.5307
vn 0.6048 0.7392 0.2965
vn 0.8231 0.4682 0.3212
vn 0.7232 0.6506 0.2318
vn 0.8547 0.4752 0.2089
vn 0.7459 0.6578 0.1046
vn 0.2552 0.9622 0.0953
vn 0.7373 0.6717 0.0725
vn 0.2377 0.9713 -0.0078
vn 0.6953 0.5983 0.3981
vn 0.9242 0.1541 0.3493
vn 0.9268 0.2629 0.2683
vn 0.9607 0.2167 0.1737
vn 0.9557 0.2922 0.0346
vn 0.8296 0.5576 -0.0282
vn -0.1505 0.6328 -0.7596
vn -0.2256 0.5301 -0.8174
vn -0.2634 0.6083 -0.7487
vn -0.0730 0.6133 -0.7864
vn -0.0605 0.9160 -0.3966
vn -0.0648 0.9697 -0.2358
vn -0.2825 0.7139 -0.6408
vn -0.0100 0.7963 -0.6048
vn -0.1353 0.2148 -0.9672
vn -0.2096 0.1750 -0.9620
vn -0.2766 0.1970 -0.9406
vn -0.3575 0.2699 -0.8941
vn -0.4418 0.1335 -0.8872
vn -0.4166 0.4294 -0.8013
vn -0.1955 0.8983 -0.3936
vn 0.2870 0.7204 -0.6313
vn 0.2580 0.5300 -0.8078
vn 0.0972 0.9559 -0.2771
vn 0.1695 0.6527 -0.7384
vn 0.1439 0.6519 -0.7445
vn 0.0908 0.5203 -0.8491
vn 0.0524 0.6509 -0.7573
vn 0.4452 0.2024 -0.8723
vn 0.3819 0.2509 -0.8895
vn 0.3265 0.6860 -0.6502
vn 0.3483 0.1941 -0.9171
vn 0.2552 0.2126 -0.9432
vn 0.1442 0.2406 -0.9599
vn 0.0195 0.2128 -0.9769
vn -0.0014 0.6979 -0.7162
vn 0.6661 0.7305 -0.1506
vn 0.8339 0.4975 -0.2392
vn 0.7247 0.6312 -0.2763
vn 0.8069 0.4447 -0.3889
vn 0.6681 0.6550 -0.3530
vn 0.7597 0.6432 -0.0956
vn 0.2517 0.9649 -0.0756
vn 0.9742 0.2092 -0.0848
vn 0.9460 0.2715 -0.1773
vn 0.9357 0.2167 -0.2784
vn 0.8886 0.2667 -0.3731
vn 0.8297 0.2756 -0.4855
vn 0.8270 0.2135 -0.5200
vn 0.6671 0.5819 -0.4651
vn 0.2056 0.9682 -0.1422
vn -0.4219 0.6885 -0.5899
vn -0.5777 0.5486 -0.6044
vn -0.4169 0.6126 -0.6715
vn -0.2263 0.8783 -0.4212
vn -0.2328 0.9366 -0.2619
vn -0.5643 0.6601 -0.4958
vn -0.6513 0.5856 -0.4826
vn -0.5701 0.7174 -0.4004
vn -0.4578 0.1444 -0.8772
vn -0.5388 0.1716 -0.8247
vn -0.4044 0.4563 -0.7926
vn -0.7467 0.2622 -0.6113
vn -0.8154 0.2276 -0.5323
vn -0.3696 0.6205 -0.6916
vn 0.5724 0.6705 -0.4719
vn 0.5927 0.4994 -0.6319
vn 0.3617 0.8666 -0.3437
vn 0.4719 0.6516 -0.5940
vn 0.5118 0.4553 -0.7286
vn 0.3844 0.6307 -0.6741
vn 0.1700 0.9536 -0.2487
vn 0.7054 0.2070 -0.6779
vn 0.5189 0.2078 -0.8292
vn 0.4534 0.1853 -0.8718
vn 0.3257 0.6971 -0.6388
vn -0.6920 0.6295 -0.3533
vn -0.7880 0.5274 -0.3177
vn -0.6987 0.6816 -0.2175
vn -0.3583 0.9222 -0.1455
vn -0.7423 0.6450 -0.1813
vn -0.6923 0.7116 -0.1203
vn -0.7170 0.6961 -0.0376
vn -0.8510 0.2166 -0.4784
vn -0.7527 0.4967 -0.4321
vn -0.8896 0.2176 -0.4017
vn -0.9097 0.2192 -0.3527
vn -0.9372 0.2228 -0.2684
vn -0.9464 0.2430 -0.2128
vn -0.9533 0.2816 -0.1093
vn -0.7155 -0.6815 0.1537
vn -0.6438 -0.7586 0.1003
vn -0.7259 -0.6847 0.0649
vn -0.7418 -0.4927 0.4550
vn -0.8079 -0.4785 0.3439
vn -0.5705 -0.7701 0.2855
vn -0.7060 -0.6687 0.2333
vn -0.8578 -0.1460 0.4929
vn -0.7577 -0.6522 -0.0230
vn -0.5237 -0.7605 0.3839
vn -0.8757 -0.3886 -0.2866
vn -0.6262 -0.7275 -0.2804
vn -0.6495 -0.6710 -0.3575
vn -0.8642 -0.4967 -0.0802
vn -0.3861 -0.9207 -0.0572
vn -0.7385 -0.6526 -0.1694
vn -0.4708 -0.8684 -0.1554
vn -0.9821 -0.1429 -0.1224
vn -0.9534 -0.2085 -0.2179
vn -0.7782 -0.2827 -0.5608
vn -0.4121 -0.8634 -0.2912
vn 0.3847 -0.6333 -0.6716
vn 0.5336 -0.4161 -0.7363
vn 0.2302 -0.9116 -0.3406
vn 0.4136 -0.7642 -0.4949
vn 0.5964 -0.4834 -0.6408
vn 0.4701 -0.7610 -0.4471
vn 0.6889 -0.4584 -0.5615
vn 0.5269 -0.7664 -0.3675
vn 0.4374 -0.2384 -0.8671
vn 0.3362 -0.7190 -0.6083
vn 0.6941 -0.1420 -0.7057
vn 0.8578 -0.1460 -0.4929
vn 0.7419 -0.4936 -0.4538
vn -0.6856 -0.3497 -0.6385
vn -0.4099 -0.8323 -0.3732
vn -0.6038 -0.3690 -0.7065
vn -0.3393 -0.8556 -0.3910
vn -0.4509 -0.6234 -0.6387
vn -0.4227 -0.4924 -0.7608
vn -0.1437 -0.9621 -0.2319
vn -0.0809 -0.9863 -0.1437
vn -0.7331 -0.3276 -0.5960
vn -0.6690 -0.2419 -0.7028
vn -0.4577 -0.1930 -0.8679
vn -0.3492 -0.6662 -0.6589
vn 0.8079 -0.4785 -0.3438
vn 0.5712 -0.7652 -0.2969
vn 0.6919 -0.6867 -0.2230
vn 0.7384 -0.6540 -0.1644
vn 0.9003 -0.4083 -0.1511
vn 0.3751 -0.9253 -0.0562
vn 0.8129 -0.5806 -0.0458
vn 0.9318 -0.2627 -0.2504
vn 0.9674 -0.2296 -0.1067
vn 0.9887 -0.1496 -0.0121
vn 0.9548 -0.2973 -0.0052
vn 0.6951 -0.7188 -0.0103
vn 0.2113 -0.9774 -0.0087
vn 0.0821 -0.3869 -0.9184
vn 0.1929 -0.3569 -0.9140
vn 0.1042 -0.8375 -0.5365
vn 0.0376 -0.8567 -0.5145
vn 0.2854 -0.3857 -0.8774
vn 0.1660 -0.8254 -0.5396
vn 0.3379 -0.4865 -0.8057
vn 0.1629 -0.9150 -0.3691
vn 0.0398 -0.9915 -0.1240
vn 0.0045 -0.2351 -0.9720
vn 0.1078 -0.1342 -0.9851
vn 0.0047 -0.7041 -0.7101
vn 0.3283 -0.1227 -0.9366
vn 0.4291 -0.1685 -0.8874
vn 0.4301 -0.3112 -0.8474
vn 0.3314 -0.6066 -0.7227
vn -0.3093 -0.6496 -0.6945
vn -0.2928 -0.2904 -0.9110
vn -0.1722 -0.8455 -0.5054
vn -0.1944 -0.3315 -0.9232
vn -0.1206 -0.8382 -0.5319
vn -0.1005 -0.5961 -0.7966
vn -0.0351 -0.5872 -0.8087
vn -0.0207 -0.9592 -0.2818
vn -0.0384 -0.9893 -0.1409
vn -0.4470 -0.1913 -0.8738
vn -0.3534 -0.2587 -0.8990
vn -0.3390 -0.6578 -0.6726
vn -0.2459 -0.3097 -0.9185
vn -0.1518 -0.2036 -0.9672
vn 0.8355 -0.5087 0.2079
vn 0.6350 -0.7422 0.2143
vn 0.7070 -0.6953 0.1291
vn 0.8030 -0.4936 0.3339
vn 0.5690 -0.7700 0.2886
vn 0.7588 -0.4424 0.4780
vn 0.7471 -0.6628 0.0502
vn 0.1717 -0.9850 0.0150
vn 0.3724 -0.8970 0.2383
vn 0.0179 -0.9998 0.0026
vn 0.9763 -0.2162 -0.0025
vn 0.9561 -0.2700 0.1138
vn 0.7840 -0.6207 -0.0095
vn 0.9527 -0.1407 0.2695
vn 0.9043 -0.1412 0.4029
vn 0.8631 -0.1622 0.4783
vn 0.1201 -0.9882 0.0954
vn 0.3751 -0.9270 0.0057
vn 0.6045 -0.4958 0.6235
vn 0.4100 -0.7607 0.5032
vn 0.5397 -0.6758 0.5020
vn 0.5166 -0.4919 0.7009
vn 0.3917 -0.6766 0.6235
vn 0.6264 -0.6325 0.4555
vn 0.1412 -0.9786 0.1495
vn 0.0757 -0.9865 0.1450
vn 0.7470 -0.2568 0.6132
vn 0.6677 -0.1336 0.7324
vn 0.5735 -0.1267 0.8094
vn 0.4592 -0.2908 0.8394
vn 0.3977 -0.2923 0.8697
vn 0.2481 -0.8198 0.5161
vn 0.2960 -0.2918 0.9095
vn 0.1797 -0.8411 0.5102
vn 0.1927 -0.2865 0.9385
vn 0.1204 -0.8393 0.5302
vn 0.0852 -0.6140 0.7847
vn 0.0459 -0.5798 0.8135
vn 0.0210 -0.9600 0.2793
vn 0.0063 -0.9885 0.1511
vn 0.3518 -0.3106 0.8830
vn 0.2457 -0.3061 0.9198
vn 0.1434 -0.2466 0.9585
vn 0.0598 -0.1674 0.9841
vn -0.0021 -0.1560 0.9878
vn -0.0051 -0.5411 0.8409
vn 0.0054 -0.9041 0.4273
vn -0.0356 -0.6231 0.7814
vn -0.1334 -0.3669 0.9206
vn -0.0528 -0.8830 0.4664
vn -0.2046 -0.3210 0.9247
vn -0.1046 -0.8301 0.5477
vn -0.3108 -0.2939 0.9039
vn -0.1651 -0.8387 0.5189
vn -0.4076 -0.3110 0.8586
vn -0.2277 -0.8320 0.5058
vn 0.0012 -0.9692 0.2463
vn -0.0045 -0.1629 0.9866
vn -0.0822 -0.2228 0.9714
vn 0.0103 -0.5855 0.8106
vn -0.1378 -0.2539 0.9574
vn -0.2489 -0.2871 0.9250
vn -0.3553 -0.2908 0.8884
vn -0.4607 -0.2832 0.8411
vn -0.5002 -0.4918 0.7127
vn -0.4192 -0.7559 0.5030
vn -0.3864 -0.6701 0.6337
vn -0.5948 -0.4804 0.6446
vn -0.4849 -0.7500 0.4498
vn -0.6889 -0.4584 0.5614
vn -0.1523 -0.9645 0.2155
vn -0.5961 -0.1337 0.7917
vn -0.6916 -0.1402 0.7086
vn 0.3180 0.0047 -0.9481
vn 0.2034 0.0047 -0.9791
vn 0.0921 0.0040 -0.9957
vn 0.4302 0.0031 -0.9027
vn 0.0173 0.0244 -0.9996
vn -0.7488 -0.0014 0.6628
vn -0.6822 0.0007 0.7312
vn -0.6874 0.0026 0.7262
vn -0.6129 0.0001 0.7902
vn -0.5896 0.0025 0.8077
vn -0.5558 0.0013 0.8313
vn -0.8006 -0.0013 0.5992
vn -0.7787 0.0036 0.6274
vn -0.4866 0.0028 0.8736
vn -0.8567 0.0032 0.5159
vn -0.8551 -0.0000 0.5185
vn 0.6796 -0.0040 0.7336
vn 0.7520 -0.0039 0.6591
vn 0.7084 0.0034 0.7058
vn 0.8204 -0.0049 0.5717
vn 0.7787 0.0042 0.6273
vn 0.4824 -0.0057 0.8759
vn 0.5868 -0.0051 0.8097
vn 0.5336 0.0053 0.8457
vn 0.6310 0.0047 0.7758
vn 0.8554 0.0059 0.5179
vn 0.4258 0.0051 0.9048
vn -0.0906 0.0032 -0.9959
vn -0.2013 0.0043 -0.9795
vn -0.3129 0.0040 -0.9498
vn -0.4193 0.0033 -0.9079
vn -0.0180 0.0223 -0.9996
vn 0.7813 -0.0047 -0.6241
vn 0.7077 -0.0037 -0.7065
vn 0.7540 0.0030 -0.6568
vn 0.6294 -0.0022 -0.7771
vn 0.5361 0.0010 -0.8441
vn 0.5337 -0.0014 -0.8457
vn 0.6855 0.0030 -0.7281
vn 0.6098 -0.0003 -0.7926
vn 0.8193 0.0039 -0.5734
vn 0.8570 -0.0046 -0.5153
vn -0.9930 -0.0002 0.1185
vn -0.9681 -0.0000 0.2507
vn -0.9674 0.0015 0.2533
vn -0.9937 0.0020 0.1121
vn -0.9360 -0.0013 0.3519
vn -0.9024 -0.0013 0.4310
vn -0.9212 0.0037 0.3890
vn -1.0000 -0.0021 0.0032
vn -0.9995 0.0041 -0.0316
vn 0.0943 -0.0014 0.9955
vn 0.2069 0.0005 0.9784
vn 0.1986 0.0014 0.9801
vn 0.0909 0.0001 0.9959
vn 0.2869 -0.0000 0.9580
vn 0.3121 0.0045 0.9500
vn 0.3735 -0.0045 0.9276
vn 0.0003 -0.0001 1.0000
vn -0.0002 0.0001 1.0000
vn 0.9935 -0.0000 -0.1138
vn 0.9760 -0.0009 -0.2178
vn 0.9931 0.0017 -0.1170
vn 0.9538 -0.0013 -0.3005
vn 0.9181 -0.0018 -0.3964
vn 0.9219 0.0016 -0.3874
vn 0.8748 0.0020 -0.4844
vn 0.9664 0.0035 -0.2570
vn 1.0000 -0.0001 -0.0004
vn 1.0000 0.0001 0.0003
vn -0.8566 -0.0005 -0.5161
vn -0.9206 -0.0002 -0.3905
vn -0.9198 0.0006 -0.3924
vn -0.8546 0.0005 -0.5193
vn -0.9668 -0.0022 -0.2557
vn -0.9651 0.0002 -0.2621
vn -0.9933 -0.0042 -0.1153
vn -0.9885 0.0019 -0.1510
vn -0.3708 -0.0029 0.9287
vn -0.3125 0.0037 0.9499
vn -0.4002 0.0031 0.9164
vn -0.2841 -0.0017 0.9588
vn -0.1960 -0.0003 0.9806
vn -0.2022 0.0020 0.9793
vn -0.0913 -0.0001 0.9958
vn -0.0924 0.0002 0.9957
vn 0.8880 -0.0048 0.4599
vn 0.9183 0.0044 0.3960
vn 0.9321 -0.0023 0.3623
vn 0.9523 0.0037 0.3053
vn 0.9552 0.0013 0.2958
vn 0.9767 -0.0003 0.2148
vn 0.9934 -0.0014 0.1150
vn 0.9937 -0.0000 0.1124
vn 0.9707 0.0029 0.2404
vn -0.5122 -0.0001 -0.8588
vn -0.5921 -0.0009 -0.8058
vn -0.5900 0.0001 -0.8074
vn -0.5075 0.0014 -0.8616
vn -0.6880 -0.0009 -0.7257
vn -0.6828 0.0010 -0.7306
vn -0.7771 -0.0005 -0.6294
vn -0.7748 0.0010 -0.6323
vt 0.924066 0.000000
vt 0.952686 0.000000
vt 0.909650 0.000000
vt 0.972670 0.000000
vt 1.000006 0.000000
vt 1.000000 0.000000
vt 0.340055 0.000000
vt 0.380140 0.000000
vt 0.379717 0.000000
vt 0.336630 0.000000
vt 0.416669 0.000000
vt 0.426266 0.000000
vt 0.594117 0.000000
vt 0.655577 0.000000
vt 0.634241 0.000000
vt 0.587381 0.000000
vt 0.687300 0.000000
vt 0.027103 0.000000
vt 0.046731 0.000000
vt -0.000004 0.000000
vt 0.068132 0.000000
vt 0.089903 0.000000
vt 0.000000 0.000000
vt 0.874317 0.000000
vt 0.859875 0.000000
vt 0.838478 0.000000
vt 0.296894 0.000000
vt 0.247887 0.000000
vt 0.296470 0.000000
vt 0.249613 0.000000
vt 0.540088 0.000000
vt 0.547984 0.000000
vt 0.494972 0.000000
vt 0.510100 0.000000
vt 0.801547 0.000000
vt 0.810648 0.000000
vt 0.776409 0.000000
vt 0.750204 0.000000
vt 0.734264 0.000000
vt 0.195004 0.000000
vt 0.172524 0.000000
vt 0.455156 0.000000
vt 0.472029 0.000000
vt 0.704318 0.000000
vt 0.114720 0.000000
vt 0.136070 0.000000
vt 0.907275 0.000000
vt 0.952684 0.000000
vt 0.938232 0.000000
vt 0.973348 0.000000
vt 1.000007 0.000000
vt 0.900501 0.000000
vt 0.374483 0.000000
vt 0.395310 0.000000
vt 0.412289 0.000000
vt 0.338386 0.000000
vt 0.339464 0.000000
vt 0.578503 0.000000
vt 0.573005 0.000000
vt 0.626311 0.000000
vt 0.631842 0.000000
vt 0.682066 0.000000
vt 0.682489 0.000000
vt -0.000000 0.000000
vt 0.025832 0.000000
vt 0.036063 0.000000
vt 0.071565 0.000000
vt 0.082713 0.000000
vt 0.859180 0.000000
vt 0.848003 0.000000
vt 0.822536 0.000000
vt 0.255259 0.000000
vt 0.280517 0.000000
vt 0.296894 0.000000
vt 0.526169 0.000000
vt 0.487491 0.000000
vt 0.530578 0.000000
vt 0.775997 0.000000
vt 0.739483 0.000000
vt 0.797602 0.000000
vt 0.729581 0.000000
vt 0.163251 0.000000
vt 0.212336 0.000000
vt 0.166293 0.000000
vt 0.218098 0.000000
vt 0.442184 0.000000
vt 0.460610 0.000000
vt 0.119699 0.000000
vt 0.120123 0.000000
vt 0.593750 0.062500
vt 0.578125 0.000000
vt 0.562500 0.062500
vt 0.578125 1.000000
vt 0.593750 0.937500
vt 0.562500 0.937500
vt 0.546875 0.000000
vt 0.531250 0.062500
vt 0.546875 1.000000
vt 0.531250 0.937500
vt 0.515625 0.000000
vt 0.500000 0.062500
vt 0.515625 1.000000
vt 0.500000 0.937500
vt 0.484375 0.000000
vt 0.468750 0.062500
vt 0.484375 1.000000
vt 0.468750 0.937500
vt 0.453125 0.000000
vt 0.437500 0.062500
vt 0.453125 1.000000
vt 0.437500 0.937500
vt 0.421875 0.000000
vt 0.406250 0.062500
vt 0.421875 1.000000
vt 0.406250 0.937500
vt 0.093750 0.062500
vt 0.078125 0.000000
vt 0.062500 0.062500
vt 0.078125 1.000000
vt 0.093750 0.937500
vt 0.062500 0.937500
vt 0.046875 0.000000
vt 0.031250 0.062500
vt 0.046875 1.000000
vt 0.031250 0.937500
vt 0.015625 0.000000
vt 0.000000 0.062500
vt 0.015625 1.000000
vt 0.000000 0.937500
vt 1.000000 0.062500
vt 0.984375 0.000000
vt 0.968750 0.062500
vt 0.984375 1.000000
vt 1.000000 0.937500
vt 0.968750 0.937500
vt 0.953125 0.000000
vt 0.937500 0.062500
vt 0.953125 1.000000
vt 0.937500 0.937500
vt 0.921875 0.000000
vt 0.906250 0.062500
vt 0.921875 1.000000
vt 0.906250 0.937500
vt 0.760528 0.999340
vt 0.766731 0.875000
vt 0.703488 0.998549
vt 0.767879 0.142582
vt 0.760574 0.000623
vt 0.703458 0.001331
vt 0.733993 0.531938
vt 0.669580 0.467335
vt 0.669633 0.595591
vt 0.672550 0.002700
vt 0.630880 0.125000
vt 0.767364 0.660762
vt 0.670062 0.208367
vt 0.669693 0.724894
vt 0.767499 0.274551
vt 0.767637 0.791731
vt 0.669929 0.339046
vt 0.628997 0.812500
vt 0.734113 0.403809
vt 0.628643 0.875000
vt 0.672633 0.996969
vt 0.642123 0.994009
vt 0.641928 0.005211
vt 0.604480 0.466748
vt 0.604647 0.594831
vt 0.611782 0.009630
vt 0.605344 0.208967
vt 0.604892 0.723740
vt 0.605033 0.338755
vt 0.612170 0.988821
vt 0.507753 0.125000
vt 0.508007 0.187500
vt 0.538551 0.593625
vt 0.539181 0.721761
vt 0.539707 0.250000
vt 0.539105 0.338667
vt 0.506768 0.812500
vt 0.505916 0.875000
vt 0.538218 0.465958
vt 0.488950 0.625000
vt 0.488482 0.687500
vt 0.488312 0.250000
vt 0.487945 0.750000
vt 0.488644 0.312500
vt 0.489004 0.375000
vt 0.489293 0.437500
vt 0.489403 0.500000
vt 0.489282 0.562500
vt 0.428277 0.661500
vt 0.408246 0.187500
vt 0.428285 0.277349
vt 0.427689 0.790373
vt 0.428717 0.405896
vt 0.405084 0.875000
vt 0.428997 0.533822
vt 0.408209 0.125000
vt 0.362789 0.275772
vt 0.362627 0.661123
vt 0.362385 0.791333
vt 0.362955 0.404831
vt 0.387938 0.989251
vt 0.363081 0.532979
vt 0.387509 0.012463
vt 0.357680 0.006778
vt 0.357907 0.994128
vt 0.267406 0.725747
vt 0.267184 0.208630
vt 0.267585 0.339502
vt 0.266728 0.857691
vt 0.298318 0.468317
vt 0.327361 0.996943
vt 0.298191 0.596438
vt 0.327257 0.003471
vt 0.267887 0.125000
vt 0.296454 0.001684
vt 0.296496 0.998482
vt 0.234045 0.467864
vt 0.260574 0.999379
vt 0.233958 0.596048
vt 0.260531 0.000665
vt 0.203480 0.001418
vt 0.203465 0.998640
vt 0.170005 0.274006
vt 0.169779 0.403389
vt 0.169721 0.790291
vt 0.128677 0.875000
vt 0.172579 0.997185
vt 0.169610 0.531575
vt 0.172601 0.002905
vt 0.130754 0.125000
vt 0.169670 0.659923
vt 0.124092 0.204459
vt 0.142011 0.994456
vt 0.142033 0.005634
vt 0.056178 0.812500
vt 0.105015 0.338642
vt 0.104470 0.466651
vt 0.111964 0.989642
vt 0.104651 0.594732
vt 0.111973 0.010391
vt 0.104911 0.723624
vt 0.039106 0.338539
vt 0.038208 0.465844
vt 0.004483 0.875000
vt 0.038535 0.593505
vt 0.002671 0.125000
vt 0.002743 0.187500
vt 0.039175 0.721641
vt 0.039699 0.250000
vt 0.000000 0.437500
vt 0.000000 0.500000
vt 0.000000 0.562500
vt 0.000000 0.625000
vt 0.000000 0.687500
vt 0.000000 0.250000
vt 0.000000 0.750000
vt 0.000000 0.312500
vt 0.000000 0.812500
vt 0.000000 0.375000
vt 1.000000 0.375000
vt 0.999192 0.312500
vt 0.968750 0.406370
vt 1.000000 0.437500
vt 1.000146 0.875000
vt 1.000000 0.500000
vt 0.968750 0.534081
vt 1.000000 0.562500
vt 0.998477 0.125000
vt 1.000039 0.625000
vt 0.908216 0.125000
vt 0.928999 0.533875
vt 0.928259 0.661556
vt 0.998509 0.187500
vt 0.908280 0.187500
vt 0.999933 0.687500
vt 0.998841 0.250000
vt 0.928311 0.277415
vt 0.999803 0.750000
vt 0.927697 0.790460
vt 0.999744 0.812500
vt 0.928742 0.405948
vt 0.905031 0.875000
vt 0.887728 0.011586
vt 0.863080 0.533050
vt 0.862633 0.661196
vt 0.862805 0.275814
vt 0.862410 0.791424
vt 0.862976 0.404891
vt 0.887732 0.988427
vt 0.857785 0.993639
vt 0.857809 0.006263
vt 0.827324 0.003203
vt 0.798264 0.532372
vt 0.798335 0.404233
vt 0.827296 0.996682
vt 0.796465 0.998362
vt 0.796485 0.001562
vt 0.760527 0.999340
vt 0.766731 0.875000
vt 0.767880 0.142581
vt 0.760576 0.000623
vt 0.733993 0.531938
vt 0.669633 0.595591
vt 0.669580 0.467335
vt 0.630880 0.125000
vt 0.672550 0.002700
vt 0.767364 0.660762
vt 0.670062 0.208367
vt 0.669693 0.724894
vt 0.767499 0.274551
vt 0.767636 0.791731
vt 0.669929 0.339046
vt 0.628997 0.812500
vt 0.734113 0.403808
vt 0.628643 0.875000
vt 0.642123 0.994009
vt 0.641928 0.005211
vt 0.604647 0.594831
vt 0.604480 0.466748
vt 0.605344 0.208967
vt 0.604892 0.723740
vt 0.605033 0.338755
vt 0.612170 0.988821
vt 0.508007 0.187500
vt 0.507752 0.125000
vt 0.539181 0.721761
vt 0.538551 0.593625
vt 0.539708 0.250000
vt 0.539104 0.338667
vt 0.506769 0.812500
vt 0.538218 0.465958
vt 0.488481 0.687500
vt 0.488312 0.250000
vt 0.487945 0.750000
vt 0.489004 0.375000
vt 0.489293 0.437500
vt 0.428276 0.661499
vt 0.428285 0.277349
vt 0.408245 0.187500
vt 0.427689 0.790373
vt 0.428717 0.405896
vt 0.405085 0.875000
vt 0.428997 0.533822
vt 0.408209 0.125000
vt 0.362789 0.275772
vt 0.362385 0.791333
vt 0.362626 0.661122
vt 0.362955 0.404831
vt 0.363081 0.532978
vt 0.387509 0.012463
vt 0.357680 0.006778
vt 0.267407 0.725748
vt 0.267585 0.339502
vt 0.267184 0.208631
vt 0.266729 0.857691
vt 0.298318 0.468317
vt 0.298191 0.596438
vt 0.267887 0.125000
vt 0.327257 0.003471
vt 0.296454 0.001684
vt 0.234044 0.467863
vt 0.260574 0.999379
vt 0.233957 0.596048
vt 0.260530 0.000664
vt 0.169779 0.403389
vt 0.170005 0.274006
vt 0.128677 0.875000
vt 0.169720 0.790291
vt 0.169610 0.531575
vt 0.130754 0.125000
vt 0.172601 0.002905
vt 0.169670 0.659923
vt 0.124091 0.204459
vt 0.142033 0.005634
vt 0.056178 0.812500
vt 0.104470 0.466651
vt 0.105014 0.338642
vt 0.111964 0.989643
vt 0.104651 0.594733
vt 0.111973 0.010391
vt 0.104911 0.723624
vt 0.038208 0.465844
vt 0.039106 0.338539
vt 0.004483 0.875000
vt 0.038535 0.593505
vt 0.002671 0.125000
vt 0.002743 0.187500
vt 0.039174 0.721641
vt 0.039700 0.250000
vt 1.000039 0.625000
vt 0.908216 0.125000
vt 0.928259 0.661557
vt 0.928999 0.533875
vt 0.998509 0.187500
vt 0.908280 0.187500
vt 0.928311 0.277415
vt 0.927697 0.790460
vt 0.999744 0.812500
vt 0.928742 0.405948
vt 0.905031 0.875000
vt 0.862633 0.661196
vt 0.863080 0.533050
vt 0.862805 0.275814
vt 0.862411 0.791424
vt 0.862976 0.404890
vt 0.857809 0.006263
vt 0.827324 0.003203
vt 0.798264 0.532372
vt 0.798335 0.404233
vt 0.827295 0.996682
vt 0.796485 0.001562
vt 0.702862 0.144765
vt 0.730826 0.000881
vt 0.708270 0.001323
vt 0.769180 0.725422
vt 0.698852 0.631952
vt 0.677023 0.885948
vt 0.541621 0.154260
vt 0.696453 0.452885
vt 0.606559 0.533274
vt 0.581924 0.225923
vt 0.566883 0.761365
vt 0.701837 0.274848
vt 0.566261 0.339556
vt 0.555212 0.896254
vt 0.650817 0.999222
vt 0.542648 0.532365
vt 0.492176 0.573871
vt 0.461521 0.766666
vt 0.460175 0.302775
vt 0.482840 0.404374
vt 0.406820 0.875000
vt 0.342137 0.986818
vt 0.491432 0.096907
vt 0.433734 0.509588
vt 0.425367 0.659976
vt 0.405350 0.233518
vt 0.161900 -0.004752
vt 0.375906 0.141532
vt 0.230563 0.998652
vt 0.337273 0.660547
vt 0.336578 0.789888
vt 0.362944 0.467135
vt 0.240960 0.001551
vt 0.273090 0.301131
vt 0.298785 0.466215
vt 0.235897 0.153851
vt 0.201615 0.724934
vt 0.201008 0.855067
vt 0.234666 0.534270
vt 0.201915 0.001458
vt 0.134324 0.274645
vt 0.133537 0.403527
vt 0.210189 0.999198
vt 0.140126 0.549198
vt 0.112180 0.142014
vt 0.082362 0.842055
vt 0.065418 0.658834
vt 0.042637 0.498609
vt 0.001502 0.216662
vt 0.001050 0.723648
vt 0.000861 0.341988
vt 0.002275 0.812500
vt 0.000297 0.111782
vt 0.000000 0.595588
vt 0.000000 0.892727
vt 0.000000 0.468605
vt 1.000190 0.629217
vt 1.000723 0.385796
vt 0.955166 0.468675
vt 1.001003 0.215446
vt 1.000235 0.103841
vt 0.930736 0.097131
vt 0.925376 0.213648
vt 0.999745 0.785379
vt 0.925391 0.631919
vt 0.908178 0.771505
vt 0.925765 0.341657
vt 0.999731 0.896744
vt 0.915096 0.904986
vt 0.914217 0.996922
vt 0.966070 0.006811
vt 0.874531 0.524096
vt 0.836851 0.169472
vt 0.837886 0.340764
vt 0.834255 0.853265
vt 0.736585 0.998239
vt 0.798704 0.535310
vt 0.669486 0.137350
vt 0.708250 0.001323
vt 0.718784 0.000446
vt 0.701618 0.671895
vt 0.606552 0.533285
vt 0.701595 0.434007
vt 0.566894 0.761354
vt 0.701835 0.274849
vt 0.581918 0.225929
vt 0.566263 0.339557
vt 0.701055 0.855390
vt 0.555214 0.896254
vt 0.726770 0.998292
vt 0.650829 0.999222
vt 0.492419 0.148258
vt 0.542641 0.532353
vt 0.461516 0.766661
vt 0.492171 0.573884
vt 0.460171 0.302792
vt 0.482842 0.404374
vt 0.406813 0.875000
vt 0.340427 0.986880
vt 0.577816 0.014056
vt 0.433726 0.509595
vt 0.425359 0.660001
vt 0.405340 0.233506
vt 0.230659 0.998654
vt 0.382311 0.103594
vt 0.336578 0.789896
vt 0.337265 0.660543
vt 0.362944 0.467113
vt 0.304606 0.194364
vt 0.298797 0.466209
vt 0.273086 0.301127
vt 0.266936 0.082451
vt 0.286795 0.000754
vt 0.201016 0.855081
vt 0.201606 0.724945
vt 0.234662 0.534257
vt 0.133543 0.403513
vt 0.134299 0.274612
vt 0.210208 0.999210
vt 0.140127 0.549201
vt 0.112193 0.142010
vt 0.206355 0.001722
vt 0.082372 0.842057
vt 0.176705 0.000445
vt 0.065422 0.658833
vt 0.042633 0.498606
vt 0.001503 0.216667
vt 0.001045 0.723633
vt 0.000860 0.341989
vt 0.002273 0.812500
vt 0.000297 0.111787
vt 0.000000 0.595557
vt 0.000000 0.892730
vt 0.000000 0.468607
vt 1.000188 0.629186
vt 0.955168 0.468686
vt 1.000721 0.385820
vt 0.999747 0.785412
vt 0.924360 0.787865
vt 0.925389 0.631921
vt 0.925764 0.341656
vt 0.879395 0.212505
vt 1.000766 0.171261
vt 0.999731 0.896740
vt 0.915098 0.904985
vt 0.914195 0.996922
vt 0.874530 0.524093
vt 0.883166 0.102271
vt 1.049042 0.001011
vt 0.836735 0.725269
vt 0.837895 0.340761
vt 0.834273 0.853264
vt 0.798705 0.535305
vt 0.984286 0.451047
vt 0.989583 0.039216
vt 0.979167 0.057998
vt 0.968750 0.069395
vt 0.968750 0.430444
vt 0.958333 0.076233
vt 0.958333 0.423620
vt 0.947917 0.080248
vt 0.942521 0.418501
vt 0.937500 0.082308
vt 0.927083 0.083041
vt 0.927083 0.416745
vt 1.000000 0.500227
vt 1.000000 -0.000031
vt 0.916667 0.083333
vt 0.916667 0.225206
vt 0.916667 0.376910
vt 0.916667 0.416667
vt 0.906250 0.416633
vt 0.906250 0.083173
vt 0.895833 0.083170
vt 0.898887 0.416660
vt 0.885417 0.083147
vt 0.885417 0.416673
vt 0.875000 0.083135
vt 0.875000 0.416632
vt 0.864583 0.083167
vt 0.864583 0.416633
vt 0.854167 0.083141
vt 0.854167 0.416658
vt 0.843750 0.083131
vt 0.843750 0.416676
vt 0.916667 0.291841
vt 0.916667 0.083334
vt 0.833333 0.083172
vt 0.833333 0.416637
vt 0.822917 0.416640
vt 0.822917 0.083125
vt 0.812500 0.083174
vt 0.812500 0.416663
vt 0.802083 0.083176
vt 0.802083 0.416681
vt 0.791667 0.083123
vt 0.791667 0.416646
vt 0.781250 0.083182
vt 0.781250 0.416650
vt 0.770833 0.083186
vt 0.770833 0.416653
vt 0.760417 0.083191
vt 0.760417 0.416656
vt 0.750000 0.083196
vt 0.750000 0.416690
vt 0.739583 0.416661
vt 0.739583 0.083199
vt 0.729167 0.083204
vt 0.729167 0.416666
vt 0.718750 0.083208
vt 0.718750 0.416668
vt 0.708334 0.083139
vt 0.708334 0.416670
vt 0.697917 0.083215
vt 0.697917 0.416672
vt 0.687500 0.083147
vt 0.687500 0.416675
vt 0.677083 0.083169
vt 0.677083 0.416692
vt 0.666667 0.083227
vt 0.666667 0.416677
vt 0.656250 0.416679
vt 0.656250 0.083230
vt 0.645833 0.083231
vt 0.645833 0.416680
vt 0.635417 0.083232
vt 0.635417 0.416680
vt 0.625000 0.083232
vt 0.625000 0.416680
vt 0.614583 0.083168
vt 0.614583 0.416680
vt 0.604167 0.091652
vt 0.604167 0.416679
vt 0.593750 0.083188
vt 0.593750 0.416678
vt 0.583333 0.083230
vt 0.578093 0.416676
vt 0.572917 0.083228
vt 0.562500 0.083224
vt 0.557237 0.416671
vt 0.552083 0.083175
vt 0.539844 0.083209
vt 0.536355 0.416666
vt 0.531250 0.083211
vt 0.520833 0.083170
vt 0.520833 0.416662
vt 0.510417 0.083205
vt 0.510417 0.416680
vt 0.500000 0.083202
vt 0.500000 0.416680
vt 0.484286 0.416651
vt 0.489583 0.083196
vt 0.479167 0.083192
vt 0.468750 0.083159
vt 0.468750 0.416674
vt 0.458334 0.083182
vt 0.458334 0.416644
vt 0.447917 0.083153
vt 0.447917 0.416672
vt 0.437500 0.083177
vt 0.437500 0.416640
vt 0.427083 0.083148
vt 0.427083 0.416670
vt 0.416667 0.083176
vt 0.416667 0.416636
vt 0.406250 0.416635
vt 0.406250 0.083172
vt 0.395833 0.083169
vt 0.390468 0.416633
vt 0.385417 0.083147
vt 0.375000 0.083136
vt 0.375000 0.416632
vt 0.364583 0.083167
vt 0.364583 0.416632
vt 0.354167 0.083130
vt 0.354167 0.416658
vt 0.343750 0.083170
vt 0.343750 0.416676
vt 0.333333 0.083173
vt 0.333333 0.416637
vt 0.322917 0.416640
vt 0.322917 0.083173
vt 0.312500 0.083174
vt 0.312500 0.416663
vt 0.302083 0.083176
vt 0.302083 0.416681
vt 0.291667 0.083131
vt 0.291667 0.416646
vt 0.281250 0.091809
vt 0.284435 0.416668
vt 0.270833 0.091829
vt 0.270833 0.428635
vt 0.260417 0.083137
vt 0.256327 0.416680
vt 0.250000 0.083196
vt 0.250000 0.416660
vt 0.239583 0.416662
vt 0.239583 0.083199
vt 0.229167 0.083204
vt 0.229167 0.416665
vt 0.218750 0.083136
vt 0.218750 0.416689
vt 0.208333 0.083211
vt 0.208333 0.416670
vt 0.197917 0.083142
vt 0.201182 0.416679
vt 0.187500 0.083219
vt 0.187500 0.428708
vt 0.177083 0.083150
vt 0.173118 0.416685
vt 0.166667 0.083228
vt 0.166667 0.416678
vt 0.263041 0.000000
vt 0.315909 0.000000
vt 0.308411 0.000000
vt 0.276571 0.000000
vt 0.255769 0.000000
vt 0.297431 0.000000
vt 0.318289 0.000000
vt 0.172187 0.002618
vt 0.339062 0.000000
vt 0.333333 0.000000
vt 0.322917 0.000000
vt 0.312500 0.000000
vt 0.302083 0.000000
vt 0.291667 0.000000
vt 0.281250 0.000000
vt 0.270833 0.000000
vt 0.260417 0.000000
vt 0.250000 0.000000
vt 0.156250 0.416679
vt 0.156250 0.083230
vt 0.145833 0.083231
vt 0.145833 0.416680
vt 0.135417 0.083164
vt 0.135417 0.416693
vt 0.125000 0.091697
vt 0.125000 0.416680
vt 0.114583 0.083186
vt 0.117762 0.416681
vt 0.104167 0.083232
vt 0.100275 0.416684
vt 0.093750 0.083232
vt 0.093750 0.416678
vt 0.083333 0.083256
vt 0.083333 0.416668
vt 0.067677 0.417164
vt 0.072917 0.083119
vt 0.062500 0.082355
vt 0.052083 0.080242
vt 0.046797 0.421635
vt 0.041667 0.076266
vt 0.031250 0.069422
vt 0.031250 0.430464
vt 0.020833 0.058017
vt 0.020833 0.441835
vt 0.010417 0.039185
vt 0.013406 0.455231
vt 0.083333 0.416725
vt 0.083333 0.083334
vt 0.000000 0.015802
vt 0.000000 0.496724
vt 0.422881 0.495349
vt 0.360799 0.495807
vt 0.500004 0.500000
vt 0.927083 0.000000
vt 0.937500 0.000000
vt 0.942659 0.000000
vt 0.947917 0.000000
vt 0.958333 0.000000
vt 0.963538 0.000000
vt 0.968750 0.000000
vt 0.979167 0.000000
vt 0.984417 0.000000
vt 0.989583 0.000000
vt 0.916667 0.000000
vt 0.393404 0.000000
vt 0.370758 0.000000
vt 0.401641 0.000000
vt 0.359878 0.000000
vt 0.380745 0.000000
vt 0.315815 0.002524
vt 0.422215 0.000000
vt 0.416667 0.000000
vt 0.406250 0.000000
vt 0.395833 0.000000
vt 0.385417 0.000000
vt 0.375000 0.000000
vt 0.364583 0.000000
vt 0.354167 0.000000
vt 0.343750 0.000000
vt 0.454817 0.000000
vt 0.517925 0.000000
vt 0.484980 0.000000
vt 0.443217 0.000000
vt 0.464090 0.000000
vt 0.511833 0.000000
vt 0.500000 0.000000
vt 0.489583 0.000000
vt 0.479167 0.000000
vt 0.468750 0.000000
vt 0.458333 0.000000
vt 0.447917 0.000000
vt 0.437500 0.000000
vt 0.427083 0.000000
vt 0.547515 0.000000
vt 0.600445 0.000000
vt 0.578172 0.000000
vt 0.537015 0.000000
vt 0.557891 0.000000
vt 0.597715 0.000000
vt 0.583333 0.000000
vt 0.572917 0.000000
vt 0.562500 0.000000
vt 0.552083 0.000000
vt 0.541667 0.000000
vt 0.531250 0.000000
vt 0.520833 0.000000
vt 0.510417 0.000000
vt 0.677184 0.000000
vt 0.651734 0.000000
vt 0.620471 0.000000
vt 0.641244 0.000000
vt 0.662110 0.000000
vt 0.691715 0.000000
vt 0.666667 0.000000
vt 0.656250 0.000000
vt 0.645833 0.000000
vt 0.635417 0.000000
vt 0.625000 0.000000
vt 0.614583 0.000000
vt 0.604167 0.000000
vt 0.593750 0.000000
vt 0.732936 0.000000
vt 0.703700 0.000000
vt 0.682838 0.000000
vt 0.724562 0.000000
vt 0.745397 0.000000
vt 0.750000 0.000000
vt 0.739583 0.000000
vt 0.729167 0.000000
vt 0.718750 0.000000
vt 0.708334 0.000000
vt 0.697917 0.000000
vt 0.687500 0.000000
vt 0.677083 0.000000
vt -0.000000 0.000000
vt 0.043539 0.000000
vt 0.030865 0.000000
vt 0.056469 0.000000
vt 0.083359 0.000000
vt 0.083014 0.000000
vt 0.083333 0.000000
vt 0.072917 0.000000
vt 0.062500 0.000000
vt 0.052083 0.000000
vt 0.041667 0.000000
vt 0.031250 0.000000
vt 0.016139 0.000000
vt 0.020833 0.000000
vt 0.010417 0.000000
vt 0.916947 0.000000
vt 0.961409 0.000000
vt 0.943247 0.000000
vt 0.984984 0.000000
vt 0.964091 0.000000
vt 0.989583 0.000000
vt 0.937500 0.000000
vt 0.917263 0.000000
vt 0.722439 0.009889
vt 0.772070 0.000000
vt 0.819704 0.000000
vt 0.797119 0.000000
vt 0.818141 0.000000
vt 0.839068 0.000000
vt 0.833333 0.000000
vt 0.822917 0.000000
vt 0.812500 0.000000
vt 0.802083 0.000000
vt 0.791667 0.000000
vt 0.781250 0.000000
vt 0.770833 0.000000
vt 0.760417 0.000000
vt 0.130654 0.000000
vt 0.126304 0.000942
vt 0.180336 0.000000
vt 0.161533 0.000000
vt 0.083480 0.000000
vt 0.120373 0.000000
vt 0.099539 0.000000
vt 0.141243 0.000000
vt 0.166667 0.000000
vt 0.156250 0.000000
vt 0.145833 0.000000
vt 0.135417 0.000000
vt 0.125000 0.000000
vt 0.114583 0.000000
vt 0.104167 0.000000
vt 0.093750 0.000000
vt 0.858260 0.000000
vt 0.916725 0.000000
vt 0.891848 0.000000
vt 0.859090 0.000000
vt 0.880744 0.000000
vt 0.901612 0.000000
vt 0.906250 0.000000
vt 0.895833 0.000000
vt 0.885417 0.000000
vt 0.875000 0.000000
vt 0.864583 0.000000
vt 0.854167 0.000000
vt 0.843750 0.000000
vt 0.210615 0.000000
vt 0.230015 0.000000
vt 0.203700 0.000000
vt 0.182836 0.000000
vt 0.239583 0.000000
vt 0.229167 0.000000
vt 0.218750 0.000000
vt 0.208333 0.000000
vt 0.197917 0.000000
vt 0.187500 0.000000
vt 0.177083 0.000000
vt 0.713576 0.000000
vt 0.714324 0.000000
vt 0.692729 0.000000
vt 0.600440 0.000000
vt 0.671898 0.000000
vt 0.765570 0.000000
vt 0.395833 0.000000
vt 0.354167 0.000000
vt 0.355812 0.000000
vt 0.336512 0.000000
vt 0.369543 0.000000
vt 0.385417 0.000000
vt 0.390418 0.000000
vt 0.403620 0.000000
vt 0.344843 0.000000
vt 0.333333 0.000000
vt 0.370642 0.000000
vt 0.391511 0.000000
vt 0.422710 0.000000
vt 0.421616 0.000000
vt 0.609210 0.000000
vt 0.595459 0.000000
vt 0.614583 0.000000
vt 0.630078 0.000000
vt 0.650941 0.000000
vt 0.656250 0.000000
vt 0.581906 0.000000
vt 0.583333 0.000000
vt 0.610331 0.000000
vt 0.631201 0.000000
vt 0.652068 0.000000
vt 0.672816 0.000000
vt 0.664127 0.000000
vt 0.578021 0.000000
vt 0.010417 0.000000
vt 0.015601 0.000000
vt 0.036484 0.000000
vt 0.041667 0.000000
vt 0.057362 0.000000
vt 0.875000 0.000000
vt 0.872017 0.000000
vt 0.895833 0.000000
vt 0.854167 0.000000
vt 0.848671 0.000000
vt 0.887736 0.000000
vt 0.903621 0.000000
vt 0.829025 0.000000
vt 0.849775 0.000000
vt 0.833333 0.000000
vt 0.891511 0.000000
vt 0.270833 0.000000
vt 0.275793 0.000000
vt 0.254916 0.000000
vt 0.291667 0.000000
vt 0.296610 0.000000
vt 0.317471 0.000000
vt 0.266490 0.000000
vt 0.287340 0.000000
vt 0.318621 0.000000
vt 0.515356 0.000000
vt 0.536294 0.000000
vt 0.552083 0.000000
vt 0.557109 0.000000
vt 0.516512 0.000000
vt 0.537396 0.000000
vt 0.558277 0.000000
vt 0.812500 0.000000
vt 0.818353 0.000000
vt 0.770833 0.000000
vt 0.775750 0.000000
vt 0.754961 0.000000
vt 0.796651 0.000000
vt 0.802083 0.000000
vt 0.766490 0.000000
vt 0.785015 0.000000
vt 0.808194 0.000000
vt 0.822364 0.000000
vt 0.177083 0.000000
vt 0.182033 0.000000
vt 0.197917 0.000000
vt 0.202891 0.000000
vt 0.208333 0.000000
vt 0.218750 0.000000
vt 0.223750 0.000000
vt 0.229167 0.000000
vt 0.239583 0.000000
vt 0.169887 0.000000
vt 0.193649 0.000000
vt 0.217623 0.000000
vt 0.235353 0.000000
vt 0.164128 0.000000
vt 0.427083 0.000000
vt 0.442424 0.000000
vt 0.447917 0.000000
vt 0.458333 0.000000
vt 0.463355 0.000000
vt 0.468750 0.000000
vt 0.479167 0.000000
vt 0.484235 0.000000
vt 0.489583 0.000000
vt 0.443564 0.000000
vt 0.464447 0.000000
vt 0.485330 0.000000
vt 0.677083 0.000000
vt 0.682088 0.000000
vt 0.702944 0.000000
vt 0.708333 0.000000
vt 0.723748 0.000000
vt 0.693650 0.000000
vt 0.717301 0.000000
vt 0.736061 0.000000
vt 0.109209 0.000000
vt 0.095459 0.000000
vt 0.130076 0.000000
vt 0.150939 0.000000
vt 0.110330 0.000000
vt 0.131201 0.000000
vt 0.152066 0.000000
vt 0.430544 0.000000
vt 0.432193 0.000000
vt 0.463523 0.000000
vt 0.484409 0.000000
vt 0.130279 0.000000
vt 0.083651 0.000000
vt 0.161524 0.000000
vt 0.109407 0.000000
vt 0.083330 0.000000
vt 0.916671 0.000000
vt 1.000004 0.000000
vt 0.916667 0.000000
vt 0.916409 0.000000
vt 0.348852 0.000000
vt 0.369719 0.000000
vt 0.401032 0.000000
vt 0.651148 0.000000
vt 0.631200 0.000000
vt 0.609413 0.000000
vt -0.000008 0.000000
vt 0.083402 0.000000
vt 0.827721 0.000000
vt 0.916653 0.000000
vt 0.890593 0.000000
vt 0.848852 0.000000
vt 0.828110 0.000000
vt 0.324231 0.000000
vt 0.265567 0.000000
vt 0.286418 0.000000
vt 0.317702 0.000000
vt 0.786424 0.000000
vt 0.806351 0.000000
vt 0.192729 0.000000
vt 0.214503 0.000000
vt 0.234433 0.000000
vt 0.416784 0.000000
vt 0.463524 0.000000
vt 0.484408 0.000000
vt 0.499883 0.000000
vt 0.472055 0.000000
vt 0.444727 0.000000
vt 0.458333 -0.000000
vt 0.083338 0.000000
vt 0.999629 0.000000
vt 0.916878 0.000000
vt 0.916642 0.000000
vt 0.000372 0.000000
vt 0.515592 0.000000
vt 0.536477 0.000000
vt 0.557358 0.000000
vt 0.391962 0.564115
vt 0.343927 0.535168
vt 0.402942 0.575096
vt 0.290953 0.597161
vt 0.223977 0.516972
vt 0.290245 0.520784
vt 0.205000 0.522058
vt 0.209057 0.597185
vt 0.156086 0.535164
vt 0.108038 0.564115
vt 0.097058 0.575096
vt 0.115614 0.615614
vt 0.166212 0.666212
vt 0.034115 0.660000
vt 0.030096 0.675000
vt 0.061319 0.610834
vt 0.075096 0.597058
vt 0.026077 0.690000
vt 0.017038 0.776267
vt 0.022058 0.795000
vt 0.020917 0.709256
vt 0.034115 0.840000
vt 0.061319 0.889166
vt 0.030096 0.825000
vt 0.075096 0.902942
vt 0.137146 0.862854
vt 0.184956 0.815044
vt 0.200843 0.933578
vt 0.219332 0.864456
vt 0.156080 0.964834
vt 0.108038 0.935885
vt 0.097058 0.924904
vt 0.276016 0.983029
vt 0.290913 0.902698
vt 0.209759 0.979217
vt 0.295000 0.977942
vt 0.391962 0.935885
vt 0.354163 0.854153
vt 0.343920 0.964835
vt 0.465885 0.840000
vt 0.469904 0.825000
vt 0.438681 0.889166
vt 0.433575 0.799189
vt 0.364457 0.780668
vt 0.473923 0.690000
vt 0.364457 0.719332
vt 0.479083 0.709256
vt 0.482962 0.776267
vt 0.477942 0.795000
vt 0.457689 0.629843
vt 0.428097 0.600251
vt 0.433574 0.700803
vt 0.413923 0.586077
vt 0.352532 0.647468
vt 0.315044 0.684956
vt 0.086077 0.586077
vt 0.026077 0.810000
vt 0.147468 0.852532
vt 0.115614 0.884386
vt 0.190000 0.973923
vt 0.473923 0.810000
vt 0.250000 0.750000
vt 0.325000 0.530096
vt 0.310000 0.526077
vt 0.370164 0.542318
vt 0.190000 0.526077
vt 0.250168 0.510045
vt 0.129836 0.542318
vt 0.175000 0.530096
vt 0.042080 0.630278
vt 0.010071 0.749735
vt 0.086077 0.913923
vt 0.042080 0.869722
vt 0.175000 0.969904
vt 0.129836 0.957682
vt 0.310000 0.973923
vt 0.249832 0.989955
vt 0.370164 0.957682
vt 0.402942 0.924904
vt 0.413923 0.913923
vt 0.325000 0.969904
vt 0.457920 0.869722
vt 0.424904 0.902942
vt 0.489929 0.749735
vt 0.464875 0.656233
vt 0.469904 0.675000
vt 0.473923 0.690000
vt 0.713576 0.000000
vt 0.735350 0.000000
vt 0.671898 0.000000
vt 0.666518 0.000000
vt 0.750184 0.000000
vt 0.731759 0.000000
vt 0.708333 -0.000000
vt 0.684884 0.000000
vt 0.109407 0.000000
vt 0.083216 0.000000
vt 0.166518 0.000000
vt 0.138446 0.000000
vt 0.101459 0.000000
vt 0.916784 0.000000
vt 0.972052 0.000000
vt 0.944728 0.000000
vt 0.401033 0.000000
vt 0.333482 0.000000
vt 0.398541 0.000000
vt 0.361554 0.000000
vt 0.333333 0.000000
vt 0.579123 0.000000
vt 0.583216 0.000000
vt 0.638446 0.000000
vt 0.601459 0.000000
vt 0.055273 0.000000
vt 0.027945 0.000000
vt 0.890593 0.000000
vt 0.868802 0.000000
vt 0.861554 0.000000
vt 0.815116 0.000000
vt 0.833482 0.000000
vt 0.898541 0.000000
vt 0.249816 0.000000
vt 0.315116 0.000000
vt 0.268241 0.000000
vt 0.515592 0.000000
vt 0.555274 0.000000
vt 0.518066 0.000000
vt 0.802083 0.000000
vt 0.778294 0.000000
vt 0.208333 0.000000
vt 0.221706 0.000000
vt 0.197917 -0.000000
vt 0.184884 0.000000
vt 0.850091 0.497289
vt 0.770833 0.500000
vt 0.781250 0.500000
vt 0.750000 0.500000
vt 0.749970 0.500000
vt 0.791667 0.500000
vt 0.802083 0.500000
vt 0.812500 0.500000
vt 0.822917 0.500000
vt 0.453988 0.496124
vt 0.500000 0.500000
vt 0.583333 0.500000
vt 0.583333 0.500000
vt 0.547497 0.495859
vt 0.499967 0.500000
vt 0.624878 0.498874
vt 0.666667 0.500000
vt 0.593750 0.500000
vt 0.604167 0.500000
vt 0.656250 0.500000
vt 0.750005 0.500000
vt 0.703380 0.496487
vt 0.083365 0.499720
vt -0.000001 0.500000
vt 0.083422 0.500000
vt 0.916602 0.500000
vt 0.916687 0.500000
vt 1.000003 0.500000
vt 0.974982 0.498350
vt 0.916667 0.499853
vt 0.916667 0.500000
vt 0.916667 0.500000
vt 0.916751 0.500000
vt 0.808221 0.496682
vt 0.749993 0.499868
vt 0.083380 0.500000
vt 0.083333 0.500000
vt 0.142168 0.497214
vt 0.916655 0.497353
vt 0.916669 0.500000
vt 0.255611 0.496344
vt 0.183813 0.496637
vt 0.330300 0.496361
vt 0.287358 0.496756
vt 0.833333 0.500000
vt 0.750077 0.500000
vt 0.833389 0.500000
vt 0.166667 0.500000
vt 0.177083 0.500000
vt 0.187500 0.500000
vt 0.197917 0.500000
vt 0.208333 0.500000
vt 0.218750 0.500000
vt 0.229167 0.500000
vt 0.239583 0.500000
vt 0.250000 0.500000
vt 0.479167 0.500000
vt 0.489583 0.500000
vt 0.468750 0.500000
vt 0.458333 0.500000
vt 0.447917 0.500000
vt 0.437500 0.500000
vt 0.427083 0.500000
vt 0.416667 0.500000
vt 0.666611 0.500000
vt 0.093750 0.500000
vt 0.104167 0.500000
vt 0.114583 0.500000
vt 0.125000 0.500000
vt 0.135417 0.500000
vt 0.145833 0.500000
vt 0.156250 0.500000
vt 0.999794 0.500000
vt 0.333333 0.500000
vt 0.343750 0.500000
vt 0.354167 0.500000
vt 0.364583 0.500000
vt 0.375000 0.500000
vt 0.385417 0.500000
vt 0.395833 0.500000
vt 0.406250 0.500000
vt 0.000206 0.500000
vt 0.843750 0.500000
vt 0.854167 0.500000
vt 0.864583 0.500000
vt 0.875000 0.500000
vt 0.885417 0.500000
vt 0.895833 0.500000
vt 0.906250 0.500000
vt 0.260417 0.500000
vt 0.270833 0.500000
vt 0.281250 0.500000
vt 0.291667 0.500000
vt 0.302083 0.500000
vt 0.312500 0.500000
vt 0.322917 0.500000
vt 0.500000 0.500000
vt 0.735000 0.514019
vt 0.780000 0.518038
vt 0.720000 0.518038
vt 0.794134 0.585290
vt 0.724009 0.776903
vt 0.829850 0.643566
vt 0.913923 0.586077
vt 0.852532 0.647468
vt 0.957787 0.629941
vt 0.909598 0.668960
vt 0.935885 0.608038
vt 0.884474 0.615677
vt 0.973923 0.690000
vt 0.891962 0.935885
vt 0.810000 0.973923
vt 0.720000 0.981961
vt 0.700811 0.933575
vt 0.712471 0.890062
vt 0.724010 0.776902
vt 0.660000 0.965885
vt 0.586077 0.913923
vt 0.647468 0.852532
vt 0.518039 0.720000
vt 0.587283 0.706400
vt 0.564116 0.608038
vt 0.615614 0.615614
vt 0.647468 0.647468
vt 0.810000 0.526077
vt 0.787529 0.890061
vt 0.711937 0.892054
vt 0.609721 0.788632
vt 0.526077 0.810000
vt 0.526077 0.690000
vt 0.660000 0.534115
vt 0.750039 0.510011
vt 0.795000 0.522058
vt 0.705000 0.522058
vt 0.690000 0.526077
vt 0.880981 0.553135
vt 0.891962 0.564115
vt 0.869951 0.542141
vt 0.902942 0.575096
vt 0.840000 0.534115
vt 0.825000 0.530096
vt 0.961865 0.645000
vt 0.965885 0.660000
vt 0.969904 0.675000
vt 0.924904 0.597058
vt 0.985981 0.765000
vt 0.981962 0.780000
vt 0.977942 0.795000
vt 0.973923 0.810000
vt 0.989970 0.749889
vt 0.981962 0.720000
vt 0.977942 0.705000
vt 0.973923 0.690000
vt 0.957787 0.870059
vt 0.935885 0.891962
vt 0.961865 0.855000
vt 0.924904 0.902942
vt 0.913923 0.913923
vt 0.965885 0.840000
vt 0.969904 0.825000
vt 0.870000 0.957846
vt 0.855000 0.961865
vt 0.880981 0.946865
vt 0.840000 0.965885
vt 0.825000 0.969904
vt 0.902942 0.924904
vt 0.705000 0.977942
vt 0.690000 0.973923
vt 0.765000 0.985981
vt 0.749961 0.989990
vt 0.780000 0.981961
vt 0.795000 0.977942
vt 0.619019 0.946865
vt 0.608039 0.935885
vt 0.630049 0.957859
vt 0.597058 0.924904
vt 0.675000 0.969904
vt 0.538135 0.855000
vt 0.534115 0.840000
vt 0.542213 0.870059
vt 0.530096 0.825000
vt 0.564116 0.891962
vt 0.575096 0.902942
vt 0.510030 0.749889
vt 0.514019 0.765000
vt 0.522058 0.705000
vt 0.518039 0.780000
vt 0.522058 0.795000
vt 0.575096 0.597058
vt 0.586077 0.586077
vt 0.538135 0.645000
vt 0.542213 0.629941
vt 0.534115 0.660000
vt 0.530096 0.675000
vt 0.675000 0.530096
vt 0.619019 0.553135
vt 0.630049 0.542141
vt 0.608038 0.564115
vt 0.597058 0.575096
vt 0.229167 0.500000
vt 0.166611 0.500000
vt 0.249923 0.500000
vt 0.260417 0.500000
vt 0.416701 0.500000
vt 0.427083 0.500000
vt 0.499973 0.500000
vt 0.677083 0.500000
vt 0.718750 0.500000
vt 0.687500 0.500000
vt 0.697917 0.500000
vt 0.708333 0.500000
vt 0.729167 0.500000
vt 0.739583 0.500000
vt 0.083299 0.500000
vt 0.104167 0.500000
vt 0.916701 0.500000
vt 0.947917 0.500000
vt 0.937500 0.500000
vt 0.958333 0.500000
vt 0.968750 0.500000
vt 0.979167 0.500000
vt 0.333389 0.500000
vt 0.395834 0.500000
vt 0.354167 0.500000
vt 0.583299 0.500000
vt 0.635417 0.500000
vt 0.614583 0.500000
vt 0.625000 0.500000
vt 0.645833 0.500000
vt 0.052083 0.500000
vt 0.020833 0.500000
vt 0.031250 0.500000
vt 0.041667 0.500000
vt 0.062500 0.500000
vt 0.270833 0.500000
vt 0.552083 0.500000
vt 0.510417 0.500000
vt 0.520833 0.500000
vt 0.531250 0.500000
vt 0.541667 0.500000
vt 0.562500 0.500000
vt 0.120136 0.000000
vt 0.151323 0.000000
vt 0.141208 0.000000
vt 0.089002 0.000000
vt 0.097607 0.000000
vt 0.170548 0.000000
vt 0.683222 0.000000
vt 0.704076 0.000000
vt 0.702453 0.000000
vt 0.723717 0.000000
vt 0.743464 0.000000
vt 0.661433 0.000000
vt 0.442005 0.000000
vt 0.463817 0.000000
vt 0.422710 0.000000
vt 0.432080 0.000000
vt 0.462606 0.000000
vt 0.484485 0.000000
vt 0.493903 0.000000
vt 0.224929 0.000000
vt 0.246022 0.000000
vt 0.244004 0.000000
vt 0.182742 0.000000
vt 0.202233 0.000000
vt 0.797768 0.000000
vt 0.786134 0.000000
vt 0.765742 0.000000
vt 0.770833 0.000000
vt 0.817874 0.000000
vt 0.838617 0.000000
vt 0.535983 0.000000
vt 0.558276 0.000000
vt 0.547315 0.000000
vt 0.567095 0.000000
vt 0.577994 0.000000
vt 0.517833 0.000000
vt 0.526474 0.000000
vt 0.265742 0.000000
vt 0.275640 0.000000
vt 0.287118 0.000000
vt 0.317873 0.000000
vt 0.296995 0.000000
vt 0.338539 0.000000
vt 0.338318 0.000000
vt 0.859576 0.000000
vt 0.890881 0.000000
vt 0.880876 0.000000
vt 0.900105 0.000000
vt 0.921886 0.000000
vt 0.018508 0.000000
vt 0.036554 0.000000
vt 0.067972 0.000000
vt 0.608969 0.000000
vt 0.630407 0.000000
vt 0.599464 0.000000
vt 0.630186 0.000000
vt 0.651590 0.000000
vt 0.360207 0.000000
vt 0.379864 0.000000
vt 0.401319 0.000000
vt 0.395834 0.000000
vt 0.380329 0.000000
vt 0.942740 0.000000
vt 0.963700 0.000000
vt 0.984581 0.000000
vt 0.462998 0.000000
vt 0.421246 0.000000
vt 0.489141 0.000000
vt 0.514829 0.000000
vt 0.190329 0.000000
vt 0.226989 0.000000
vt 0.271545 0.000000
vt 0.143806 0.000000
vt 0.796323 0.000000
vt 0.753714 0.000000
vt 0.536069 0.000000
vt 0.573716 0.000000
vt 0.307807 0.000000
vt 0.342147 0.000000
vt 0.853669 0.000000
vt 0.887784 0.000000
vt 0.057103 0.000000
vt 0.083360 0.000000
vt 0.083350 0.000000
vt 0.031590 0.000000
vt 0.083374 0.000000
vt 0.015272 0.000000
vt 0.615008 0.000000
vt 0.644148 0.000000
vt 0.379635 0.000000
vt 0.963223 0.000000
vt 0.983094 0.000000
vt 0.942072 0.000000
vt 0.916642 0.000000
vt 0.119331 0.000000
vt 0.083380 0.000000
vt 0.702606 0.000000
vt 0.681747 0.000000
vt 0.387114 0.000000
vt 0.368800 0.000000
vt 0.342238 0.000000
vt 0.655157 0.000000
vt 0.632278 0.000000
vt 0.608489 0.000000
vt 0.585062 0.000000
vt 0.084459 0.000000
vt 0.916667 0.000000
vt 0.889669 0.000000
vt 0.866016 0.000000
vt 0.847934 0.000000
vt 0.824622 0.000000
vt 0.316778 0.000000
vt 0.285497 0.000000
vt 0.264647 0.000000
vt 0.566875 0.000000
vt 0.534002 0.000000
vt 0.509050 0.000000
vt 0.806350 0.000000
vt 0.782377 0.000000
vt 0.759016 0.000000
vt 0.233510 0.000000
vt 0.216014 0.000000
vt 0.191807 0.000000
vt 0.168746 0.000000
vt 0.483486 0.000000
vt 0.452164 0.000000
vt 0.431284 0.000000
vt 0.733511 0.000000
vt 0.714056 0.000000
vt 0.681378 0.000000
vt 0.150225 0.000000
vt 0.129360 0.000000
vt 0.108490 0.000000
vt 0.877515 0.007148
vt 0.916650 0.000967
vt 0.815983 0.009669
vt 0.083333 0.000000
vt 0.083408 0.000136
vt 0.916657 0.002437
vt 0.966631 0.002627
vt 1.000005 -0.000000
vt 0.083364 0.000136
vt 0.000006 0.000000
vt 0.677328 0.003486
vt 0.482953 0.001219
vt 0.520156 0.007305
vt 0.588822 0.003471
vt 0.410321 0.002309
vt 0.233512 0.003314
vt 0.258941 0.028040
vt 0.275772 0.027892
vt 0.291667 0.040605
vt 0.299436 0.031263
vt 0.312500 0.040611
vt 0.320276 0.031238
vt 0.273727 0.009376
vt 0.294256 0.009286
vt 0.250000 0.083333
vt 0.250000 0.033739
vt 0.302083 0.083333
vt 0.318079 0.083333
vt 0.338824 0.083333
vt 0.333333 0.040599
vt 0.341026 0.031075
vt 0.335883 0.009284
vt 0.354167 0.040576
vt 0.361859 0.031042
vt 0.375000 0.040549
vt 0.382711 0.031019
vt 0.356680 0.009267
vt 0.378949 0.008151
vt 0.395833 0.033689
vt 0.404716 0.027540
vt 0.354167 0.083333
vt 0.364583 0.083333
vt 0.395833 0.083333
vt 0.411849 0.083333
vt 0.416667 0.033546
vt 0.425511 0.027499
vt 0.455602 0.030810
vt 0.473918 0.040309
vt 0.465726 0.015208
vt 0.486898 0.030818
vt 0.442237 0.036593
vt 0.441380 0.008133
vt 0.487136 0.008889
vt 0.427083 0.083333
vt 0.437500 0.083333
vt 0.447917 0.083333
vt 0.466836 0.083333
vt 0.484847 0.083333
vt 0.505620 0.083333
vt 0.500000 0.040253
vt 0.507675 0.030717
vt 0.525836 0.034071
vt 0.546863 0.040183
vt 0.545482 0.012824
vt 0.559844 0.030853
vt 0.572917 0.032845
vt 0.581851 0.027700
vt 0.520833 0.083333
vt 0.568248 0.083333
vt 0.583333 0.083333
vt 0.593750 0.040195
vt 0.600518 0.022491
vt 0.614583 0.040214
vt 0.622360 0.030994
vt 0.635417 0.040253
vt 0.643233 0.031094
vt 0.617162 0.009267
vt 0.639505 0.008582
vt 0.656250 0.033146
vt 0.665232 0.028005
vt 0.630723 0.083333
vt 0.651577 0.083333
vt 0.666667 0.083333
vt 0.686034 0.027996
vt 0.697917 0.040419
vt 0.705723 0.031254
vt 0.718750 0.040474
vt 0.726578 0.031324
vt 0.702472 0.008953
vt 0.739583 0.028707
vt 0.754177 0.008564
vt 0.677083 0.033288
vt 0.697917 0.083333
vt 0.708334 0.083333
vt 0.724406 0.083333
vt 0.745223 0.083333
vt 0.754766 0.036870
vt 0.036277 0.027090
vt 0.052083 0.037934
vt 0.059844 0.030058
vt 0.018094 0.015147
vt 0.025037 0.004824
vt 0.054937 0.006378
vt 0.072917 0.022943
vt 0.010417 0.012088
vt 0.020833 0.058160
vt 0.036924 0.073276
vt 0.052083 0.080404
vt 0.068247 0.082884
vt 0.083333 0.083333
vt 0.083333 0.041804
vt 0.083333 0.015316
vt 0.927083 0.028222
vt 0.942237 0.035258
vt 0.940006 0.008891
vt 0.955602 0.026951
vt 0.967195 0.020124
vt 0.979167 0.017932
vt 0.988051 0.008236
vt 0.916667 0.083333
vt 0.927083 0.083225
vt 0.916667 0.029211
vt 0.937500 0.082465
vt 0.953512 0.078247
vt 0.974402 0.063371
vt 1.000000 -0.000000
vt 0.779761 0.027921
vt 0.791667 0.040609
vt 0.799436 0.031264
vt 0.812500 0.040612
vt 0.820276 0.031238
vt 0.768166 0.031246
vt 0.794257 0.009286
vt 0.760417 0.083333
vt 0.776370 0.083333
vt 0.791667 0.083333
vt 0.807647 0.083333
vt 0.822917 0.083333
vt 0.833333 0.083333
vt 0.838049 0.036925
vt 0.837230 0.008168
vt 0.111922 0.030936
vt 0.131030 0.034714
vt 0.098554 0.036255
vt 0.083761 0.001503
vt 0.129403 0.008885
vt 0.143232 0.031100
vt 0.156250 0.033144
vt 0.165231 0.028009
vt 0.099422 0.083333
vt 0.083333 0.039648
vt 0.151579 0.083333
vt 0.166667 0.083333
vt 0.851434 0.031047
vt 0.869666 0.040557
vt 0.861560 0.015252
vt 0.882712 0.031019
vt 0.895833 0.040501
vt 0.903560 0.030976
vt 0.898664 0.008549
vt 0.864583 0.083333
vt 0.901430 0.083333
vt 0.916667 0.030333
vt 0.184858 0.031156
vt 0.197917 0.040421
vt 0.205721 0.031256
vt 0.191747 0.008943
vt 0.218750 0.033572
vt 0.227726 0.028032
vt 0.239583 0.028707
vt 0.177083 0.083333
vt 0.177083 0.040363
vt 0.187500 0.083333
vt 0.197917 0.083333
vt 0.208333 0.083333
vt 0.218750 0.083333
vt 0.234822 0.083333
vt 0.281250 0.472959
vt 0.270833 0.478439
vt 0.260417 0.472779
vt 0.328158 0.459848
vt 0.307326 0.459804
vt 0.318095 0.483279
vt 0.294349 0.471055
vt 0.327653 0.416667
vt 0.248029 0.469279
vt 0.338839 0.483360
vt 0.203204 0.459660
vt 0.187500 0.478044
vt 0.177083 0.472551
vt 0.234485 0.459680
vt 0.227955 0.488766
vt 0.218750 0.472580
vt 0.203517 0.482839
vt 0.234021 0.416667
vt 0.218750 0.416667
vt 0.161601 0.459662
vt 0.161906 0.482766
vt 0.906250 0.473959
vt 0.890637 0.459957
vt 0.894470 0.489257
vt 0.880539 0.483485
vt 0.869767 0.459930
vt 0.859676 0.483438
vt 0.848903 0.459891
vt 0.838840 0.483361
vt 0.916667 0.474763
vt 0.869253 0.416667
vt 0.827653 0.416667
vt 0.828158 0.459846
vt 0.140756 0.459684
vt 0.141058 0.482752
vt 0.119883 0.459717
vt 0.120185 0.482769
vt 0.104167 0.472958
vt 0.093750 0.467740
vt 0.100348 0.493137
vt 0.083338 0.499037
vt 0.150732 0.416667
vt 0.135417 0.416667
vt 0.083333 0.416667
vt 0.083333 0.474425
vt 0.807326 0.459804
vt 0.818096 0.483279
vt 0.794349 0.471054
vt 0.781250 0.472959
vt 0.770833 0.459738
vt 0.770712 0.487354
vt 0.760417 0.467590
vt 0.785985 0.416667
vt 0.765145 0.416667
vt 0.750000 0.416667
vt 0.750000 0.458141
vt 0.750000 0.481571
vt 0.750000 0.496399
vt 0.984446 0.482975
vt 0.963564 0.467828
vt 0.963884 0.487436
vt 0.984762 0.493969
vt 0.942684 0.461435
vt 0.943009 0.484229
vt 0.927083 0.468410
vt 0.916594 0.496136
vt 0.943042 0.496027
vt 0.983931 0.450426
vt 0.942164 0.418458
vt 0.916664 0.416667
vt 0.916667 0.458652
vt 0.916667 0.482937
vt 0.072917 0.473290
vt 0.057392 0.461273
vt 0.057694 0.483678
vt 0.036510 0.467700
vt 0.036813 0.486994
vt 0.020833 0.486112
vt 0.010417 0.490838
vt 0.016998 0.497771
vt 0.047385 0.496420
vt 0.067346 0.417181
vt 0.083333 0.474839
vt 0.046457 0.421765
vt 0.031250 0.430447
vt 0.713632 0.459667
vt 0.703518 0.482838
vt 0.727206 0.469185
vt 0.692775 0.459655
vt 0.682657 0.482794
vt 0.671941 0.459660
vt 0.739583 0.472646
vt 0.750023 0.498227
vt 0.668185 0.486077
vt 0.750030 0.499837
vt 0.734016 0.416667
vt 0.750000 0.471518
vt 0.713176 0.416667
vt 0.692322 0.416667
vt 0.673470 0.416667
vt 0.652291 0.497545
vt 0.750000 0.489583
vt 0.630320 0.459699
vt 0.620183 0.482769
vt 0.643844 0.469287
vt 0.609447 0.459728
vt 0.596495 0.471142
vt 0.656250 0.472609
vt 0.624876 0.498873
vt 0.580463 0.496257
vt 0.650734 0.416667
vt 0.629858 0.416667
vt 0.608977 0.416667
vt 0.588121 0.416667
vt 0.578249 0.459786
vt 0.578550 0.482878
vt 0.557393 0.459830
vt 0.557693 0.482956
vt 0.536510 0.459869
vt 0.536814 0.483061
vt 0.520833 0.473728
vt 0.510417 0.468173
vt 0.516997 0.493244
vt 0.499998 0.499036
vt 0.567347 0.416667
vt 0.546459 0.416667
vt 0.525567 0.416667
vt 0.510417 0.416667
vt 0.500000 0.416667
vt 0.500000 0.476004
vt 0.500000 0.490730
vt 0.489583 0.473923
vt 0.479167 0.459955
vt 0.480746 0.486603
vt 0.463565 0.459968
vt 0.463884 0.483412
vt 0.442685 0.459979
vt 0.443010 0.483476
vt 0.421831 0.459980
vt 0.422163 0.483501
vt 0.500005 0.494564
vt 0.483932 0.416667
vt 0.500000 0.470739
vt 0.468750 0.416667
vt 0.450759 0.416667
vt 0.429896 0.416667
vt 0.410962 0.416667
vt 0.390637 0.459955
vt 0.380541 0.483482
vt 0.404185 0.470012
vt 0.369768 0.459926
vt 0.359678 0.483435
vt 0.348904 0.459896
vt 0.391770 0.495838
vt 0.390118 0.416667
vt 0.369252 0.416667
vt 0.941724 0.000000
vt 0.963429 0.000000
vt 0.984310 0.000000
vt 0.921349 0.000000
vt 0.370160 0.000000
vt 0.369277 0.000000
vt 0.390148 0.000000
vt 0.347933 0.000000
vt 0.411266 0.000000
vt 0.328007 0.000000
vt 0.328228 0.000000
vt 0.630934 0.000000
vt 0.661681 0.000000
vt 0.651366 0.000000
vt 0.588164 0.000000
vt 0.609488 0.000000
vt 0.598799 0.000000
vt 0.618925 0.000000
vt 0.671800 0.000000
vt 0.578115 0.000000
vt 0.015497 0.000000
vt 0.036378 0.000000
vt 0.057182 0.000000
vt 0.077288 0.000000
vt 0.847276 0.000000
vt 0.880280 0.000000
vt 0.901622 0.000000
vt 0.900677 0.000000
vt 0.869936 0.000000
vt 0.837523 0.000000
vt 0.827080 0.000000
vt 0.265692 0.000000
vt 0.286542 0.000000
vt 0.286321 0.000000
vt 0.265471 0.000000
vt 0.306677 0.000000
vt 0.244658 0.000000
vt 0.515718 0.000000
vt 0.537253 0.000000
vt 0.535909 0.000000
vt 0.515497 0.000000
vt 0.552083 0.000000
vt 0.557183 0.000000
vt 0.567305 0.000000
vt 0.765692 0.000000
vt 0.765471 0.000000
vt 0.807396 0.000000
vt 0.807175 0.000000
vt 0.786859 0.000000
vt 0.171071 0.000000
vt 0.192853 0.000000
vt 0.192632 0.000000
vt 0.171544 0.000000
vt 0.215454 0.000000
vt 0.213486 0.000000
vt 0.235132 0.000000
vt 0.432327 0.000000
vt 0.441725 0.000000
vt 0.463769 0.000000
vt 0.463429 0.000000
vt 0.484531 0.000000
vt 0.484310 0.000000
vt 0.682424 0.000000
vt 0.692632 0.000000
vt 0.734557 0.000000
vt 0.734336 0.000000
vt 0.109535 0.000000
vt 0.109314 0.000000
vt 0.130982 0.000000
vt 0.129360 0.000000
vt 0.151272 0.000000
vt 0.151051 0.000000
s 1
usemtl Rim_Red
f 1/1/1 4/2/2 5/3/3
f 1/1/1 2/4/4 4/2/2
f 2/4/4 3/5/5 4/2/2
f 2/4/4 6/6/6 3/5/5
f 7/7/7 8/8/8 11/9/9
f 7/7/7 11/9/9 10/10/10
f 8/8/8 9/11/11 39/12/12
f 8/8/8 39/12/12 11/9/9
f 12/13/13 13/14/14 14/15/15
f 12/13/13 14/15/15 15/16/16
f 13/14/14 42/17/17 14/15/15
f 16/18/18 19/19/19 18/20/20
f 16/18/18 17/21/21 19/19/19
f 17/21/21 20/22/22 19/19/19
f 21/23/23 16/18/18 18/20/20
f 23/24/24 1/1/1 5/3/3
f 23/24/24 5/3/3 24/25/25
f 22/26/26 23/24/24 24/25/25
f 26/27/27 7/7/7 10/10/10
f 25/28/28 26/27/27 28/29/29
f 25/28/28 28/29/29 27/30/30
f 26/27/27 10/10/10 28/29/29
f 30/31/31 12/13/13 31/32/32
f 31/32/32 12/13/13 15/16/16
f 29/33/33 30/31/31 32/34/34
f 30/31/31 31/32/32 32/34/34
f 34/35/35 35/36/36 36/37/37
f 34/35/35 22/26/26 35/36/36
f 33/38/38 34/35/35 36/37/37
f 22/26/26 24/25/25 35/36/36
f 33/38/38 36/37/37 43/39/39
f 37/40/40 25/28/28 27/30/30
f 45/41/41 25/28/28 37/40/40
f 9/11/11 38/42/42 39/12/12
f 38/42/42 29/33/33 40/43/43
f 38/42/42 40/43/43 39/12/12
f 29/33/33 32/34/34 40/43/43
f 13/14/14 41/44/44 42/17/17
f 41/44/44 43/39/39 42/17/17
f 41/44/44 33/38/38 43/39/39
f 44/45/45 46/46/46 20/22/22
f 44/45/45 45/41/41 46/46/46
f 46/46/46 45/41/41 37/40/40
f 17/21/21 44/45/45 20/22/22
f 49/47/47 51/48/48 47/49/49
f 47/49/49 51/48/48 48/50/50
f 48/50/50 51/48/48 50/51/51
f 48/50/50 50/51/51 6/6/6
f 68/52/52 49/47/47 47/49/49
f 53/53/53 56/54/54 54/55/55
f 52/56/56 55/57/57 53/53/53
f 53/53/53 55/57/57 56/54/54
f 57/58/58 75/59/59 59/60/60
f 57/58/58 59/60/60 58/61/61
f 58/61/61 61/62/62 60/63/63
f 58/61/61 59/60/60 61/62/62
f 62/64/64 66/65/65 63/66/66
f 63/66/66 66/65/65 65/67/67
f 63/66/66 65/67/67 64/68/68
f 62/64/64 18/20/20 66/65/65
f 67/69/69 69/70/70 49/47/47
f 67/69/69 49/47/47 68/52/52
f 77/71/71 69/70/70 67/69/69
f 70/72/72 72/73/73 71/74/74
f 71/74/74 72/73/73 55/57/57
f 71/74/74 55/57/57 52/56/56
f 73/75/75 85/76/76 74/77/77
f 74/77/77 75/59/59 73/75/75
f 73/75/75 75/59/59 57/58/58
f 76/78/78 78/79/79 79/80/80
f 79/80/80 69/70/70 77/71/71
f 76/78/78 79/80/80 77/71/71
f 87/81/81 78/79/79 76/78/78
f 81/82/82 83/83/83 80/84/84
f 82/85/85 83/83/83 70/72/72
f 80/84/84 83/83/83 82/85/85
f 70/72/72 83/83/83 72/73/73
f 54/55/55 86/86/86 84/87/87
f 84/87/87 86/86/86 85/76/76
f 84/87/87 85/76/76 73/75/75
f 54/55/55 56/54/54 86/86/86
f 60/63/63 61/62/62 78/79/79
f 60/63/63 78/79/79 87/81/81
f 64/68/68 65/67/67 89/88/88
f 64/68/68 89/88/88 88/89/89
f 88/89/89 89/88/88 81/82/82
f 88/89/89 81/82/82 80/84/84
f 6/6/6 2/4/4 48/50/50
f 2/4/4 1/1/1 47/49/49
f 2/4/4 47/49/49 48/50/50
f 1/1/1 68/52/52 47/49/49
f 9/11/11 8/8/8 54/55/55
f 8/8/8 53/53/53 54/55/55
f 8/8/8 7/7/7 52/56/56
f 8/8/8 52/56/56 53/53/53
f 13/14/14 58/61/61 60/63/63
f 13/14/14 12/13/13 58/61/61
f 12/13/13 57/58/58 58/61/61
f 17/21/21 63/66/66 64/68/68
f 17/21/21 16/18/18 63/66/66
f 16/18/18 62/64/64 63/66/66
f 16/18/18 21/23/23 62/64/64
f 1/1/1 23/24/24 68/52/52
f 23/24/24 67/69/69 68/52/52
f 23/24/24 22/26/26 67/69/69
f 22/26/26 77/71/71 67/69/69
f 7/7/7 26/27/27 71/74/74
f 7/7/7 71/74/74 52/56/56
f 26/27/27 25/28/28 70/72/72
f 26/27/27 70/72/72 71/74/74
f 12/13/13 30/31/31 57/58/58
f 30/31/31 73/75/75 57/58/58
f 30/31/31 29/33/33 73/75/75
f 22/26/26 34/35/35 77/71/71
f 34/35/35 76/78/78 77/71/71
f 34/35/35 33/38/38 76/78/78
f 33/38/38 87/81/81 76/78/78
f 25/28/28 82/85/85 70/72/72
f 25/28/28 45/41/41 82/85/85
f 45/41/41 80/84/84 82/85/85
f 29/33/33 84/87/87 73/75/75
f 29/33/33 38/42/42 84/87/87
f 38/42/42 9/11/11 54/55/55
f 38/42/42 54/55/55 84/87/87
f 33/38/38 41/44/44 87/81/81
f 41/44/44 60/63/63 87/81/81
f 41/44/44 13/14/14 60/63/63
f 45/41/41 44/45/45 88/89/89
f 45/41/41 88/89/89 80/84/84
f 44/45/45 64/68/68 88/89/89
f 44/45/45 17/21/21 64/68/68
f 4/2/2 3/5/5 50/51/51
f 4/2/2 50/51/51 51/48/48
f 5/3/3 4/2/2 51/48/48
f 5/3/3 51/48/48 49/47/47
f 11/9/9 39/12/12 56/54/54
f 11/9/9 56/54/54 55/57/57
f 10/10/10 11/9/9 55/57/57
f 14/15/15 42/17/17 61/62/62
f 14/15/15 61/62/62 59/60/60
f 15/16/16 14/15/15 59/60/60
f 15/16/16 59/60/60 75/59/59
f 19/19/19 20/22/22 65/67/67
f 19/19/19 65/67/67 66/65/65
f 18/20/20 19/19/19 66/65/65
f 24/25/25 5/3/3 49/47/47
f 24/25/25 49/47/47 69/70/70
f 28/29/29 10/10/10 55/57/57
f 28/29/29 55/57/57 72/73/73
f 27/30/30 28/29/29 72/73/73
f 31/32/32 15/16/16 75/59/59
f 31/32/32 75/59/59 74/77/77
f 32/34/34 31/32/32 74/77/77
f 32/34/34 74/77/77 85/76/76
f 35/36/36 24/25/25 69/70/70
f 35/36/36 69/70/70 79/80/80
f 36/37/37 35/36/36 79/80/80
f 36/37/37 79/80/80 78/79/79
f 43/39/39 36/37/37 78/79/79
f 27/30/30 72/73/73 83/83/83
f 37/40/40 27/30/30 83/83/83
f 37/40/40 83/83/83 81/82/82
f 40/43/43 32/34/34 85/76/76
f 40/43/43 85/76/76 86/86/86
f 39/12/12 40/43/43 86/86/86
f 39/12/12 86/86/86 56/54/54
f 42/17/17 43/39/39 78/79/79
f 42/17/17 78/79/79 61/62/62
f 46/46/46 37/40/40 81/82/82
f 46/46/46 81/82/82 89/88/88
f 20/22/22 46/46/46 89/88/88
f 20/22/22 89/88/88 65/67/67
usemtl Ghost_White
f 90/23/90 93/23/91 92/23/92
f 90/23/90 91/23/93 94/23/94
f 90/23/90 94/23/94 93/23/91
f 94/23/94 95/23/95 93/23/91
f 880/23/96 90/23/90 367/23/97
f 880/23/96 96/23/98 90/23/90
f 96/23/98 97/23/99 90/23/90
f 97/23/99 91/23/93 90/23/90
f 97/23/99 98/23/100 91/23/93
f 98/23/100 928/23/101 91/23/93
f 367/23/97 90/23/90 92/23/92
f 367/23/97 92/23/92 369/23/102
f 99/23/103 100/23/104 102/23/105
f 100/23/104 101/23/106 102/23/105
f 99/23/103 102/23/105 103/23/107
f 103/23/107 104/23/108 95/23/95
f 103/23/107 102/23/105 104/23/108
f 102/23/105 105/23/109 104/23/108
f 928/23/101 99/23/103 91/23/93
f 928/23/101 106/23/110 99/23/103
f 106/23/110 100/23/104 99/23/103
f 94/23/94 103/23/107 95/23/95
f 91/23/93 99/23/103 103/23/107
f 91/23/93 103/23/107 94/23/94
f 95/23/95 104/23/108 107/23/111
f 104/23/108 108/23/112 107/23/111
f 104/23/108 105/23/109 108/23/112
f 108/23/112 105/23/109 109/23/113
f 107/23/111 110/23/114 111/23/115
f 107/23/111 108/23/112 110/23/114
f 108/23/112 112/23/116 110/23/114
f 108/23/112 109/23/113 112/23/116
f 112/23/116 109/23/113 140/23/117
f 113/23/118 93/23/91 114/23/119
f 93/23/91 95/23/95 114/23/119
f 95/23/95 107/23/111 114/23/119
f 113/23/118 115/23/120 116/23/121
f 113/23/118 114/23/119 115/23/120
f 114/23/119 111/23/115 115/23/120
f 114/23/119 107/23/111 111/23/115
f 92/23/92 93/23/91 113/23/118
f 115/23/120 111/23/115 117/23/122
f 101/23/106 118/23/123 120/23/124
f 118/23/123 121/23/125 120/23/124
f 118/23/123 119/23/126 121/23/125
f 120/23/124 122/23/127 105/23/109
f 120/23/124 121/23/125 122/23/127
f 121/23/125 123/23/128 122/23/127
f 118/23/123 912/23/129 119/23/126
f 102/23/105 120/23/124 105/23/109
f 101/23/106 120/23/124 102/23/105
f 124/23/130 127/23/131 119/23/126
f 124/23/130 125/23/132 127/23/131
f 125/23/132 126/23/133 127/23/131
f 119/23/126 127/23/131 128/23/134
f 127/23/131 126/23/133 129/23/135
f 127/23/131 129/23/135 128/23/134
f 912/23/129 124/23/130 119/23/126
f 125/23/132 130/23/136 126/23/133
f 126/23/133 1087/23/137 129/23/135
f 129/23/135 1087/23/137 131/23/138
f 129/23/135 131/23/138 132/23/139
f 128/23/134 129/23/135 132/23/139
f 123/23/128 128/23/134 132/23/139
f 121/23/125 128/23/134 123/23/128
f 119/23/126 128/23/134 121/23/125
f 123/23/128 132/23/139 133/23/140
f 133/23/140 132/23/139 134/23/141
f 132/23/139 131/23/138 134/23/141
f 133/23/140 135/23/142 136/23/143
f 133/23/140 134/23/141 135/23/142
f 134/23/141 137/23/144 135/23/142
f 131/23/138 137/23/144 134/23/141
f 122/23/127 123/23/128 138/23/145
f 105/23/109 122/23/127 138/23/145
f 138/23/145 123/23/128 133/23/140
f 105/23/109 138/23/145 109/23/113
f 138/23/145 133/23/140 139/23/146
f 109/23/113 138/23/145 140/23/117
f 138/23/145 141/23/147 140/23/117
f 138/23/145 139/23/146 141/23/147
f 139/23/146 136/23/143 141/23/147
f 139/23/146 133/23/140 136/23/143
f 142/23/148 115/23/120 143/23/149
f 143/23/149 115/23/120 117/23/122
f 143/23/149 117/23/122 145/23/150
f 117/23/122 144/23/151 145/23/150
f 142/23/148 143/23/149 146/23/152
f 143/23/149 145/23/150 146/23/152
f 142/23/148 146/23/152 147/23/153
f 145/23/150 144/23/151 148/23/154
f 116/23/121 115/23/120 142/23/148
f 117/23/122 111/23/115 144/23/151
f 145/23/150 148/23/154 146/23/152
f 111/23/115 110/23/114 149/23/155
f 111/23/115 149/23/155 144/23/151
f 110/23/114 112/23/116 149/23/155
f 112/23/116 150/23/156 149/23/155
f 144/23/151 149/23/155 151/23/157
f 144/23/151 151/23/157 148/23/154
f 149/23/155 152/23/158 151/23/157
f 149/23/155 150/23/156 152/23/158
f 112/23/116 140/23/117 150/23/156
f 152/23/158 153/23/159 154/23/160
f 151/23/157 152/23/158 154/23/160
f 151/23/157 154/23/160 155/23/161
f 148/23/154 151/23/157 155/23/161
f 154/23/160 153/23/159 156/23/162
f 155/23/161 154/23/160 157/23/163
f 154/23/160 158/23/164 157/23/163
f 154/23/160 156/23/162 158/23/164
f 158/23/164 156/23/162 159/23/165
f 158/23/164 159/23/165 160/23/166
f 158/23/164 160/23/166 161/23/167
f 157/23/163 158/23/164 161/23/167
f 148/23/154 155/23/161 162/23/168
f 146/23/152 148/23/154 162/23/168
f 146/23/152 162/23/168 164/23/169
f 163/23/170 146/23/152 164/23/169
f 162/23/168 155/23/161 164/23/169
f 163/23/170 164/23/169 165/23/171
f 155/23/161 157/23/163 164/23/169
f 157/23/163 161/23/167 166/23/172
f 164/23/169 157/23/163 166/23/172
f 165/23/171 164/23/169 166/23/172
f 147/23/153 146/23/152 163/23/170
f 140/23/117 167/23/173 150/23/156
f 140/23/117 141/23/147 167/23/173
f 141/23/147 136/23/143 167/23/173
f 136/23/143 168/23/174 167/23/173
f 167/23/173 169/23/175 152/23/158
f 167/23/173 170/23/176 169/23/175
f 167/23/173 168/23/174 170/23/176
f 152/23/158 169/23/175 153/23/159
f 150/23/156 167/23/173 152/23/158
f 135/23/142 172/23/177 168/23/174
f 135/23/142 171/23/178 172/23/177
f 171/23/178 173/23/179 172/23/177
f 168/23/174 174/23/180 170/23/176
f 168/23/174 172/23/177 174/23/180
f 172/23/177 175/23/181 174/23/180
f 172/23/177 173/23/179 175/23/181
f 135/23/142 137/23/144 171/23/178
f 136/23/143 135/23/142 168/23/174
f 176/23/182 179/23/183 180/23/184
f 176/23/182 177/23/185 179/23/183
f 177/23/185 181/23/186 179/23/183
f 177/23/185 178/23/187 181/23/186
f 180/23/184 179/23/183 182/23/188
f 179/23/183 183/23/189 182/23/188
f 179/23/183 181/23/186 183/23/189
f 170/23/176 174/23/180 176/23/182
f 174/23/180 177/23/185 176/23/182
f 174/23/180 175/23/181 177/23/185
f 175/23/181 178/23/187 177/23/185
f 153/23/159 184/23/190 156/23/162
f 184/23/190 176/23/182 180/23/184
f 156/23/162 184/23/190 185/23/191
f 184/23/190 180/23/184 185/23/191
f 156/23/162 185/23/191 159/23/165
f 169/23/175 184/23/190 153/23/159
f 169/23/175 170/23/176 184/23/190
f 170/23/176 176/23/182 184/23/190
f 185/23/191 180/23/184 182/23/188
f 185/23/191 182/23/188 186/23/192
f 185/23/191 186/23/192 187/23/193
f 159/23/165 185/23/191 187/23/193
f 188/23/194 190/23/195 191/23/196
f 188/23/194 189/23/197 190/23/195
f 189/23/197 192/23/198 190/23/195
f 190/23/195 193/23/199 191/23/196
f 190/23/195 192/23/198 193/23/199
f 194/23/200 188/23/194 1138/23/201
f 194/23/200 195/23/202 188/23/194
f 195/23/202 189/23/197 188/23/194
f 195/23/202 196/23/203 189/23/197
f 1138/23/201 188/23/194 191/23/196
f 197/23/204 199/23/205 192/23/198
f 197/23/204 198/23/206 199/23/205
f 198/23/206 200/23/207 199/23/205
f 198/23/206 203/23/208 200/23/207
f 196/23/203 201/23/209 189/23/197
f 201/23/209 197/23/204 189/23/197
f 201/23/209 198/23/206 197/23/204
f 201/23/209 202/23/210 198/23/206
f 202/23/210 203/23/208 198/23/206
f 199/23/205 200/23/207 204/23/211
f 199/23/205 204/23/211 205/23/212
f 189/23/197 197/23/204 192/23/198
f 212/23/213 199/23/205 206/23/214
f 199/23/205 205/23/212 206/23/214
f 205/23/212 204/23/211 207/23/215
f 205/23/212 207/23/215 206/23/214
f 206/23/214 209/23/216 208/23/217
f 206/23/214 207/23/215 209/23/216
f 192/23/198 199/23/205 212/23/213
f 209/23/216 207/23/215 210/23/218
f 208/23/217 209/23/216 211/23/219
f 217/23/220 208/23/217 211/23/219
f 212/23/213 206/23/214 208/23/217
f 212/23/213 208/23/217 217/23/220
f 193/23/199 214/23/221 213/23/222
f 193/23/199 212/23/213 214/23/221
f 213/23/222 214/23/221 216/23/223
f 213/23/222 216/23/223 215/23/224
f 216/23/223 214/23/221 217/23/220
f 214/23/221 212/23/213 217/23/220
f 191/23/196 193/23/199 213/23/222
f 193/23/199 192/23/198 212/23/213
f 215/23/224 216/23/223 218/23/225
f 203/23/208 220/23/226 200/23/207
f 203/23/208 219/23/227 220/23/226
f 219/23/227 221/23/228 220/23/226
f 219/23/227 225/23/229 221/23/228
f 202/23/210 934/23/230 203/23/208
f 934/23/230 222/23/231 203/23/208
f 222/23/231 219/23/227 203/23/208
f 222/23/231 223/23/232 219/23/227
f 223/23/232 224/23/233 219/23/227
f 224/23/233 225/23/229 219/23/227
f 200/23/207 220/23/226 204/23/211
f 225/23/229 227/23/234 221/23/228
f 225/23/229 226/23/235 227/23/234
f 226/23/235 228/23/236 227/23/234
f 226/23/235 233/23/237 228/23/236
f 227/23/234 228/23/236 229/23/238
f 224/23/233 230/23/239 225/23/229
f 230/23/239 226/23/235 225/23/229
f 230/23/239 231/23/240 226/23/235
f 231/23/240 232/23/241 226/23/235
f 232/23/241 233/23/237 226/23/235
f 221/23/228 234/23/242 235/23/243
f 227/23/234 229/23/238 234/23/242
f 234/23/242 229/23/238 236/23/244
f 235/23/243 234/23/242 237/23/245
f 235/23/243 237/23/245 238/23/246
f 237/23/245 234/23/242 239/23/247
f 234/23/242 236/23/244 239/23/247
f 221/23/228 227/23/234 234/23/242
f 236/23/244 308/23/248 239/23/247
f 240/23/249 221/23/228 235/23/243
f 204/23/211 240/23/249 207/23/215
f 207/23/215 240/23/249 241/23/250
f 240/23/249 235/23/243 241/23/250
f 241/23/250 235/23/243 238/23/246
f 204/23/211 220/23/226 240/23/249
f 220/23/226 221/23/228 240/23/249
f 241/23/250 238/23/246 264/23/251
f 207/23/215 241/23/250 210/23/218
f 218/23/225 216/23/223 242/23/252
f 216/23/223 217/23/220 242/23/252
f 217/23/220 243/23/253 242/23/252
f 242/23/252 244/23/254 245/23/255
f 242/23/252 243/23/253 244/23/254
f 217/23/220 211/23/219 243/23/253
f 243/23/253 252/23/256 246/23/257
f 244/23/254 243/23/253 246/23/257
f 244/23/254 246/23/257 247/23/258
f 245/23/255 244/23/254 247/23/258
f 245/23/255 247/23/258 248/23/259
f 218/23/225 242/23/252 245/23/255
f 211/23/219 209/23/216 249/23/260
f 209/23/216 250/23/261 249/23/260
f 249/23/260 251/23/262 243/23/253
f 249/23/260 250/23/261 251/23/262
f 243/23/253 251/23/262 252/23/256
f 209/23/216 210/23/218 250/23/261
f 211/23/219 249/23/260 243/23/253
f 246/23/257 253/23/263 254/23/264
f 253/23/263 255/23/265 254/23/264
f 253/23/263 256/23/266 255/23/265
f 253/23/263 267/23/267 256/23/266
f 254/23/264 257/23/268 258/23/269
f 254/23/264 255/23/265 257/23/268
f 255/23/265 256/23/266 257/23/268
f 257/23/268 256/23/266 259/23/270
f 252/23/256 253/23/263 246/23/257
f 252/23/256 251/23/262 253/23/263
f 251/23/262 267/23/267 253/23/263
f 258/23/269 257/23/268 623/23/271
f 248/23/259 247/23/258 260/23/272
f 248/23/259 260/23/272 261/23/273
f 247/23/258 246/23/257 258/23/269
f 247/23/258 258/23/269 260/23/272
f 246/23/257 254/23/264 258/23/269
f 258/23/269 623/23/271 622/23/274
f 260/23/272 258/23/269 622/23/274
f 261/23/273 260/23/272 622/23/274
f 261/23/273 622/23/274 262/23/275
f 210/23/218 263/23/276 250/23/261
f 264/23/251 265/23/277 263/23/276
f 250/23/261 263/23/276 266/23/278
f 263/23/276 265/23/277 266/23/278
f 250/23/261 266/23/278 267/23/267
f 265/23/277 268/23/279 266/23/278
f 241/23/250 263/23/276 210/23/218
f 241/23/250 264/23/251 263/23/276
f 264/23/251 238/23/246 265/23/277
f 265/23/277 271/23/280 268/23/279
f 250/23/261 267/23/267 251/23/262
f 238/23/246 269/23/281 265/23/277
f 239/23/247 270/23/282 269/23/281
f 265/23/277 269/23/281 271/23/280
f 269/23/281 270/23/282 272/23/283
f 269/23/281 272/23/283 273/23/284
f 238/23/246 237/23/245 269/23/281
f 237/23/245 239/23/247 269/23/281
f 239/23/247 308/23/248 270/23/282
f 271/23/280 269/23/281 273/23/284
f 273/23/284 272/23/283 274/23/285
f 268/23/279 275/23/286 276/23/287
f 268/23/279 273/23/284 275/23/286
f 273/23/284 274/23/285 275/23/286
f 275/23/286 274/23/285 279/23/288
f 276/23/287 275/23/286 277/23/289
f 275/23/286 278/23/290 277/23/289
f 275/23/286 279/23/288 278/23/290
f 271/23/280 273/23/284 268/23/279
f 267/23/267 280/23/291 256/23/266
f 267/23/267 266/23/278 280/23/291
f 266/23/278 276/23/287 280/23/291
f 266/23/278 268/23/279 276/23/287
f 256/23/266 280/23/291 281/23/292
f 280/23/291 276/23/287 281/23/292
f 276/23/287 277/23/289 281/23/292
f 256/23/266 281/23/292 259/23/270
f 233/23/237 283/23/293 228/23/236
f 233/23/237 282/23/294 283/23/293
f 282/23/294 284/23/295 283/23/293
f 282/23/294 288/23/296 284/23/295
f 232/23/241 285/23/297 233/23/237
f 285/23/297 286/23/298 233/23/237
f 286/23/298 282/23/294 233/23/237
f 286/23/298 287/23/299 282/23/294
f 287/23/299 911/23/300 282/23/294
f 911/23/300 288/23/296 282/23/294
f 288/23/296 293/23/301 284/23/295
f 284/23/295 293/23/301 289/23/302
f 284/23/295 289/23/302 290/23/303
f 283/23/293 284/23/295 290/23/303
f 228/23/236 283/23/293 229/23/238
f 291/23/304 292/23/305 288/23/296
f 288/23/296 292/23/305 294/23/306
f 288/23/296 294/23/306 293/23/301
f 911/23/300 295/23/307 288/23/296
f 295/23/307 291/23/304 288/23/296
f 291/23/304 296/23/308 292/23/305
f 296/23/308 882/23/309 292/23/305
f 882/23/309 297/23/310 292/23/305
f 292/23/305 297/23/310 298/23/311
f 292/23/305 298/23/311 294/23/306
f 294/23/306 298/23/311 299/23/312
f 294/23/306 299/23/312 300/23/313
f 293/23/301 294/23/306 300/23/313
f 293/23/301 300/23/313 289/23/302
f 289/23/302 300/23/313 302/23/314
f 289/23/302 302/23/314 301/23/315
f 300/23/313 299/23/312 303/23/316
f 300/23/313 303/23/316 302/23/314
f 301/23/315 302/23/314 304/23/317
f 302/23/314 305/23/318 304/23/317
f 302/23/314 303/23/316 305/23/318
f 306/23/319 290/23/303 307/23/320
f 290/23/303 289/23/302 301/23/315
f 290/23/303 301/23/315 307/23/320
f 306/23/319 307/23/320 308/23/248
f 229/23/238 283/23/293 306/23/319
f 283/23/293 290/23/303 306/23/319
f 301/23/315 304/23/317 309/23/321
f 307/23/320 301/23/315 309/23/321
f 307/23/320 309/23/321 308/23/248
f 236/23/244 306/23/319 308/23/248
f 229/23/238 306/23/319 236/23/244
f 310/23/322 311/23/323 312/23/324
f 297/23/310 310/23/322 312/23/324
f 297/23/310 312/23/324 298/23/311
f 312/23/324 311/23/323 313/23/325
f 312/23/324 314/23/326 298/23/311
f 312/23/324 313/23/325 314/23/326
f 311/23/323 315/23/327 313/23/325
f 313/23/325 316/23/328 314/23/326
f 298/23/311 314/23/326 317/23/329
f 298/23/311 317/23/329 299/23/312
f 315/23/327 318/23/330 320/23/331
f 315/23/327 320/23/331 313/23/325
f 318/23/330 319/23/332 321/23/333
f 318/23/330 321/23/333 320/23/331
f 320/23/331 321/23/333 322/23/334
f 320/23/331 322/23/334 323/23/335
f 313/23/325 320/23/331 323/23/335
f 313/23/325 323/23/335 316/23/328
f 316/23/328 323/23/335 324/23/336
f 323/23/335 325/23/337 324/23/336
f 323/23/335 322/23/334 325/23/337
f 324/23/336 326/23/338 327/23/339
f 324/23/336 325/23/337 328/23/340
f 324/23/336 328/23/340 326/23/338
f 322/23/334 353/23/341 325/23/337
f 325/23/337 353/23/341 355/23/342
f 325/23/337 355/23/342 328/23/340
f 317/23/329 314/23/326 329/23/343
f 314/23/326 316/23/328 329/23/343
f 299/23/312 317/23/329 330/23/344
f 299/23/312 330/23/344 303/23/316
f 317/23/329 329/23/343 330/23/344
f 330/23/344 329/23/343 327/23/339
f 330/23/344 327/23/339 331/23/345
f 316/23/328 324/23/336 329/23/343
f 329/23/343 324/23/336 327/23/339
f 330/23/344 331/23/345 332/23/346
f 305/23/318 330/23/344 332/23/346
f 303/23/316 330/23/344 305/23/318
f 333/23/347 338/23/348 334/23/349
f 319/23/332 333/23/347 335/23/350
f 319/23/332 335/23/350 321/23/333
f 333/23/347 334/23/349 335/23/350
f 321/23/333 335/23/350 336/23/351
f 336/23/351 335/23/350 337/23/352
f 335/23/350 334/23/349 337/23/352
f 334/23/349 339/23/353 337/23/352
f 321/23/333 336/23/351 322/23/334
f 340/23/354 342/23/355 334/23/349
f 340/23/354 341/23/356 342/23/355
f 342/23/355 341/23/356 343/23/357
f 334/23/349 342/23/355 339/23/353
f 340/23/354 344/23/358 341/23/356
f 344/23/358 345/23/359 341/23/356
f 341/23/356 360/23/360 343/23/357
f 343/23/357 360/23/360 346/23/361
f 342/23/355 343/23/357 346/23/361
f 342/23/355 346/23/361 339/23/353
f 338/23/348 340/23/354 334/23/349
f 339/23/353 346/23/361 347/23/362
f 347/23/362 346/23/361 348/23/363
f 347/23/362 348/23/363 349/23/364
f 347/23/362 349/23/364 350/23/365
f 346/23/361 360/23/360 351/23/366
f 346/23/361 351/23/366 348/23/363
f 348/23/363 351/23/366 379/23/367
f 349/23/364 348/23/363 352/23/368
f 349/23/364 352/23/368 350/23/365
f 353/23/341 337/23/352 354/23/369
f 353/23/341 354/23/369 355/23/342
f 355/23/342 354/23/369 356/23/370
f 322/23/334 336/23/351 353/23/341
f 336/23/351 337/23/352 353/23/341
f 337/23/352 339/23/353 347/23/362
f 337/23/352 347/23/362 354/23/369
f 354/23/369 347/23/362 350/23/365
f 354/23/369 350/23/365 356/23/370
f 355/23/342 356/23/370 409/23/371
f 357/23/372 358/23/373 359/23/374
f 341/23/356 357/23/372 360/23/360
f 357/23/372 359/23/374 360/23/360
f 358/23/373 361/23/375 359/23/374
f 359/23/374 363/23/376 362/23/377
f 359/23/374 361/23/375 363/23/376
f 345/23/359 357/23/372 341/23/356
f 345/23/359 891/23/378 357/23/372
f 357/23/372 364/23/379 358/23/373
f 364/23/379 365/23/380 358/23/373
f 360/23/360 359/23/374 362/23/377
f 366/23/381 368/23/382 361/23/375
f 366/23/381 367/23/97 369/23/102
f 366/23/381 369/23/102 368/23/382
f 361/23/375 368/23/382 363/23/376
f 365/23/380 370/23/383 366/23/381
f 365/23/380 366/23/381 358/23/373
f 370/23/383 371/23/384 366/23/381
f 371/23/384 372/23/385 367/23/97
f 371/23/384 367/23/97 366/23/381
f 372/23/385 880/23/96 367/23/97
f 358/23/373 366/23/381 361/23/375
f 373/23/386 368/23/382 374/23/387
f 368/23/382 369/23/102 374/23/387
f 363/23/376 373/23/386 375/23/388
f 375/23/388 373/23/386 376/23/389
f 373/23/386 374/23/387 376/23/389
f 376/23/389 374/23/387 377/23/390
f 374/23/387 116/23/121 377/23/390
f 363/23/376 368/23/382 373/23/386
f 369/23/102 92/23/92 113/23/118
f 369/23/102 113/23/118 374/23/387
f 374/23/387 113/23/118 116/23/121
f 362/23/377 363/23/376 378/23/391
f 351/23/366 362/23/377 378/23/391
f 351/23/366 378/23/391 379/23/367
f 379/23/367 378/23/391 380/23/392
f 360/23/360 362/23/377 351/23/366
f 378/23/391 363/23/376 375/23/388
f 378/23/391 375/23/388 380/23/392
f 380/23/392 375/23/388 376/23/389
f 380/23/392 376/23/389 381/23/393
f 379/23/367 380/23/392 381/23/393
f 308/23/248 309/23/321 382/23/394
f 270/23/282 308/23/248 382/23/394
f 382/23/394 309/23/321 383/23/395
f 270/23/282 382/23/394 272/23/283
f 272/23/283 382/23/394 384/23/396
f 382/23/394 383/23/395 384/23/396
f 309/23/321 304/23/317 383/23/395
f 384/23/396 383/23/395 385/23/397
f 304/23/317 386/23/398 383/23/395
f 304/23/317 305/23/318 386/23/398
f 305/23/318 387/23/399 386/23/398
f 386/23/398 387/23/399 388/23/400
f 383/23/395 386/23/398 385/23/397
f 386/23/398 388/23/400 385/23/397
f 305/23/318 332/23/346 387/23/399
f 387/23/399 401/23/401 388/23/400
f 388/23/400 401/23/401 389/23/402
f 388/23/400 389/23/402 390/23/403
f 385/23/397 388/23/400 390/23/403
f 385/23/397 390/23/403 396/23/404
f 396/23/404 390/23/403 391/23/405
f 390/23/403 392/23/406 391/23/405
f 390/23/403 389/23/402 392/23/406
f 391/23/405 393/23/407 394/23/408
f 391/23/405 392/23/406 393/23/407
f 392/23/406 395/23/409 393/23/407
f 272/23/283 384/23/396 274/23/285
f 384/23/396 385/23/397 396/23/404
f 274/23/285 384/23/396 397/23/410
f 384/23/396 396/23/404 397/23/410
f 274/23/285 397/23/410 279/23/288
f 397/23/410 398/23/411 279/23/288
f 397/23/410 394/23/408 398/23/411
f 397/23/410 391/23/405 394/23/408
f 396/23/404 391/23/405 397/23/410
f 399/23/412 327/23/339 400/23/413
f 387/23/399 332/23/346 401/23/401
f 332/23/346 399/23/412 401/23/401
f 401/23/401 399/23/412 402/23/414
f 399/23/412 400/23/413 402/23/414
f 402/23/414 400/23/413 403/23/415
f 401/23/401 402/23/414 404/23/416
f 332/23/346 331/23/345 399/23/412
f 331/23/345 327/23/339 399/23/412
f 401/23/401 404/23/416 389/23/402
f 327/23/339 405/23/417 400/23/413
f 405/23/417 328/23/340 406/23/418
f 400/23/413 405/23/417 407/23/419
f 405/23/417 406/23/418 407/23/419
f 400/23/413 407/23/419 403/23/415
f 407/23/419 406/23/418 408/23/420
f 327/23/339 326/23/338 405/23/417
f 326/23/338 328/23/340 405/23/417
f 328/23/340 355/23/342 409/23/371
f 328/23/340 409/23/371 406/23/418
f 406/23/418 409/23/371 410/23/421
f 406/23/418 410/23/421 408/23/420
f 411/23/422 408/23/420 412/23/423
f 411/23/422 412/23/423 413/23/424
f 413/23/424 412/23/423 415/23/425
f 414/23/426 413/23/424 416/23/427
f 413/23/424 415/23/425 416/23/427
f 403/23/415 407/23/419 411/23/422
f 407/23/419 408/23/420 411/23/422
f 408/23/420 410/23/421 417/23/428
f 408/23/420 417/23/428 412/23/423
f 412/23/423 417/23/428 441/23/429
f 412/23/423 441/23/429 415/23/425
f 415/23/425 441/23/429 418/23/430
f 404/23/416 419/23/431 389/23/402
f 419/23/431 403/23/415 411/23/422
f 389/23/402 419/23/431 420/23/432
f 419/23/431 411/23/422 421/23/433
f 419/23/431 421/23/433 420/23/432
f 395/23/409 420/23/432 422/23/434
f 420/23/432 421/23/433 422/23/434
f 421/23/433 414/23/426 422/23/434
f 404/23/416 402/23/414 419/23/431
f 402/23/414 403/23/415 419/23/431
f 411/23/422 413/23/424 421/23/433
f 421/23/433 413/23/424 414/23/426
f 392/23/406 420/23/432 395/23/409
f 389/23/402 420/23/432 392/23/406
f 409/23/371 356/23/370 424/23/435
f 356/23/370 423/23/436 424/23/435
f 409/23/371 424/23/435 410/23/421
f 424/23/435 423/23/436 425/23/437
f 410/23/421 424/23/435 426/23/438
f 424/23/435 425/23/437 426/23/438
f 356/23/370 350/23/365 423/23/436
f 410/23/421 426/23/438 417/23/428
f 350/23/365 352/23/368 427/23/439
f 352/23/368 428/23/440 427/23/439
f 350/23/365 427/23/439 423/23/436
f 423/23/436 427/23/439 429/23/441
f 427/23/439 428/23/440 429/23/441
f 428/23/440 430/23/442 429/23/441
f 348/23/363 379/23/367 431/23/443
f 348/23/363 431/23/443 352/23/368
f 352/23/368 431/23/443 443/23/444
f 352/23/368 443/23/444 428/23/440
f 429/23/441 430/23/442 432/23/445
f 429/23/441 432/23/445 425/23/437
f 423/23/436 429/23/441 425/23/437
f 425/23/437 432/23/445 433/23/446
f 432/23/445 430/23/442 434/23/447
f 433/23/446 432/23/445 435/23/448
f 432/23/445 436/23/449 435/23/448
f 432/23/445 434/23/447 436/23/449
f 436/23/449 437/23/450 438/23/451
f 435/23/448 436/23/449 438/23/451
f 435/23/448 438/23/451 503/23/452
f 439/23/453 435/23/448 503/23/452
f 426/23/438 425/23/437 433/23/446
f 417/23/428 426/23/438 440/23/454
f 426/23/438 433/23/446 440/23/454
f 417/23/428 440/23/454 441/23/429
f 441/23/429 440/23/454 442/23/455
f 441/23/429 442/23/455 418/23/430
f 440/23/454 439/23/453 442/23/455
f 433/23/446 435/23/448 440/23/454
f 440/23/454 435/23/448 439/23/453
f 431/23/443 381/23/393 443/23/444
f 381/23/393 444/23/456 445/23/457
f 381/23/393 445/23/457 443/23/444
f 443/23/444 446/23/458 430/23/442
f 443/23/444 445/23/457 446/23/458
f 379/23/367 381/23/393 431/23/443
f 381/23/393 376/23/389 444/23/456
f 428/23/440 443/23/444 430/23/442
f 376/23/389 447/23/459 444/23/456
f 447/23/459 377/23/390 448/23/460
f 444/23/456 447/23/459 449/23/461
f 444/23/456 449/23/461 445/23/457
f 447/23/459 448/23/460 449/23/461
f 376/23/389 377/23/390 447/23/459
f 377/23/390 116/23/121 142/23/148
f 377/23/390 142/23/148 448/23/460
f 448/23/460 142/23/148 147/23/153
f 449/23/461 448/23/460 147/23/153
f 445/23/457 450/23/462 451/23/463
f 449/23/461 147/23/153 450/23/462
f 451/23/463 450/23/462 452/23/464
f 450/23/462 147/23/153 163/23/170
f 450/23/462 163/23/170 453/23/465
f 450/23/462 453/23/465 452/23/464
f 445/23/457 449/23/461 450/23/462
f 452/23/464 453/23/465 454/23/466
f 457/23/467 452/23/464 454/23/466
f 451/23/463 452/23/464 457/23/467
f 430/23/442 455/23/468 434/23/447
f 430/23/442 446/23/458 455/23/468
f 446/23/458 451/23/463 455/23/468
f 446/23/458 445/23/457 451/23/463
f 434/23/447 455/23/468 456/23/469
f 455/23/468 457/23/467 456/23/469
f 455/23/468 451/23/463 457/23/467
f 457/23/467 454/23/466 458/23/470
f 456/23/469 457/23/467 458/23/470
f 456/23/469 458/23/470 437/23/450
f 436/23/449 456/23/469 437/23/450
f 434/23/447 456/23/469 436/23/449
f 453/23/465 165/23/171 460/23/471
f 165/23/171 166/23/172 460/23/471
f 166/23/172 459/23/472 460/23/471
f 453/23/465 460/23/471 454/23/466
f 460/23/471 459/23/472 462/23/473
f 459/23/472 461/23/474 462/23/473
f 454/23/466 460/23/471 462/23/473
f 166/23/172 161/23/167 459/23/472
f 163/23/170 165/23/171 453/23/465
f 160/23/166 463/23/475 161/23/167
f 459/23/472 161/23/167 464/23/476
f 161/23/167 465/23/477 464/23/476
f 161/23/167 463/23/475 465/23/477
f 465/23/477 466/23/478 464/23/476
f 160/23/166 159/23/165 463/23/475
f 459/23/472 464/23/476 461/23/474
f 467/23/479 468/23/480 469/23/481
f 467/23/479 469/23/481 470/23/482
f 468/23/480 471/23/483 469/23/481
f 470/23/482 469/23/481 472/23/484
f 469/23/481 471/23/483 472/23/484
f 461/23/474 464/23/476 467/23/479
f 464/23/476 468/23/480 467/23/479
f 464/23/476 466/23/478 468/23/480
f 466/23/478 478/23/485 468/23/480
f 468/23/480 478/23/485 496/23/486
f 468/23/480 496/23/486 471/23/483
f 454/23/466 474/23/487 458/23/470
f 474/23/487 461/23/474 467/23/479
f 474/23/487 467/23/479 470/23/482
f 458/23/470 474/23/487 475/23/488
f 474/23/487 470/23/482 475/23/488
f 458/23/470 475/23/488 437/23/450
f 454/23/466 462/23/473 474/23/487
f 462/23/473 461/23/474 474/23/487
f 475/23/488 470/23/482 473/23/489
f 159/23/165 187/23/193 463/23/475
f 187/23/193 186/23/192 476/23/490
f 463/23/475 187/23/193 477/23/491
f 187/23/193 476/23/490 477/23/491
f 477/23/491 478/23/485 466/23/478
f 477/23/491 479/23/492 478/23/485
f 477/23/491 476/23/490 479/23/492
f 186/23/192 182/23/188 476/23/490
f 476/23/490 483/23/493 479/23/492
f 465/23/477 477/23/491 466/23/478
f 463/23/475 477/23/491 465/23/477
f 182/23/188 480/23/494 476/23/490
f 476/23/490 480/23/494 481/23/495
f 480/23/494 482/23/496 481/23/495
f 481/23/495 484/23/497 483/23/493
f 481/23/495 482/23/496 484/23/497
f 482/23/496 485/23/498 484/23/497
f 182/23/188 183/23/189 480/23/494
f 480/23/494 1416/23/499 482/23/496
f 476/23/490 481/23/495 483/23/493
f 486/23/500 488/23/501 489/23/502
f 486/23/500 487/23/503 490/23/504
f 486/23/500 490/23/504 488/23/501
f 489/23/502 488/23/501 491/23/505
f 488/23/501 492/23/506 491/23/505
f 488/23/501 490/23/504 492/23/506
f 490/23/504 493/23/507 492/23/506
f 483/23/493 486/23/500 495/23/508
f 483/23/493 484/23/497 486/23/500
f 484/23/497 487/23/503 486/23/500
f 484/23/497 485/23/498 487/23/503
f 490/23/504 494/23/509 493/23/507
f 489/23/502 491/23/505 498/23/510
f 495/23/508 486/23/500 489/23/502
f 478/23/485 495/23/508 496/23/486
f 496/23/486 495/23/508 497/23/511
f 495/23/508 498/23/510 497/23/511
f 479/23/492 495/23/508 478/23/485
f 479/23/492 483/23/493 495/23/508
f 495/23/508 489/23/502 498/23/510
f 498/23/510 491/23/505 499/23/512
f 497/23/511 498/23/510 499/23/512
f 497/23/511 499/23/512 520/23/513
f 496/23/486 497/23/511 471/23/483
f 437/23/450 500/23/514 438/23/451
f 500/23/514 473/23/489 501/23/515
f 438/23/451 500/23/514 502/23/516
f 500/23/514 501/23/515 502/23/516
f 438/23/451 502/23/516 503/23/452
f 437/23/450 475/23/488 500/23/514
f 475/23/488 473/23/489 500/23/514
f 502/23/516 501/23/515 516/23/517
f 472/23/484 506/23/518 505/23/519
f 506/23/518 471/23/483 507/23/520
f 505/23/519 506/23/518 509/23/521
f 506/23/518 507/23/520 509/23/521
f 505/23/519 509/23/521 508/23/522
f 509/23/521 507/23/520 510/23/523
f 473/23/489 470/23/482 505/23/519
f 470/23/482 472/23/484 505/23/519
f 472/23/484 471/23/483 506/23/518
f 509/23/521 510/23/523 511/23/524
f 501/23/515 508/23/522 516/23/517
f 501/23/515 505/23/519 508/23/522
f 473/23/489 505/23/519 501/23/515
f 512/23/525 509/23/521 513/23/526
f 512/23/525 513/23/526 514/23/527
f 513/23/526 515/23/528 514/23/527
f 513/23/526 511/23/524 515/23/528
f 516/23/517 508/23/522 512/23/525
f 508/23/522 509/23/521 512/23/525
f 509/23/521 511/23/524 513/23/526
f 511/23/524 542/23/529 515/23/528
f 516/23/517 512/23/525 514/23/527
f 517/23/530 518/23/531 418/23/430
f 517/23/530 504/23/532 518/23/531
f 504/23/532 519/23/533 518/23/531
f 504/23/532 516/23/517 519/23/533
f 503/23/452 517/23/530 439/23/453
f 503/23/452 502/23/516 517/23/530
f 502/23/516 504/23/532 517/23/530
f 502/23/516 516/23/517 504/23/532
f 516/23/517 514/23/527 519/23/533
f 442/23/455 517/23/530 418/23/430
f 439/23/453 517/23/530 442/23/455
f 520/23/513 499/23/512 523/23/534
f 520/23/513 523/23/534 522/23/535
f 499/23/512 521/23/536 523/23/534
f 520/23/513 522/23/535 510/23/523
f 522/23/535 523/23/534 524/23/537
f 471/23/483 497/23/511 520/23/513
f 499/23/512 491/23/505 521/23/536
f 507/23/520 520/23/513 510/23/523
f 471/23/483 520/23/513 507/23/520
f 491/23/505 492/23/506 521/23/536
f 492/23/506 525/23/538 521/23/536
f 492/23/506 493/23/507 525/23/538
f 493/23/507 526/23/539 525/23/538
f 521/23/536 527/23/540 523/23/534
f 521/23/536 525/23/538 527/23/540
f 525/23/538 528/23/541 527/23/540
f 525/23/538 526/23/539 528/23/541
f 523/23/534 527/23/540 529/23/542
f 527/23/540 530/23/543 529/23/542
f 527/23/540 528/23/541 530/23/543
f 528/23/541 531/23/544 530/23/543
f 523/23/534 529/23/542 524/23/537
f 529/23/542 530/23/543 534/23/545
f 530/23/543 532/23/546 534/23/545
f 530/23/543 531/23/544 532/23/546
f 529/23/542 534/23/545 533/23/547
f 534/23/545 532/23/546 535/23/548
f 534/23/545 537/23/549 533/23/547
f 534/23/545 535/23/548 537/23/549
f 536/23/550 533/23/547 538/23/551
f 533/23/547 537/23/549 538/23/551
f 537/23/549 535/23/548 539/23/552
f 524/23/537 529/23/542 541/23/553
f 541/23/553 533/23/547 536/23/550
f 541/23/553 529/23/542 533/23/547
f 540/23/554 543/23/555 542/23/529
f 540/23/554 541/23/553 543/23/555
f 511/23/524 510/23/523 540/23/554
f 510/23/523 522/23/535 540/23/554
f 522/23/535 524/23/537 541/23/553
f 522/23/535 541/23/553 540/23/554
f 541/23/553 536/23/550 543/23/555
f 511/23/524 540/23/554 542/23/529
f 544/23/556 546/23/557 416/23/427
f 544/23/556 547/23/558 546/23/557
f 544/23/556 545/23/559 547/23/558
f 546/23/557 547/23/558 548/23/560
f 547/23/558 549/23/561 548/23/560
f 418/23/430 518/23/531 544/23/556
f 518/23/531 519/23/533 544/23/556
f 519/23/533 545/23/559 544/23/556
f 519/23/533 514/23/527 545/23/559
f 545/23/559 550/23/562 547/23/558
f 547/23/558 550/23/562 549/23/561
f 416/23/427 546/23/557 414/23/426
f 415/23/425 544/23/556 416/23/427
f 418/23/430 544/23/556 415/23/425
f 551/23/563 552/23/564 554/23/565
f 552/23/564 553/23/566 554/23/565
f 553/23/566 555/23/567 554/23/565
f 551/23/563 554/23/565 550/23/562
f 550/23/562 554/23/565 556/23/568
f 550/23/562 556/23/568 549/23/561
f 554/23/565 555/23/567 557/23/569
f 554/23/565 557/23/569 556/23/568
f 514/23/527 551/23/563 545/23/559
f 514/23/527 515/23/528 552/23/564
f 514/23/527 552/23/564 551/23/563
f 515/23/528 553/23/566 552/23/564
f 515/23/528 542/23/529 553/23/566
f 545/23/559 551/23/563 550/23/562
f 549/23/561 556/23/568 558/23/570
f 556/23/568 559/23/571 558/23/570
f 556/23/568 557/23/569 559/23/571
f 558/23/570 559/23/571 560/23/572
f 559/23/571 561/23/573 560/23/572
f 559/23/571 563/23/574 561/23/573
f 561/23/573 563/23/574 562/23/575
f 557/23/569 563/23/574 559/23/571
f 558/23/570 560/23/572 567/23/576
f 548/23/560 565/23/577 564/23/578
f 548/23/560 549/23/561 565/23/577
f 564/23/578 565/23/577 566/23/579
f 564/23/578 566/23/579 395/23/409
f 565/23/577 567/23/576 566/23/579
f 565/23/577 558/23/570 567/23/576
f 414/23/426 546/23/557 564/23/578
f 546/23/557 548/23/560 564/23/578
f 549/23/561 558/23/570 565/23/577
f 422/23/434 564/23/578 395/23/409
f 414/23/426 564/23/578 422/23/434
f 553/23/566 568/23/580 555/23/567
f 568/23/580 570/23/581 555/23/567
f 568/23/580 569/23/582 570/23/581
f 569/23/582 571/23/583 570/23/581
f 555/23/567 570/23/581 572/23/584
f 555/23/567 572/23/584 557/23/569
f 570/23/581 571/23/583 573/23/585
f 570/23/581 573/23/585 572/23/584
f 542/23/529 568/23/580 553/23/566
f 542/23/529 543/23/555 568/23/580
f 543/23/555 569/23/582 568/23/580
f 543/23/555 536/23/550 569/23/582
f 569/23/582 538/23/551 575/23/586
f 569/23/582 575/23/586 571/23/583
f 538/23/551 574/23/587 575/23/586
f 575/23/586 574/23/587 577/23/588
f 574/23/587 576/23/589 577/23/588
f 575/23/586 577/23/588 573/23/585
f 536/23/550 538/23/551 569/23/582
f 538/23/551 537/23/549 574/23/587
f 537/23/549 539/23/552 574/23/587
f 539/23/552 1495/23/590 574/23/587
f 574/23/587 1495/23/590 576/23/589
f 571/23/583 575/23/586 573/23/585
f 578/23/591 581/23/592 582/23/593
f 578/23/591 579/23/594 581/23/592
f 579/23/594 583/23/595 581/23/592
f 579/23/594 580/23/596 583/23/595
f 582/23/593 581/23/592 584/23/597
f 573/23/585 577/23/588 578/23/591
f 577/23/588 579/23/594 578/23/591
f 577/23/588 576/23/589 579/23/594
f 576/23/589 580/23/596 579/23/594
f 583/23/595 585/23/598 586/23/599
f 581/23/592 583/23/595 586/23/599
f 581/23/592 586/23/599 584/23/597
f 587/23/600 573/23/585 578/23/591
f 557/23/569 588/23/601 563/23/574
f 557/23/569 572/23/584 588/23/601
f 572/23/584 587/23/600 588/23/601
f 587/23/600 582/23/593 588/23/601
f 587/23/600 578/23/591 582/23/593
f 563/23/574 588/23/601 589/23/602
f 589/23/602 588/23/601 590/23/603
f 588/23/601 582/23/593 590/23/603
f 572/23/584 573/23/585 587/23/600
f 582/23/593 584/23/597 590/23/603
f 590/23/603 584/23/597 591/23/604
f 589/23/602 590/23/603 591/23/604
f 589/23/602 591/23/604 562/23/575
f 563/23/574 589/23/602 562/23/575
f 395/23/409 566/23/579 393/23/407
f 566/23/579 567/23/576 592/23/605
f 566/23/579 592/23/605 593/23/606
f 393/23/407 566/23/579 593/23/606
f 393/23/407 593/23/606 394/23/408
f 593/23/606 592/23/605 594/23/607
f 593/23/606 594/23/607 606/23/608
f 595/23/609 596/23/610 598/23/611
f 595/23/609 598/23/611 594/23/607
f 596/23/610 597/23/612 598/23/611
f 597/23/612 599/23/613 598/23/611
f 594/23/607 598/23/611 600/23/614
f 598/23/611 599/23/613 601/23/615
f 598/23/611 601/23/615 600/23/614
f 567/23/576 560/23/572 595/23/609
f 560/23/572 596/23/610 595/23/609
f 560/23/572 561/23/573 596/23/610
f 561/23/573 562/23/575 596/23/610
f 596/23/610 562/23/575 597/23/612
f 592/23/605 595/23/609 594/23/607
f 567/23/576 595/23/609 592/23/605
f 600/23/614 603/23/616 602/23/617
f 600/23/614 601/23/615 603/23/616
f 602/23/617 603/23/616 604/23/618
f 604/23/618 281/23/292 277/23/289
f 604/23/618 603/23/616 281/23/292
f 603/23/616 259/23/270 281/23/292
f 594/23/607 600/23/614 602/23/617
f 601/23/615 605/23/619 603/23/616
f 605/23/619 259/23/270 603/23/616
f 394/23/408 606/23/608 398/23/411
f 398/23/411 606/23/608 607/23/620
f 606/23/608 604/23/618 607/23/620
f 606/23/608 602/23/617 604/23/618
f 607/23/620 604/23/618 278/23/290
f 604/23/618 277/23/289 278/23/290
f 394/23/408 593/23/606 606/23/608
f 594/23/607 602/23/617 606/23/608
f 279/23/288 607/23/620 278/23/290
f 398/23/411 607/23/620 279/23/288
f 562/23/575 591/23/604 609/23/621
f 562/23/575 609/23/621 597/23/612
f 591/23/604 608/23/622 609/23/621
f 597/23/612 609/23/621 599/23/613
f 609/23/621 610/23/623 599/23/613
f 609/23/621 608/23/622 610/23/623
f 608/23/622 611/23/624 610/23/623
f 599/23/613 610/23/623 601/23/615
f 591/23/604 584/23/597 608/23/622
f 608/23/622 586/23/599 612/23/625
f 586/23/599 585/23/598 613/23/626
f 586/23/599 613/23/626 612/23/625
f 608/23/622 612/23/625 611/23/624
f 612/23/625 614/23/627 611/23/624
f 612/23/625 613/23/626 614/23/627
f 613/23/626 615/23/628 614/23/627
f 584/23/597 586/23/599 608/23/622
f 616/23/629 617/23/630 619/23/631
f 617/23/630 620/23/632 619/23/631
f 617/23/630 618/23/633 620/23/632
f 618/23/633 621/23/634 620/23/632
f 619/23/631 622/23/274 623/23/271
f 619/23/631 620/23/632 622/23/274
f 620/23/632 621/23/634 622/23/274
f 621/23/634 262/23/275 622/23/274
f 611/23/624 617/23/630 616/23/629
f 611/23/624 614/23/627 617/23/630
f 614/23/627 618/23/633 617/23/630
f 614/23/627 615/23/628 618/23/633
f 601/23/615 624/23/635 605/23/619
f 624/23/635 625/23/636 605/23/619
f 624/23/635 616/23/629 625/23/636
f 616/23/629 619/23/631 625/23/636
f 605/23/619 625/23/636 259/23/270
f 625/23/636 257/23/268 259/23/270
f 625/23/636 623/23/271 257/23/268
f 625/23/636 619/23/631 623/23/271
f 601/23/615 610/23/623 624/23/635
f 610/23/623 616/23/629 624/23/635
f 610/23/623 611/23/624 616/23/629
f 626/23/637 627/23/638 630/23/639
f 627/23/638 628/23/640 631/23/641
f 627/23/638 631/23/641 630/23/639
f 628/23/640 629/23/642 631/23/641
f 630/23/639 631/23/641 633/23/643
f 630/23/639 633/23/643 632/23/644
f 632/23/644 633/23/643 635/23/645
f 632/23/644 635/23/645 634/23/646
f 634/23/646 636/23/647 637/23/648
f 634/23/646 635/23/645 636/23/647
f 635/23/645 638/23/649 636/23/647
f 629/23/642 665/23/650 631/23/641
f 631/23/641 665/23/650 667/23/651
f 631/23/641 667/23/651 633/23/643
f 633/23/643 667/23/651 639/23/652
f 633/23/643 639/23/652 635/23/645
f 635/23/645 639/23/652 638/23/649
f 638/23/649 640/23/653 641/23/654
f 636/23/647 638/23/649 641/23/654
f 636/23/647 641/23/654 642/23/655
f 636/23/647 642/23/655 643/23/656
f 637/23/648 636/23/647 643/23/656
f 637/23/648 643/23/656 644/23/657
f 645/23/658 646/23/659 647/23/660
f 646/23/659 648/23/661 647/23/660
f 647/23/660 650/23/662 649/23/663
f 647/23/660 648/23/661 650/23/662
f 648/23/661 651/23/664 650/23/662
f 649/23/663 652/23/665 653/23/666
f 649/23/663 650/23/662 652/23/665
f 650/23/662 654/23/667 652/23/665
f 650/23/662 651/23/664 654/23/667
f 653/23/666 652/23/665 655/23/668
f 652/23/665 656/23/669 655/23/668
f 652/23/665 654/23/667 656/23/669
f 646/23/659 657/23/670 648/23/661
f 648/23/661 729/23/671 651/23/664
f 651/23/664 731/23/672 654/23/667
f 654/23/667 731/23/672 658/23/673
f 654/23/667 658/23/673 656/23/669
f 656/23/669 658/23/673 659/23/674
f 656/23/669 659/23/674 660/23/675
f 655/23/668 656/23/669 660/23/675
f 655/23/668 660/23/675 661/23/676
f 629/23/642 662/23/677 665/23/650
f 662/23/677 663/23/678 666/23/679
f 662/23/677 666/23/679 665/23/650
f 663/23/678 664/23/680 666/23/679
f 665/23/650 666/23/679 667/23/651
f 666/23/679 668/23/681 667/23/651
f 667/23/651 669/23/682 639/23/652
f 667/23/651 668/23/681 669/23/682
f 668/23/681 670/23/683 669/23/682
f 639/23/652 671/23/684 638/23/649
f 639/23/652 669/23/682 671/23/684
f 669/23/682 672/23/685 671/23/684
f 669/23/682 670/23/683 672/23/685
f 664/23/680 773/23/686 776/23/687
f 664/23/680 776/23/687 666/23/679
f 666/23/679 776/23/687 668/23/681
f 670/23/683 673/23/688 672/23/685
f 672/23/685 673/23/688 674/23/689
f 672/23/685 674/23/689 675/23/690
f 671/23/684 672/23/685 675/23/690
f 671/23/684 675/23/690 640/23/653
f 638/23/649 671/23/684 640/23/653
f 677/23/691 678/23/692 679/23/693
f 679/23/693 678/23/692 680/23/694
f 679/23/693 682/23/695 681/23/696
f 679/23/693 680/23/694 682/23/695
f 680/23/694 649/23/663 682/23/695
f 681/23/696 682/23/695 683/23/697
f 682/23/695 684/23/698 683/23/697
f 682/23/695 653/23/666 684/23/698
f 682/23/695 649/23/663 653/23/666
f 683/23/697 685/23/699 686/23/700
f 683/23/697 684/23/698 685/23/699
f 684/23/698 653/23/666 687/23/701
f 684/23/698 687/23/701 685/23/699
f 678/23/692 645/23/658 647/23/660
f 678/23/692 647/23/660 680/23/694
f 680/23/694 647/23/660 649/23/663
f 653/23/666 655/23/668 687/23/701
f 687/23/701 655/23/668 661/23/676
f 687/23/701 661/23/676 688/23/702
f 685/23/699 687/23/701 688/23/702
f 685/23/699 688/23/702 689/23/703
f 686/23/700 685/23/699 689/23/703
f 686/23/700 689/23/703 690/23/704
f 676/23/705 677/23/691 679/23/693
f 691/23/706 692/23/707 695/23/708
f 692/23/707 693/23/709 695/23/708
f 693/23/709 694/23/710 695/23/708
f 691/23/706 695/23/708 696/23/711
f 695/23/708 697/23/712 696/23/711
f 695/23/708 694/23/710 697/23/712
f 696/23/711 698/23/713 699/23/714
f 696/23/711 697/23/712 698/23/713
f 697/23/712 700/23/715 698/23/713
f 699/23/714 698/23/713 701/23/716
f 699/23/714 701/23/716 702/23/717
f 698/23/713 703/23/718 701/23/716
f 698/23/713 700/23/715 703/23/718
f 694/23/710 838/23/719 697/23/712
f 697/23/712 838/23/719 841/23/720
f 697/23/712 841/23/720 700/23/715
f 700/23/715 843/23/721 703/23/718
f 703/23/718 843/23/721 704/23/722
f 703/23/718 704/23/722 705/23/723
f 701/23/716 703/23/718 705/23/723
f 702/23/717 701/23/716 705/23/723
f 702/23/717 705/23/723 706/23/724
f 707/23/725 708/23/726 710/23/727
f 707/23/725 710/23/727 711/23/728
f 708/23/726 709/23/729 712/23/730
f 708/23/726 712/23/730 710/23/727
f 711/23/728 710/23/727 713/23/731
f 713/23/731 715/23/732 714/23/733
f 713/23/731 710/23/727 715/23/732
f 710/23/727 716/23/734 715/23/732
f 714/23/733 717/23/735 718/23/736
f 714/23/733 715/23/732 717/23/735
f 715/23/732 719/23/737 717/23/735
f 715/23/732 716/23/734 719/23/737
f 718/23/736 717/23/735 720/23/738
f 717/23/735 721/23/739 720/23/738
f 717/23/735 719/23/737 721/23/739
f 709/23/729 783/23/740 712/23/730
f 710/23/727 712/23/730 716/23/734
f 716/23/734 788/23/741 719/23/737
f 719/23/737 788/23/741 722/23/742
f 719/23/737 722/23/742 721/23/739
f 721/23/739 722/23/742 723/23/743
f 721/23/739 723/23/743 724/23/744
f 721/23/739 724/23/744 725/23/745
f 720/23/738 721/23/739 725/23/745
f 720/23/738 725/23/745 726/23/746
f 657/23/670 727/23/747 729/23/671
f 657/23/670 729/23/671 648/23/661
f 727/23/747 728/23/748 691/23/706
f 727/23/747 691/23/706 729/23/671
f 729/23/671 691/23/706 730/23/749
f 729/23/671 730/23/749 651/23/664
f 651/23/664 730/23/749 699/23/714
f 651/23/664 699/23/714 731/23/672
f 731/23/672 732/23/750 658/23/673
f 731/23/672 699/23/714 732/23/750
f 699/23/714 702/23/717 732/23/750
f 691/23/706 696/23/711 730/23/749
f 730/23/749 696/23/711 699/23/714
f 732/23/750 702/23/717 706/23/724
f 732/23/750 706/23/724 733/23/751
f 732/23/750 733/23/751 734/23/752
f 658/23/673 732/23/750 734/23/752
f 658/23/673 734/23/752 659/23/674
f 1652/23/753 735/23/754 737/23/755
f 1652/23/753 737/23/755 738/23/756
f 735/23/754 736/23/757 737/23/755
f 736/23/757 707/23/725 711/23/728
f 736/23/757 711/23/728 737/23/755
f 738/23/756 737/23/755 739/23/758
f 738/23/756 739/23/758 740/23/759
f 737/23/755 711/23/728 714/23/733
f 737/23/755 714/23/733 739/23/758
f 740/23/759 739/23/758 741/23/760
f 740/23/759 741/23/760 742/23/761
f 739/23/758 714/23/733 718/23/736
f 739/23/758 718/23/736 741/23/760
f 742/23/761 741/23/760 743/23/762
f 741/23/760 744/23/763 743/23/762
f 741/23/760 745/23/764 744/23/763
f 741/23/760 718/23/736 745/23/764
f 711/23/728 713/23/731 714/23/733
f 718/23/736 720/23/738 745/23/764
f 745/23/764 720/23/738 726/23/746
f 745/23/764 726/23/746 746/23/765
f 744/23/763 745/23/764 746/23/765
f 744/23/763 746/23/765 747/23/766
f 743/23/762 744/23/763 747/23/766
f 743/23/762 747/23/766 748/23/767
f 749/23/768 750/23/769 752/23/770
f 749/23/768 752/23/770 751/23/771
f 750/23/769 676/23/705 752/23/770
f 751/23/771 754/23/772 753/23/773
f 751/23/771 752/23/770 754/23/772
f 752/23/770 681/23/696 754/23/772
f 753/23/773 754/23/772 755/23/774
f 754/23/772 756/23/775 755/23/774
f 754/23/772 681/23/696 756/23/775
f 755/23/774 757/23/776 758/23/777
f 755/23/774 756/23/775 757/23/776
f 756/23/775 686/23/700 757/23/776
f 750/23/769 854/23/778 676/23/705
f 676/23/705 679/23/693 752/23/770
f 752/23/770 679/23/693 681/23/696
f 681/23/696 683/23/697 756/23/775
f 756/23/775 683/23/697 686/23/700
f 757/23/776 686/23/700 690/23/704
f 757/23/776 690/23/704 759/23/779
f 758/23/777 757/23/776 759/23/779
f 758/23/777 759/23/779 760/23/780
f 761/23/781 762/23/782 763/23/783
f 761/23/781 763/23/783 765/23/784
f 763/23/783 766/23/785 765/23/784
f 763/23/783 764/23/786 766/23/785
f 765/23/784 766/23/785 768/23/787
f 765/23/784 768/23/787 767/23/788
f 767/23/788 769/23/789 770/23/790
f 767/23/788 768/23/787 769/23/789
f 768/23/787 637/23/648 769/23/789
f 764/23/786 626/23/637 630/23/639
f 764/23/786 630/23/639 766/23/785
f 766/23/785 630/23/639 632/23/644
f 766/23/785 632/23/644 634/23/646
f 766/23/785 634/23/646 768/23/787
f 768/23/787 634/23/646 637/23/648
f 769/23/789 637/23/648 644/23/657
f 769/23/789 644/23/657 771/23/791
f 770/23/790 769/23/789 771/23/791
f 770/23/790 771/23/791 772/23/792
f 773/23/686 774/23/793 775/23/794
f 773/23/686 775/23/794 776/23/687
f 776/23/687 775/23/794 777/23/795
f 776/23/687 777/23/795 668/23/681
f 668/23/681 777/23/795 778/23/796
f 777/23/795 779/23/797 778/23/796
f 777/23/795 753/23/773 779/23/797
f 778/23/796 780/23/798 673/23/688
f 778/23/796 779/23/797 780/23/798
f 779/23/797 758/23/777 780/23/798
f 774/23/793 749/23/768 775/23/794
f 775/23/794 749/23/768 751/23/771
f 775/23/794 751/23/771 777/23/795
f 777/23/795 751/23/771 753/23/773
f 753/23/773 755/23/774 779/23/797
f 779/23/797 755/23/774 758/23/777
f 780/23/798 758/23/777 760/23/780
f 780/23/798 760/23/780 781/23/799
f 780/23/798 781/23/799 782/23/800
f 673/23/688 780/23/798 782/23/800
f 673/23/688 782/23/800 674/23/689
f 670/23/683 778/23/796 673/23/688
f 668/23/681 778/23/796 670/23/683
f 783/23/740 786/23/801 712/23/730
f 783/23/740 784/23/802 786/23/801
f 784/23/802 785/23/803 761/23/781
f 784/23/802 761/23/781 786/23/801
f 786/23/801 787/23/804 712/23/730
f 786/23/801 761/23/781 787/23/804
f 712/23/730 787/23/804 716/23/734
f 716/23/734 787/23/804 789/23/805
f 716/23/734 789/23/805 788/23/741
f 788/23/741 790/23/806 722/23/742
f 788/23/741 789/23/805 790/23/806
f 789/23/805 770/23/790 790/23/806
f 761/23/781 765/23/784 787/23/804
f 787/23/804 765/23/784 767/23/788
f 787/23/804 767/23/788 789/23/805
f 789/23/805 767/23/788 770/23/790
f 790/23/806 770/23/790 772/23/792
f 790/23/806 772/23/792 791/23/807
f 790/23/806 791/23/807 792/23/808
f 722/23/742 790/23/806 792/23/808
f 722/23/742 792/23/808 723/23/743
f 794/23/809 795/23/810 796/23/811
f 793/23/812 794/23/809 797/23/813
f 794/23/809 796/23/811 797/23/813
f 797/23/813 796/23/811 798/23/814
f 796/23/811 1712/23/815 798/23/814
f 797/23/813 798/23/814 799/23/816
f 1712/23/815 800/23/817 798/23/814
f 799/23/816 798/23/814 801/23/818
f 798/23/814 802/23/819 801/23/818
f 798/23/814 800/23/817 802/23/819
f 801/23/818 803/23/820 804/23/821
f 801/23/818 802/23/819 803/23/820
f 802/23/819 805/23/822 803/23/820
f 795/23/810 1712/23/815 796/23/811
f 802/23/819 800/23/817 805/23/822
f 803/23/820 805/23/822 806/23/823
f 803/23/820 806/23/823 807/23/824
f 804/23/821 803/23/820 807/23/824
f 804/23/821 807/23/824 808/23/825
f 848/23/826 793/23/812 797/23/813
f 810/23/827 813/23/828 812/23/829
f 810/23/827 811/23/830 813/23/828
f 811/23/830 848/23/826 813/23/828
f 812/23/829 815/23/831 814/23/832
f 812/23/829 813/23/828 815/23/831
f 813/23/828 799/23/816 815/23/831
f 814/23/832 815/23/831 816/23/833
f 815/23/831 817/23/834 816/23/833
f 815/23/831 799/23/816 817/23/834
f 816/23/833 818/23/835 819/23/836
f 816/23/833 817/23/834 818/23/835
f 817/23/834 804/23/821 818/23/835
f 848/23/826 797/23/813 813/23/828
f 813/23/828 797/23/813 799/23/816
f 799/23/816 801/23/818 817/23/834
f 817/23/834 801/23/818 804/23/821
f 818/23/835 804/23/821 808/23/825
f 818/23/835 808/23/825 820/23/837
f 818/23/835 820/23/837 821/23/838
f 819/23/836 818/23/835 821/23/838
f 809/23/839 810/23/827 812/23/829
f 823/23/840 826/23/841 825/23/842
f 823/23/840 824/23/843 826/23/841
f 824/23/843 809/23/839 826/23/841
f 825/23/842 827/23/844 828/23/845
f 825/23/842 826/23/841 827/23/844
f 826/23/841 814/23/832 827/23/844
f 828/23/845 827/23/844 829/23/846
f 827/23/844 830/23/847 829/23/846
f 827/23/844 814/23/832 830/23/847
f 814/23/832 816/23/833 830/23/847
f 829/23/846 831/23/848 832/23/849
f 829/23/846 830/23/847 831/23/848
f 830/23/847 833/23/850 831/23/848
f 830/23/847 816/23/833 833/23/850
f 809/23/839 812/23/829 826/23/841
f 826/23/841 812/23/829 814/23/832
f 816/23/833 819/23/836 833/23/850
f 833/23/850 819/23/836 822/23/851
f 833/23/850 822/23/851 834/23/852
f 831/23/848 833/23/850 834/23/852
f 831/23/848 834/23/852 835/23/853
f 832/23/849 831/23/848 835/23/853
f 847/23/854 823/23/840 825/23/842
f 836/23/855 838/23/719 694/23/710
f 836/23/855 837/23/856 838/23/719
f 837/23/856 839/23/857 838/23/719
f 837/23/856 847/23/854 839/23/857
f 838/23/719 839/23/857 840/23/858
f 838/23/719 840/23/858 841/23/720
f 841/23/720 842/23/859 700/23/715
f 841/23/720 840/23/858 842/23/859
f 840/23/858 828/23/845 829/23/846
f 840/23/858 829/23/846 842/23/859
f 700/23/715 842/23/859 843/23/721
f 842/23/859 844/23/860 843/23/721
f 842/23/859 829/23/846 832/23/849
f 842/23/859 832/23/849 844/23/860
f 847/23/854 825/23/842 839/23/857
f 839/23/857 825/23/842 840/23/858
f 840/23/858 825/23/842 828/23/845
f 832/23/849 835/23/853 845/23/861
f 844/23/860 832/23/849 845/23/861
f 844/23/860 845/23/861 846/23/862
f 843/23/721 844/23/860 846/23/862
f 843/23/721 846/23/862 704/23/722
f 232/23/241 231/23/240 836/23/855
f 231/23/240 837/23/856 836/23/855
f 694/23/710 232/23/241 836/23/855
f 224/23/233 223/23/232 823/23/840
f 222/23/231 824/23/843 823/23/840
f 847/23/854 224/23/233 823/23/840
f 809/23/839 202/23/210 810/23/827
f 202/23/210 933/23/863 810/23/827
f 934/23/230 202/23/210 809/23/839
f 783/23/740 930/23/864 784/23/802
f 930/23/864 106/23/110 784/23/802
f 914/23/865 783/23/740 709/23/729
f 773/23/686 929/23/866 774/23/793
f 929/23/866 922/23/867 774/23/793
f 774/23/793 922/23/867 749/23/768
f 345/23/359 773/23/686 664/23/680
f 98/23/100 762/23/782 761/23/781
f 96/23/98 927/23/868 763/23/783
f 762/23/782 96/23/98 763/23/783
f 763/23/783 927/23/868 764/23/786
f 927/23/868 626/23/637 764/23/786
f 849/23/869 851/23/870 850/23/871
f 851/23/870 852/23/872 853/23/873
f 851/23/870 853/23/873 850/23/871
f 850/23/871 853/23/873 854/23/778
f 852/23/872 855/23/874 856/23/875
f 852/23/872 856/23/875 853/23/873
f 850/23/871 854/23/778 750/23/769
f 849/23/869 850/23/871 750/23/769
f 849/23/869 750/23/769 749/23/768
f 922/23/867 849/23/869 749/23/768
f 916/23/876 917/23/877 736/23/757
f 918/23/878 916/23/876 735/23/754
f 917/23/877 707/23/725 736/23/757
f 916/23/876 736/23/757 735/23/754
f 919/23/879 918/23/878 735/23/754
f 882/23/309 727/23/747 657/23/670
f 915/23/880 728/23/748 727/23/747
f 728/23/748 911/23/300 691/23/706
f 913/23/881 709/23/729 708/23/726
f 912/23/129 708/23/726 707/23/725
f 912/23/129 913/23/881 708/23/726
f 911/23/300 692/23/707 691/23/706
f 287/23/299 693/23/709 692/23/707
f 286/23/298 694/23/710 693/23/709
f 286/23/298 285/23/297 694/23/710
f 858/23/882 859/23/883 860/23/884
f 858/23/882 860/23/884 857/23/885
f 859/23/883 861/23/886 860/23/884
f 856/23/875 857/23/885 862/23/887
f 857/23/885 860/23/884 862/23/887
f 860/23/884 861/23/886 863/23/888
f 862/23/887 860/23/884 864/23/889
f 860/23/884 863/23/888 864/23/889
f 862/23/887 865/23/890 854/23/778
f 862/23/887 864/23/889 865/23/890
f 865/23/890 864/23/889 866/23/891
f 855/23/874 867/23/892 857/23/885
f 855/23/874 857/23/885 856/23/875
f 867/23/892 858/23/882 857/23/885
f 867/23/892 868/23/893 858/23/882
f 868/23/893 859/23/883 858/23/882
f 868/23/893 869/23/894 859/23/883
f 869/23/894 861/23/886 859/23/883
f 869/23/894 870/23/895 861/23/886
f 870/23/895 871/23/896 861/23/886
f 861/23/886 871/23/896 873/23/897
f 861/23/886 873/23/897 863/23/888
f 863/23/888 878/23/898 864/23/889
f 864/23/889 878/23/898 866/23/891
f 866/23/891 878/23/898 645/23/658
f 866/23/891 645/23/658 678/23/692
f 866/23/891 678/23/692 677/23/691
f 865/23/890 866/23/891 677/23/691
f 865/23/890 677/23/691 676/23/705
f 854/23/778 865/23/890 676/23/705
f 853/23/873 862/23/887 854/23/778
f 856/23/875 862/23/887 853/23/873
f 663/23/678 891/23/378 664/23/680
f 891/23/378 345/23/359 664/23/680
f 662/23/677 891/23/378 663/23/678
f 364/23/379 891/23/378 662/23/677
f 629/23/642 365/23/380 662/23/677
f 871/23/896 872/23/899 873/23/897
f 872/23/899 874/23/900 873/23/897
f 874/23/900 875/23/901 873/23/897
f 875/23/901 876/23/902 873/23/897
f 873/23/897 877/23/903 863/23/888
f 873/23/897 876/23/902 877/23/903
f 863/23/888 877/23/903 878/23/898
f 870/23/895 879/23/904 871/23/896
f 879/23/904 872/23/899 871/23/896
f 876/23/902 882/23/309 657/23/670
f 876/23/902 657/23/670 646/23/659
f 877/23/903 876/23/902 646/23/659
f 878/23/898 877/23/903 646/23/659
f 878/23/898 646/23/659 645/23/658
f 371/23/384 629/23/642 628/23/640
f 627/23/638 371/23/384 628/23/640
f 881/23/905 310/23/322 883/23/906
f 881/23/905 883/23/906 884/23/907
f 310/23/322 882/23/309 883/23/906
f 884/23/907 883/23/906 886/23/908
f 884/23/907 886/23/908 885/23/909
f 883/23/906 882/23/309 886/23/908
f 311/23/323 310/23/322 881/23/905
f 310/23/322 297/23/310 882/23/309
f 885/23/909 886/23/908 887/23/910
f 885/23/909 887/23/910 888/23/911
f 889/23/912 885/23/909 888/23/911
f 889/23/912 888/23/911 890/23/913
f 894/23/914 884/23/907 885/23/909
f 894/23/914 885/23/909 889/23/912
f 881/23/905 884/23/907 894/23/914
f 315/23/327 311/23/323 881/23/905
f 364/23/379 357/23/372 891/23/378
f 893/23/915 894/23/914 892/23/916
f 910/23/917 892/23/916 896/23/918
f 910/23/917 896/23/918 895/23/919
f 892/23/916 894/23/914 896/23/918
f 895/23/919 896/23/918 897/23/920
f 894/23/914 898/23/921 896/23/918
f 897/23/920 899/23/922 900/23/923
f 897/23/920 896/23/918 901/23/924
f 897/23/920 901/23/924 899/23/922
f 896/23/918 898/23/921 901/23/924
f 900/23/923 899/23/922 902/23/925
f 900/23/923 902/23/925 903/23/926
f 899/23/922 901/23/924 904/23/927
f 899/23/922 904/23/927 902/23/925
f 901/23/924 898/23/921 905/23/928
f 901/23/924 905/23/928 904/23/927
f 319/23/332 892/23/916 910/23/917
f 319/23/332 318/23/330 892/23/916
f 318/23/330 893/23/915 892/23/916
f 318/23/330 315/23/327 893/23/915
f 893/23/915 315/23/327 881/23/905
f 893/23/915 881/23/905 894/23/914
f 898/23/921 894/23/914 889/23/912
f 898/23/921 889/23/912 905/23/928
f 905/23/928 889/23/912 890/23/913
f 905/23/928 890/23/913 906/23/929
f 904/23/927 905/23/928 906/23/929
f 904/23/927 906/23/929 907/23/930
f 902/23/925 904/23/927 907/23/930
f 902/23/925 907/23/930 908/23/931
f 903/23/926 902/23/925 908/23/931
f 903/23/926 908/23/931 909/23/932
f 118/23/123 913/23/881 912/23/129
f 118/23/123 101/23/106 913/23/881
f 101/23/106 914/23/865 913/23/881
f 296/23/308 291/23/304 915/23/880
f 291/23/304 295/23/307 915/23/880
f 130/23/136 125/23/132 916/23/876
f 124/23/130 917/23/877 916/23/876
f 124/23/130 912/23/129 917/23/877
f 130/23/136 916/23/876 918/23/878
f 125/23/132 124/23/130 916/23/876
f 130/23/136 918/23/878 919/23/879
f 333/23/347 910/23/917 920/23/933
f 338/23/348 333/23/347 921/23/934
f 333/23/347 920/23/933 921/23/934
f 338/23/348 921/23/934 922/23/867
f 910/23/917 895/23/919 920/23/933
f 921/23/934 920/23/933 923/23/935
f 920/23/933 900/23/923 923/23/935
f 900/23/923 924/23/936 923/23/935
f 333/23/347 319/23/332 910/23/917
f 895/23/919 897/23/920 920/23/933
f 920/23/933 897/23/920 900/23/923
f 900/23/923 903/23/926 924/23/936
f 924/23/936 903/23/926 909/23/932
f 921/23/934 923/23/935 925/23/937
f 921/23/934 925/23/937 926/23/938
f 922/23/867 921/23/934 926/23/938
f 96/23/98 880/23/96 927/23/868
f 340/23/354 929/23/866 344/23/358
f 340/23/354 922/23/867 929/23/866
f 340/23/354 338/23/348 922/23/867
f 101/23/106 100/23/104 930/23/864
f 100/23/104 106/23/110 930/23/864
f 101/23/106 930/23/864 914/23/865
f 196/23/203 195/23/202 931/23/939
f 195/23/202 194/23/200 932/23/940
f 195/23/202 932/23/940 931/23/939
f 202/23/210 201/23/209 933/23/863
f 880/23/96 372/23/385 626/23/637
f 372/23/385 371/23/384 627/23/638
f 371/23/384 370/23/383 629/23/642
f 370/23/383 365/23/380 629/23/642
f 626/23/637 372/23/385 627/23/638
f 888/23/911 887/23/910 935/23/941
f 888/23/911 935/23/941 936/23/942
f 887/23/910 937/23/943 935/23/941
f 887/23/910 886/23/908 937/23/943
f 936/23/942 935/23/941 938/23/944
f 937/23/943 886/23/908 875/23/901
f 886/23/908 876/23/902 875/23/901
f 886/23/908 882/23/309 876/23/902
f 938/23/944 935/23/941 872/23/899
f 938/23/944 872/23/899 879/23/904
f 935/23/941 937/23/943 874/23/900
f 935/23/941 874/23/900 872/23/899
f 937/23/943 875/23/901 874/23/900
f 890/23/913 888/23/911 939/23/945
f 940/23/946 879/23/904 870/23/895
f 941/23/947 879/23/904 940/23/946
f 941/23/947 938/23/944 879/23/904
f 942/23/948 938/23/944 941/23/947
f 942/23/948 936/23/942 938/23/944
f 939/23/945 936/23/942 942/23/948
f 939/23/945 888/23/911 936/23/942
f 365/23/380 364/23/379 662/23/677
f 943/23/949 944/23/950 945/23/951
f 943/23/949 946/23/952 944/23/950
f 946/23/952 947/23/953 944/23/950
f 946/23/952 948/23/954 947/23/953
f 944/23/950 947/23/953 950/23/955
f 947/23/953 951/23/956 950/23/955
f 947/23/953 948/23/954 951/23/956
f 948/23/954 949/23/957 952/23/958
f 948/23/954 952/23/958 951/23/956
f 945/23/951 944/23/950 953/23/959
f 945/23/951 953/23/959 954/23/960
f 944/23/950 950/23/955 953/23/959
f 954/23/960 953/23/959 955/23/961
f 953/23/959 950/23/955 955/23/961
f 950/23/955 951/23/956 956/23/962
f 951/23/956 952/23/958 956/23/962
f 855/23/874 943/23/949 957/23/963
f 855/23/874 958/23/964 943/23/949
f 958/23/964 946/23/952 943/23/949
f 958/23/964 959/23/965 946/23/952
f 959/23/965 948/23/954 946/23/952
f 959/23/965 960/23/966 948/23/954
f 960/23/966 949/23/957 948/23/954
f 960/23/966 909/23/932 961/23/967
f 960/23/966 961/23/967 949/23/957
f 949/23/957 961/23/967 962/23/968
f 949/23/957 962/23/968 963/23/969
f 949/23/957 963/23/969 952/23/958
f 952/23/958 963/23/969 964/23/970
f 952/23/958 964/23/970 956/23/962
f 950/23/955 956/23/962 965/23/971
f 955/23/961 950/23/955 965/23/971
f 954/23/960 955/23/961 966/23/972
f 967/23/973 954/23/960 966/23/972
f 968/23/974 945/23/951 954/23/960
f 957/23/963 943/23/949 945/23/951
f 957/23/963 945/23/951 968/23/974
f 911/23/300 287/23/299 692/23/707
f 287/23/299 286/23/298 693/23/709
f 913/23/881 914/23/865 709/23/729
f 915/23/880 295/23/307 728/23/748
f 296/23/308 915/23/880 727/23/747
f 882/23/309 296/23/308 727/23/747
f 295/23/307 911/23/300 728/23/748
f 917/23/877 912/23/129 707/23/725
f 922/23/867 926/23/938 849/23/869
f 969/23/975 970/23/976 959/23/965
f 926/23/938 971/23/977 849/23/869
f 926/23/938 925/23/937 972/23/978
f 926/23/938 972/23/978 971/23/977
f 925/23/937 969/23/975 972/23/978
f 969/23/975 959/23/965 958/23/964
f 969/23/975 958/23/964 972/23/978
f 971/23/977 972/23/978 973/23/979
f 972/23/978 958/23/964 973/23/979
f 925/23/937 923/23/935 969/23/975
f 923/23/935 924/23/936 970/23/976
f 923/23/935 970/23/976 969/23/975
f 924/23/936 909/23/932 960/23/966
f 924/23/936 960/23/966 970/23/976
f 970/23/976 960/23/966 959/23/965
f 958/23/964 855/23/874 973/23/979
f 973/23/979 855/23/874 852/23/872
f 973/23/979 852/23/872 851/23/870
f 971/23/977 973/23/979 851/23/870
f 971/23/977 851/23/870 849/23/869
f 98/23/100 97/23/99 762/23/782
f 97/23/99 96/23/98 762/23/782
f 927/23/868 880/23/96 626/23/637
f 928/23/101 98/23/100 761/23/781
f 344/23/358 929/23/866 773/23/686
f 345/23/359 344/23/358 773/23/686
f 106/23/110 785/23/803 784/23/802
f 106/23/110 928/23/101 785/23/803
f 785/23/803 928/23/101 761/23/781
f 914/23/865 930/23/864 783/23/740
f 793/23/812 931/23/939 794/23/809
f 794/23/809 931/23/939 795/23/810
f 931/23/939 932/23/940 795/23/810
f 196/23/203 793/23/812 848/23/826
f 196/23/203 931/23/939 793/23/812
f 933/23/863 201/23/209 811/23/830
f 201/23/209 848/23/826 811/23/830
f 933/23/863 811/23/830 810/23/827
f 201/23/209 196/23/203 848/23/826
f 223/23/232 222/23/231 823/23/840
f 222/23/231 934/23/230 824/23/843
f 934/23/230 809/23/839 824/23/843
f 285/23/297 232/23/241 694/23/710
f 231/23/240 230/23/239 837/23/856
f 230/23/239 224/23/233 847/23/854
f 230/23/239 847/23/854 837/23/856
f 974/23/980 975/23/981 976/23/982
f 974/23/980 977/23/983 975/23/981
f 977/23/983 978/23/984 979/23/985
f 977/23/983 979/23/985 975/23/981
f 978/23/984 980/23/986 979/23/985
f 978/23/984 981/23/987 980/23/986
f 981/23/987 982/23/988 980/23/986
f 976/23/982 975/23/981 983/23/989
f 975/23/981 979/23/985 983/23/989
f 979/23/985 980/23/986 984/23/990
f 980/23/986 985/23/991 984/23/990
f 980/23/986 982/23/988 985/23/991
f 976/23/982 983/23/989 986/23/992
f 976/23/982 986/23/992 987/23/993
f 983/23/989 988/23/994 986/23/992
f 983/23/989 979/23/985 988/23/994
f 979/23/985 984/23/990 988/23/994
f 985/23/991 982/23/988 989/23/995
f 986/23/992 988/23/994 990/23/996
f 988/23/994 991/23/997 990/23/996
f 988/23/994 984/23/990 992/23/998
f 988/23/994 992/23/998 991/23/997
f 984/23/990 985/23/991 993/23/999
f 984/23/990 993/23/999 992/23/998
f 985/23/991 989/23/995 993/23/999
f 987/23/993 986/23/992 994/23/1000
f 987/23/993 994/23/1000 966/23/972
f 986/23/992 990/23/996 994/23/1000
f 993/23/999 989/23/995 995/23/1001
f 994/23/1000 990/23/996 996/23/1002
f 990/23/996 991/23/997 996/23/1002
f 991/23/997 992/23/998 997/23/1003
f 991/23/997 997/23/1003 996/23/1002
f 992/23/998 993/23/999 997/23/1003
f 993/23/999 995/23/1001 997/23/1003
f 964/23/970 974/23/980 956/23/962
f 974/23/980 998/23/1004 977/23/983
f 998/23/1004 978/23/984 977/23/983
f 998/23/1004 999/23/1005 978/23/984
f 999/23/1005 981/23/987 978/23/984
f 999/23/1005 1000/23/1006 981/23/987
f 1000/23/1006 1001/23/1007 981/23/987
f 981/23/987 1001/23/1007 982/23/988
f 982/23/988 1001/23/1007 1002/23/1008
f 982/23/988 1002/23/1008 989/23/995
f 989/23/995 1002/23/1008 1003/23/1009
f 989/23/995 1003/23/1009 995/23/1001
f 995/23/1001 1003/23/1009 1004/23/1010
f 995/23/1001 1004/23/1010 1005/23/1011
f 997/23/1003 995/23/1001 1005/23/1011
f 997/23/1003 1005/23/1011 1006/23/1012
f 996/23/1002 997/23/1003 1006/23/1012
f 996/23/1002 1006/23/1012 1007/23/1013
f 994/23/1000 996/23/1002 1007/23/1013
f 994/23/1000 1007/23/1013 1008/23/1014
f 966/23/972 994/23/1000 1008/23/1014
f 966/23/972 1008/23/1014 967/23/973
f 955/23/961 987/23/993 966/23/972
f 965/23/971 987/23/993 955/23/961
f 965/23/971 976/23/982 987/23/993
f 956/23/962 976/23/982 965/23/971
f 956/23/962 974/23/980 976/23/982
f 961/23/967 1009/23/1015 1010/23/1016
f 961/23/967 1010/23/1016 962/23/968
f 962/23/968 1010/23/1016 1015/23/1017
f 1010/23/1016 1009/23/1015 1016/23/1018
f 1010/23/1016 1016/23/1018 1015/23/1017
f 1009/23/1015 1011/23/1019 1016/23/1018
f 1011/23/1019 1012/23/1020 1017/23/1021
f 1011/23/1019 1017/23/1021 1016/23/1018
f 1012/23/1020 1013/23/1022 1018/23/1023
f 1012/23/1020 1018/23/1023 1017/23/1021
f 1013/23/1022 1014/23/1024 1018/23/1023
f 1015/23/1017 1019/23/1025 964/23/970
f 1015/23/1017 1016/23/1018 1019/23/1025
f 1016/23/1018 1017/23/1021 1019/23/1025
f 1017/23/1021 1018/23/1023 1020/23/1026
f 1018/23/1023 1021/23/1027 1020/23/1026
f 1019/23/1025 1017/23/1021 1022/23/1028
f 1017/23/1021 1020/23/1026 1022/23/1028
f 909/23/932 908/23/931 1009/23/1015
f 909/23/932 1009/23/1015 961/23/967
f 908/23/931 907/23/930 1011/23/1019
f 908/23/931 1011/23/1019 1009/23/1015
f 907/23/930 1012/23/1020 1011/23/1019
f 907/23/930 906/23/929 1013/23/1022
f 907/23/930 1013/23/1022 1012/23/1020
f 906/23/929 1014/23/1024 1013/23/1022
f 906/23/929 890/23/913 1023/23/1029
f 906/23/929 1023/23/1029 1014/23/1024
f 1014/23/1024 1023/23/1029 1018/23/1023
f 1018/23/1023 1023/23/1029 1021/23/1027
f 1020/23/1026 1021/23/1027 1000/23/1006
f 1020/23/1026 1000/23/1006 999/23/1005
f 1022/23/1028 1020/23/1026 999/23/1005
f 1022/23/1028 999/23/1005 998/23/1004
f 1019/23/1025 1022/23/1028 998/23/1004
f 1019/23/1025 998/23/1004 974/23/980
f 964/23/970 1019/23/1025 974/23/980
f 963/23/969 1015/23/1017 964/23/970
f 962/23/968 1015/23/1017 963/23/969
f 1024/23/1030 1025/23/1031 1026/23/1032
f 1024/23/1030 1027/23/1033 1028/23/1034
f 1024/23/1030 1028/23/1034 1025/23/1031
f 1027/23/1033 1029/23/1035 1028/23/1034
f 1027/23/1033 1030/23/1036 1031/23/1037
f 1027/23/1033 1031/23/1037 1029/23/1035
f 1030/23/1036 1032/23/1038 1031/23/1037
f 1030/23/1036 957/23/963 1033/23/1039
f 1030/23/1036 1033/23/1039 1032/23/1038
f 1026/23/1032 1025/23/1031 1034/23/1040
f 1025/23/1031 1028/23/1034 1035/23/1041
f 1025/23/1031 1035/23/1041 1034/23/1040
f 1028/23/1034 1029/23/1035 1036/23/1042
f 1028/23/1034 1036/23/1042 1035/23/1041
f 1029/23/1035 1031/23/1037 1036/23/1042
f 1032/23/1038 1033/23/1039 1038/23/1043
f 1036/23/1042 1031/23/1037 1037/23/1044
f 1031/23/1037 1032/23/1038 1038/23/1043
f 1031/23/1037 1038/23/1043 1037/23/1044
f 1034/23/1040 1035/23/1041 1039/23/1045
f 1034/23/1040 1039/23/1045 1005/23/1011
f 1035/23/1041 1036/23/1042 1039/23/1045
f 1036/23/1042 1037/23/1044 1007/23/1013
f 1036/23/1042 1007/23/1013 1039/23/1045
f 1037/23/1044 1038/23/1043 1008/23/1014
f 1037/23/1044 1008/23/1014 1007/23/1013
f 1038/23/1043 967/23/973 1008/23/1014
f 870/23/895 1024/23/1030 1040/23/1046
f 870/23/895 869/23/894 1024/23/1030
f 869/23/894 1027/23/1033 1024/23/1030
f 869/23/894 868/23/893 1027/23/1033
f 868/23/893 1030/23/1036 1027/23/1033
f 868/23/893 867/23/892 1030/23/1036
f 867/23/892 957/23/963 1030/23/1036
f 867/23/892 855/23/874 957/23/963
f 957/23/963 968/23/974 1033/23/1039
f 1033/23/1039 968/23/974 1038/23/1043
f 1038/23/1043 968/23/974 954/23/960
f 1038/23/1043 954/23/960 967/23/973
f 1039/23/1045 1007/23/1013 1006/23/1012
f 1005/23/1011 1039/23/1045 1006/23/1012
f 1041/23/1047 1034/23/1040 1005/23/1011
f 1041/23/1047 1005/23/1011 1004/23/1010
f 1042/23/1048 1026/23/1032 1034/23/1040
f 1042/23/1048 1034/23/1040 1041/23/1047
f 1040/23/1046 1024/23/1030 1026/23/1032
f 1040/23/1046 1026/23/1032 1042/23/1048
f 1043/23/1049 942/23/948 1045/23/1050
f 1043/23/1049 1045/23/1050 1044/23/1051
f 942/23/948 941/23/947 1046/23/1052
f 942/23/948 1046/23/1052 1045/23/1050
f 941/23/947 940/23/946 1042/23/1048
f 941/23/947 1042/23/1048 1046/23/1052
f 1044/23/1051 1047/23/1053 1048/23/1054
f 1044/23/1051 1045/23/1050 1047/23/1053
f 1045/23/1050 1049/23/1055 1047/23/1053
f 1045/23/1050 1046/23/1052 1049/23/1055
f 1046/23/1052 1042/23/1048 1041/23/1047
f 1049/23/1055 1046/23/1052 1050/23/1056
f 1046/23/1052 1041/23/1047 1050/23/1056
f 1048/23/1054 1047/23/1053 1001/23/1007
f 1047/23/1053 1049/23/1055 1001/23/1007
f 1049/23/1055 1050/23/1056 1003/23/1009
f 1050/23/1056 1041/23/1047 1004/23/1010
f 1050/23/1056 1004/23/1010 1003/23/1009
f 890/23/913 939/23/945 1043/23/1049
f 890/23/913 1043/23/1049 1023/23/1029
f 939/23/945 942/23/948 1043/23/1049
f 940/23/946 870/23/895 1040/23/1046
f 940/23/946 1040/23/1046 1042/23/1048
f 1049/23/1055 1003/23/1009 1002/23/1008
f 1001/23/1007 1049/23/1055 1002/23/1008
f 1000/23/1006 1048/23/1054 1001/23/1007
f 1021/23/1027 1048/23/1054 1000/23/1006
f 1023/23/1029 1048/23/1054 1021/23/1027
f 1023/23/1029 1044/23/1051 1048/23/1054
f 1023/23/1029 1043/23/1049 1044/23/1051
f 1051/23/1057 1053/23/1058 1052/23/1059
f 1052/23/1059 1053/23/1058 1054/23/1060
f 1052/23/1059 1054/23/1060 1055/23/1061
f 1055/23/1061 1054/23/1060 1057/23/1062
f 1054/23/1060 1056/23/1063 1057/23/1062
f 1051/23/1057 1059/23/1064 1053/23/1058
f 1060/23/1065 1055/23/1061 1061/23/1066
f 1834/23/1067 1052/23/1059 1055/23/1061
f 1834/23/1067 1055/23/1061 1060/23/1065
f 1835/23/1068 1052/23/1059 1834/23/1067
f 1058/23/1069 1051/23/1057 1052/23/1059
f 1058/23/1069 1052/23/1059 1835/23/1068
f 1055/23/1061 1057/23/1062 1062/23/1070
f 1057/23/1062 1056/23/1063 1063/23/1071
f 1062/23/1070 1057/23/1062 1064/23/1072
f 1057/23/1062 1063/23/1071 1064/23/1072
f 1062/23/1070 1064/23/1072 1065/23/1073
f 1064/23/1072 1063/23/1071 1066/23/1074
f 1065/23/1073 1064/23/1072 1067/23/1075
f 1064/23/1072 1066/23/1074 1067/23/1075
f 1068/23/1076 1065/23/1073 1823/23/1077
f 1839/23/1078 1062/23/1070 1065/23/1073
f 1839/23/1078 1065/23/1073 1068/23/1076
f 1840/23/1079 1062/23/1070 1839/23/1078
f 1061/23/1066 1055/23/1061 1062/23/1070
f 1061/23/1066 1062/23/1070 1840/23/1079
f 1056/23/1063 1069/23/1080 1063/23/1071
f 1069/23/1080 1070/23/1081 1071/23/1082
f 1070/23/1081 1072/23/1083 1071/23/1082
f 1069/23/1080 1071/23/1082 1073/23/1084
f 1071/23/1082 1104/23/1085 1073/23/1084
f 1063/23/1071 1069/23/1080 1073/23/1084
f 1063/23/1071 1073/23/1084 1066/23/1074
f 1073/23/1084 1104/23/1085 1074/23/1086
f 1073/23/1084 1074/23/1086 1066/23/1074
f 1056/23/1063 1070/23/1081 1069/23/1080
f 1072/23/1083 1104/23/1085 1071/23/1082
f 1104/23/1085 1107/23/1087 1074/23/1086
f 1075/23/1088 1076/23/1089 1077/23/1090
f 1075/23/1088 1078/23/1091 1054/23/1060
f 1075/23/1088 1077/23/1090 1078/23/1091
f 1077/23/1090 1079/23/1092 1078/23/1091
f 1054/23/1060 1078/23/1091 1056/23/1063
f 1078/23/1091 1079/23/1092 1072/23/1083
f 1056/23/1063 1078/23/1091 1070/23/1081
f 1078/23/1091 1072/23/1083 1070/23/1081
f 1053/23/1058 1075/23/1088 1054/23/1060
f 1065/23/1073 1067/23/1075 1080/23/1093
f 1067/23/1075 1066/23/1074 1081/23/1094
f 1080/23/1093 1067/23/1075 1081/23/1094
f 1080/23/1093 1081/23/1094 1082/23/1095
f 1080/23/1093 1082/23/1095 1083/23/1096
f 1081/23/1094 1094/23/1097 1082/23/1095
f 1822/23/1098 1080/23/1093 1083/23/1096
f 1822/23/1098 1083/23/1096 1084/23/1099
f 1823/23/1077 1065/23/1073 1080/23/1093
f 1823/23/1077 1080/23/1093 1822/23/1098
f 1083/23/1096 1086/23/1100 1085/23/1101
f 1085/23/1101 1086/23/1100 1087/23/137
f 1085/23/1101 1087/23/137 126/23/133
f 1083/23/1096 1082/23/1095 1086/23/1100
f 1082/23/1095 1088/23/1102 1086/23/1100
f 1086/23/1100 1088/23/1102 1091/23/1103
f 1086/23/1100 1091/23/1103 1087/23/137
f 1087/23/137 1091/23/1103 131/23/138
f 1826/23/1104 1085/23/1101 126/23/133
f 1826/23/1104 126/23/133 130/23/136
f 1084/23/1099 1083/23/1096 1085/23/1101
f 1084/23/1099 1085/23/1101 1826/23/1104
f 1089/23/1105 1090/23/1106 1092/23/1107
f 1088/23/1102 1089/23/1105 1092/23/1107
f 1088/23/1102 1092/23/1107 1091/23/1103
f 1092/23/1107 1090/23/1106 1093/23/1108
f 1092/23/1107 1093/23/1108 137/23/144
f 1091/23/1103 1092/23/1107 137/23/144
f 1091/23/1103 137/23/144 131/23/138
f 1082/23/1095 1097/23/1109 1088/23/1102
f 1097/23/1109 1089/23/1105 1088/23/1102
f 1097/23/1109 1098/23/1110 1089/23/1105
f 1066/23/1074 1074/23/1086 1094/23/1097
f 1074/23/1086 1095/23/1111 1094/23/1097
f 1074/23/1086 1107/23/1087 1095/23/1111
f 1095/23/1111 1107/23/1087 1096/23/1112
f 1095/23/1111 1096/23/1112 1098/23/1110
f 1094/23/1097 1095/23/1111 1097/23/1109
f 1095/23/1111 1098/23/1110 1097/23/1109
f 1098/23/1110 1096/23/1112 1090/23/1106
f 1098/23/1110 1090/23/1106 1089/23/1105
f 1094/23/1097 1097/23/1109 1082/23/1095
f 1066/23/1074 1094/23/1097 1081/23/1094
f 1076/23/1089 1099/23/1113 1077/23/1090
f 1099/23/1113 1100/23/1114 1077/23/1090
f 1099/23/1113 1101/23/1115 1100/23/1114
f 1077/23/1090 1100/23/1114 1079/23/1092
f 1101/23/1115 1121/23/1116 1100/23/1114
f 1079/23/1092 1100/23/1114 1072/23/1083
f 1100/23/1114 1102/23/1117 1072/23/1083
f 1100/23/1114 1121/23/1116 1102/23/1117
f 1121/23/1116 1103/23/1118 1102/23/1117
f 1072/23/1083 1102/23/1117 1104/23/1085
f 1102/23/1117 1106/23/1119 1104/23/1085
f 1102/23/1117 1103/23/1118 1105/23/1120
f 1102/23/1117 1105/23/1120 1106/23/1119
f 1106/23/1119 1105/23/1120 1108/23/1121
f 1104/23/1085 1106/23/1119 1107/23/1087
f 1107/23/1087 1106/23/1119 1109/23/1122
f 1106/23/1119 1108/23/1121 1109/23/1122
f 1105/23/1120 1110/23/1123 1108/23/1121
f 1108/23/1121 1110/23/1123 1111/23/1124
f 1103/23/1118 1112/23/1125 1105/23/1120
f 1112/23/1125 1113/23/1126 1114/23/1127
f 1105/23/1120 1112/23/1125 1110/23/1123
f 1110/23/1123 1112/23/1125 1115/23/1128
f 1112/23/1125 1114/23/1127 1115/23/1128
f 1110/23/1123 1115/23/1128 1116/23/1129
f 1113/23/1126 1118/23/1130 1114/23/1127
f 1115/23/1128 1114/23/1127 1119/23/1131
f 1115/23/1128 1119/23/1131 1117/23/1132
f 1116/23/1129 1115/23/1128 1117/23/1132
f 1101/23/1115 1120/23/1133 1121/23/1116
f 1120/23/1133 1123/23/1134 1121/23/1116
f 1120/23/1133 1122/23/1135 1123/23/1134
f 1123/23/1134 1122/23/1135 1113/23/1126
f 1121/23/1116 1123/23/1134 1103/23/1118
f 1122/23/1135 1386/23/1136 1113/23/1126
f 1113/23/1126 1386/23/1136 1118/23/1130
f 1123/23/1134 1113/23/1126 1112/23/1125
f 1103/23/1118 1123/23/1134 1112/23/1125
f 1107/23/1087 1109/23/1122 1096/23/1112
f 1109/23/1122 1108/23/1121 1124/23/1137
f 1096/23/1112 1109/23/1122 1124/23/1137
f 1124/23/1137 1108/23/1121 1125/23/1138
f 1096/23/1112 1124/23/1137 1090/23/1106
f 1124/23/1137 1125/23/1138 1126/23/1139
f 1090/23/1106 1124/23/1137 1126/23/1139
f 1126/23/1139 1125/23/1138 1127/23/1140
f 1108/23/1121 1111/23/1124 1125/23/1138
f 1090/23/1106 1126/23/1139 1093/23/1108
f 1126/23/1139 1127/23/1140 1128/23/1141
f 1093/23/1108 1126/23/1139 1128/23/1141
f 1128/23/1141 1127/23/1140 1129/23/1142
f 1093/23/1108 1128/23/1141 171/23/178
f 1128/23/1141 1129/23/1142 173/23/179
f 171/23/178 1128/23/1141 173/23/179
f 173/23/179 1129/23/1142 175/23/181
f 1093/23/1108 171/23/178 137/23/144
f 1130/23/1143 1132/23/1144 1131/23/1145
f 1131/23/1145 1132/23/1144 1134/23/1146
f 1132/23/1144 1133/23/1147 1135/23/1148
f 1132/23/1144 1135/23/1148 1134/23/1146
f 1131/23/1145 1134/23/1146 178/23/187
f 178/23/187 1134/23/1146 181/23/186
f 1134/23/1146 1135/23/1148 183/23/189
f 1134/23/1146 183/23/189 181/23/186
f 1129/23/1142 178/23/187 175/23/181
f 1129/23/1142 1131/23/1145 178/23/187
f 1127/23/1140 1131/23/1145 1129/23/1142
f 1127/23/1140 1130/23/1143 1131/23/1145
f 1111/23/1124 1116/23/1129 1136/23/1149
f 1116/23/1129 1137/23/1150 1136/23/1149
f 1116/23/1129 1117/23/1132 1137/23/1150
f 1111/23/1124 1136/23/1149 1125/23/1138
f 1125/23/1138 1136/23/1149 1130/23/1143
f 1130/23/1143 1136/23/1149 1132/23/1144
f 1136/23/1149 1137/23/1150 1132/23/1144
f 1137/23/1150 1133/23/1147 1132/23/1144
f 1110/23/1123 1116/23/1129 1111/23/1124
f 1125/23/1138 1130/23/1143 1127/23/1140
f 1138/23/201 191/23/196 1139/23/1151
f 1139/23/1151 191/23/196 1140/23/1152
f 1139/23/1151 1140/23/1152 1142/23/1153
f 1142/23/1153 1140/23/1152 1143/23/1154
f 1140/23/1152 1141/23/1155 1143/23/1154
f 1144/23/1156 1142/23/1153 1145/23/1157
f 1144/23/1156 1139/23/1151 1142/23/1153
f 1841/23/1158 1139/23/1151 1144/23/1156
f 1841/23/1158 1138/23/201 1139/23/1151
f 194/23/200 1138/23/201 1841/23/1158
f 1142/23/1153 1143/23/1154 1147/23/1159
f 1147/23/1159 1143/23/1154 1148/23/1160
f 1143/23/1154 1146/23/1161 1148/23/1160
f 1147/23/1159 1148/23/1160 1150/23/1162
f 1147/23/1159 1150/23/1162 1149/23/1163
f 1143/23/1154 1141/23/1155 1146/23/1161
f 1148/23/1160 1146/23/1161 1155/23/1164
f 1148/23/1160 1155/23/1164 1150/23/1162
f 1151/23/1165 1149/23/1163 1152/23/1166
f 1151/23/1165 1147/23/1159 1149/23/1163
f 1145/23/1157 1147/23/1159 1151/23/1165
f 1145/23/1157 1142/23/1153 1147/23/1159
f 1153/23/1167 1154/23/1168 1156/23/1169
f 1146/23/1161 1153/23/1167 1155/23/1164
f 1153/23/1167 1156/23/1169 1155/23/1164
f 1155/23/1164 1156/23/1169 1157/23/1170
f 1141/23/1155 1153/23/1167 1146/23/1161
f 1154/23/1168 1158/23/1171 1156/23/1169
f 1156/23/1169 1158/23/1171 1159/23/1172
f 1156/23/1169 1159/23/1172 1157/23/1170
f 1157/23/1170 1159/23/1172 1160/23/1173
f 1157/23/1170 1160/23/1173 1161/23/1174
f 1157/23/1170 1161/23/1174 1162/23/1175
f 1155/23/1164 1157/23/1170 1162/23/1175
f 1155/23/1164 1162/23/1175 1150/23/1162
f 213/23/222 215/23/224 1163/23/1176
f 213/23/222 1163/23/1176 1164/23/1177
f 1164/23/1177 1163/23/1176 1154/23/1168
f 1163/23/1176 1165/23/1178 1154/23/1168
f 1164/23/1177 1154/23/1168 1141/23/1155
f 215/23/224 218/23/225 1163/23/1176
f 1163/23/1176 218/23/225 1165/23/1178
f 1154/23/1168 1165/23/1178 1158/23/1171
f 1141/23/1155 1154/23/1168 1153/23/1167
f 1140/23/1152 1164/23/1177 1141/23/1155
f 1140/23/1152 213/23/222 1164/23/1177
f 191/23/196 213/23/222 1140/23/1152
f 1152/23/1166 1149/23/1163 1166/23/1179
f 1149/23/1163 1167/23/1180 1166/23/1179
f 1149/23/1163 1150/23/1162 1167/23/1180
f 1166/23/1179 1167/23/1180 1169/23/1181
f 1166/23/1179 1169/23/1181 1168/23/1182
f 1170/23/1183 1168/23/1182 1171/23/1184
f 1170/23/1183 1166/23/1179 1168/23/1182
f 1844/23/1185 1166/23/1179 1170/23/1183
f 1152/23/1166 1166/23/1179 1844/23/1185
f 1168/23/1182 1172/23/1186 1173/23/1187
f 1173/23/1187 1172/23/1186 1174/23/1188
f 1173/23/1187 1174/23/1188 1176/23/1189
f 1173/23/1187 1176/23/1189 1175/23/1190
f 1168/23/1182 1169/23/1181 1172/23/1186
f 1820/23/1191 1173/23/1187 1175/23/1190
f 1846/23/1192 1173/23/1187 1820/23/1191
f 1847/23/1193 1173/23/1187 1846/23/1192
f 1847/23/1193 1168/23/1182 1173/23/1187
f 1171/23/1184 1168/23/1182 1847/23/1193
f 1169/23/1181 1177/23/1194 1172/23/1186
f 1177/23/1194 1178/23/1195 1172/23/1186
f 1172/23/1186 1178/23/1195 1179/23/1196
f 1178/23/1195 1181/23/1197 1179/23/1196
f 1179/23/1196 1181/23/1197 1180/23/1198
f 1181/23/1197 1213/23/1199 1180/23/1198
f 1178/23/1195 1186/23/1200 1181/23/1197
f 1180/23/1198 1213/23/1199 1182/23/1201
f 1180/23/1198 1182/23/1201 1183/23/1202
f 1174/23/1188 1179/23/1196 1180/23/1198
f 1174/23/1188 1180/23/1198 1176/23/1189
f 1172/23/1186 1179/23/1196 1174/23/1188
f 1150/23/1162 1162/23/1175 1184/23/1203
f 1162/23/1175 1161/23/1174 1184/23/1203
f 1184/23/1203 1161/23/1174 1185/23/1204
f 1161/23/1174 1186/23/1200 1185/23/1204
f 1184/23/1203 1185/23/1204 1177/23/1194
f 1185/23/1204 1186/23/1200 1178/23/1195
f 1185/23/1204 1178/23/1195 1177/23/1194
f 1167/23/1180 1177/23/1194 1169/23/1181
f 1167/23/1180 1184/23/1203 1177/23/1194
f 1150/23/1162 1184/23/1203 1167/23/1180
f 218/23/225 245/23/255 1187/23/1205
f 218/23/225 1187/23/1205 1165/23/1178
f 1165/23/1178 1187/23/1205 1188/23/1206
f 1187/23/1205 1189/23/1207 1188/23/1206
f 245/23/255 248/23/259 1202/23/1208
f 245/23/255 1202/23/1208 1187/23/1205
f 1187/23/1205 1202/23/1208 1189/23/1207
f 1158/23/1171 1165/23/1178 1188/23/1206
f 1158/23/1171 1188/23/1206 1159/23/1172
f 1188/23/1206 1190/23/1209 1191/23/1210
f 1159/23/1172 1188/23/1206 1191/23/1210
f 1191/23/1210 1190/23/1209 1192/23/1211
f 1159/23/1172 1191/23/1210 1160/23/1173
f 1191/23/1210 1192/23/1211 1160/23/1173
f 1188/23/1206 1189/23/1207 1190/23/1209
f 1160/23/1173 1192/23/1211 1193/23/1212
f 1189/23/1207 1194/23/1213 1195/23/1214
f 1194/23/1213 1196/23/1215 1195/23/1214
f 1189/23/1207 1195/23/1214 1197/23/1216
f 1195/23/1214 1196/23/1215 1198/23/1217
f 1197/23/1216 1195/23/1214 1199/23/1218
f 1195/23/1214 1198/23/1217 1199/23/1218
f 1197/23/1216 1199/23/1218 1206/23/1219
f 1199/23/1218 1198/23/1217 1200/23/1220
f 1196/23/1215 1201/23/1221 1198/23/1217
f 1192/23/1211 1197/23/1216 1206/23/1219
f 1190/23/1209 1197/23/1216 1192/23/1211
f 1190/23/1209 1189/23/1207 1197/23/1216
f 248/23/259 261/23/273 1203/23/1222
f 248/23/259 1203/23/1222 1202/23/1208
f 1202/23/1208 1194/23/1213 1189/23/1207
f 1202/23/1208 1203/23/1222 1194/23/1213
f 1203/23/1222 1196/23/1215 1194/23/1213
f 261/23/273 262/23/275 1203/23/1222
f 1203/23/1222 262/23/275 1204/23/1223
f 1203/23/1222 1204/23/1223 1196/23/1215
f 1196/23/1215 1204/23/1223 1201/23/1221
f 1160/23/1173 1193/23/1212 1205/23/1224
f 1193/23/1212 1206/23/1219 1207/23/1225
f 1193/23/1212 1207/23/1225 1205/23/1224
f 1205/23/1224 1207/23/1225 1208/23/1226
f 1205/23/1224 1208/23/1226 1186/23/1200
f 1208/23/1226 1207/23/1225 1209/23/1227
f 1193/23/1212 1192/23/1211 1206/23/1219
f 1208/23/1226 1209/23/1227 1210/23/1228
f 1161/23/1174 1205/23/1224 1186/23/1200
f 1160/23/1173 1205/23/1224 1161/23/1174
f 1181/23/1197 1208/23/1226 1211/23/1229
f 1208/23/1226 1210/23/1228 1211/23/1229
f 1210/23/1228 1212/23/1230 1211/23/1229
f 1181/23/1197 1211/23/1229 1213/23/1199
f 1211/23/1229 1212/23/1230 1213/23/1199
f 1186/23/1200 1208/23/1226 1181/23/1197
f 1212/23/1230 1219/23/1231 1214/23/1232
f 1212/23/1230 1214/23/1232 1215/23/1233
f 1213/23/1199 1212/23/1230 1215/23/1233
f 1213/23/1199 1215/23/1233 1182/23/1201
f 1209/23/1227 1216/23/1234 1217/23/1235
f 1216/23/1234 1218/23/1236 1217/23/1235
f 1209/23/1227 1217/23/1235 1219/23/1231
f 1217/23/1235 1218/23/1236 1220/23/1237
f 1217/23/1235 1220/23/1237 1221/23/1238
f 1219/23/1231 1217/23/1235 1221/23/1238
f 1219/23/1231 1221/23/1238 1222/23/1239
f 1219/23/1231 1222/23/1239 1214/23/1232
f 1210/23/1228 1219/23/1231 1212/23/1230
f 1210/23/1228 1209/23/1227 1219/23/1231
f 1206/23/1219 1199/23/1218 1223/23/1240
f 1199/23/1218 1200/23/1220 1223/23/1240
f 1206/23/1219 1223/23/1240 1207/23/1225
f 1223/23/1240 1200/23/1220 1224/23/1241
f 1207/23/1225 1223/23/1240 1216/23/1234
f 1223/23/1240 1224/23/1241 1216/23/1234
f 1207/23/1225 1216/23/1234 1209/23/1227
f 1216/23/1234 1224/23/1241 1218/23/1236
f 1225/23/1242 1176/23/1189 1226/23/1243
f 1225/23/1242 1226/23/1243 1227/23/1244
f 1227/23/1244 1226/23/1243 1228/23/1245
f 1227/23/1244 1228/23/1245 1229/23/1246
f 1820/23/1191 1175/23/1190 1225/23/1242
f 1820/23/1191 1225/23/1242 1818/23/1247
f 1175/23/1190 1176/23/1189 1225/23/1242
f 1228/23/1245 1236/23/1248 1230/23/1249
f 1229/23/1246 1228/23/1245 1230/23/1249
f 1231/23/1250 1227/23/1244 1229/23/1246
f 1816/23/1251 1227/23/1244 1231/23/1250
f 1817/23/1252 1227/23/1244 1816/23/1251
f 1817/23/1252 1225/23/1242 1227/23/1244
f 1818/23/1247 1225/23/1242 1817/23/1252
f 1229/23/1246 1230/23/1249 1232/23/1253
f 1232/23/1253 1230/23/1249 1233/23/1254
f 1232/23/1253 1233/23/1254 1234/23/1255
f 1231/23/1250 1229/23/1246 1825/23/1256
f 1230/23/1249 1236/23/1248 1237/23/1257
f 1230/23/1249 1237/23/1257 1233/23/1254
f 1233/23/1254 1237/23/1257 1240/23/1258
f 1233/23/1254 1240/23/1258 1235/23/1259
f 1234/23/1255 1233/23/1254 1235/23/1259
f 1824/23/1260 1232/23/1253 1234/23/1255
f 1824/23/1260 1234/23/1255 1789/23/1261
f 1825/23/1256 1232/23/1253 1824/23/1260
f 1825/23/1256 1229/23/1246 1232/23/1253
f 1236/23/1248 1238/23/1262 1239/23/1263
f 1236/23/1248 1239/23/1263 1237/23/1257
f 1237/23/1257 1239/23/1263 1241/23/1264
f 1237/23/1257 1241/23/1264 1240/23/1258
f 1238/23/1262 1305/23/1265 1308/23/1266
f 1238/23/1262 1308/23/1266 1239/23/1263
f 1239/23/1263 1308/23/1266 1311/23/1267
f 1239/23/1263 1311/23/1267 1241/23/1264
f 1242/23/1268 1243/23/1269 1228/23/1245
f 1242/23/1268 1183/23/1202 1243/23/1269
f 1183/23/1202 1244/23/1270 1243/23/1269
f 1183/23/1202 1182/23/1201 1244/23/1270
f 1228/23/1245 1243/23/1269 1236/23/1248
f 1243/23/1269 1238/23/1262 1236/23/1248
f 1243/23/1269 1244/23/1270 1238/23/1262
f 1180/23/1198 1183/23/1202 1242/23/1268
f 1244/23/1270 1305/23/1265 1238/23/1262
f 1226/23/1243 1242/23/1268 1228/23/1245
f 1176/23/1189 1180/23/1198 1242/23/1268
f 1176/23/1189 1242/23/1268 1226/23/1243
f 1234/23/1255 1246/23/1271 1245/23/1272
f 1234/23/1255 1235/23/1259 1246/23/1271
f 1246/23/1271 1235/23/1259 1247/23/1273
f 1245/23/1272 1246/23/1271 1248/23/1274
f 1246/23/1271 1249/23/1275 1248/23/1274
f 1246/23/1271 1247/23/1273 1249/23/1275
f 1235/23/1259 1240/23/1258 1263/23/1276
f 1235/23/1259 1263/23/1276 1247/23/1273
f 1247/23/1273 1256/23/1277 1249/23/1275
f 1248/23/1274 1249/23/1275 1250/23/1278
f 1250/23/1278 1249/23/1275 1252/23/1279
f 1250/23/1278 1252/23/1279 1251/23/1280
f 1251/23/1280 1252/23/1279 1254/23/1281
f 1251/23/1280 1254/23/1281 1253/23/1282
f 1249/23/1275 1256/23/1277 1257/23/1283
f 1249/23/1275 1257/23/1283 1252/23/1279
f 1252/23/1279 1257/23/1283 1255/23/1284
f 1252/23/1279 1255/23/1284 1254/23/1281
f 1256/23/1277 1258/23/1285 1259/23/1286
f 1256/23/1277 1259/23/1286 1257/23/1283
f 1257/23/1283 1260/23/1287 1255/23/1284
f 1257/23/1283 1259/23/1286 1260/23/1287
f 1259/23/1286 1261/23/1288 1260/23/1287
f 1258/23/1285 1331/23/1289 1259/23/1286
f 1259/23/1286 1331/23/1289 1332/23/1290
f 1259/23/1286 1332/23/1290 1261/23/1288
f 1261/23/1288 1332/23/1290 1262/23/1291
f 1261/23/1288 1262/23/1291 1286/23/1292
f 1260/23/1287 1261/23/1288 1286/23/1292
f 1240/23/1258 1241/23/1264 1265/23/1293
f 1240/23/1258 1265/23/1293 1263/23/1276
f 1241/23/1264 1264/23/1294 1265/23/1293
f 1263/23/1276 1265/23/1293 1247/23/1273
f 1247/23/1273 1265/23/1293 1256/23/1277
f 1265/23/1293 1258/23/1285 1256/23/1277
f 1265/23/1293 1264/23/1294 1258/23/1285
f 1241/23/1264 1311/23/1267 1264/23/1294
f 1264/23/1294 1327/23/1295 1258/23/1285
f 1258/23/1285 1327/23/1295 1331/23/1289
f 1253/23/1282 1254/23/1281 1267/23/1296
f 1253/23/1282 1267/23/1296 1266/23/1297
f 1254/23/1281 1268/23/1298 1267/23/1296
f 1266/23/1297 1267/23/1296 1269/23/1299
f 1267/23/1296 1268/23/1298 1269/23/1299
f 1266/23/1297 1269/23/1299 1270/23/1300
f 1268/23/1298 1271/23/1301 1269/23/1299
f 1254/23/1281 1255/23/1284 1268/23/1298
f 1272/23/1302 1269/23/1299 1273/23/1303
f 1273/23/1303 1271/23/1301 1278/23/1304
f 1273/23/1303 1278/23/1304 1274/23/1305
f 1272/23/1302 1273/23/1303 1274/23/1305
f 1272/23/1302 1274/23/1305 1836/23/1306
f 1836/23/1306 1274/23/1305 1276/23/1307
f 1836/23/1306 1276/23/1307 1275/23/1308
f 1274/23/1305 1277/23/1309 1276/23/1307
f 1270/23/1300 1269/23/1299 1272/23/1302
f 1269/23/1299 1271/23/1301 1273/23/1303
f 1274/23/1305 1278/23/1304 1282/23/1310
f 1274/23/1305 1282/23/1310 1277/23/1309
f 1271/23/1301 1279/23/1311 1278/23/1304
f 1279/23/1311 1280/23/1312 1278/23/1304
f 1278/23/1304 1280/23/1312 1283/23/1313
f 1278/23/1304 1283/23/1313 1282/23/1310
f 1280/23/1312 1281/23/1314 1283/23/1313
f 1282/23/1310 1283/23/1313 1284/23/1315
f 1279/23/1311 1288/23/1316 1280/23/1312
f 1288/23/1316 1351/23/1317 1280/23/1312
f 1283/23/1313 1281/23/1314 1285/23/1318
f 1284/23/1315 1283/23/1313 1285/23/1318
f 1282/23/1310 1284/23/1315 1277/23/1309
f 1255/23/1284 1260/23/1287 1286/23/1292
f 1286/23/1292 1287/23/1319 1268/23/1298
f 1286/23/1292 1262/23/1291 1288/23/1316
f 1286/23/1292 1288/23/1316 1287/23/1319
f 1268/23/1298 1287/23/1319 1271/23/1301
f 1287/23/1319 1288/23/1316 1279/23/1311
f 1287/23/1319 1279/23/1311 1271/23/1301
f 1255/23/1284 1286/23/1292 1268/23/1298
f 1275/23/1308 1276/23/1307 1289/23/1320
f 1276/23/1307 1277/23/1309 1289/23/1320
f 1289/23/1320 1277/23/1309 1290/23/1321
f 1289/23/1320 1290/23/1321 1291/23/1322
f 1291/23/1322 1290/23/1321 1292/23/1323
f 1794/23/1324 1291/23/1322 1782/23/1325
f 1794/23/1324 1289/23/1320 1291/23/1322
f 1795/23/1326 1289/23/1320 1794/23/1324
f 1275/23/1308 1289/23/1320 1795/23/1326
f 1291/23/1322 1292/23/1323 1293/23/1327
f 1293/23/1327 1292/23/1323 1294/23/1328
f 1293/23/1327 1294/23/1328 1051/23/1057
f 1051/23/1057 1294/23/1328 1059/23/1064
f 1295/23/1329 1051/23/1057 1058/23/1069
f 1295/23/1329 1293/23/1327 1051/23/1057
f 1781/23/1330 1293/23/1327 1295/23/1329
f 1782/23/1325 1293/23/1327 1781/23/1330
f 1782/23/1325 1291/23/1322 1293/23/1327
f 1296/23/1331 1297/23/1332 1299/23/1333
f 1297/23/1332 1298/23/1334 1299/23/1333
f 1299/23/1333 1298/23/1334 1076/23/1089
f 1299/23/1333 1076/23/1089 1075/23/1088
f 1059/23/1064 1299/23/1333 1075/23/1088
f 1059/23/1064 1075/23/1088 1053/23/1058
f 1294/23/1328 1299/23/1333 1059/23/1064
f 1294/23/1328 1296/23/1331 1299/23/1333
f 1292/23/1323 1296/23/1331 1294/23/1328
f 1284/23/1315 1285/23/1318 1300/23/1335
f 1300/23/1335 1301/23/1336 1290/23/1321
f 1300/23/1335 1285/23/1318 1301/23/1336
f 1285/23/1318 1302/23/1337 1301/23/1336
f 1285/23/1318 1371/23/1338 1302/23/1337
f 1302/23/1337 1371/23/1338 1297/23/1332
f 1301/23/1336 1302/23/1337 1297/23/1332
f 1301/23/1336 1297/23/1332 1296/23/1331
f 1292/23/1323 1301/23/1336 1296/23/1331
f 1290/23/1321 1301/23/1336 1292/23/1323
f 1277/23/1309 1300/23/1335 1290/23/1321
f 1277/23/1309 1284/23/1315 1300/23/1335
f 1182/23/1201 1215/23/1233 1244/23/1270
f 1215/23/1233 1303/23/1339 1244/23/1270
f 1215/23/1233 1214/23/1232 1303/23/1339
f 1214/23/1232 1304/23/1340 1303/23/1339
f 1244/23/1270 1303/23/1339 1305/23/1265
f 1303/23/1339 1306/23/1341 1305/23/1265
f 1303/23/1339 1304/23/1340 1306/23/1341
f 1306/23/1341 1304/23/1340 1307/23/1342
f 1305/23/1265 1306/23/1341 1309/23/1343
f 1305/23/1265 1309/23/1343 1308/23/1266
f 1306/23/1341 1307/23/1342 1309/23/1343
f 1309/23/1343 1307/23/1342 1310/23/1344
f 1308/23/1266 1309/23/1343 1311/23/1267
f 1309/23/1343 1312/23/1345 1311/23/1267
f 1309/23/1343 1310/23/1344 1312/23/1345
f 1312/23/1345 1310/23/1344 1313/23/1346
f 1315/23/1347 1316/23/1348 1317/23/1349
f 1315/23/1347 1317/23/1349 1318/23/1350
f 1314/23/1351 1315/23/1347 1318/23/1350
f 1310/23/1344 1314/23/1351 1319/23/1352
f 1314/23/1351 1318/23/1350 1319/23/1352
f 1318/23/1350 1317/23/1349 1320/23/1353
f 1318/23/1350 1320/23/1353 1321/23/1354
f 1307/23/1342 1304/23/1340 1314/23/1351
f 1324/23/1355 1315/23/1347 1314/23/1351
f 1319/23/1352 1318/23/1350 1321/23/1354
f 1310/23/1344 1319/23/1352 1345/23/1356
f 1307/23/1342 1314/23/1351 1310/23/1344
f 1214/23/1232 1222/23/1239 1304/23/1340
f 1222/23/1239 1322/23/1357 1304/23/1340
f 1304/23/1340 1322/23/1357 1324/23/1355
f 1322/23/1357 1323/23/1358 1324/23/1355
f 1324/23/1355 1323/23/1358 1316/23/1348
f 1324/23/1355 1316/23/1348 1315/23/1347
f 1221/23/1238 1322/23/1357 1222/23/1239
f 1221/23/1238 1220/23/1237 1322/23/1357
f 1304/23/1340 1324/23/1355 1314/23/1351
f 1311/23/1267 1312/23/1345 1325/23/1359
f 1312/23/1345 1326/23/1360 1325/23/1359
f 1312/23/1345 1313/23/1346 1326/23/1360
f 1325/23/1359 1328/23/1361 1327/23/1295
f 1325/23/1359 1326/23/1360 1328/23/1361
f 1326/23/1360 1348/23/1362 1328/23/1361
f 1328/23/1361 1348/23/1362 1329/23/1363
f 1328/23/1361 1329/23/1363 1330/23/1364
f 1327/23/1295 1328/23/1361 1330/23/1364
f 1327/23/1295 1330/23/1364 1331/23/1289
f 1264/23/1294 1325/23/1359 1327/23/1295
f 1311/23/1267 1325/23/1359 1264/23/1294
f 1331/23/1289 1330/23/1364 1333/23/1365
f 1331/23/1289 1333/23/1365 1332/23/1290
f 1330/23/1364 1329/23/1363 1339/23/1366
f 1330/23/1364 1339/23/1366 1333/23/1365
f 1333/23/1365 1339/23/1366 1334/23/1367
f 1333/23/1365 1334/23/1367 1335/23/1368
f 1332/23/1290 1333/23/1365 1335/23/1368
f 1332/23/1290 1335/23/1368 1262/23/1291
f 1336/23/1369 1337/23/1370 1338/23/1371
f 1329/23/1363 1336/23/1369 1340/23/1372
f 1329/23/1363 1340/23/1372 1339/23/1366
f 1336/23/1369 1338/23/1371 1340/23/1372
f 1340/23/1372 1338/23/1371 1341/23/1373
f 1337/23/1370 1342/23/1374 1338/23/1371
f 1341/23/1373 1338/23/1371 1343/23/1375
f 1340/23/1372 1341/23/1373 1344/23/1376
f 1339/23/1366 1340/23/1372 1344/23/1376
f 1339/23/1366 1344/23/1376 1334/23/1367
f 1319/23/1352 1346/23/1377 1345/23/1356
f 1319/23/1352 1321/23/1354 1346/23/1377
f 1321/23/1354 1347/23/1378 1346/23/1377
f 1346/23/1377 1347/23/1378 1337/23/1370
f 1345/23/1356 1346/23/1377 1348/23/1362
f 1313/23/1346 1310/23/1344 1345/23/1356
f 1321/23/1354 1320/23/1353 1347/23/1378
f 1346/23/1377 1337/23/1370 1336/23/1369
f 1348/23/1362 1346/23/1377 1336/23/1369
f 1348/23/1362 1336/23/1369 1329/23/1363
f 1326/23/1360 1345/23/1356 1348/23/1362
f 1313/23/1346 1345/23/1356 1326/23/1360
f 1262/23/1291 1335/23/1368 1349/23/1379
f 1262/23/1291 1349/23/1379 1288/23/1316
f 1335/23/1368 1334/23/1367 1350/23/1380
f 1335/23/1368 1350/23/1380 1349/23/1379
f 1288/23/1316 1349/23/1379 1351/23/1317
f 1349/23/1379 1350/23/1380 1352/23/1381
f 1351/23/1317 1349/23/1379 1353/23/1382
f 1349/23/1379 1352/23/1381 1353/23/1382
f 1351/23/1317 1353/23/1382 1354/23/1383
f 1351/23/1317 1354/23/1383 1355/23/1384
f 1355/23/1384 1354/23/1383 1356/23/1385
f 1281/23/1314 1355/23/1384 1356/23/1385
f 1353/23/1382 1352/23/1381 1354/23/1383
f 1352/23/1381 1357/23/1386 1354/23/1383
f 1354/23/1383 1357/23/1386 1362/23/1387
f 1354/23/1383 1362/23/1387 1356/23/1385
f 1281/23/1314 1356/23/1385 1358/23/1388
f 1281/23/1314 1358/23/1388 1285/23/1318
f 1280/23/1312 1351/23/1317 1355/23/1384
f 1280/23/1312 1355/23/1384 1281/23/1314
f 1359/23/1389 1361/23/1390 1360/23/1391
f 1357/23/1386 1359/23/1389 1362/23/1387
f 1362/23/1387 1359/23/1389 1363/23/1392
f 1359/23/1389 1360/23/1391 1363/23/1392
f 1360/23/1391 1364/23/1393 1363/23/1392
f 1352/23/1381 1359/23/1389 1357/23/1386
f 1361/23/1390 1369/23/1394 1365/23/1395
f 1361/23/1390 1365/23/1395 1366/23/1396
f 1361/23/1390 1366/23/1396 1360/23/1391
f 1360/23/1391 1366/23/1396 1364/23/1393
f 1362/23/1387 1363/23/1392 1374/23/1397
f 1344/23/1376 1341/23/1373 1367/23/1398
f 1334/23/1367 1344/23/1376 1368/23/1399
f 1334/23/1367 1368/23/1399 1350/23/1380
f 1344/23/1376 1367/23/1398 1368/23/1399
f 1350/23/1380 1368/23/1399 1352/23/1381
f 1368/23/1399 1367/23/1398 1361/23/1390
f 1341/23/1373 1343/23/1375 1367/23/1398
f 1367/23/1398 1343/23/1375 1369/23/1394
f 1367/23/1398 1369/23/1394 1361/23/1390
f 1368/23/1399 1361/23/1390 1359/23/1389
f 1352/23/1381 1368/23/1399 1359/23/1389
f 1358/23/1388 1370/23/1400 1371/23/1338
f 1371/23/1338 1370/23/1400 1372/23/1401
f 1371/23/1338 1372/23/1401 1373/23/1402
f 1358/23/1388 1356/23/1385 1370/23/1400
f 1356/23/1385 1362/23/1387 1374/23/1397
f 1356/23/1385 1374/23/1397 1370/23/1400
f 1370/23/1400 1374/23/1397 1384/23/1403
f 1370/23/1400 1384/23/1403 1372/23/1401
f 1372/23/1401 1384/23/1403 1375/23/1404
f 1372/23/1401 1375/23/1404 1373/23/1402
f 1371/23/1338 1373/23/1402 1297/23/1332
f 1285/23/1318 1358/23/1388 1371/23/1338
f 1297/23/1332 1373/23/1402 1376/23/1405
f 1373/23/1402 1375/23/1404 1376/23/1405
f 1375/23/1404 1377/23/1406 1376/23/1405
f 1376/23/1405 1099/23/1113 1298/23/1334
f 1376/23/1405 1377/23/1406 1099/23/1113
f 1099/23/1113 1377/23/1406 1101/23/1115
f 1298/23/1334 1099/23/1113 1076/23/1089
f 1297/23/1332 1376/23/1405 1298/23/1334
f 1384/23/1403 1379/23/1407 1378/23/1408
f 1379/23/1407 1380/23/1409 1378/23/1408
f 1380/23/1409 1381/23/1410 1122/23/1135
f 1378/23/1408 1120/23/1133 1377/23/1406
f 1378/23/1408 1380/23/1409 1120/23/1133
f 1380/23/1409 1122/23/1135 1120/23/1133
f 1379/23/1407 1385/23/1411 1380/23/1409
f 1385/23/1411 1381/23/1410 1380/23/1409
f 1377/23/1406 1120/23/1133 1101/23/1115
f 1375/23/1404 1378/23/1408 1377/23/1406
f 1384/23/1403 1378/23/1408 1375/23/1404
f 1363/23/1392 1383/23/1412 1382/23/1413
f 1374/23/1397 1382/23/1413 1384/23/1403
f 1384/23/1403 1382/23/1413 1379/23/1407
f 1382/23/1413 1383/23/1412 1385/23/1411
f 1382/23/1413 1385/23/1411 1379/23/1407
f 1374/23/1397 1363/23/1392 1382/23/1413
f 1363/23/1392 1364/23/1393 1383/23/1412
f 1385/23/1411 1383/23/1412 1381/23/1410
f 1381/23/1410 1387/23/1414 1386/23/1136
f 1386/23/1136 1387/23/1414 1388/23/1415
f 1386/23/1136 1388/23/1415 1390/23/1416
f 1388/23/1415 1387/23/1414 1389/23/1417
f 1118/23/1130 1386/23/1136 1390/23/1416
f 1122/23/1135 1381/23/1410 1386/23/1136
f 1381/23/1410 1391/23/1418 1387/23/1414
f 1390/23/1416 1388/23/1415 1389/23/1417
f 1118/23/1130 1390/23/1416 1114/23/1127
f 1390/23/1416 1389/23/1417 1392/23/1419
f 1114/23/1127 1390/23/1416 1393/23/1420
f 1390/23/1416 1392/23/1419 1393/23/1420
f 1114/23/1127 1393/23/1420 1119/23/1131
f 1393/23/1420 1392/23/1419 1394/23/1421
f 1119/23/1131 1393/23/1420 1395/23/1422
f 1393/23/1420 1394/23/1421 1395/23/1422
f 1119/23/1131 1395/23/1422 1396/23/1423
f 1119/23/1131 1396/23/1423 1117/23/1132
f 1397/23/1424 1398/23/1425 1400/23/1426
f 1398/23/1425 1399/23/1427 1400/23/1426
f 1392/23/1419 1397/23/1424 1400/23/1426
f 1400/23/1426 1402/23/1428 1401/23/1429
f 1400/23/1426 1399/23/1427 1402/23/1428
f 1392/23/1419 1400/23/1426 1394/23/1421
f 1389/23/1417 1403/23/1430 1397/23/1424
f 1403/23/1430 1398/23/1425 1397/23/1424
f 1400/23/1426 1401/23/1429 1404/23/1431
f 1394/23/1421 1400/23/1426 1404/23/1431
f 1389/23/1417 1397/23/1424 1392/23/1419
f 1391/23/1418 1405/23/1432 1406/23/1433
f 1405/23/1432 1407/23/1434 1406/23/1433
f 1406/23/1433 1403/23/1430 1389/23/1417
f 1406/23/1433 1407/23/1434 1403/23/1430
f 1407/23/1434 1398/23/1425 1403/23/1430
f 1381/23/1410 1383/23/1412 1391/23/1418
f 1383/23/1412 1405/23/1432 1391/23/1418
f 1383/23/1412 1364/23/1393 1405/23/1432
f 1364/23/1393 1366/23/1396 1405/23/1432
f 1405/23/1432 1366/23/1396 1407/23/1434
f 1387/23/1414 1406/23/1433 1389/23/1417
f 1391/23/1418 1406/23/1433 1387/23/1414
f 1395/23/1422 1394/23/1421 1408/23/1435
f 1396/23/1423 1395/23/1422 1410/23/1436
f 1395/23/1422 1408/23/1435 1410/23/1436
f 1409/23/1437 1396/23/1423 1410/23/1436
f 1410/23/1436 1408/23/1435 1411/23/1438
f 1410/23/1436 1411/23/1438 1412/23/1439
f 1411/23/1438 1408/23/1435 1413/23/1440
f 1137/23/1150 1409/23/1437 1133/23/1147
f 1117/23/1132 1409/23/1437 1137/23/1150
f 1117/23/1132 1396/23/1423 1409/23/1437
f 1414/23/1441 1412/23/1439 1415/23/1442
f 1412/23/1439 1411/23/1438 1415/23/1442
f 1415/23/1442 1411/23/1438 1417/23/1443
f 1414/23/1441 1415/23/1442 1416/23/499
f 1415/23/1442 1417/23/1443 485/23/498
f 1416/23/499 1415/23/1442 482/23/496
f 1415/23/1442 485/23/498 482/23/496
f 1133/23/1147 1409/23/1437 1414/23/1441
f 1409/23/1437 1410/23/1436 1414/23/1441
f 1410/23/1436 1412/23/1439 1414/23/1441
f 183/23/189 1416/23/499 480/23/494
f 1135/23/1148 1416/23/499 183/23/189
f 1135/23/1148 1414/23/1441 1416/23/499
f 1133/23/1147 1414/23/1441 1135/23/1148
f 1418/23/1444 1419/23/1445 1420/23/1446
f 1413/23/1440 1418/23/1444 1422/23/1447
f 1413/23/1440 1422/23/1447 1421/23/1448
f 1418/23/1444 1420/23/1446 1422/23/1447
f 1422/23/1447 1420/23/1446 494/23/509
f 494/23/509 1420/23/1446 493/23/507
f 1421/23/1448 1422/23/1447 490/23/504
f 1421/23/1448 490/23/504 487/23/503
f 1422/23/1447 494/23/509 490/23/504
f 1426/23/1449 1419/23/1445 1418/23/1444
f 485/23/498 1421/23/1448 487/23/503
f 1417/23/1443 1421/23/1448 485/23/498
f 1417/23/1443 1413/23/1440 1421/23/1448
f 1411/23/1438 1413/23/1440 1417/23/1443
f 1404/23/1431 1401/23/1429 1423/23/1450
f 1401/23/1429 1402/23/1428 1423/23/1450
f 1394/23/1421 1404/23/1431 1408/23/1435
f 1423/23/1450 1402/23/1428 1424/23/1451
f 1408/23/1435 1404/23/1431 1425/23/1452
f 1404/23/1431 1423/23/1450 1425/23/1452
f 1423/23/1450 1424/23/1451 1426/23/1449
f 1423/23/1450 1426/23/1449 1425/23/1452
f 1408/23/1435 1425/23/1452 1413/23/1440
f 1426/23/1449 1424/23/1451 1419/23/1445
f 1425/23/1452 1426/23/1449 1418/23/1444
f 1413/23/1440 1425/23/1452 1418/23/1444
f 1366/23/1396 1428/23/1453 1427/23/1454
f 1366/23/1396 1365/23/1395 1428/23/1453
f 1427/23/1454 1429/23/1455 1398/23/1425
f 1427/23/1454 1428/23/1453 1429/23/1455
f 1428/23/1453 1430/23/1456 1429/23/1455
f 1407/23/1434 1427/23/1454 1398/23/1425
f 1366/23/1396 1427/23/1454 1407/23/1434
f 1399/23/1427 1431/23/1457 1433/23/1458
f 1431/23/1457 1434/23/1459 1433/23/1458
f 1431/23/1457 1432/23/1460 1434/23/1459
f 1433/23/1458 1436/23/1461 1435/23/1462
f 1433/23/1458 1434/23/1459 1436/23/1461
f 1398/23/1425 1429/23/1455 1431/23/1457
f 1429/23/1455 1432/23/1460 1431/23/1457
f 1429/23/1455 1430/23/1456 1432/23/1460
f 1434/23/1459 1441/23/1463 1436/23/1461
f 1402/23/1428 1433/23/1458 1435/23/1462
f 1399/23/1427 1433/23/1458 1402/23/1428
f 1398/23/1425 1431/23/1457 1399/23/1427
f 1437/23/1464 1439/23/1465 1432/23/1460
f 1437/23/1464 1438/23/1466 1439/23/1465
f 1439/23/1465 1438/23/1466 1440/23/1467
f 1430/23/1456 1437/23/1464 1432/23/1460
f 1430/23/1456 1446/23/1468 1437/23/1464
f 1446/23/1468 1438/23/1466 1437/23/1464
f 1439/23/1465 1440/23/1467 1442/23/1469
f 1439/23/1465 1442/23/1469 1441/23/1463
f 1434/23/1459 1439/23/1465 1441/23/1463
f 1432/23/1460 1439/23/1465 1434/23/1459
f 1369/23/1394 1343/23/1375 1443/23/1470
f 1369/23/1394 1443/23/1470 1444/23/1471
f 1444/23/1471 1443/23/1470 1445/23/1472
f 1444/23/1471 1445/23/1472 1446/23/1468
f 1446/23/1468 1445/23/1472 1438/23/1466
f 1428/23/1453 1446/23/1468 1430/23/1456
f 1428/23/1453 1444/23/1471 1446/23/1468
f 1428/23/1453 1369/23/1394 1444/23/1471
f 1365/23/1395 1369/23/1394 1428/23/1453
f 1435/23/1462 1436/23/1461 1447/23/1473
f 1436/23/1461 1448/23/1474 1447/23/1473
f 1424/23/1451 1435/23/1462 1449/23/1475
f 1435/23/1462 1447/23/1473 1449/23/1475
f 1447/23/1473 1448/23/1474 1450/23/1476
f 1449/23/1475 1447/23/1473 1450/23/1476
f 1424/23/1451 1449/23/1475 1419/23/1445
f 1436/23/1461 1441/23/1463 1448/23/1474
f 1448/23/1474 1462/23/1477 1450/23/1476
f 1449/23/1475 1450/23/1476 1451/23/1478
f 1419/23/1445 1449/23/1475 1451/23/1478
f 1402/23/1428 1435/23/1462 1424/23/1451
f 1419/23/1445 1451/23/1478 1453/23/1479
f 1451/23/1478 1452/23/1480 1454/23/1481
f 1451/23/1478 1454/23/1481 1453/23/1479
f 1454/23/1481 1452/23/1480 1456/23/1482
f 1453/23/1479 1454/23/1481 526/23/539
f 1454/23/1481 1456/23/1482 531/23/544
f 1453/23/1479 526/23/539 493/23/507
f 526/23/539 1454/23/1481 528/23/541
f 1454/23/1481 531/23/544 528/23/541
f 1451/23/1478 1450/23/1476 1452/23/1480
f 1420/23/1446 1453/23/1479 493/23/507
f 1420/23/1446 1419/23/1445 1453/23/1479
f 1455/23/1483 1457/23/1484 1456/23/1482
f 1455/23/1483 1458/23/1485 1457/23/1484
f 1458/23/1485 1459/23/1486 1457/23/1484
f 1456/23/1482 1457/23/1484 1460/23/1487
f 1457/23/1484 1461/23/1488 1460/23/1487
f 1457/23/1484 1459/23/1486 1461/23/1488
f 1456/23/1482 1460/23/1487 531/23/544
f 531/23/544 1460/23/1487 532/23/546
f 1460/23/1487 535/23/548 532/23/546
f 1460/23/1487 1461/23/1488 535/23/548
f 1461/23/1488 539/23/552 535/23/548
f 1452/23/1480 1455/23/1483 1456/23/1482
f 1441/23/1463 1462/23/1477 1448/23/1474
f 1441/23/1463 1442/23/1469 1462/23/1477
f 1462/23/1477 1442/23/1469 1463/23/1489
f 1462/23/1477 1463/23/1489 1455/23/1483
f 1455/23/1483 1463/23/1489 1458/23/1485
f 1450/23/1476 1455/23/1483 1452/23/1480
f 1462/23/1477 1455/23/1483 1450/23/1476
f 1464/23/1490 1342/23/1374 1465/23/1491
f 1464/23/1490 1465/23/1491 1466/23/1492
f 1466/23/1492 1465/23/1491 1468/23/1493
f 1465/23/1491 1467/23/1494 1468/23/1493
f 1343/23/1375 1338/23/1371 1464/23/1490
f 1338/23/1371 1342/23/1374 1464/23/1490
f 1445/23/1472 1466/23/1492 1438/23/1466
f 1445/23/1472 1464/23/1490 1466/23/1492
f 1443/23/1470 1464/23/1490 1445/23/1472
f 1343/23/1375 1464/23/1490 1443/23/1470
f 1469/23/1495 1468/23/1493 1471/23/1496
f 1468/23/1493 1470/23/1497 1471/23/1496
f 1469/23/1495 1471/23/1496 1472/23/1498
f 1471/23/1496 1470/23/1497 1473/23/1499
f 1472/23/1498 1471/23/1496 1474/23/1500
f 1474/23/1500 1471/23/1496 1475/23/1501
f 1471/23/1496 1473/23/1499 1475/23/1501
f 1438/23/1466 1466/23/1492 1469/23/1495
f 1466/23/1492 1468/23/1493 1469/23/1495
f 1468/23/1493 1467/23/1494 1470/23/1497
f 1440/23/1467 1474/23/1500 1442/23/1469
f 1440/23/1467 1472/23/1498 1474/23/1500
f 1438/23/1466 1469/23/1495 1472/23/1498
f 1438/23/1466 1472/23/1498 1440/23/1467
f 1476/23/1502 1477/23/1503 1479/23/1504
f 1470/23/1497 1476/23/1502 1478/23/1505
f 1476/23/1502 1479/23/1504 1478/23/1505
f 1470/23/1497 1478/23/1505 1473/23/1499
f 1473/23/1499 1478/23/1505 1481/23/1506
f 1478/23/1505 1479/23/1504 1481/23/1506
f 1479/23/1504 1480/23/1507 1481/23/1506
f 1467/23/1494 1485/23/1508 1476/23/1502
f 1467/23/1494 1476/23/1502 1470/23/1497
f 1485/23/1508 1477/23/1503 1476/23/1502
f 1347/23/1378 1320/23/1353 1483/23/1509
f 1347/23/1378 1483/23/1509 1482/23/1510
f 1482/23/1510 1485/23/1508 1467/23/1494
f 1482/23/1510 1483/23/1509 1485/23/1508
f 1483/23/1509 1484/23/1511 1485/23/1508
f 1337/23/1370 1482/23/1510 1342/23/1374
f 1337/23/1370 1347/23/1378 1482/23/1510
f 1485/23/1508 1484/23/1511 1477/23/1503
f 1465/23/1491 1482/23/1510 1467/23/1494
f 1342/23/1374 1482/23/1510 1465/23/1491
f 1474/23/1500 1475/23/1501 1486/23/1512
f 1486/23/1512 1475/23/1501 1488/23/1513
f 1475/23/1501 1487/23/1514 1489/23/1515
f 1475/23/1501 1489/23/1515 1488/23/1513
f 1486/23/1512 1488/23/1513 1490/23/1516
f 1488/23/1513 1491/23/1517 1490/23/1516
f 1488/23/1513 1489/23/1515 1491/23/1517
f 1475/23/1501 1473/23/1499 1487/23/1514
f 1463/23/1489 1490/23/1516 1458/23/1485
f 1463/23/1489 1486/23/1512 1490/23/1516
f 1442/23/1469 1486/23/1512 1463/23/1489
f 1442/23/1469 1474/23/1500 1486/23/1512
f 1490/23/1516 1493/23/1518 1492/23/1519
f 1492/23/1519 1493/23/1518 1495/23/590
f 1492/23/1519 1495/23/590 1461/23/1488
f 1495/23/590 1493/23/1518 1496/23/1520
f 1493/23/1518 1494/23/1521 1496/23/1520
f 1496/23/1520 1494/23/1521 576/23/589
f 1490/23/1516 1491/23/1517 1493/23/1518
f 1495/23/590 1496/23/1520 576/23/589
f 1461/23/1488 1495/23/590 539/23/552
f 1459/23/1486 1492/23/1519 1461/23/1488
f 1458/23/1485 1490/23/1516 1492/23/1519
f 1458/23/1485 1492/23/1519 1459/23/1486
f 1497/23/1522 1499/23/1523 1498/23/1524
f 1498/23/1524 1499/23/1523 1501/23/1525
f 1499/23/1523 1500/23/1526 1501/23/1525
f 1498/23/1524 1501/23/1525 580/23/596
f 580/23/596 1501/23/1525 583/23/595
f 1491/23/1517 1497/23/1522 1493/23/1518
f 1499/23/1523 1502/23/1527 1500/23/1526
f 1501/23/1525 1500/23/1526 585/23/598
f 1501/23/1525 585/23/598 583/23/595
f 1494/23/1521 580/23/596 576/23/589
f 1494/23/1521 1498/23/1524 580/23/596
f 1493/23/1518 1498/23/1524 1494/23/1521
f 1493/23/1518 1497/23/1522 1498/23/1524
f 1487/23/1514 1481/23/1506 1504/23/1528
f 1487/23/1514 1504/23/1528 1489/23/1515
f 1481/23/1506 1505/23/1529 1504/23/1528
f 1481/23/1506 1503/23/1530 1505/23/1529
f 1489/23/1515 1504/23/1528 1497/23/1522
f 1504/23/1528 1505/23/1529 1497/23/1522
f 1497/23/1522 1505/23/1529 1499/23/1523
f 1505/23/1529 1502/23/1527 1499/23/1523
f 1473/23/1499 1481/23/1506 1487/23/1514
f 1481/23/1506 1480/23/1507 1503/23/1530
f 1505/23/1529 1503/23/1530 1506/23/1531
f 1505/23/1529 1506/23/1531 1502/23/1527
f 1489/23/1515 1497/23/1522 1491/23/1517
f 1320/23/1353 1317/23/1349 1507/23/1532
f 1317/23/1349 1508/23/1533 1507/23/1532
f 1317/23/1349 1316/23/1348 1508/23/1533
f 1507/23/1532 1509/23/1534 1484/23/1511
f 1507/23/1532 1508/23/1533 1509/23/1534
f 1508/23/1533 1510/23/1535 1509/23/1534
f 1508/23/1533 1523/23/1536 1510/23/1535
f 1484/23/1511 1509/23/1534 1477/23/1503
f 1483/23/1509 1507/23/1532 1484/23/1511
f 1320/23/1353 1507/23/1532 1483/23/1509
f 1477/23/1503 1509/23/1534 1511/23/1537
f 1509/23/1534 1512/23/1538 1511/23/1537
f 1509/23/1534 1510/23/1535 1513/23/1539
f 1509/23/1534 1513/23/1539 1512/23/1538
f 1511/23/1537 1512/23/1538 1514/23/1540
f 1512/23/1538 1513/23/1539 1515/23/1541
f 1514/23/1540 1512/23/1538 1516/23/1542
f 1512/23/1538 1515/23/1541 1516/23/1542
f 1480/23/1507 1514/23/1540 1516/23/1542
f 1516/23/1542 1515/23/1541 1517/23/1543
f 1479/23/1504 1514/23/1540 1480/23/1507
f 1479/23/1504 1511/23/1537 1514/23/1540
f 1477/23/1503 1511/23/1537 1479/23/1504
f 1513/23/1539 1518/23/1544 1519/23/1545
f 1513/23/1539 1519/23/1545 1515/23/1541
f 1519/23/1545 1218/23/1236 1224/23/1241
f 1519/23/1545 1224/23/1241 1520/23/1546
f 1519/23/1545 1520/23/1546 1521/23/1547
f 1515/23/1541 1519/23/1545 1521/23/1547
f 1515/23/1541 1521/23/1547 1517/23/1543
f 1520/23/1546 1224/23/1241 1200/23/1220
f 1510/23/1535 1518/23/1544 1513/23/1539
f 1520/23/1546 1200/23/1220 1521/23/1547
f 1316/23/1348 1323/23/1358 1523/23/1536
f 1323/23/1358 1522/23/1548 1523/23/1536
f 1523/23/1536 1522/23/1548 1518/23/1544
f 1522/23/1548 1220/23/1237 1518/23/1544
f 1518/23/1544 1220/23/1237 1218/23/1236
f 1323/23/1358 1322/23/1357 1522/23/1548
f 1322/23/1357 1220/23/1237 1522/23/1548
f 1518/23/1544 1218/23/1236 1519/23/1545
f 1510/23/1535 1523/23/1536 1518/23/1544
f 1316/23/1348 1523/23/1536 1508/23/1533
f 1516/23/1542 1517/23/1543 1524/23/1549
f 1503/23/1530 1516/23/1542 1525/23/1550
f 1503/23/1530 1525/23/1550 1506/23/1531
f 1516/23/1542 1524/23/1549 1525/23/1550
f 1525/23/1550 1524/23/1549 1526/23/1551
f 1506/23/1531 1525/23/1550 1527/23/1552
f 1525/23/1550 1526/23/1551 1527/23/1552
f 1480/23/1507 1516/23/1542 1503/23/1530
f 1502/23/1527 1506/23/1531 1527/23/1552
f 1527/23/1552 1526/23/1551 1528/23/1553
f 1527/23/1552 1528/23/1553 1529/23/1554
f 1529/23/1554 1528/23/1553 615/23/628
f 1529/23/1554 613/23/626 585/23/598
f 1529/23/1554 615/23/628 613/23/626
f 1500/23/1526 1529/23/1554 585/23/598
f 1500/23/1526 1527/23/1552 1529/23/1554
f 1502/23/1527 1527/23/1552 1500/23/1526
f 1530/23/1555 1201/23/1221 1531/23/1556
f 1530/23/1555 1531/23/1556 1532/23/1557
f 1201/23/1221 1204/23/1223 1531/23/1556
f 1531/23/1556 1204/23/1223 621/23/634
f 1532/23/1557 1531/23/1556 621/23/634
f 621/23/634 1204/23/1223 262/23/275
f 618/23/633 1532/23/1557 621/23/634
f 615/23/628 1532/23/1557 618/23/633
f 1528/23/1553 1532/23/1557 615/23/628
f 1528/23/1553 1530/23/1555 1532/23/1557
f 1526/23/1551 1530/23/1555 1528/23/1553
f 1517/23/1543 1521/23/1547 1533/23/1558
f 1521/23/1547 1200/23/1220 1533/23/1558
f 1517/23/1543 1533/23/1558 1534/23/1559
f 1533/23/1558 1200/23/1220 1198/23/1217
f 1533/23/1558 1198/23/1217 1201/23/1221
f 1534/23/1559 1533/23/1558 1530/23/1555
f 1533/23/1558 1201/23/1221 1530/23/1555
f 1526/23/1551 1534/23/1559 1530/23/1555
f 1524/23/1549 1534/23/1559 1526/23/1551
f 1524/23/1549 1517/23/1543 1534/23/1559
f 1535/23/1560 1537/23/1561 1543/23/1562
f 1535/23/1560 1543/23/1562 1536/23/1563
f 1537/23/1561 1538/23/1564 1543/23/1562
f 1540/23/1565 1541/23/1566 1542/23/1567
f 1543/23/1562 1538/23/1564 1547/23/1568
f 1538/23/1564 1539/23/1569 1544/23/1570
f 1538/23/1564 1544/23/1570 1547/23/1568
f 1539/23/1569 1540/23/1565 1545/23/1571
f 1539/23/1569 1545/23/1571 1544/23/1570
f 1540/23/1565 1542/23/1567 1545/23/1571
f 1543/23/1562 1547/23/1568 1546/23/1572
f 1545/23/1571 1542/23/1567 1548/23/1573
f 1541/23/1566 1549/23/1574 1550/23/1575
f 1541/23/1566 1550/23/1575 1542/23/1567
f 1542/23/1567 1550/23/1575 1551/23/1576
f 1542/23/1567 1551/23/1576 1548/23/1573
f 1548/23/1573 1551/23/1576 1552/23/1577
f 1545/23/1571 1548/23/1573 1553/23/1578
f 1544/23/1570 1545/23/1571 1553/23/1578
f 1544/23/1570 1553/23/1578 1554/23/1579
f 1547/23/1568 1544/23/1570 1554/23/1579
f 1547/23/1568 1554/23/1579 1555/23/1580
f 1546/23/1572 1547/23/1568 1555/23/1580
f 1546/23/1572 1555/23/1580 1556/23/1581
f 1559/23/1582 1560/23/1583 1561/23/1584
f 1560/23/1583 1562/23/1585 1561/23/1584
f 1558/23/1586 1559/23/1582 1563/23/1587
f 1559/23/1582 1561/23/1584 1563/23/1587
f 1557/23/1588 1558/23/1586 1564/23/1589
f 1558/23/1586 1563/23/1587 1566/23/1590
f 1561/23/1584 1562/23/1585 1565/23/1591
f 1564/23/1589 1558/23/1586 1566/23/1590
f 1563/23/1587 1561/23/1584 1567/23/1592
f 1561/23/1584 1565/23/1591 1567/23/1592
f 1566/23/1590 1563/23/1587 1568/23/1593
f 1563/23/1587 1567/23/1592 1568/23/1593
f 1562/23/1585 1569/23/1594 1570/23/1595
f 1562/23/1585 1570/23/1595 1565/23/1591
f 1565/23/1591 1570/23/1595 1571/23/1596
f 1565/23/1591 1571/23/1596 1572/23/1597
f 1565/23/1591 1572/23/1597 1573/23/1598
f 1567/23/1592 1565/23/1591 1573/23/1598
f 1567/23/1592 1573/23/1598 1574/23/1599
f 1568/23/1593 1567/23/1592 1574/23/1599
f 1566/23/1590 1568/23/1593 1645/23/1600
f 1564/23/1589 1566/23/1590 1575/23/1601
f 1556/23/1581 1555/23/1580 1576/23/1602
f 1553/23/1578 1548/23/1573 1577/23/1603
f 1554/23/1579 1553/23/1578 1578/23/1604
f 1553/23/1578 1577/23/1603 1578/23/1604
f 1576/23/1602 1555/23/1580 1580/23/1605
f 1576/23/1602 1580/23/1605 1579/23/1606
f 1555/23/1580 1554/23/1579 1580/23/1605
f 1580/23/1605 1554/23/1579 1581/23/1607
f 1554/23/1579 1578/23/1604 1581/23/1607
f 1578/23/1604 1577/23/1603 1582/23/1608
f 1581/23/1607 1578/23/1604 1583/23/1609
f 1578/23/1604 1582/23/1608 1583/23/1609
f 1548/23/1573 1552/23/1577 1577/23/1603
f 1577/23/1603 1552/23/1577 1584/23/1610
f 1577/23/1603 1584/23/1610 1585/23/1611
f 1577/23/1603 1585/23/1611 1582/23/1608
f 1582/23/1608 1585/23/1611 1586/23/1612
f 1582/23/1608 1586/23/1612 1587/23/1613
f 1583/23/1609 1582/23/1608 1587/23/1613
f 1580/23/1605 1581/23/1607 1588/23/1614
f 1580/23/1605 1588/23/1614 1589/23/1615
f 1579/23/1606 1580/23/1605 1589/23/1615
f 1579/23/1606 1589/23/1615 1590/23/1616
f 1595/23/1617 1596/23/1618 1597/23/1619
f 1593/23/1620 1594/23/1621 1598/23/1622
f 1594/23/1621 1595/23/1617 1598/23/1622
f 1592/23/1623 1593/23/1620 1601/23/1624
f 1593/23/1620 1599/23/1625 1601/23/1624
f 1593/23/1620 1598/23/1622 1599/23/1625
f 1598/23/1622 1595/23/1617 1600/23/1626
f 1595/23/1617 1597/23/1619 1600/23/1626
f 1598/23/1622 1600/23/1626 1560/23/1583
f 1600/23/1626 1597/23/1619 1602/23/1627
f 1600/23/1626 1602/23/1627 1560/23/1583
f 1599/23/1625 1598/23/1622 1559/23/1582
f 1598/23/1622 1560/23/1583 1559/23/1582
f 1591/23/1628 1593/23/1620 1592/23/1623
f 1596/23/1618 1603/23/1629 1597/23/1619
f 1597/23/1619 1603/23/1629 1604/23/1630
f 1597/23/1619 1604/23/1630 1602/23/1627
f 1602/23/1627 1604/23/1630 1569/23/1594
f 1602/23/1627 1569/23/1594 1562/23/1585
f 1560/23/1583 1602/23/1627 1562/23/1585
f 1599/23/1625 1559/23/1582 1558/23/1586
f 1601/23/1624 1599/23/1625 1558/23/1586
f 1601/23/1624 1558/23/1586 1557/23/1588
f 1605/23/1631 1607/23/1632 1606/23/1633
f 1607/23/1632 1608/23/1634 1609/23/1635
f 1608/23/1634 1610/23/1636 1611/23/1637
f 1608/23/1634 1611/23/1637 1609/23/1635
f 1606/23/1633 1613/23/1638 1612/23/1639
f 1606/23/1633 1607/23/1632 1613/23/1638
f 1607/23/1632 1614/23/1640 1613/23/1638
f 1607/23/1632 1609/23/1635 1614/23/1640
f 1609/23/1635 1611/23/1637 1615/23/1641
f 1612/23/1639 1613/23/1638 1616/23/1642
f 1614/23/1640 1609/23/1635 1617/23/1643
f 1609/23/1635 1615/23/1641 1617/23/1643
f 1610/23/1636 1618/23/1644 1619/23/1645
f 1610/23/1636 1619/23/1645 1611/23/1637
f 1611/23/1637 1619/23/1645 1620/23/1646
f 1611/23/1637 1620/23/1646 1615/23/1641
f 1615/23/1641 1620/23/1646 1621/23/1647
f 1615/23/1641 1621/23/1647 1622/23/1648
f 1617/23/1643 1615/23/1641 1622/23/1648
f 1614/23/1640 1617/23/1643 1623/23/1649
f 1613/23/1638 1614/23/1640 1623/23/1649
f 1613/23/1638 1623/23/1649 1624/23/1650
f 1616/23/1642 1613/23/1638 1624/23/1650
f 1616/23/1642 1624/23/1650 1625/23/1651
f 1626/23/1652 1627/23/1653 1632/23/1654
f 1627/23/1653 1628/23/1655 1634/23/1656
f 1628/23/1655 1629/23/1657 1634/23/1656
f 1630/23/1658 1631/23/1659 1633/23/1660
f 1627/23/1653 1634/23/1656 1632/23/1654
f 1629/23/1657 1630/23/1658 1635/23/1661
f 1630/23/1658 1633/23/1660 1635/23/1661
f 1634/23/1656 1629/23/1657 1636/23/1662
f 1629/23/1657 1635/23/1661 1636/23/1662
f 1657/23/1663 1658/23/1664 1627/23/1653
f 1657/23/1663 1627/23/1653 1626/23/1652
f 1658/23/1664 1628/23/1655 1627/23/1653
f 1631/23/1659 1637/23/1665 1638/23/1666
f 1631/23/1659 1638/23/1666 1633/23/1660
f 1633/23/1660 1638/23/1666 1639/23/1667
f 1633/23/1660 1639/23/1667 1640/23/1668
f 1633/23/1660 1640/23/1668 1641/23/1669
f 1635/23/1661 1633/23/1660 1641/23/1669
f 1635/23/1661 1641/23/1669 1642/23/1670
f 1636/23/1662 1635/23/1661 1642/23/1670
f 1632/23/1654 1634/23/1656 1643/23/1671
f 1575/23/1601 1566/23/1590 1645/23/1600
f 1575/23/1601 1645/23/1600 1644/23/1672
f 1574/23/1599 1573/23/1598 1646/23/1673
f 1644/23/1672 1645/23/1600 1647/23/1674
f 1645/23/1600 1568/23/1593 1648/23/1675
f 1568/23/1593 1574/23/1599 1608/23/1634
f 1568/23/1593 1608/23/1634 1648/23/1675
f 1574/23/1599 1646/23/1673 1608/23/1634
f 1647/23/1674 1645/23/1600 1605/23/1631
f 1647/23/1674 1605/23/1631 1649/23/1676
f 1645/23/1600 1648/23/1675 1605/23/1631
f 1608/23/1634 1646/23/1673 1610/23/1636
f 1573/23/1598 1572/23/1597 1650/23/1677
f 1573/23/1598 1650/23/1677 1646/23/1673
f 1646/23/1673 1650/23/1677 1651/23/1678
f 1646/23/1673 1651/23/1678 1610/23/1636
f 1610/23/1636 1651/23/1678 1618/23/1644
f 1648/23/1675 1608/23/1634 1607/23/1632
f 1605/23/1631 1648/23/1675 1607/23/1632
f 742/23/761 743/23/762 1653/23/1679
f 1652/23/753 738/23/756 1654/23/1680
f 738/23/756 1658/23/1664 1654/23/1680
f 738/23/756 740/23/759 1655/23/1681
f 738/23/756 1655/23/1681 1658/23/1664
f 740/23/759 742/23/761 1656/23/1682
f 740/23/759 1656/23/1682 1655/23/1681
f 742/23/761 1653/23/1679 1656/23/1682
f 1654/23/1680 1658/23/1664 1657/23/1663
f 1656/23/1682 1653/23/1679 1659/23/1683
f 1658/23/1664 1655/23/1681 1629/23/1657
f 1658/23/1664 1629/23/1657 1628/23/1655
f 1655/23/1681 1656/23/1682 1629/23/1657
f 743/23/762 748/23/767 1653/23/1679
f 1653/23/1679 748/23/767 1660/23/1684
f 1653/23/1679 1660/23/1684 1659/23/1683
f 1659/23/1683 1660/23/1684 1637/23/1665
f 1659/23/1683 1637/23/1665 1631/23/1659
f 1656/23/1682 1659/23/1683 1631/23/1659
f 1656/23/1682 1631/23/1659 1630/23/1658
f 1629/23/1657 1656/23/1682 1630/23/1658
f 1664/23/1685 1665/23/1686 1666/23/1687
f 1662/23/1688 1663/23/1689 1667/23/1690
f 1663/23/1689 1664/23/1685 1667/23/1690
f 1661/23/1691 1662/23/1688 1669/23/1692
f 1661/23/1691 1669/23/1692 1668/23/1693
f 1662/23/1688 1667/23/1690 1669/23/1692
f 1667/23/1690 1664/23/1685 1670/23/1694
f 1664/23/1685 1666/23/1687 1670/23/1694
f 1670/23/1694 1666/23/1687 1596/23/1618
f 1668/23/1693 1669/23/1692 1591/23/1628
f 1669/23/1692 1667/23/1690 1594/23/1621
f 1667/23/1690 1670/23/1694 1594/23/1621
f 1665/23/1686 1671/23/1695 1672/23/1696
f 1665/23/1686 1672/23/1696 1666/23/1687
f 1666/23/1687 1672/23/1696 1673/23/1697
f 1666/23/1687 1673/23/1697 1596/23/1618
f 1596/23/1618 1673/23/1697 1603/23/1629
f 1670/23/1694 1596/23/1618 1595/23/1617
f 1594/23/1621 1670/23/1694 1595/23/1617
f 1669/23/1692 1594/23/1621 1593/23/1620
f 1591/23/1628 1669/23/1692 1593/23/1620
f 1668/23/1693 1591/23/1628 1754/23/1698
f 1674/23/1699 1676/23/1700 1675/23/1701
f 1674/23/1699 1677/23/1702 1676/23/1700
f 1678/23/1703 1679/23/1704 1680/23/1705
f 1675/23/1701 1676/23/1700 1681/23/1706
f 1676/23/1700 1677/23/1702 1682/23/1707
f 1677/23/1702 1678/23/1703 1683/23/1708
f 1677/23/1702 1683/23/1708 1682/23/1707
f 1678/23/1703 1680/23/1705 1683/23/1708
f 1681/23/1706 1676/23/1700 1537/23/1561
f 1676/23/1700 1682/23/1707 1537/23/1561
f 1683/23/1708 1680/23/1705 1541/23/1566
f 1679/23/1704 1684/23/1709 1685/23/1710
f 1679/23/1704 1685/23/1710 1680/23/1705
f 1680/23/1705 1685/23/1710 1549/23/1574
f 1680/23/1705 1549/23/1574 1541/23/1566
f 1683/23/1708 1541/23/1566 1540/23/1565
f 1682/23/1707 1683/23/1708 1540/23/1565
f 1682/23/1707 1540/23/1565 1539/23/1569
f 1682/23/1707 1539/23/1569 1538/23/1564
f 1537/23/1561 1682/23/1707 1538/23/1564
f 1681/23/1706 1537/23/1561 1535/23/1560
f 1686/23/1711 1587/23/1613 1687/23/1712
f 1588/23/1614 1581/23/1607 1688/23/1713
f 1581/23/1607 1686/23/1711 1688/23/1713
f 1590/23/1616 1589/23/1615 1689/23/1714
f 1590/23/1616 1689/23/1714 1690/23/1715
f 1589/23/1615 1588/23/1614 1689/23/1714
f 1688/23/1713 1686/23/1711 1691/23/1716
f 1686/23/1711 1687/23/1712 1691/23/1716
f 1691/23/1716 1687/23/1712 1665/23/1686
f 1588/23/1614 1688/23/1713 1663/23/1689
f 1688/23/1713 1691/23/1716 1663/23/1689
f 1581/23/1607 1583/23/1609 1686/23/1711
f 1583/23/1609 1587/23/1613 1686/23/1711
f 1587/23/1613 1586/23/1612 1692/23/1717
f 1587/23/1613 1692/23/1717 1687/23/1712
f 1687/23/1712 1692/23/1717 1693/23/1718
f 1687/23/1712 1693/23/1718 1665/23/1686
f 1665/23/1686 1693/23/1718 1671/23/1695
f 1691/23/1716 1665/23/1686 1664/23/1685
f 1663/23/1689 1691/23/1716 1664/23/1685
f 1588/23/1614 1663/23/1689 1662/23/1688
f 1689/23/1714 1588/23/1614 1662/23/1688
f 1689/23/1714 1662/23/1688 1661/23/1691
f 1690/23/1715 1689/23/1714 1661/23/1691
f 1643/23/1671 1634/23/1656 1694/23/1719
f 1642/23/1670 1641/23/1669 1695/23/1720
f 1694/23/1719 1634/23/1656 1697/23/1721
f 1634/23/1656 1636/23/1662 1697/23/1721
f 1636/23/1662 1642/23/1670 1698/23/1722
f 1636/23/1662 1698/23/1722 1697/23/1721
f 1642/23/1670 1695/23/1720 1698/23/1722
f 1696/23/1723 1694/23/1719 1674/23/1699
f 1694/23/1719 1697/23/1721 1674/23/1699
f 1698/23/1722 1695/23/1720 1679/23/1704
f 1641/23/1669 1640/23/1668 1695/23/1720
f 1695/23/1720 1640/23/1668 1699/23/1724
f 1695/23/1720 1699/23/1724 1679/23/1704
f 1679/23/1704 1699/23/1724 1684/23/1709
f 1698/23/1722 1679/23/1704 1678/23/1703
f 1697/23/1721 1698/23/1722 1678/23/1703
f 1697/23/1721 1678/23/1703 1677/23/1702
f 1674/23/1699 1697/23/1721 1677/23/1702
f 1701/23/1725 1702/23/1726 1703/23/1727
f 1701/23/1725 1703/23/1727 1700/23/1728
f 1704/23/1729 1705/23/1730 1706/23/1731
f 1705/23/1730 1707/23/1732 1708/23/1733
f 1705/23/1730 1708/23/1733 1706/23/1731
f 1702/23/1726 1704/23/1729 1710/23/1734
f 1704/23/1729 1706/23/1731 1710/23/1734
f 1700/23/1728 1703/23/1727 1709/23/1735
f 1703/23/1727 1702/23/1726 1710/23/1734
f 1706/23/1731 1708/23/1733 1711/23/1736
f 1709/23/1735 1703/23/1727 1712/23/815
f 1703/23/1727 1710/23/1734 1712/23/815
f 1710/23/1734 1706/23/1731 800/23/817
f 1706/23/1731 1711/23/1736 800/23/817
f 1707/23/1732 1713/23/1737 1714/23/1738
f 1707/23/1732 1714/23/1738 1708/23/1733
f 1708/23/1733 1714/23/1738 1715/23/1739
f 1708/23/1733 1715/23/1739 1711/23/1736
f 1711/23/1736 1715/23/1739 806/23/823
f 1711/23/1736 806/23/823 805/23/822
f 800/23/817 1711/23/1736 805/23/822
f 1710/23/1734 800/23/817 1712/23/815
f 1709/23/1735 1712/23/815 795/23/810
f 1719/23/1740 1720/23/1741 1721/23/1742
f 1716/23/1743 1717/23/1744 1722/23/1745
f 1717/23/1744 1718/23/1746 1723/23/1747
f 1718/23/1746 1719/23/1740 1723/23/1747
f 1722/23/1745 1717/23/1744 1724/23/1748
f 1717/23/1744 1723/23/1747 1724/23/1748
f 1723/23/1747 1719/23/1740 1705/23/1730
f 1719/23/1740 1721/23/1742 1705/23/1730
f 1705/23/1730 1721/23/1742 1707/23/1732
f 1722/23/1745 1724/23/1748 1701/23/1725
f 1724/23/1748 1723/23/1747 1704/23/1729
f 1723/23/1747 1705/23/1730 1704/23/1729
f 1725/23/1749 1717/23/1744 1716/23/1743
f 1720/23/1741 1726/23/1750 1727/23/1751
f 1720/23/1741 1727/23/1751 1721/23/1742
f 1721/23/1742 1727/23/1751 1728/23/1752
f 1721/23/1742 1728/23/1752 1707/23/1732
f 1707/23/1732 1728/23/1752 1713/23/1737
f 1724/23/1748 1704/23/1729 1702/23/1726
f 1701/23/1725 1724/23/1748 1702/23/1726
f 1730/23/1753 1731/23/1754 1732/23/1755
f 1731/23/1754 1733/23/1756 1732/23/1755
f 1733/23/1756 1734/23/1757 1735/23/1758
f 1729/23/1759 1730/23/1753 1736/23/1760
f 1732/23/1755 1733/23/1756 1737/23/1761
f 1733/23/1756 1735/23/1758 1737/23/1761
f 1736/23/1760 1730/23/1753 1738/23/1762
f 1730/23/1753 1732/23/1755 1738/23/1762
f 1736/23/1760 1738/23/1762 1739/23/1763
f 1738/23/1762 1732/23/1755 1718/23/1746
f 1732/23/1755 1737/23/1761 1718/23/1746
f 1737/23/1761 1735/23/1758 1740/23/1764
f 1739/23/1763 1738/23/1762 1725/23/1749
f 1718/23/1746 1737/23/1761 1719/23/1740
f 1737/23/1761 1740/23/1764 1719/23/1740
f 1741/23/1765 1730/23/1753 1729/23/1759
f 1734/23/1757 1742/23/1766 1735/23/1758
f 1735/23/1758 1742/23/1766 1743/23/1767
f 1735/23/1758 1743/23/1767 1744/23/1768
f 1735/23/1758 1744/23/1768 1740/23/1764
f 1740/23/1764 1744/23/1768 1726/23/1750
f 1740/23/1764 1726/23/1750 1720/23/1741
f 1719/23/1740 1740/23/1764 1720/23/1741
f 1738/23/1762 1718/23/1746 1717/23/1744
f 1725/23/1749 1738/23/1762 1717/23/1744
f 1625/23/1651 1624/23/1650 1746/23/1769
f 1623/23/1649 1617/23/1643 1747/23/1770
f 1617/23/1643 1622/23/1648 1747/23/1770
f 1625/23/1651 1746/23/1769 1745/23/1771
f 1746/23/1769 1624/23/1650 1748/23/1772
f 1624/23/1650 1623/23/1649 1748/23/1772
f 1623/23/1649 1747/23/1770 1748/23/1772
f 1747/23/1770 1622/23/1648 1749/23/1773
f 1745/23/1771 1746/23/1769 1750/23/1774
f 1750/23/1774 1746/23/1769 1741/23/1765
f 1746/23/1769 1748/23/1772 1741/23/1765
f 1748/23/1772 1747/23/1770 1733/23/1756
f 1748/23/1772 1733/23/1756 1731/23/1754
f 1747/23/1770 1749/23/1773 1734/23/1757
f 1747/23/1770 1734/23/1757 1733/23/1756
f 1622/23/1648 1621/23/1647 1751/23/1775
f 1622/23/1648 1751/23/1775 1749/23/1773
f 1749/23/1773 1751/23/1775 1734/23/1757
f 1734/23/1757 1751/23/1775 1742/23/1766
f 1748/23/1772 1731/23/1754 1730/23/1753
f 1741/23/1765 1748/23/1772 1730/23/1753
f 1819/23/1776 1625/23/1651 1745/23/1771
f 1819/23/1776 1745/23/1771 1846/23/1192
f 1750/23/1774 1741/23/1765 1171/23/1184
f 1171/23/1184 1741/23/1765 1729/23/1759
f 1844/23/1185 1736/23/1760 1739/23/1763
f 1716/23/1743 1722/23/1745 1843/23/1777
f 1842/23/1778 1725/23/1749 1716/23/1743
f 1145/23/1157 1722/23/1745 1701/23/1725
f 1709/23/1735 795/23/810 932/23/940
f 1839/23/1078 1694/23/1719 1696/23/1723
f 1061/23/1066 1696/23/1723 1674/23/1699
f 1840/23/1079 1696/23/1723 1061/23/1066
f 1690/23/1715 1661/23/1691 1829/23/1779
f 1838/23/1780 1690/23/1715 1829/23/1779
f 1837/23/1781 1590/23/1616 1690/23/1715
f 1837/23/1781 1690/23/1715 1838/23/1780
f 1796/23/1782 1590/23/1616 1837/23/1781
f 1060/23/1065 1674/23/1699 1675/23/1701
f 1834/23/1067 1675/23/1701 1681/23/1706
f 1834/23/1067 1681/23/1706 1835/23/1068
f 1681/23/1706 1535/23/1560 1058/23/1069
f 1061/23/1066 1674/23/1699 1060/23/1065
f 1883/23/1783 1752/23/1784 1753/23/1785
f 1753/23/1785 1752/23/1784 1755/23/1786
f 1753/23/1785 1755/23/1786 1756/23/1787
f 1752/23/1784 1754/23/1698 1755/23/1786
f 1829/23/1779 1661/23/1691 1883/23/1783
f 1883/23/1783 1661/23/1691 1668/23/1693
f 1883/23/1783 1668/23/1693 1752/23/1784
f 1752/23/1784 1668/23/1693 1754/23/1698
f 1756/23/1787 1755/23/1786 1757/23/1788
f 1756/23/1787 1757/23/1788 1758/23/1789
f 919/23/879 1654/23/1680 1827/23/1790
f 919/23/879 1652/23/753 1654/23/1680
f 1827/23/1790 1654/23/1680 1828/23/1791
f 1654/23/1680 1657/23/1663 1828/23/1791
f 735/23/754 1652/23/753 919/23/879
f 1649/23/1676 1605/23/1631 1231/23/1250
f 1824/23/1260 1644/23/1672 1647/23/1674
f 1789/23/1261 1575/23/1601 1644/23/1672
f 1084/23/1099 1626/23/1652 1821/23/1792
f 1626/23/1652 1632/23/1654 1822/23/1098
f 1657/23/1663 1626/23/1652 1084/23/1099
f 1823/23/1077 1632/23/1654 1643/23/1671
f 1816/23/1251 1605/23/1631 1606/23/1633
f 1816/23/1251 1606/23/1633 1612/23/1639
f 1817/23/1252 1612/23/1639 1616/23/1642
f 1231/23/1250 1605/23/1631 1816/23/1251
f 1616/23/1642 1625/23/1651 1819/23/1776
f 1818/23/1247 1616/23/1642 1819/23/1776
f 1757/23/1788 1761/23/1793 1759/23/1794
f 1761/23/1793 1754/23/1698 1762/23/1795
f 1761/23/1793 1762/23/1795 1763/23/1796
f 1760/23/1797 1759/23/1794 1764/23/1798
f 1760/23/1797 1764/23/1798 1765/23/1799
f 1759/23/1794 1761/23/1793 1764/23/1798
f 1761/23/1793 1763/23/1796 1764/23/1798
f 1762/23/1795 1766/23/1800 1763/23/1796
f 1765/23/1799 1764/23/1798 1767/23/1801
f 1764/23/1798 1768/23/1802 1767/23/1801
f 1764/23/1798 1763/23/1796 1768/23/1802
f 1758/23/1789 1757/23/1788 1759/23/1794
f 1758/23/1789 1759/23/1794 1769/23/1803
f 1757/23/1788 1755/23/1786 1761/23/1793
f 1755/23/1786 1754/23/1698 1761/23/1793
f 1754/23/1698 1591/23/1628 1762/23/1795
f 1762/23/1795 1591/23/1628 1592/23/1623
f 1762/23/1795 1592/23/1623 1766/23/1800
f 1766/23/1800 1592/23/1623 1601/23/1624
f 1766/23/1800 1601/23/1624 1557/23/1588
f 1766/23/1800 1557/23/1588 1770/23/1804
f 1763/23/1796 1766/23/1800 1770/23/1804
f 1768/23/1802 1763/23/1796 1770/23/1804
f 1767/23/1801 1768/23/1802 1771/23/1805
f 1767/23/1801 1771/23/1805 1772/23/1806
f 1773/23/1807 1767/23/1801 1772/23/1806
f 1774/23/1808 1767/23/1801 1773/23/1807
f 1774/23/1808 1765/23/1799 1767/23/1801
f 1775/23/1809 1765/23/1799 1774/23/1808
f 1775/23/1809 1760/23/1797 1765/23/1799
f 1769/23/1803 1760/23/1797 1775/23/1809
f 1769/23/1803 1759/23/1794 1760/23/1797
f 1576/23/1602 1579/23/1606 1795/23/1326
f 1579/23/1606 1590/23/1616 1796/23/1782
f 1795/23/1326 1579/23/1606 1796/23/1782
f 1772/23/1806 1771/23/1805 1776/23/1810
f 1771/23/1805 1768/23/1802 1777/23/1811
f 1776/23/1810 1771/23/1805 1778/23/1812
f 1768/23/1802 1770/23/1804 1777/23/1811
f 1778/23/1812 1771/23/1805 1852/23/1813
f 1852/23/1813 1771/23/1805 1779/23/1814
f 1771/23/1805 1777/23/1811 1779/23/1814
f 1773/23/1807 1772/23/1806 1780/23/1815
f 1770/23/1804 1557/23/1588 1564/23/1589
f 1770/23/1804 1564/23/1589 1777/23/1811
f 1777/23/1811 1564/23/1589 1779/23/1814
f 1779/23/1814 1564/23/1589 1575/23/1601
f 1779/23/1814 1575/23/1601 1789/23/1261
f 1780/23/1815 1772/23/1806 1776/23/1810
f 1781/23/1330 1543/23/1562 1546/23/1572
f 1782/23/1325 1781/23/1330 1783/23/1816
f 1784/23/1817 1787/23/1818 1245/23/1272
f 1784/23/1817 1785/23/1819 1787/23/1818
f 1785/23/1819 1786/23/1820 1788/23/1821
f 1785/23/1819 1788/23/1821 1787/23/1818
f 1245/23/1272 1787/23/1818 1789/23/1261
f 1787/23/1818 1788/23/1821 1789/23/1261
f 1250/23/1278 1784/23/1817 1248/23/1274
f 1784/23/1817 1809/23/1822 1785/23/1819
f 1809/23/1822 1790/23/1823 1786/23/1820
f 1809/23/1822 1786/23/1820 1785/23/1819
f 1790/23/1823 1791/23/1824 1792/23/1825
f 1790/23/1823 1792/23/1825 1786/23/1820
f 1786/23/1820 1792/23/1825 1793/23/1826
f 1786/23/1820 1793/23/1826 1788/23/1821
f 1245/23/1272 1789/23/1261 1234/23/1255
f 1248/23/1274 1784/23/1817 1245/23/1272
f 1782/23/1325 1783/23/1816 1794/23/1324
f 1275/23/1308 1795/23/1326 1796/23/1782
f 1800/23/1827 1801/23/1828 1802/23/1829
f 1801/23/1828 1803/23/1830 1804/23/1831
f 1801/23/1828 1804/23/1831 1802/23/1829
f 1797/23/1832 1799/23/1833 1805/23/1834
f 1797/23/1832 1805/23/1834 1798/23/1835
f 1799/23/1833 1800/23/1827 1805/23/1834
f 1800/23/1827 1802/23/1829 1807/23/1836
f 1800/23/1827 1807/23/1836 1805/23/1834
f 1802/23/1829 1804/23/1831 1808/23/1837
f 1802/23/1829 1808/23/1837 1807/23/1836
f 1806/23/1838 1798/23/1835 1809/23/1822
f 1798/23/1835 1805/23/1834 1809/23/1822
f 1809/23/1822 1805/23/1834 1810/23/1839
f 1805/23/1834 1807/23/1836 1810/23/1839
f 1807/23/1836 1808/23/1837 1811/23/1840
f 1807/23/1836 1811/23/1840 1810/23/1839
f 1803/23/1830 1812/23/1841 1813/23/1842
f 1803/23/1830 1813/23/1842 1804/23/1831
f 1804/23/1831 1813/23/1842 1814/23/1843
f 1804/23/1831 1814/23/1843 1808/23/1837
f 1808/23/1837 1814/23/1843 1815/23/1844
f 1808/23/1837 1815/23/1844 1811/23/1840
f 1811/23/1840 1815/23/1844 1791/23/1824
f 1811/23/1840 1791/23/1824 1790/23/1823
f 1810/23/1839 1811/23/1840 1790/23/1823
f 1810/23/1839 1790/23/1823 1809/23/1822
f 1806/23/1838 1809/23/1822 1784/23/1817
f 1806/23/1838 1784/23/1817 1250/23/1278
f 1251/23/1280 1806/23/1838 1250/23/1278
f 1251/23/1280 1798/23/1835 1806/23/1838
f 1253/23/1282 1798/23/1835 1251/23/1280
f 1253/23/1282 1797/23/1832 1798/23/1835
f 1818/23/1247 1819/23/1776 1820/23/1191
f 1084/23/1099 1821/23/1792 1822/23/1098
f 130/23/136 919/23/879 1827/23/1790
f 130/23/136 1827/23/1790 1826/23/1104
f 1826/23/1104 1827/23/1790 1828/23/1791
f 1826/23/1104 1828/23/1791 1084/23/1099
f 1270/23/1300 1829/23/1779 1830/23/1845
f 1270/23/1300 1830/23/1845 1266/23/1297
f 1266/23/1297 1830/23/1845 1831/23/1846
f 1830/23/1845 1832/23/1847 1831/23/1846
f 1266/23/1297 1831/23/1846 1797/23/1832
f 1831/23/1846 1832/23/1847 1801/23/1828
f 1797/23/1832 1831/23/1846 1799/23/1833
f 1801/23/1828 1832/23/1847 1833/23/1848
f 1829/23/1779 1884/23/1849 1830/23/1845
f 1830/23/1845 1884/23/1849 1886/23/1850
f 1830/23/1845 1886/23/1850 1832/23/1847
f 1833/23/1848 1812/23/1841 1803/23/1830
f 1801/23/1828 1833/23/1848 1803/23/1830
f 1831/23/1846 1801/23/1828 1800/23/1827
f 1799/23/1833 1831/23/1846 1800/23/1827
f 1266/23/1297 1797/23/1832 1253/23/1282
f 1275/23/1308 1796/23/1782 1836/23/1306
f 1796/23/1782 1837/23/1781 1836/23/1306
f 1836/23/1306 1837/23/1781 1838/23/1780
f 1836/23/1306 1838/23/1780 1272/23/1302
f 1272/23/1302 1838/23/1780 1829/23/1779
f 1272/23/1302 1829/23/1779 1270/23/1300
f 1841/23/1158 932/23/940 194/23/200
f 1151/23/1165 1842/23/1778 1843/23/1777
f 1151/23/1165 1843/23/1777 1145/23/1157
f 1152/23/1166 1842/23/1778 1151/23/1165
f 1844/23/1185 1845/23/1851 1152/23/1166
f 1152/23/1166 1845/23/1851 1842/23/1778
f 1820/23/1191 1819/23/1776 1846/23/1192
f 1295/23/1329 1535/23/1560 1536/23/1563
f 1058/23/1069 1535/23/1560 1295/23/1329
f 1783/23/1816 1546/23/1572 1556/23/1581
f 1781/23/1330 1546/23/1572 1783/23/1816
f 1781/23/1330 1536/23/1563 1543/23/1562
f 1295/23/1329 1536/23/1563 1781/23/1330
f 1792/23/1825 1848/23/1852 1849/23/1853
f 1792/23/1825 1849/23/1853 1793/23/1826
f 1848/23/1852 1850/23/1854 1849/23/1853
f 1850/23/1854 1780/23/1815 1776/23/1810
f 1850/23/1854 1776/23/1810 1849/23/1853
f 1793/23/1826 1849/23/1853 1851/23/1855
f 1849/23/1853 1776/23/1810 1778/23/1812
f 1849/23/1853 1778/23/1812 1851/23/1855
f 1851/23/1855 1778/23/1812 1852/23/1813
f 1793/23/1826 1851/23/1855 1788/23/1821
f 1851/23/1855 1852/23/1813 1788/23/1821
f 1788/23/1821 1852/23/1813 1779/23/1814
f 1788/23/1821 1779/23/1814 1789/23/1261
f 1791/23/1824 1853/23/1856 1792/23/1825
f 1853/23/1856 1848/23/1852 1792/23/1825
f 1853/23/1856 1854/23/1857 1848/23/1852
f 1854/23/1857 1850/23/1854 1848/23/1852
f 1854/23/1857 1855/23/1858 1850/23/1854
f 1855/23/1858 1780/23/1815 1850/23/1854
f 1855/23/1858 1856/23/1859 1780/23/1815
f 1856/23/1859 1773/23/1807 1780/23/1815
f 1783/23/1816 1556/23/1581 1794/23/1324
f 1556/23/1581 1576/23/1602 1794/23/1324
f 1794/23/1324 1576/23/1602 1795/23/1326
f 1857/23/1860 1858/23/1861 1859/23/1862
f 1858/23/1861 1860/23/1863 1861/23/1864
f 1858/23/1861 1861/23/1864 1859/23/1862
f 1860/23/1863 1862/23/1865 1861/23/1864
f 1857/23/1860 1859/23/1862 1863/23/1866
f 1863/23/1866 1859/23/1862 1864/23/1867
f 1859/23/1862 1865/23/1868 1864/23/1867
f 1859/23/1862 1861/23/1864 1865/23/1868
f 1861/23/1864 1862/23/1865 1865/23/1868
f 1863/23/1866 1864/23/1867 1866/23/1869
f 1864/23/1867 1865/23/1868 1867/23/1870
f 1865/23/1868 1868/23/1871 1867/23/1870
f 1864/23/1867 1867/23/1870 1866/23/1869
f 1866/23/1869 1867/23/1870 1870/23/1872
f 1866/23/1869 1870/23/1872 1869/23/1873
f 1867/23/1870 1868/23/1871 1870/23/1872
f 1758/23/1789 1871/23/1874 1857/23/1860
f 1871/23/1874 1872/23/1875 1858/23/1861
f 1871/23/1874 1858/23/1861 1857/23/1860
f 1872/23/1875 1860/23/1863 1858/23/1861
f 1873/23/1876 1874/23/1877 1860/23/1863
f 1860/23/1863 1874/23/1877 1862/23/1865
f 1862/23/1865 1875/23/1878 1865/23/1868
f 1865/23/1868 1875/23/1878 1868/23/1871
f 1870/23/1872 1868/23/1871 1876/23/1879
f 1870/23/1872 1876/23/1879 1877/23/1880
f 1869/23/1873 1870/23/1872 1877/23/1880
f 1869/23/1873 1877/23/1880 1878/23/1881
f 1869/23/1873 1878/23/1881 1879/23/1882
f 1880/23/1883 1869/23/1873 1879/23/1882
f 1880/23/1883 1879/23/1882 1812/23/1841
f 1880/23/1883 1866/23/1869 1869/23/1873
f 1881/23/1884 1866/23/1869 1880/23/1883
f 1881/23/1884 1863/23/1866 1866/23/1869
f 1882/23/1885 1863/23/1866 1881/23/1884
f 1882/23/1885 1857/23/1860 1863/23/1866
f 1758/23/1789 1857/23/1860 1882/23/1885
f 1817/23/1252 1616/23/1642 1818/23/1247
f 1816/23/1251 1612/23/1639 1817/23/1252
f 1823/23/1077 1643/23/1671 1068/23/1076
f 1822/23/1098 1632/23/1654 1823/23/1077
f 1821/23/1792 1626/23/1652 1822/23/1098
f 1825/23/1256 1649/23/1676 1231/23/1250
f 1825/23/1256 1647/23/1674 1649/23/1676
f 1824/23/1260 1647/23/1674 1825/23/1256
f 1789/23/1261 1644/23/1672 1824/23/1260
f 1828/23/1791 1657/23/1663 1084/23/1099
f 1829/23/1779 1883/23/1783 1884/23/1849
f 1884/23/1849 1883/23/1783 1885/23/1886
f 1884/23/1849 1885/23/1886 1887/23/1887
f 1884/23/1849 1887/23/1887 1886/23/1850
f 1885/23/1886 1888/23/1888 1887/23/1887
f 1886/23/1850 1887/23/1887 1889/23/1889
f 1889/23/1889 1881/23/1884 1890/23/1890
f 1889/23/1889 1887/23/1887 1882/23/1885
f 1889/23/1889 1882/23/1885 1881/23/1884
f 1887/23/1887 1888/23/1888 1882/23/1885
f 1885/23/1886 1883/23/1783 1753/23/1785
f 1885/23/1886 1753/23/1785 1888/23/1888
f 1888/23/1888 1753/23/1785 1756/23/1787
f 1888/23/1888 1756/23/1787 1758/23/1789
f 1882/23/1885 1888/23/1888 1758/23/1789
f 1890/23/1890 1881/23/1884 1880/23/1883
f 1833/23/1848 1890/23/1890 1880/23/1883
f 1833/23/1848 1880/23/1883 1812/23/1841
f 1832/23/1847 1889/23/1889 1890/23/1890
f 1832/23/1847 1890/23/1890 1833/23/1848
f 1886/23/1850 1889/23/1889 1832/23/1847
f 1835/23/1068 1681/23/1706 1058/23/1069
f 1060/23/1065 1675/23/1701 1834/23/1067
f 1068/23/1076 1643/23/1671 1839/23/1078
f 1839/23/1078 1696/23/1723 1840/23/1079
f 1643/23/1671 1694/23/1719 1839/23/1078
f 1144/23/1156 1700/23/1728 1841/23/1158
f 1700/23/1728 1709/23/1735 1841/23/1158
f 1144/23/1156 1701/23/1725 1700/23/1728
f 1841/23/1158 1709/23/1735 932/23/940
f 1842/23/1778 1716/23/1743 1843/23/1777
f 1145/23/1157 1701/23/1725 1144/23/1156
f 1843/23/1777 1722/23/1745 1145/23/1157
f 1729/23/1759 1736/23/1760 1844/23/1185
f 1171/23/1184 1729/23/1759 1170/23/1183
f 1845/23/1851 1725/23/1749 1842/23/1778
f 1845/23/1851 1739/23/1763 1725/23/1749
f 1844/23/1185 1739/23/1763 1845/23/1851
f 1170/23/1183 1729/23/1759 1844/23/1185
f 1847/23/1193 1750/23/1774 1171/23/1184
f 1846/23/1192 1745/23/1771 1750/23/1774
f 1846/23/1192 1750/23/1774 1847/23/1193
f 1891/23/1891 1892/23/1892 1893/23/1893
f 1892/23/1892 1894/23/1894 1893/23/1893
f 1892/23/1892 1895/23/1895 1896/23/1896
f 1892/23/1892 1896/23/1896 1894/23/1894
f 1895/23/1895 1874/23/1877 1897/23/1897
f 1895/23/1895 1897/23/1897 1896/23/1896
f 1891/23/1891 1893/23/1893 1898/23/1898
f 1894/23/1894 1896/23/1896 1899/23/1899
f 1896/23/1896 1900/23/1900 1899/23/1899
f 1896/23/1896 1897/23/1897 1900/23/1900
f 1897/23/1897 1901/23/1901 1900/23/1900
f 1898/23/1898 1893/23/1893 1902/23/1902
f 1898/23/1898 1902/23/1902 1903/23/1903
f 1893/23/1893 1894/23/1894 1902/23/1902
f 1894/23/1894 1899/23/1899 1902/23/1902
f 1899/23/1899 1900/23/1900 1904/23/1904
f 1900/23/1900 1901/23/1901 1904/23/1904
f 1903/23/1903 1902/23/1902 1905/23/1905
f 1902/23/1902 1906/23/1906 1905/23/1905
f 1902/23/1902 1899/23/1899 1906/23/1906
f 1899/23/1899 1904/23/1904 1907/23/1907
f 1899/23/1899 1907/23/1907 1906/23/1906
f 1904/23/1904 1901/23/1901 1908/23/1908
f 1904/23/1904 1908/23/1908 1907/23/1907
f 1903/23/1903 1905/23/1905 1909/23/1909
f 1905/23/1905 1906/23/1906 1910/23/1910
f 1906/23/1906 1907/23/1907 1911/23/1911
f 1906/23/1906 1911/23/1911 1910/23/1910
f 1907/23/1907 1908/23/1908 1911/23/1911
f 1909/23/1909 1905/23/1905 1912/23/1912
f 1905/23/1905 1910/23/1910 1912/23/1912
f 1910/23/1910 1913/23/1913 1912/23/1912
f 1910/23/1910 1911/23/1911 1913/23/1913
f 1911/23/1911 1914/23/1914 1913/23/1913
f 1911/23/1911 1908/23/1908 1914/23/1914
f 1876/23/1879 1868/23/1871 1891/23/1891
f 1868/23/1871 1892/23/1892 1891/23/1891
f 1868/23/1871 1875/23/1878 1892/23/1892
f 1875/23/1878 1895/23/1895 1892/23/1892
f 1875/23/1878 1862/23/1865 1895/23/1895
f 1862/23/1865 1874/23/1877 1895/23/1895
f 1874/23/1877 1873/23/1876 1915/23/1915
f 1874/23/1877 1915/23/1915 1897/23/1897
f 1897/23/1897 1915/23/1915 1916/23/1916
f 1897/23/1897 1916/23/1916 1901/23/1901
f 1901/23/1901 1916/23/1916 1917/23/1917
f 1901/23/1901 1917/23/1917 1908/23/1908
f 1908/23/1908 1917/23/1917 1918/23/1918
f 1908/23/1908 1918/23/1918 1914/23/1914
f 1914/23/1914 1918/23/1918 1919/23/1919
f 1914/23/1914 1919/23/1919 1920/23/1920
f 1913/23/1913 1914/23/1914 1920/23/1920
f 1913/23/1913 1920/23/1920 1921/23/1921
f 1912/23/1912 1913/23/1913 1921/23/1921
f 1912/23/1912 1921/23/1921 1922/23/1922
f 1909/23/1909 1912/23/1912 1922/23/1922
f 1923/23/1923 1909/23/1909 1922/23/1922
f 1924/23/1924 1909/23/1909 1923/23/1923
f 1924/23/1924 1903/23/1903 1909/23/1909
f 1925/23/1925 1903/23/1903 1924/23/1924
f 1925/23/1925 1898/23/1898 1903/23/1903
f 1891/23/1891 1898/23/1898 1925/23/1925
f 1879/23/1882 1878/23/1881 1926/23/1926
f 1879/23/1882 1926/23/1926 1927/23/1927
f 1878/23/1881 1928/23/1928 1926/23/1926
f 1928/23/1928 1876/23/1879 1929/23/1929
f 1926/23/1926 1928/23/1928 1930/23/1930
f 1926/23/1926 1930/23/1930 1927/23/1927
f 1928/23/1928 1929/23/1929 1930/23/1930
f 1927/23/1927 1930/23/1930 1931/23/1931
f 1930/23/1930 1929/23/1929 1934/23/1932
f 1929/23/1929 1932/23/1933 1934/23/1932
f 1931/23/1931 1930/23/1930 1934/23/1932
f 1931/23/1931 1934/23/1932 1933/23/1934
f 1933/23/1934 1934/23/1932 1936/23/1935
f 1933/23/1934 1936/23/1935 1935/23/1936
f 1934/23/1932 1937/23/1937 1936/23/1935
f 1934/23/1932 1932/23/1933 1937/23/1937
f 1935/23/1936 1936/23/1935 1938/23/1938
f 1936/23/1935 1937/23/1937 1939/23/1939
f 1878/23/1881 1877/23/1880 1928/23/1928
f 1877/23/1880 1876/23/1879 1928/23/1928
f 1876/23/1879 1891/23/1891 1929/23/1929
f 1929/23/1929 1891/23/1891 1925/23/1925
f 1929/23/1929 1925/23/1925 1932/23/1933
f 1932/23/1933 1925/23/1925 1924/23/1924
f 1932/23/1933 1924/23/1924 1937/23/1937
f 1937/23/1937 1924/23/1924 1923/23/1923
f 1937/23/1937 1923/23/1923 1939/23/1939
f 1936/23/1935 1939/23/1939 1940/23/1940
f 1938/23/1938 1936/23/1935 1940/23/1940
f 1815/23/1844 1938/23/1938 1940/23/1940
f 1815/23/1844 1940/23/1940 1791/23/1824
f 1815/23/1844 1935/23/1936 1938/23/1938
f 1814/23/1843 1933/23/1934 1935/23/1936
f 1814/23/1843 1935/23/1936 1815/23/1844
f 1814/23/1843 1931/23/1931 1933/23/1934
f 1813/23/1842 1927/23/1927 1931/23/1931
f 1813/23/1842 1931/23/1931 1814/23/1843
f 1812/23/1841 1879/23/1882 1927/23/1927
f 1812/23/1841 1927/23/1927 1813/23/1842
f 1941/23/1941 1942/23/1942 1943/23/1943
f 1942/23/1942 1944/23/1944 1943/23/1943
f 1941/23/1941 1943/23/1943 1945/23/1945
f 1941/23/1941 1945/23/1945 1946/23/1946
f 1943/23/1943 1944/23/1944 1947/23/1947
f 1943/23/1943 1947/23/1947 1945/23/1945
f 1944/23/1944 1918/23/1918 1948/23/1948
f 1944/23/1944 1948/23/1948 1947/23/1947
f 1946/23/1946 1945/23/1945 1949/23/1949
f 1945/23/1945 1947/23/1947 1950/23/1950
f 1945/23/1945 1950/23/1950 1949/23/1949
f 1947/23/1947 1948/23/1948 1950/23/1950
f 1946/23/1946 1949/23/1949 1951/23/1951
f 1946/23/1946 1951/23/1951 1952/23/1952
f 1949/23/1949 1950/23/1950 1951/23/1951
f 1950/23/1950 1953/23/1953 1951/23/1951
f 1950/23/1950 1948/23/1948 1916/23/1916
f 1950/23/1950 1916/23/1916 1953/23/1953
f 1952/23/1952 1951/23/1951 1954/23/1954
f 1951/23/1951 1953/23/1953 1955/23/1955
f 1951/23/1951 1955/23/1955 1954/23/1954
f 1953/23/1953 1916/23/1916 1915/23/1915
f 1953/23/1953 1915/23/1915 1955/23/1955
f 1952/23/1952 1954/23/1954 1956/23/1956
f 1952/23/1952 1956/23/1956 1871/23/1874
f 1954/23/1954 1955/23/1955 1956/23/1956
f 1955/23/1955 1915/23/1915 1873/23/1876
f 1773/23/1807 1957/23/1957 1941/23/1941
f 1957/23/1957 1958/23/1958 1942/23/1942
f 1957/23/1957 1942/23/1942 1941/23/1941
f 1958/23/1958 1959/23/1959 1944/23/1944
f 1958/23/1958 1944/23/1944 1942/23/1942
f 1959/23/1959 1919/23/1919 1918/23/1918
f 1959/23/1959 1918/23/1918 1944/23/1944
f 1918/23/1918 1917/23/1917 1948/23/1948
f 1948/23/1948 1917/23/1917 1916/23/1916
f 1955/23/1955 1873/23/1876 1860/23/1863
f 1955/23/1955 1860/23/1863 1872/23/1875
f 1956/23/1956 1955/23/1955 1872/23/1875
f 1871/23/1874 1956/23/1956 1872/23/1875
f 1769/23/1803 1871/23/1874 1758/23/1789
f 1769/23/1803 1952/23/1952 1871/23/1874
f 1775/23/1809 1952/23/1952 1769/23/1803
f 1775/23/1809 1946/23/1946 1952/23/1952
f 1774/23/1808 1946/23/1946 1775/23/1809
f 1774/23/1808 1941/23/1941 1946/23/1946
f 1773/23/1807 1941/23/1941 1774/23/1808
f 1961/23/1960 1962/23/1961 1963/23/1962
f 1962/23/1961 1922/23/1922 1963/23/1962
f 1960/23/1963 1961/23/1960 1964/23/1964
f 1960/23/1963 1964/23/1964 1854/23/1857
f 1961/23/1960 1963/23/1962 1964/23/1964
f 1964/23/1964 1963/23/1962 1965/23/1965
f 1963/23/1962 1922/23/1922 1965/23/1965
f 1854/23/1857 1964/23/1964 1966/23/1966
f 1854/23/1857 1966/23/1966 1855/23/1858
f 1964/23/1964 1965/23/1965 1966/23/1966
f 1965/23/1965 1967/23/1967 1966/23/1966
f 1965/23/1965 1920/23/1920 1967/23/1967
f 1855/23/1858 1966/23/1966 1958/23/1958
f 1855/23/1858 1958/23/1958 1856/23/1859
f 1966/23/1966 1959/23/1959 1958/23/1958
f 1966/23/1966 1967/23/1967 1959/23/1959
f 1967/23/1967 1920/23/1920 1919/23/1919
f 1967/23/1967 1919/23/1919 1959/23/1959
f 1791/23/1824 1940/23/1940 1960/23/1963
f 1791/23/1824 1960/23/1963 1853/23/1856
f 1940/23/1940 1961/23/1960 1960/23/1963
f 1940/23/1940 1962/23/1961 1961/23/1960
f 1940/23/1940 1939/23/1939 1962/23/1961
f 1939/23/1939 1923/23/1923 1962/23/1961
f 1923/23/1923 1922/23/1922 1962/23/1961
f 1922/23/1922 1921/23/1921 1965/23/1965
f 1965/23/1965 1921/23/1921 1920/23/1920
f 1856/23/1859 1958/23/1958 1957/23/1957
f 1856/23/1859 1957/23/1957 1773/23/1807
f 1853/23/1856 1960/23/1963 1854/23/1857
f 1968/23/1968 1969/23/1969 1970/23/1970
f 1970/23/1970 1972/23/1971 1973/23/1972
f 1970/23/1970 1971/23/1973 1972/23/1971
f 2623/23/1974 1968/23/1968 2625/23/1975
f 1969/23/1969 1985/23/1976 1970/23/1970
f 1970/23/1970 1985/23/1976 1971/23/1973
f 1972/23/1971 1971/23/1973 1974/23/1977
f 1975/23/1978 1970/23/1970 1973/23/1972
f 2671/23/1979 1970/23/1970 1975/23/1978
f 2625/23/1975 1968/23/1968 1970/23/1970
f 2625/23/1975 1970/23/1970 2671/23/1979
f 1973/23/1972 1972/23/1971 1976/23/1980
f 1972/23/1971 1977/23/1981 1976/23/1980
f 1972/23/1971 1974/23/1977 1977/23/1981
f 1976/23/1980 1977/23/1981 1978/23/1982
f 1975/23/1978 1973/23/1972 2674/23/1983
f 1977/23/1981 1984/23/1984 1988/23/1985
f 1978/23/1982 1977/23/1981 1988/23/1985
f 2673/23/1986 1976/23/1980 1978/23/1982
f 2673/23/1986 1978/23/1982 2659/23/1987
f 2674/23/1983 1973/23/1972 1976/23/1980
f 1974/23/1977 1979/23/1988 1981/23/1989
f 1974/23/1977 1981/23/1989 1977/23/1981
f 1981/23/1989 1980/23/1990 1982/23/1991
f 1981/23/1989 1982/23/1991 1983/23/1992
f 1977/23/1981 1981/23/1989 1984/23/1984
f 1981/23/1989 1983/23/1992 1984/23/1984
f 1979/23/1988 1980/23/1990 1981/23/1989
f 1982/23/1991 2014/23/1993 1983/23/1992
f 1985/23/1976 1986/23/1994 1987/23/1995
f 1985/23/1976 1987/23/1995 1971/23/1973
f 1971/23/1973 1987/23/1995 1979/23/1988
f 1987/23/1995 1980/23/1990 1979/23/1988
f 1987/23/1995 2007/23/1996 1980/23/1990
f 1985/23/1976 2184/23/1997 1986/23/1994
f 1986/23/1994 2007/23/1996 1987/23/1995
f 1971/23/1973 1979/23/1988 1974/23/1977
f 1978/23/1982 1988/23/1985 1989/23/1998
f 1989/23/1998 1988/23/1985 1990/23/1999
f 1993/23/2000 1989/23/1998 1991/23/2001
f 1991/23/2001 1989/23/1998 1992/23/2002
f 1989/23/1998 1990/23/1999 1992/23/2002
f 2658/23/2003 1989/23/1998 1993/23/2000
f 2659/23/1987 1978/23/1982 1989/23/1998
f 2659/23/1987 1989/23/1998 2658/23/2003
f 1991/23/2001 1992/23/2002 1994/23/2004
f 1991/23/2001 1994/23/2004 1995/23/2005
f 1994/23/2004 1992/23/2002 1996/23/2006
f 1995/23/2005 1994/23/2004 1997/23/2007
f 1995/23/2005 1997/23/2007 2805/23/2008
f 1994/23/2004 1996/23/2006 1997/23/2007
f 1992/23/2002 1998/23/2009 1999/23/2010
f 1999/23/2010 2000/23/2011 2001/23/2012
f 1992/23/2002 1999/23/2010 1996/23/2006
f 1996/23/2006 1999/23/2010 2002/23/2013
f 1999/23/2010 2001/23/2012 2003/23/2014
f 1999/23/2010 2003/23/2014 2002/23/2013
f 1998/23/2009 2000/23/2011 1999/23/2010
f 1984/23/1984 2004/23/2015 1988/23/1985
f 1984/23/1984 1983/23/1992 2004/23/2015
f 1983/23/1992 2005/23/2016 2004/23/2015
f 1988/23/1985 2004/23/2015 1990/23/1999
f 2004/23/2015 2005/23/2016 1998/23/2009
f 1990/23/1999 2004/23/2015 1998/23/2009
f 1998/23/2009 2005/23/2016 2000/23/2011
f 1983/23/1992 2014/23/1993 2005/23/2016
f 1990/23/1999 1998/23/2009 1992/23/2002
f 1986/23/1994 2008/23/2017 2007/23/1996
f 1986/23/1994 2006/23/2018 2008/23/2017
f 2007/23/1996 2010/23/2019 1980/23/1990
f 2007/23/1996 2008/23/2017 2010/23/2019
f 2008/23/2017 2009/23/2020 2010/23/2019
f 2184/23/1997 2244/23/2021 1986/23/1994
f 2244/23/2021 2245/23/2022 2006/23/2018
f 2244/23/2021 2006/23/2018 1986/23/1994
f 2008/23/2017 2006/23/2018 2009/23/2020
f 1980/23/1990 2010/23/2019 1982/23/1991
f 2010/23/2019 2011/23/2023 1982/23/1991
f 1982/23/1991 2011/23/2023 2012/23/2024
f 2011/23/2023 2013/23/2025 2012/23/2024
f 1982/23/1991 2012/23/2024 2014/23/1993
f 2010/23/2019 2009/23/2020 2011/23/2023
f 2016/23/2026 2017/23/2027 2018/23/2028
f 2015/23/2029 2016/23/2026 2019/23/2030
f 2016/23/2026 2018/23/2028 2019/23/2030
f 2015/23/2029 2019/23/2030 2013/23/2025
f 2009/23/2020 2015/23/2029 2011/23/2023
f 2018/23/2028 2020/23/2031 2021/23/2032
f 2019/23/2030 2018/23/2028 2021/23/2032
f 2011/23/2023 2015/23/2029 2013/23/2025
f 2006/23/2018 2022/23/2033 2009/23/2020
f 2009/23/2020 2022/23/2033 2015/23/2029
f 2022/23/2033 2023/23/2034 2015/23/2029
f 2006/23/2018 2248/23/2035 2022/23/2033
f 2248/23/2035 2024/23/2036 2022/23/2033
f 2022/23/2033 2024/23/2036 2023/23/2034
f 2023/23/2034 2017/23/2027 2016/23/2026
f 2015/23/2029 2023/23/2034 2016/23/2026
f 2014/23/1993 2012/23/2024 2005/23/2016
f 2012/23/2024 2013/23/2025 2025/23/2037
f 2005/23/2016 2012/23/2024 2026/23/2038
f 2012/23/2024 2025/23/2037 2026/23/2038
f 2005/23/2016 2026/23/2038 2000/23/2011
f 2026/23/2038 2025/23/2037 2027/23/2039
f 2000/23/2011 2026/23/2038 2028/23/2040
f 2026/23/2038 2027/23/2039 2028/23/2040
f 2000/23/2011 2028/23/2040 2001/23/2012
f 2028/23/2040 2027/23/2039 2029/23/2041
f 2001/23/2012 2028/23/2040 2030/23/2042
f 2028/23/2040 2029/23/2041 2030/23/2042
f 2001/23/2012 2030/23/2042 2003/23/2014
f 2030/23/2042 2029/23/2041 2031/23/2043
f 2003/23/2014 2030/23/2042 2032/23/2044
f 2030/23/2042 2031/23/2043 2032/23/2044
f 2027/23/2039 2033/23/2045 2034/23/2046
f 2027/23/2039 2034/23/2046 2029/23/2041
f 2029/23/2041 2034/23/2046 2036/23/2047
f 2036/23/2047 2034/23/2046 2037/23/2048
f 2029/23/2041 2036/23/2047 2031/23/2043
f 2033/23/2045 2035/23/2049 2034/23/2046
f 2034/23/2046 2035/23/2049 2273/23/2050
f 2034/23/2046 2273/23/2050 2037/23/2048
f 2013/23/2025 2019/23/2030 2025/23/2037
f 2019/23/2030 2021/23/2032 2025/23/2037
f 2025/23/2037 2021/23/2032 2033/23/2045
f 2025/23/2037 2033/23/2045 2027/23/2039
f 2021/23/2032 2020/23/2031 2033/23/2045
f 2033/23/2045 2020/23/2031 2268/23/2051
f 2033/23/2045 2268/23/2051 2035/23/2049
f 2038/23/2052 2039/23/2053 2040/23/2054
f 2038/23/2052 2040/23/2054 2041/23/2055
f 2041/23/2055 2040/23/2054 2042/23/2056
f 2041/23/2055 2042/23/2056 2043/23/2057
f 2039/23/2053 2044/23/2058 2040/23/2054
f 2040/23/2054 2044/23/2058 2062/23/2059
f 2040/23/2054 2062/23/2059 2042/23/2056
f 2038/23/2052 2041/23/2055 2676/23/2060
f 2043/23/2057 2042/23/2056 2045/23/2061
f 2043/23/2057 2045/23/2061 2046/23/2062
f 2045/23/2061 2042/23/2056 2047/23/2063
f 2045/23/2061 2047/23/2063 2049/23/2064
f 2046/23/2062 2045/23/2061 2049/23/2064
f 2046/23/2062 2049/23/2064 2048/23/2065
f 2042/23/2056 2062/23/2059 2050/23/2066
f 2042/23/2056 2050/23/2066 2047/23/2063
f 2049/23/2064 2047/23/2063 2051/23/2067
f 2052/23/2068 2053/23/2069 2054/23/2070
f 2050/23/2066 2052/23/2068 2055/23/2071
f 2052/23/2068 2054/23/2070 2055/23/2071
f 2047/23/2063 2050/23/2066 2055/23/2071
f 2055/23/2071 2054/23/2070 2056/23/2072
f 2062/23/2059 2052/23/2068 2050/23/2066
f 2055/23/2071 2056/23/2072 2057/23/2073
f 2047/23/2063 2055/23/2071 2051/23/2067
f 2059/23/2074 2060/23/2075 2058/23/2076
f 2058/23/2076 2060/23/2075 2061/23/2077
f 2044/23/2058 2058/23/2076 2062/23/2059
f 2058/23/2076 2061/23/2077 2062/23/2059
f 2061/23/2077 2060/23/2075 2053/23/2069
f 2039/23/2053 2063/23/2078 2044/23/2058
f 2063/23/2078 2058/23/2076 2044/23/2058
f 2061/23/2077 2053/23/2069 2052/23/2068
f 2062/23/2059 2061/23/2077 2052/23/2068
f 2048/23/2065 2049/23/2064 2064/23/2079
f 2049/23/2064 2065/23/2080 2064/23/2079
f 2049/23/2064 2051/23/2067 2065/23/2080
f 2064/23/2079 2065/23/2080 2066/23/2081
f 2066/23/2081 2065/23/2080 2067/23/2082
f 2051/23/2067 2068/23/2083 2065/23/2080
f 2066/23/2081 2067/23/2082 2069/23/2084
f 2680/23/2085 2064/23/2079 2066/23/2081
f 2067/23/2082 2068/23/2083 2071/23/2086
f 2067/23/2082 2071/23/2086 2070/23/2087
f 2070/23/2087 2071/23/2086 2072/23/2088
f 2070/23/2087 2072/23/2088 2073/23/2089
f 2065/23/2080 2068/23/2083 2067/23/2082
f 2074/23/2090 2073/23/2089 2656/23/2091
f 2070/23/2087 2073/23/2089 2074/23/2090
f 2069/23/2084 2067/23/2082 2070/23/2087
f 2069/23/2084 2070/23/2087 2682/23/2092
f 2068/23/2083 2075/23/2093 2071/23/2086
f 2075/23/2093 2077/23/2094 2071/23/2086
f 2075/23/2093 2076/23/2095 2077/23/2094
f 2071/23/2086 2078/23/2096 2072/23/2088
f 2071/23/2086 2077/23/2094 2078/23/2096
f 2072/23/2088 2078/23/2096 2079/23/2097
f 2078/23/2096 2077/23/2094 2080/23/2098
f 2078/23/2096 2080/23/2098 2079/23/2097
f 2076/23/2095 2104/23/2099 2077/23/2094
f 2051/23/2067 2081/23/2100 2068/23/2083
f 2051/23/2067 2057/23/2073 2081/23/2100
f 2051/23/2067 2055/23/2071 2057/23/2073
f 2056/23/2072 2099/23/2101 2057/23/2073
f 2057/23/2073 2076/23/2095 2081/23/2100
f 2081/23/2100 2076/23/2095 2075/23/2093
f 2068/23/2083 2081/23/2100 2075/23/2093
f 2060/23/2075 2082/23/2102 2083/23/2103
f 2082/23/2102 2084/23/2104 2083/23/2103
f 2060/23/2075 2083/23/2103 2053/23/2069
f 2053/23/2069 2083/23/2103 2086/23/2105
f 2083/23/2103 2085/23/2106 2086/23/2105
f 2059/23/2074 2082/23/2102 2060/23/2075
f 2086/23/2105 2089/23/2107 2088/23/2108
f 2086/23/2105 2088/23/2108 2054/23/2070
f 2054/23/2070 2088/23/2108 2090/23/2109
f 2054/23/2070 2090/23/2109 2056/23/2072
f 2088/23/2108 2100/23/2110 2090/23/2109
f 2086/23/2105 2085/23/2106 2089/23/2107
f 2089/23/2107 2093/23/2111 2088/23/2108
f 2088/23/2108 2093/23/2111 2100/23/2110
f 2053/23/2069 2086/23/2105 2054/23/2070
f 2089/23/2107 2091/23/2112 2093/23/2111
f 2093/23/2111 2091/23/2112 2094/23/2113
f 2091/23/2112 2092/23/2114 2094/23/2113
f 2092/23/2114 2379/23/2115 2385/23/2116
f 2092/23/2114 2385/23/2116 2384/23/2117
f 2092/23/2114 2384/23/2117 2094/23/2113
f 2093/23/2111 2094/23/2113 2109/23/2118
f 2087/23/2119 2095/23/2120 2097/23/2121
f 2095/23/2120 2096/23/2122 2097/23/2121
f 2097/23/2121 2096/23/2122 2098/23/2123
f 2098/23/2123 2379/23/2115 2092/23/2114
f 2098/23/2123 2092/23/2114 2091/23/2112
f 2097/23/2121 2098/23/2123 2091/23/2112
f 2097/23/2121 2091/23/2112 2089/23/2107
f 2085/23/2106 2097/23/2121 2089/23/2107
f 2083/23/2103 2097/23/2121 2085/23/2106
f 2083/23/2103 2087/23/2119 2097/23/2121
f 2084/23/2104 2087/23/2119 2083/23/2103
f 2099/23/2101 2090/23/2109 2100/23/2110
f 2099/23/2101 2100/23/2110 2101/23/2124
f 2099/23/2101 2101/23/2124 2076/23/2095
f 2056/23/2072 2090/23/2109 2099/23/2101
f 2100/23/2110 2111/23/2125 2101/23/2124
f 2076/23/2095 2101/23/2124 2102/23/2126
f 2057/23/2073 2099/23/2101 2076/23/2095
f 2076/23/2095 2102/23/2126 2104/23/2099
f 2102/23/2126 2103/23/2127 2104/23/2099
f 2077/23/2094 2104/23/2099 2105/23/2128
f 2077/23/2094 2105/23/2128 2080/23/2098
f 2104/23/2099 2103/23/2127 2108/23/2129
f 2104/23/2099 2108/23/2129 2105/23/2128
f 2102/23/2126 2101/23/2124 2103/23/2127
f 2103/23/2127 2106/23/2130 2107/23/2131
f 2103/23/2127 2107/23/2131 2108/23/2129
f 2101/23/2124 2111/23/2125 2103/23/2127
f 2111/23/2125 2106/23/2130 2103/23/2127
f 2106/23/2130 2366/23/2132 2369/23/2133
f 2106/23/2130 2369/23/2133 2107/23/2131
f 2109/23/2118 2094/23/2113 2110/23/2134
f 2109/23/2118 2110/23/2134 2111/23/2125
f 2111/23/2125 2110/23/2134 2106/23/2130
f 2100/23/2110 2093/23/2111 2109/23/2118
f 2094/23/2113 2384/23/2117 2367/23/2135
f 2094/23/2113 2367/23/2135 2110/23/2134
f 2110/23/2134 2367/23/2135 2366/23/2132
f 2110/23/2134 2366/23/2132 2106/23/2130
f 2100/23/2110 2109/23/2118 2111/23/2125
f 2112/23/2136 2072/23/2088 2113/23/2137
f 2112/23/2136 2113/23/2137 2114/23/2138
f 2112/23/2136 2114/23/2138 2115/23/2139
f 2656/23/2091 2073/23/2089 2112/23/2136
f 2073/23/2089 2072/23/2088 2112/23/2136
f 2115/23/2139 2114/23/2138 2116/23/2140
f 2117/23/2141 2112/23/2136 2115/23/2139
f 2655/23/2142 2112/23/2136 2117/23/2141
f 2656/23/2091 2112/23/2136 2655/23/2142
f 2116/23/2140 2120/23/2143 2119/23/2144
f 2118/23/2145 2119/23/2144 2120/23/2143
f 2118/23/2145 2120/23/2143 2661/23/2146
f 2661/23/2146 2120/23/2143 2122/23/2147
f 2120/23/2143 2121/23/2148 2122/23/2147
f 2117/23/2141 2115/23/2139 2118/23/2145
f 2115/23/2139 2119/23/2144 2118/23/2145
f 2115/23/2139 2116/23/2140 2119/23/2144
f 2116/23/2140 2123/23/2149 2120/23/2143
f 2120/23/2143 2123/23/2149 2125/23/2150
f 2120/23/2143 2125/23/2150 2121/23/2148
f 2122/23/2147 2121/23/2148 2133/23/2151
f 2123/23/2149 2124/23/2152 2126/23/2153
f 2123/23/2149 2126/23/2153 2125/23/2150
f 2116/23/2140 2131/23/2154 2123/23/2149
f 2131/23/2154 2124/23/2152 2123/23/2149
f 2131/23/2154 2132/23/2155 2124/23/2152
f 2132/23/2155 2128/23/2156 2124/23/2152
f 2124/23/2152 2128/23/2156 2126/23/2153
f 2126/23/2153 2127/23/2157 2129/23/2158
f 2125/23/2150 2126/23/2153 2129/23/2158
f 2121/23/2148 2125/23/2150 2129/23/2158
f 2079/23/2097 2130/23/2159 2113/23/2137
f 2113/23/2137 2130/23/2159 2131/23/2154
f 2130/23/2159 2132/23/2155 2131/23/2154
f 2113/23/2137 2131/23/2154 2116/23/2140
f 2079/23/2097 2080/23/2098 2130/23/2159
f 2130/23/2159 2187/23/2160 2132/23/2155
f 2114/23/2138 2113/23/2137 2116/23/2140
f 2072/23/2088 2079/23/2097 2113/23/2137
f 2121/23/2148 2134/23/2161 2133/23/2151
f 2122/23/2147 2133/23/2151 2135/23/2162
f 2133/23/2151 2134/23/2161 2136/23/2163
f 2135/23/2162 2133/23/2151 2136/23/2163
f 2136/23/2163 2134/23/2161 2137/23/2164
f 2135/23/2162 2136/23/2163 2626/23/2165
f 2139/23/2166 2137/23/2164 2141/23/2167
f 2140/23/2168 2139/23/2166 2142/23/2169
f 2139/23/2166 2141/23/2167 2142/23/2169
f 2626/23/2165 2136/23/2163 2139/23/2166
f 2136/23/2163 2137/23/2164 2139/23/2166
f 2137/23/2164 2138/23/2170 2148/23/2171
f 2137/23/2164 2148/23/2171 2141/23/2167
f 2141/23/2167 2148/23/2171 2143/23/2172
f 2142/23/2169 2141/23/2167 2143/23/2172
f 2138/23/2170 2145/23/2173 2146/23/2174
f 2145/23/2173 2147/23/2175 2146/23/2174
f 2138/23/2170 2146/23/2174 2148/23/2171
f 2146/23/2174 2147/23/2175 2149/23/2176
f 2148/23/2171 2146/23/2174 2150/23/2177
f 2146/23/2174 2149/23/2176 2150/23/2177
f 2150/23/2177 2149/23/2176 2151/23/2178
f 2148/23/2171 2150/23/2177 2152/23/2179
f 2148/23/2171 2152/23/2179 2143/23/2172
f 2121/23/2148 2129/23/2158 2134/23/2161
f 2129/23/2158 2153/23/2180 2134/23/2161
f 2129/23/2158 2127/23/2157 2153/23/2180
f 2127/23/2157 2154/23/2181 2153/23/2180
f 2134/23/2161 2153/23/2180 2145/23/2173
f 2153/23/2180 2154/23/2181 2145/23/2173
f 2154/23/2181 2206/23/2182 2145/23/2173
f 2145/23/2173 2206/23/2182 2147/23/2175
f 2134/23/2161 2145/23/2173 2138/23/2170
f 2137/23/2164 2134/23/2161 2138/23/2170
f 2144/23/2183 2143/23/2172 2156/23/2184
f 2143/23/2172 2155/23/2185 2156/23/2184
f 2144/23/2183 2157/23/2186 2159/23/2187
f 2144/23/2183 2156/23/2184 2157/23/2186
f 2156/23/2184 2158/23/2188 2157/23/2186
f 2156/23/2184 2155/23/2185 2158/23/2188
f 2142/23/2169 2143/23/2172 2144/23/2183
f 2157/23/2186 2158/23/2188 2162/23/2189
f 2158/23/2188 2161/23/2190 2162/23/2189
f 2160/23/2191 2157/23/2186 2162/23/2189
f 2160/23/2191 2162/23/2189 2163/23/2192
f 2162/23/2189 2164/23/2193 2163/23/2192
f 2162/23/2189 2161/23/2190 2164/23/2193
f 2165/23/2194 2163/23/2192 2638/23/2195
f 2160/23/2191 2163/23/2192 2165/23/2194
f 2159/23/2187 2157/23/2186 2160/23/2191
f 2161/23/2190 2166/23/2196 2168/23/2197
f 2166/23/2196 2167/23/2198 2168/23/2197
f 2168/23/2197 2167/23/2198 2169/23/2199
f 2168/23/2197 2169/23/2199 2170/23/2200
f 2164/23/2193 2168/23/2197 2170/23/2200
f 2161/23/2190 2168/23/2197 2164/23/2193
f 2150/23/2177 2151/23/2178 2152/23/2179
f 2152/23/2179 2171/23/2201 2155/23/2185
f 2152/23/2179 2151/23/2178 2171/23/2201
f 2151/23/2178 2172/23/2202 2171/23/2201
f 2171/23/2201 2172/23/2202 2167/23/2198
f 2171/23/2201 2167/23/2198 2166/23/2196
f 2155/23/2185 2171/23/2201 2166/23/2196
f 2155/23/2185 2166/23/2196 2161/23/2190
f 2158/23/2188 2155/23/2185 2161/23/2190
f 2143/23/2172 2152/23/2179 2155/23/2185
f 2173/23/2203 2164/23/2193 2174/23/2204
f 2173/23/2203 2174/23/2204 2175/23/2205
f 2173/23/2203 2175/23/2205 2176/23/2206
f 2174/23/2204 2180/23/2207 2175/23/2205
f 2163/23/2192 2164/23/2193 2173/23/2203
f 2175/23/2205 2180/23/2207 2178/23/2208
f 2176/23/2206 2175/23/2205 2178/23/2208
f 2636/23/2209 2173/23/2203 2176/23/2206
f 2637/23/2210 2173/23/2203 2636/23/2209
f 2638/23/2195 2163/23/2192 2173/23/2203
f 2638/23/2195 2173/23/2203 2637/23/2210
f 2177/23/2211 2178/23/2208 2179/23/2212
f 2178/23/2208 2182/23/2213 2179/23/2212
f 2179/23/2212 2182/23/2213 1969/23/1969
f 2179/23/2212 1969/23/1969 1968/23/1968
f 2612/23/2214 2176/23/2206 2624/23/2215
f 2176/23/2206 2178/23/2208 2177/23/2211
f 2623/23/1974 2179/23/2212 1968/23/1968
f 2623/23/1974 2177/23/2211 2179/23/2212
f 2624/23/2215 2177/23/2211 2623/23/1974
f 2624/23/2215 2176/23/2206 2177/23/2211
f 2180/23/2207 2183/23/2216 2182/23/2213
f 2180/23/2207 2181/23/2217 2183/23/2216
f 2182/23/2213 2183/23/2216 1985/23/1976
f 2182/23/2213 1985/23/1976 1969/23/1969
f 2183/23/2216 2184/23/1997 1985/23/1976
f 2183/23/2216 2181/23/2217 2184/23/1997
f 2178/23/2208 2180/23/2207 2182/23/2213
f 2185/23/2218 2186/23/2219 2170/23/2200
f 2170/23/2200 2186/23/2219 2180/23/2207
f 2170/23/2200 2169/23/2199 2185/23/2218
f 2185/23/2218 2238/23/2220 2186/23/2219
f 2186/23/2219 2240/23/2221 2181/23/2217
f 2186/23/2219 2181/23/2217 2180/23/2207
f 2174/23/2204 2170/23/2200 2180/23/2207
f 2164/23/2193 2170/23/2200 2174/23/2204
f 2080/23/2098 2105/23/2128 2187/23/2160
f 2105/23/2128 2188/23/2222 2187/23/2160
f 2105/23/2128 2108/23/2129 2188/23/2222
f 2187/23/2160 2189/23/2223 2132/23/2155
f 2187/23/2160 2188/23/2222 2189/23/2223
f 2188/23/2222 2190/23/2224 2189/23/2223
f 2188/23/2222 2201/23/2225 2190/23/2224
f 2080/23/2098 2187/23/2160 2130/23/2159
f 2128/23/2156 2191/23/2226 2192/23/2227
f 2192/23/2227 2193/23/2228 2127/23/2157
f 2192/23/2227 2191/23/2226 2193/23/2228
f 2191/23/2226 2194/23/2229 2193/23/2228
f 2132/23/2155 2189/23/2223 2128/23/2156
f 2189/23/2223 2191/23/2226 2128/23/2156
f 2189/23/2223 2190/23/2224 2191/23/2226
f 2126/23/2153 2192/23/2227 2127/23/2157
f 2128/23/2156 2192/23/2227 2126/23/2153
f 2195/23/2230 2196/23/2231 2197/23/2232
f 2195/23/2230 2197/23/2232 2198/23/2233
f 2195/23/2230 2198/23/2233 2194/23/2229
f 2203/23/2234 2196/23/2231 2195/23/2230
f 2196/23/2231 2200/23/2235 2197/23/2232
f 2197/23/2232 2199/23/2236 2198/23/2233
f 2191/23/2226 2195/23/2230 2194/23/2229
f 2190/23/2224 2203/23/2234 2195/23/2230
f 2190/23/2224 2195/23/2230 2191/23/2226
f 2107/23/2131 2202/23/2237 2201/23/2225
f 2201/23/2225 2203/23/2234 2190/23/2224
f 2201/23/2225 2202/23/2237 2203/23/2234
f 2203/23/2234 2202/23/2237 2196/23/2231
f 2108/23/2129 2107/23/2131 2201/23/2225
f 2202/23/2237 2200/23/2235 2196/23/2231
f 2108/23/2129 2201/23/2225 2188/23/2222
f 2127/23/2157 2193/23/2228 2154/23/2181
f 2193/23/2228 2204/23/2238 2154/23/2181
f 2193/23/2228 2194/23/2229 2204/23/2238
f 2194/23/2229 2205/23/2239 2204/23/2238
f 2154/23/2181 2204/23/2238 2206/23/2182
f 2204/23/2238 2207/23/2240 2206/23/2182
f 2204/23/2238 2205/23/2239 2207/23/2240
f 2205/23/2239 2221/23/2241 2207/23/2240
f 2207/23/2240 2221/23/2241 2208/23/2242
f 2207/23/2240 2208/23/2242 2209/23/2243
f 2206/23/2182 2207/23/2240 2209/23/2243
f 2206/23/2182 2209/23/2243 2147/23/2175
f 2147/23/2175 2209/23/2243 2210/23/2244
f 2147/23/2175 2210/23/2244 2149/23/2176
f 2209/23/2243 2208/23/2242 2211/23/2245
f 2209/23/2243 2211/23/2245 2210/23/2244
f 2210/23/2244 2211/23/2245 2212/23/2246
f 2210/23/2244 2212/23/2246 2213/23/2247
f 2149/23/2176 2210/23/2244 2213/23/2247
f 2149/23/2176 2213/23/2247 2151/23/2178
f 2208/23/2242 2214/23/2248 2217/23/2249
f 2208/23/2242 2217/23/2249 2211/23/2245
f 2214/23/2248 2215/23/2250 2217/23/2249
f 2215/23/2250 2216/23/2251 2217/23/2249
f 2217/23/2249 2216/23/2251 2218/23/2252
f 2217/23/2249 2218/23/2252 2219/23/2253
f 2211/23/2245 2217/23/2249 2219/23/2253
f 2211/23/2245 2219/23/2253 2212/23/2246
f 2194/23/2229 2198/23/2233 2205/23/2239
f 2198/23/2233 2199/23/2236 2220/23/2254
f 2205/23/2239 2198/23/2233 2221/23/2241
f 2198/23/2233 2220/23/2254 2221/23/2241
f 2221/23/2241 2220/23/2254 2215/23/2250
f 2220/23/2254 2222/23/2255 2215/23/2250
f 2221/23/2241 2215/23/2250 2214/23/2248
f 2221/23/2241 2214/23/2248 2208/23/2242
f 2151/23/2178 2213/23/2247 2172/23/2202
f 2213/23/2247 2223/23/2256 2172/23/2202
f 2213/23/2247 2212/23/2246 2223/23/2256
f 2212/23/2246 2224/23/2257 2223/23/2256
f 2223/23/2256 2224/23/2257 2225/23/2258
f 2225/23/2258 2224/23/2257 2226/23/2259
f 2172/23/2202 2223/23/2256 2225/23/2258
f 2172/23/2202 2225/23/2258 2167/23/2198
f 2225/23/2258 2226/23/2259 2167/23/2198
f 2167/23/2198 2226/23/2259 2228/23/2260
f 2228/23/2260 2226/23/2259 2229/23/2261
f 2226/23/2259 2227/23/2262 2229/23/2261
f 2169/23/2199 2167/23/2198 2228/23/2260
f 2230/23/2263 2231/23/2264 2233/23/2265
f 2231/23/2264 2232/23/2266 2233/23/2265
f 2227/23/2262 2230/23/2263 2234/23/2267
f 2230/23/2263 2233/23/2265 2234/23/2267
f 2234/23/2267 2233/23/2265 2235/23/2268
f 2226/23/2259 2230/23/2263 2227/23/2262
f 2219/23/2253 2218/23/2252 2237/23/2269
f 2212/23/2246 2219/23/2253 2236/23/2270
f 2219/23/2253 2237/23/2269 2236/23/2270
f 2236/23/2270 2237/23/2269 2231/23/2264
f 2237/23/2269 2232/23/2266 2231/23/2264
f 2236/23/2270 2231/23/2264 2230/23/2263
f 2224/23/2257 2236/23/2270 2230/23/2263
f 2224/23/2257 2230/23/2263 2226/23/2259
f 2212/23/2246 2236/23/2270 2224/23/2257
f 2228/23/2260 2229/23/2261 2239/23/2271
f 2228/23/2260 2239/23/2271 2238/23/2220
f 2238/23/2220 2241/23/2272 2240/23/2221
f 2238/23/2220 2239/23/2271 2241/23/2272
f 2239/23/2271 2242/23/2273 2241/23/2272
f 2169/23/2199 2228/23/2260 2185/23/2218
f 2229/23/2261 2227/23/2262 2239/23/2271
f 2186/23/2219 2238/23/2220 2240/23/2221
f 2185/23/2218 2228/23/2260 2238/23/2220
f 2240/23/2221 2243/23/2274 2181/23/2217
f 2181/23/2217 2244/23/2021 2184/23/1997
f 2181/23/2217 2243/23/2274 2244/23/2021
f 2243/23/2274 2245/23/2022 2244/23/2021
f 2240/23/2221 2241/23/2272 2243/23/2274
f 2241/23/2272 2242/23/2273 2243/23/2274
f 2243/23/2274 2246/23/2275 2245/23/2022
f 2242/23/2273 2247/23/2276 2246/23/2275
f 2247/23/2276 2248/23/2035 2246/23/2275
f 2247/23/2276 2249/23/2277 2248/23/2035
f 2245/23/2022 2246/23/2275 2248/23/2035
f 2245/23/2022 2248/23/2035 2006/23/2018
f 2243/23/2274 2242/23/2273 2246/23/2275
f 2234/23/2267 2235/23/2268 2250/23/2278
f 2235/23/2268 2251/23/2279 2250/23/2278
f 2234/23/2267 2250/23/2278 2242/23/2273
f 2242/23/2273 2250/23/2278 2247/23/2276
f 2250/23/2278 2251/23/2279 2249/23/2277
f 2250/23/2278 2249/23/2277 2247/23/2276
f 2227/23/2262 2234/23/2267 2239/23/2271
f 2239/23/2271 2234/23/2267 2242/23/2273
f 2024/23/2036 2249/23/2277 2252/23/2280
f 2249/23/2277 2253/23/2281 2252/23/2280
f 2024/23/2036 2252/23/2280 2017/23/2027
f 2017/23/2027 2252/23/2280 2254/23/2282
f 2248/23/2035 2249/23/2277 2024/23/2036
f 2253/23/2281 2255/23/2283 2252/23/2280
f 2254/23/2282 2252/23/2280 2255/23/2283
f 2023/23/2034 2024/23/2036 2017/23/2027
f 2017/23/2027 2254/23/2282 2256/23/2284
f 2254/23/2282 2255/23/2283 2256/23/2284
f 2256/23/2284 2255/23/2283 2257/23/2285
f 2256/23/2284 2257/23/2285 2258/23/2286
f 2256/23/2284 2258/23/2286 2020/23/2031
f 2018/23/2028 2256/23/2284 2020/23/2031
f 2017/23/2027 2256/23/2284 2018/23/2028
f 2255/23/2283 2259/23/2287 2257/23/2285
f 2259/23/2287 2261/23/2288 2257/23/2285
f 2259/23/2287 2260/23/2289 2261/23/2288
f 2257/23/2285 2261/23/2288 2262/23/2290
f 2260/23/2289 2264/23/2291 2261/23/2288
f 2261/23/2288 2264/23/2291 2263/23/2292
f 2262/23/2290 2261/23/2288 2263/23/2292
f 2257/23/2285 2262/23/2290 2258/23/2286
f 2249/23/2277 2251/23/2279 2253/23/2281
f 2251/23/2279 2266/23/2293 2253/23/2281
f 2251/23/2279 2265/23/2294 2266/23/2293
f 2265/23/2294 2267/23/2295 2266/23/2293
f 2253/23/2281 2259/23/2287 2255/23/2283
f 2253/23/2281 2266/23/2293 2259/23/2287
f 2266/23/2293 2260/23/2289 2259/23/2287
f 2266/23/2293 2267/23/2295 2260/23/2289
f 2235/23/2268 2265/23/2294 2251/23/2279
f 2267/23/2295 2286/23/2296 2260/23/2289
f 2268/23/2051 2258/23/2286 2270/23/2297
f 2258/23/2286 2269/23/2298 2270/23/2297
f 2268/23/2051 2270/23/2297 2035/23/2049
f 2270/23/2297 2271/23/2299 2035/23/2049
f 2020/23/2031 2258/23/2286 2268/23/2051
f 2270/23/2297 2269/23/2298 2282/23/2300
f 2270/23/2297 2282/23/2300 2272/23/2301
f 2270/23/2297 2272/23/2301 2271/23/2299
f 2273/23/2050 2271/23/2299 2274/23/2302
f 2273/23/2050 2274/23/2302 2275/23/2303
f 2274/23/2302 2276/23/2304 2275/23/2303
f 2273/23/2050 2275/23/2303 2037/23/2048
f 2035/23/2049 2271/23/2299 2273/23/2050
f 2271/23/2299 2272/23/2301 2274/23/2302
f 2274/23/2302 2272/23/2301 2276/23/2304
f 2282/23/2300 2277/23/2305 2272/23/2301
f 2272/23/2301 2277/23/2305 2278/23/2306
f 2272/23/2301 2278/23/2306 2279/23/2307
f 2279/23/2307 2278/23/2306 2280/23/2308
f 2277/23/2305 2303/23/2309 2278/23/2306
f 2278/23/2306 2303/23/2309 2307/23/2310
f 2278/23/2306 2307/23/2310 2280/23/2308
f 2280/23/2308 2307/23/2310 2310/23/2311
f 2276/23/2304 2272/23/2301 2279/23/2307
f 2262/23/2290 2263/23/2292 2269/23/2298
f 2269/23/2298 2263/23/2292 2282/23/2300
f 2263/23/2292 2281/23/2312 2277/23/2305
f 2263/23/2292 2277/23/2305 2282/23/2300
f 2263/23/2292 2264/23/2291 2281/23/2312
f 2277/23/2305 2281/23/2312 2303/23/2309
f 2258/23/2286 2262/23/2290 2269/23/2298
f 2283/23/2313 2232/23/2266 2284/23/2314
f 2265/23/2294 2283/23/2313 2267/23/2295
f 2283/23/2313 2285/23/2315 2267/23/2295
f 2283/23/2313 2284/23/2314 2285/23/2315
f 2285/23/2315 2284/23/2314 2287/23/2316
f 2267/23/2295 2285/23/2315 2286/23/2296
f 2285/23/2315 2287/23/2316 2286/23/2296
f 2235/23/2268 2233/23/2265 2265/23/2294
f 2233/23/2265 2283/23/2313 2265/23/2294
f 2233/23/2265 2232/23/2266 2283/23/2313
f 2286/23/2296 2289/23/2317 2260/23/2289
f 2286/23/2296 2287/23/2316 2289/23/2317
f 2287/23/2316 2288/23/2318 2289/23/2317
f 2289/23/2317 2288/23/2318 2290/23/2319
f 2289/23/2317 2290/23/2319 2264/23/2291
f 2288/23/2318 2296/23/2320 2290/23/2319
f 2260/23/2289 2289/23/2317 2264/23/2291
f 2291/23/2321 2292/23/2322 2293/23/2323
f 2291/23/2321 2293/23/2323 2294/23/2324
f 2294/23/2324 2293/23/2323 2295/23/2325
f 2294/23/2324 2295/23/2325 2296/23/2320
f 2288/23/2318 2294/23/2324 2296/23/2320
f 2288/23/2318 2291/23/2321 2294/23/2324
f 2287/23/2316 2291/23/2321 2288/23/2318
f 2237/23/2269 2298/23/2326 2297/23/2327
f 2237/23/2269 2218/23/2252 2298/23/2326
f 2297/23/2327 2299/23/2328 2284/23/2314
f 2297/23/2327 2298/23/2326 2299/23/2328
f 2299/23/2328 2298/23/2326 2292/23/2322
f 2232/23/2266 2237/23/2269 2297/23/2327
f 2299/23/2328 2292/23/2322 2291/23/2321
f 2287/23/2316 2299/23/2328 2291/23/2321
f 2284/23/2314 2299/23/2328 2287/23/2316
f 2232/23/2266 2297/23/2327 2284/23/2314
f 2264/23/2291 2290/23/2319 2301/23/2329
f 2264/23/2291 2301/23/2329 2281/23/2312
f 2290/23/2319 2300/23/2330 2301/23/2329
f 2301/23/2329 2300/23/2330 2302/23/2331
f 2281/23/2312 2301/23/2329 2303/23/2309
f 2301/23/2329 2302/23/2331 2304/23/2332
f 2302/23/2331 2305/23/2333 2304/23/2332
f 2290/23/2319 2296/23/2320 2300/23/2330
f 2301/23/2329 2304/23/2332 2303/23/2309
f 2303/23/2309 2304/23/2332 2307/23/2310
f 2304/23/2332 2305/23/2333 2306/23/2334
f 2307/23/2310 2304/23/2332 2308/23/2335
f 2304/23/2332 2306/23/2334 2308/23/2335
f 2307/23/2310 2308/23/2335 2310/23/2311
f 2308/23/2335 2306/23/2334 2309/23/2336
f 2310/23/2311 2308/23/2335 2311/23/2337
f 2308/23/2335 2309/23/2336 2311/23/2337
f 2305/23/2333 2312/23/2338 2313/23/2339
f 2305/23/2333 2313/23/2339 2306/23/2334
f 2312/23/2338 2314/23/2340 2315/23/2341
f 2312/23/2338 2315/23/2341 2313/23/2339
f 2306/23/2334 2313/23/2339 2316/23/2342
f 2306/23/2334 2316/23/2342 2309/23/2336
f 2316/23/2342 2313/23/2339 2317/23/2343
f 2315/23/2341 2344/23/2344 2313/23/2339
f 2313/23/2339 2344/23/2344 2317/23/2343
f 2296/23/2320 2295/23/2325 2318/23/2345
f 2296/23/2320 2318/23/2345 2319/23/2346
f 2319/23/2346 2312/23/2338 2305/23/2333
f 2319/23/2346 2318/23/2345 2312/23/2338
f 2318/23/2345 2314/23/2340 2312/23/2338
f 2302/23/2331 2319/23/2346 2305/23/2333
f 2300/23/2330 2319/23/2346 2302/23/2331
f 2300/23/2330 2296/23/2320 2319/23/2346
f 2218/23/2252 2216/23/2251 2320/23/2347
f 2216/23/2251 2321/23/2348 2320/23/2347
f 2320/23/2347 2321/23/2348 2322/23/2349
f 2320/23/2347 2322/23/2349 2323/23/2350
f 2216/23/2251 2215/23/2250 2321/23/2348
f 2215/23/2250 2222/23/2255 2321/23/2348
f 2298/23/2326 2320/23/2347 2323/23/2350
f 2298/23/2326 2323/23/2350 2292/23/2322
f 2218/23/2252 2320/23/2347 2298/23/2326
f 2323/23/2350 2325/23/2351 2324/23/2352
f 2324/23/2352 2325/23/2351 2326/23/2353
f 2324/23/2352 2326/23/2353 2327/23/2354
f 2323/23/2350 2322/23/2349 2325/23/2351
f 2293/23/2323 2324/23/2352 2327/23/2354
f 2293/23/2323 2327/23/2354 2295/23/2325
f 2292/23/2322 2323/23/2350 2324/23/2352
f 2292/23/2322 2324/23/2352 2293/23/2323
f 2328/23/2355 2329/23/2356 2331/23/2357
f 2329/23/2356 2330/23/2358 2331/23/2357
f 2328/23/2355 2331/23/2357 2332/23/2359
f 2331/23/2357 2330/23/2358 2333/23/2360
f 2331/23/2357 2333/23/2360 2332/23/2359
f 2322/23/2349 2336/23/2361 2325/23/2351
f 2336/23/2361 2329/23/2356 2328/23/2355
f 2326/23/2353 2328/23/2355 2332/23/2359
f 2325/23/2351 2328/23/2355 2326/23/2353
f 2325/23/2351 2336/23/2361 2328/23/2355
f 2222/23/2255 2334/23/2362 2321/23/2348
f 2222/23/2255 2220/23/2254 2334/23/2362
f 2220/23/2254 2335/23/2363 2334/23/2362
f 2334/23/2362 2335/23/2363 2337/23/2364
f 2334/23/2362 2337/23/2364 2336/23/2361
f 2336/23/2361 2337/23/2364 2329/23/2356
f 2220/23/2254 2199/23/2236 2335/23/2363
f 2321/23/2348 2334/23/2362 2336/23/2361
f 2321/23/2348 2336/23/2361 2322/23/2349
f 2327/23/2354 2339/23/2365 2338/23/2366
f 2338/23/2366 2339/23/2365 2340/23/2367
f 2338/23/2366 2341/23/2368 2314/23/2340
f 2338/23/2366 2340/23/2367 2341/23/2368
f 2327/23/2354 2326/23/2353 2339/23/2365
f 2318/23/2345 2338/23/2366 2314/23/2340
f 2295/23/2325 2327/23/2354 2338/23/2366
f 2295/23/2325 2338/23/2366 2318/23/2345
f 2314/23/2340 2342/23/2369 2315/23/2341
f 2342/23/2369 2343/23/2370 2345/23/2371
f 2315/23/2341 2342/23/2369 2344/23/2344
f 2342/23/2369 2345/23/2371 2344/23/2344
f 2344/23/2344 2345/23/2371 2346/23/2372
f 2314/23/2340 2341/23/2368 2342/23/2369
f 2341/23/2368 2340/23/2367 2342/23/2369
f 2340/23/2367 2343/23/2370 2342/23/2369
f 2317/23/2343 2344/23/2344 2346/23/2372
f 2343/23/2370 2347/23/2373 2349/23/2374
f 2347/23/2373 2348/23/2375 2349/23/2374
f 2349/23/2374 2348/23/2375 2350/23/2376
f 2349/23/2374 2350/23/2376 2351/23/2377
f 2340/23/2367 2347/23/2373 2343/23/2370
f 2351/23/2377 2350/23/2376 2352/23/2378
f 2345/23/2371 2349/23/2374 2351/23/2377
f 2343/23/2370 2349/23/2374 2345/23/2371
f 2353/23/2379 2354/23/2380 2355/23/2381
f 2353/23/2379 2355/23/2381 2347/23/2373
f 2326/23/2353 2332/23/2359 2339/23/2365
f 2332/23/2359 2354/23/2380 2353/23/2379
f 2332/23/2359 2333/23/2360 2354/23/2380
f 2354/23/2380 2333/23/2360 2355/23/2381
f 2347/23/2373 2355/23/2381 2348/23/2375
f 2340/23/2367 2353/23/2379 2347/23/2373
f 2339/23/2365 2353/23/2379 2340/23/2367
f 2339/23/2365 2332/23/2359 2353/23/2379
f 2199/23/2236 2197/23/2232 2335/23/2363
f 2197/23/2232 2356/23/2382 2335/23/2363
f 2197/23/2232 2200/23/2235 2356/23/2382
f 2335/23/2363 2358/23/2383 2337/23/2364
f 2335/23/2363 2356/23/2382 2358/23/2383
f 2356/23/2382 2357/23/2384 2358/23/2383
f 2358/23/2383 2357/23/2384 2359/23/2385
f 2357/23/2384 2364/23/2386 2359/23/2385
f 2358/23/2383 2359/23/2385 2360/23/2387
f 2337/23/2364 2358/23/2383 2360/23/2387
f 2337/23/2364 2360/23/2387 2329/23/2356
f 2360/23/2387 2361/23/2388 2330/23/2358
f 2360/23/2387 2359/23/2385 2361/23/2388
f 2359/23/2385 2362/23/2389 2361/23/2388
f 2330/23/2358 2361/23/2388 2333/23/2360
f 2361/23/2388 2363/23/2390 2333/23/2360
f 2361/23/2388 2362/23/2389 2363/23/2390
f 2363/23/2390 2362/23/2389 2368/23/2391
f 2329/23/2356 2360/23/2387 2330/23/2358
f 2365/23/2392 2366/23/2132 2367/23/2135
f 2365/23/2392 2367/23/2135 2368/23/2391
f 2364/23/2386 2366/23/2132 2365/23/2392
f 2368/23/2391 2367/23/2135 2384/23/2117
f 2362/23/2389 2365/23/2392 2368/23/2391
f 2359/23/2385 2364/23/2386 2365/23/2392
f 2359/23/2385 2365/23/2392 2362/23/2389
f 2200/23/2235 2202/23/2237 2369/23/2133
f 2200/23/2235 2369/23/2133 2357/23/2384
f 2357/23/2384 2369/23/2133 2364/23/2386
f 2202/23/2237 2107/23/2131 2369/23/2133
f 2364/23/2386 2369/23/2133 2366/23/2132
f 2356/23/2382 2200/23/2235 2357/23/2384
f 2333/23/2360 2363/23/2390 2370/23/2393
f 2333/23/2360 2370/23/2393 2355/23/2381
f 2370/23/2393 2363/23/2390 2371/23/2394
f 2355/23/2381 2370/23/2393 2372/23/2395
f 2370/23/2393 2371/23/2394 2372/23/2395
f 2355/23/2381 2372/23/2395 2348/23/2375
f 2372/23/2395 2371/23/2394 2373/23/2396
f 2348/23/2375 2372/23/2395 2374/23/2397
f 2372/23/2395 2373/23/2396 2374/23/2397
f 2348/23/2375 2374/23/2397 2350/23/2376
f 2374/23/2397 2373/23/2396 2375/23/2398
f 2350/23/2376 2374/23/2397 2376/23/2399
f 2374/23/2397 2375/23/2398 2376/23/2399
f 2350/23/2376 2376/23/2399 2352/23/2378
f 2377/23/2400 2379/23/2115 2378/23/2401
f 2378/23/2401 2379/23/2115 2380/23/2402
f 2378/23/2401 2381/23/2403 2375/23/2398
f 2378/23/2401 2380/23/2402 2381/23/2403
f 2381/23/2403 2380/23/2402 2382/23/2404
f 2379/23/2115 2098/23/2123 2380/23/2402
f 2380/23/2402 2098/23/2123 2096/23/2122
f 2380/23/2402 2096/23/2122 2382/23/2404
f 2375/23/2398 2381/23/2403 3169/23/2405
f 2373/23/2396 2378/23/2401 2375/23/2398
f 2373/23/2396 2377/23/2400 2378/23/2401
f 2383/23/2406 2384/23/2117 2385/23/2116
f 2383/23/2406 2385/23/2116 2377/23/2400
f 2377/23/2400 2385/23/2116 2379/23/2115
f 2368/23/2391 2384/23/2117 2383/23/2406
f 2371/23/2394 2377/23/2400 2373/23/2396
f 2371/23/2394 2383/23/2406 2377/23/2400
f 2363/23/2390 2383/23/2406 2371/23/2394
f 2363/23/2390 2368/23/2391 2383/23/2406
f 2622/23/2407 2386/23/2408 2391/23/2409
f 2386/23/2408 2387/23/2410 2391/23/2409
f 2622/23/2407 2391/23/2409 2392/23/2411
f 2389/23/2412 2390/23/2413 2393/23/2414
f 2392/23/2411 2391/23/2409 2394/23/2415
f 2387/23/2410 2388/23/2416 2395/23/2417
f 2388/23/2416 2389/23/2412 2395/23/2417
f 2510/23/2418 2386/23/2408 2622/23/2407
f 2388/23/2416 2505/23/2419 2389/23/2412
f 2505/23/2419 2390/23/2413 2389/23/2412
f 2390/23/2413 2396/23/2420 2397/23/2421
f 2390/23/2413 2397/23/2421 2393/23/2414
f 2393/23/2414 2397/23/2421 2398/23/2422
f 2387/23/2410 2395/23/2417 2399/23/2423
f 2391/23/2409 2387/23/2410 2399/23/2423
f 2401/23/2424 2440/23/2425 2402/23/2426
f 2440/23/2425 2403/23/2427 2402/23/2426
f 2404/23/2428 2437/23/2429 2405/23/2430
f 2437/23/2429 2406/23/2431 2407/23/2432
f 2437/23/2429 2407/23/2432 2405/23/2430
f 2401/23/2424 2402/23/2426 2408/23/2433
f 2402/23/2426 2403/23/2427 2409/23/2434
f 2403/23/2427 2404/23/2428 2410/23/2435
f 2403/23/2427 2410/23/2435 2409/23/2434
f 2404/23/2428 2405/23/2430 2410/23/2435
f 2408/23/2433 2402/23/2426 2411/23/2436
f 2410/23/2435 2405/23/2430 2412/23/2437
f 2405/23/2430 2407/23/2432 2413/23/2438
f 2405/23/2430 2413/23/2438 2412/23/2437
f 2408/23/2433 2411/23/2436 2414/23/2439
f 2435/23/2440 2404/23/2428 2403/23/2427
f 2406/23/2431 2415/23/2441 2416/23/2442
f 2406/23/2431 2416/23/2442 2407/23/2432
f 2407/23/2432 2416/23/2442 2417/23/2443
f 2407/23/2432 2417/23/2443 2413/23/2438
f 2413/23/2438 2417/23/2443 2418/23/2444
f 2402/23/2426 2409/23/2434 2411/23/2436
f 2400/23/2445 2394/23/2415 2419/23/2446
f 2395/23/2417 2389/23/2412 2420/23/2447
f 2389/23/2412 2393/23/2414 2420/23/2447
f 2399/23/2423 2395/23/2417 2421/23/2448
f 2395/23/2417 2420/23/2447 2421/23/2448
f 2400/23/2445 2419/23/2446 2422/23/2449
f 2420/23/2447 2393/23/2414 2423/23/2450
f 2419/23/2446 2399/23/2423 2424/23/2451
f 2399/23/2423 2421/23/2448 2424/23/2451
f 2421/23/2448 2420/23/2447 2425/23/2452
f 2420/23/2447 2423/23/2450 2425/23/2452
f 2422/23/2449 2419/23/2446 2426/23/2453
f 2419/23/2446 2424/23/2451 2426/23/2453
f 2421/23/2448 2425/23/2452 2424/23/2451
f 2394/23/2415 2391/23/2409 2419/23/2446
f 2391/23/2409 2399/23/2423 2419/23/2446
f 2393/23/2414 2398/23/2422 2427/23/2454
f 2393/23/2414 2427/23/2454 2423/23/2450
f 2423/23/2450 2427/23/2454 2428/23/2455
f 2423/23/2450 2428/23/2455 2429/23/2456
f 2423/23/2450 2429/23/2456 2430/23/2457
f 2425/23/2452 2423/23/2450 2430/23/2457
f 2422/23/2449 2426/23/2453 2576/23/2458
f 2431/23/2459 2499/23/2460 2432/23/2461
f 2431/23/2459 2432/23/2461 2433/23/2462
f 2499/23/2460 2434/23/2463 2432/23/2461
f 2437/23/2429 2438/23/2464 2439/23/2465
f 2434/23/2463 2435/23/2440 2432/23/2461
f 2433/23/2462 2432/23/2461 2440/23/2425
f 2435/23/2440 2436/23/2466 2404/23/2428
f 2436/23/2466 2437/23/2429 2404/23/2428
f 2437/23/2429 2439/23/2465 2406/23/2431
f 2434/23/2463 2500/23/2467 2435/23/2440
f 2500/23/2467 2436/23/2466 2435/23/2440
f 2436/23/2466 2496/23/2468 2437/23/2429
f 2496/23/2468 2438/23/2464 2437/23/2429
f 2438/23/2464 2441/23/2469 2442/23/2470
f 2438/23/2464 2442/23/2470 2439/23/2465
f 2439/23/2465 2442/23/2470 2415/23/2441
f 2439/23/2465 2415/23/2441 2406/23/2431
f 2432/23/2461 2435/23/2440 2403/23/2427
f 2440/23/2425 2432/23/2461 2403/23/2427
f 2443/23/2471 2440/23/2425 2401/23/2424
f 2443/23/2471 2433/23/2462 2440/23/2425
f 2444/23/2472 2445/23/2473 2448/23/2474
f 2445/23/2473 2482/23/2475 2449/23/2476
f 2482/23/2475 2446/23/2477 2449/23/2476
f 2448/23/2474 2445/23/2473 2451/23/2478
f 2446/23/2477 2447/23/2479 2450/23/2480
f 2451/23/2478 2445/23/2473 2566/23/2481
f 2445/23/2473 2449/23/2476 2452/23/2482
f 2445/23/2473 2452/23/2482 2566/23/2481
f 2449/23/2476 2446/23/2477 2452/23/2482
f 2444/23/2472 2481/23/2483 2445/23/2473
f 2481/23/2483 2482/23/2475 2445/23/2473
f 2482/23/2475 2479/23/2484 2446/23/2477
f 2479/23/2484 2480/23/2485 2447/23/2479
f 2479/23/2484 2447/23/2479 2446/23/2477
f 2480/23/2485 2453/23/2486 2447/23/2479
f 2447/23/2479 2453/23/2486 2454/23/2487
f 2447/23/2479 2454/23/2487 2450/23/2480
f 2450/23/2480 2454/23/2487 2455/23/2488
f 2460/23/2489 2461/23/2490 2462/23/2491
f 2456/23/2492 2457/23/2493 2463/23/2494
f 2457/23/2493 2458/23/2495 2464/23/2496
f 2458/23/2495 2459/23/2497 2464/23/2496
f 2463/23/2494 2457/23/2493 2465/23/2498
f 2457/23/2493 2464/23/2496 2465/23/2498
f 2464/23/2496 2459/23/2497 2466/23/2499
f 2459/23/2497 2460/23/2489 2466/23/2499
f 2466/23/2499 2460/23/2489 2467/23/2500
f 2460/23/2489 2462/23/2491 2468/23/2501
f 2460/23/2489 2468/23/2501 2467/23/2500
f 2463/23/2494 2465/23/2498 2469/23/2502
f 2465/23/2498 2464/23/2496 2470/23/2503
f 2456/23/2492 2490/23/2504 2457/23/2493
f 2490/23/2504 2458/23/2495 2457/23/2493
f 2461/23/2490 2471/23/2505 2472/23/2506
f 2461/23/2490 2472/23/2506 2462/23/2491
f 2462/23/2491 2472/23/2506 2468/23/2501
f 2468/23/2501 2472/23/2506 2473/23/2507
f 2464/23/2496 2466/23/2499 2470/23/2503
f 2414/23/2439 2411/23/2436 2474/23/2508
f 2411/23/2436 2475/23/2509 2474/23/2508
f 2414/23/2439 2474/23/2508 2589/23/2510
f 2476/23/2511 2477/23/2512 2479/23/2484
f 2477/23/2512 2478/23/2513 2480/23/2485
f 2477/23/2512 2480/23/2485 2479/23/2484
f 2474/23/2508 2475/23/2509 2481/23/2483
f 2475/23/2509 2476/23/2511 2482/23/2475
f 2475/23/2509 2482/23/2475 2481/23/2483
f 2476/23/2511 2479/23/2484 2482/23/2475
f 2589/23/2510 2474/23/2508 2590/23/2514
f 2590/23/2514 2474/23/2508 2444/23/2472
f 2474/23/2508 2481/23/2483 2444/23/2472
f 2411/23/2436 2409/23/2434 2475/23/2509
f 2409/23/2434 2410/23/2435 2476/23/2511
f 2409/23/2434 2476/23/2511 2475/23/2509
f 2410/23/2435 2412/23/2437 2477/23/2512
f 2410/23/2435 2477/23/2512 2476/23/2511
f 2412/23/2437 2413/23/2438 2478/23/2513
f 2412/23/2437 2478/23/2513 2477/23/2512
f 2413/23/2438 2418/23/2444 2483/23/2515
f 2413/23/2438 2483/23/2515 2478/23/2513
f 2478/23/2513 2483/23/2515 2484/23/2516
f 2478/23/2513 2484/23/2516 2480/23/2485
f 2480/23/2485 2484/23/2516 2453/23/2486
f 2487/23/2517 2488/23/2518 2489/23/2519
f 2485/23/2520 2486/23/2521 2458/23/2495
f 2485/23/2520 2458/23/2495 2490/23/2504
f 3268/23/2522 2487/23/2517 2460/23/2489
f 2487/23/2517 2489/23/2519 2461/23/2490
f 2487/23/2517 2461/23/2490 2460/23/2489
f 2486/23/2521 3268/23/2522 2459/23/2497
f 3268/23/2522 2460/23/2489 2459/23/2497
f 2588/23/2523 2486/23/2521 2485/23/2520
f 2488/23/2518 2491/23/2524 2489/23/2519
f 2489/23/2519 2491/23/2524 2492/23/2525
f 2489/23/2519 2492/23/2525 2471/23/2505
f 2489/23/2519 2471/23/2505 2461/23/2490
f 2486/23/2521 2459/23/2497 2458/23/2495
f 2496/23/2468 2497/23/2526 2498/23/2527
f 2493/23/2528 2494/23/2529 2500/23/2467
f 2493/23/2528 2500/23/2467 2499/23/2460
f 2494/23/2529 2495/23/2530 2436/23/2466
f 2494/23/2529 2436/23/2466 2500/23/2467
f 2495/23/2530 2496/23/2468 2436/23/2466
f 2496/23/2468 2498/23/2527 2438/23/2464
f 2519/23/2531 2495/23/2530 2494/23/2529
f 2495/23/2530 2518/23/2532 2496/23/2468
f 2518/23/2532 2497/23/2526 2496/23/2468
f 2497/23/2526 2501/23/2533 2502/23/2534
f 2497/23/2526 2502/23/2534 2498/23/2527
f 2498/23/2527 2502/23/2534 2441/23/2469
f 2498/23/2527 2441/23/2469 2438/23/2464
f 2499/23/2460 2500/23/2467 2434/23/2463
f 2577/23/2535 2493/23/2528 2499/23/2460
f 2503/23/2536 2527/23/2537 2509/23/2538
f 2527/23/2537 2528/23/2539 2509/23/2538
f 2509/23/2538 2528/23/2539 2507/23/2540
f 2528/23/2539 2505/23/2419 2507/23/2540
f 2503/23/2536 2509/23/2538 2508/23/2541
f 2505/23/2419 2506/23/2542 2390/23/2413
f 2508/23/2541 2509/23/2538 2510/23/2418
f 2509/23/2538 2507/23/2540 2388/23/2416
f 2507/23/2540 2505/23/2419 2388/23/2416
f 2528/23/2539 2525/23/2543 2505/23/2419
f 2525/23/2543 2526/23/2544 2506/23/2542
f 2525/23/2543 2506/23/2542 2505/23/2419
f 2526/23/2544 2511/23/2545 2506/23/2542
f 2506/23/2542 2511/23/2545 2512/23/2546
f 2506/23/2542 2512/23/2546 2390/23/2413
f 2390/23/2413 2512/23/2546 2396/23/2420
f 2509/23/2538 2388/23/2416 2387/23/2410
f 2509/23/2538 2387/23/2410 2386/23/2408
f 2510/23/2418 2509/23/2538 2386/23/2408
f 2576/23/2458 2426/23/2453 2513/23/2547
f 2516/23/2548 2430/23/2457 2517/23/2549
f 2515/23/2550 2516/23/2548 2518/23/2532
f 2516/23/2548 2517/23/2549 2518/23/2532
f 2513/23/2547 2426/23/2453 2519/23/2531
f 2426/23/2453 2514/23/2551 2519/23/2531
f 2514/23/2551 2515/23/2550 2495/23/2530
f 2514/23/2551 2495/23/2530 2519/23/2531
f 2515/23/2550 2518/23/2532 2495/23/2530
f 2518/23/2532 2517/23/2549 2497/23/2526
f 2513/23/2547 2519/23/2531 2493/23/2528
f 2426/23/2453 2424/23/2451 2514/23/2551
f 2424/23/2451 2515/23/2550 2514/23/2551
f 2424/23/2451 2425/23/2452 2516/23/2548
f 2424/23/2451 2516/23/2548 2515/23/2550
f 2425/23/2452 2430/23/2457 2516/23/2548
f 2430/23/2457 2429/23/2456 2520/23/2552
f 2430/23/2457 2520/23/2552 2517/23/2549
f 2517/23/2549 2520/23/2552 2521/23/2553
f 2517/23/2549 2521/23/2553 2497/23/2526
f 2497/23/2526 2521/23/2553 2501/23/2533
f 2493/23/2528 2519/23/2531 2494/23/2529
f 2470/23/2503 2523/23/2554 2522/23/2555
f 2469/23/2502 2522/23/2555 2721/23/2556
f 2523/23/2554 2524/23/2557 2525/23/2543
f 2524/23/2557 2526/23/2544 2525/23/2543
f 2721/23/2556 2522/23/2555 2527/23/2537
f 2522/23/2555 2523/23/2554 2528/23/2539
f 2523/23/2554 2525/23/2543 2528/23/2539
f 2721/23/2556 2527/23/2537 2504/23/2558
f 2522/23/2555 2528/23/2539 2527/23/2537
f 2469/23/2502 2465/23/2498 2522/23/2555
f 2465/23/2498 2470/23/2503 2522/23/2555
f 2470/23/2503 2466/23/2499 2523/23/2554
f 2466/23/2499 2467/23/2500 2524/23/2557
f 2466/23/2499 2524/23/2557 2523/23/2554
f 2467/23/2500 2468/23/2501 2524/23/2557
f 2468/23/2501 2473/23/2507 2529/23/2559
f 2468/23/2501 2529/23/2559 2524/23/2557
f 2524/23/2557 2529/23/2559 2530/23/2560
f 2524/23/2557 2530/23/2560 2526/23/2544
f 2526/23/2544 2530/23/2560 2511/23/2545
f 2504/23/2558 2527/23/2537 2503/23/2536
f 2573/23/2561 2531/23/2562 2532/23/2563
f 2532/23/2563 2531/23/2562 2535/23/2564
f 2531/23/2562 2533/23/2565 2535/23/2564
f 2548/23/2566 2546/23/2567 2536/23/2568
f 2546/23/2567 2534/23/2569 2537/23/2570
f 2546/23/2567 2537/23/2570 2536/23/2568
f 2533/23/2565 2548/23/2566 3313/23/2571
f 2548/23/2566 2536/23/2568 3313/23/2571
f 2574/23/2572 2532/23/2563 2538/23/2573
f 2532/23/2563 2535/23/2564 2538/23/2573
f 2531/23/2562 2545/23/2574 2533/23/2565
f 2545/23/2574 2548/23/2566 2533/23/2565
f 2534/23/2569 2539/23/2575 2540/23/2576
f 2534/23/2569 2540/23/2576 2537/23/2570
f 2537/23/2570 2540/23/2576 2541/23/2577
f 2572/23/2578 2542/23/2579 2545/23/2574
f 2542/23/2579 2543/23/2580 2545/23/2574
f 2543/23/2580 2544/23/2581 2546/23/2567
f 2544/23/2581 2547/23/2582 2546/23/2567
f 2543/23/2580 2546/23/2567 2548/23/2566
f 2543/23/2580 2548/23/2566 2545/23/2574
f 2573/23/2561 2572/23/2578 2531/23/2562
f 2572/23/2578 2545/23/2574 2531/23/2562
f 2546/23/2567 2547/23/2582 2534/23/2569
f 2562/23/2583 2543/23/2580 2542/23/2579
f 2562/23/2583 2549/23/2584 2543/23/2580
f 2549/23/2584 2550/23/2585 2544/23/2581
f 2549/23/2584 2544/23/2581 2543/23/2580
f 2550/23/2585 2551/23/2586 2544/23/2581
f 2551/23/2586 2552/23/2587 2544/23/2581
f 2544/23/2581 2552/23/2587 2553/23/2588
f 2544/23/2581 2553/23/2588 2547/23/2582
f 2547/23/2582 2553/23/2588 2554/23/2589
f 2547/23/2582 2554/23/2589 2539/23/2575
f 2547/23/2582 2539/23/2575 2534/23/2569
f 2557/23/2590 2567/23/2591 2558/23/2592
f 2567/23/2591 2559/23/2593 2558/23/2592
f 2555/23/2594 2556/23/2595 2560/23/2596
f 2558/23/2592 2559/23/2593 2561/23/2597
f 2560/23/2596 2556/23/2595 2562/23/2583
f 2556/23/2595 2557/23/2590 2562/23/2583
f 2557/23/2590 2558/23/2592 2550/23/2585
f 2558/23/2592 2561/23/2597 2551/23/2586
f 2558/23/2592 2551/23/2586 2550/23/2585
f 2560/23/2596 2562/23/2583 2542/23/2579
f 2562/23/2583 2557/23/2590 2549/23/2584
f 2557/23/2590 2550/23/2585 2549/23/2584
f 2555/23/2594 2569/23/2598 2556/23/2595
f 2559/23/2593 2563/23/2599 2564/23/2600
f 2559/23/2593 2564/23/2600 2561/23/2597
f 2561/23/2597 2564/23/2600 2551/23/2586
f 2551/23/2586 2564/23/2600 2565/23/2601
f 2551/23/2586 2565/23/2601 2552/23/2587
f 2571/23/2602 2566/23/2481 2568/23/2603
f 2566/23/2481 2452/23/2482 2569/23/2598
f 2568/23/2603 2566/23/2481 2569/23/2598
f 2567/23/2591 2450/23/2480 2559/23/2593
f 2568/23/2603 2569/23/2598 2555/23/2594
f 2569/23/2598 2452/23/2482 2557/23/2590
f 2452/23/2482 2567/23/2591 2557/23/2590
f 2451/23/2478 2566/23/2481 2571/23/2602
f 2452/23/2482 2446/23/2477 2567/23/2591
f 2446/23/2477 2450/23/2480 2567/23/2591
f 2450/23/2480 2455/23/2488 2570/23/2604
f 2450/23/2480 2570/23/2604 2559/23/2593
f 2559/23/2593 2570/23/2604 2563/23/2599
f 2569/23/2598 2557/23/2590 2556/23/2595
f 2451/23/2478 2571/23/2602 2074/23/2090
f 2555/23/2594 2560/23/2596 2680/23/2085
f 2680/23/2085 2560/23/2596 2681/23/2605
f 2681/23/2605 2560/23/2596 2542/23/2579
f 2678/23/2606 2572/23/2578 2573/23/2561
f 2675/23/2607 2573/23/2561 2532/23/2563
f 2574/23/2572 2538/23/2573 2677/23/2608
f 2673/23/1986 2469/23/2502 2721/23/2556
f 2674/23/1983 2721/23/2556 2504/23/2558
f 2672/23/2609 2513/23/2547 2575/23/2610
f 2575/23/2610 2513/23/2547 2493/23/2528
f 2575/23/2610 2493/23/2528 2577/23/2535
f 2575/23/2610 2577/23/2535 2578/23/2611
f 2576/23/2458 2513/23/2547 2165/23/2194
f 2504/23/2558 2503/23/2536 1975/23/1978
f 2578/23/2611 2577/23/2535 2579/23/2612
f 2578/23/2611 2579/23/2612 2580/23/2613
f 2579/23/2612 2577/23/2535 2581/23/2614
f 2577/23/2535 2499/23/2460 2581/23/2614
f 2580/23/2613 2579/23/2612 2582/23/2615
f 2579/23/2612 2584/23/2616 2582/23/2615
f 2579/23/2612 2581/23/2614 2584/23/2616
f 2581/23/2614 2499/23/2460 2431/23/2459
f 2582/23/2615 2586/23/2617 2583/23/2618
f 2582/23/2615 2584/23/2616 2586/23/2617
f 2581/23/2614 2431/23/2459 2433/23/2462
f 2584/23/2616 2581/23/2614 2433/23/2462
f 2583/23/2618 2586/23/2617 2585/23/2619
f 2720/23/2620 2585/23/2619 2587/23/2621
f 2583/23/2618 2585/23/2619 2720/23/2620
f 2717/23/2622 2582/23/2615 2583/23/2618
f 2580/23/2613 2582/23/2615 2717/23/2622
f 2663/23/2623 2588/23/2523 2485/23/2520
f 2663/23/2623 2485/23/2520 2664/23/2624
f 2664/23/2624 2485/23/2520 2490/23/2504
f 2490/23/2504 2456/23/2492 2660/23/2625
f 2662/23/2626 2589/23/2510 2590/23/2514
f 2620/23/2627 2414/23/2439 2589/23/2510
f 2590/23/2514 2444/23/2472 2657/23/2628
f 2662/23/2626 2590/23/2514 2657/23/2628
f 2456/23/2492 2463/23/2494 2658/23/2003
f 2660/23/2625 2456/23/2492 1993/23/2000
f 2655/23/2142 2448/23/2474 2451/23/2478
f 2591/23/2629 2586/23/2617 2593/23/2630
f 2591/23/2629 2593/23/2630 2592/23/2631
f 2586/23/2617 2584/23/2616 2594/23/2632
f 2592/23/2631 2595/23/2633 2596/23/2634
f 2592/23/2631 2593/23/2630 2595/23/2633
f 2593/23/2630 2586/23/2617 2597/23/2635
f 2586/23/2617 2594/23/2632 2597/23/2635
f 2594/23/2632 2584/23/2616 2598/23/2636
f 2595/23/2633 2593/23/2630 2599/23/2637
f 2593/23/2630 2597/23/2635 2599/23/2637
f 2596/23/2634 2595/23/2633 2600/23/2638
f 2596/23/2634 2600/23/2638 2601/23/2639
f 2595/23/2633 2599/23/2637 2600/23/2638
f 2594/23/2632 2598/23/2636 2602/23/2640
f 2598/23/2636 2443/23/2471 2602/23/2640
f 2599/23/2637 2597/23/2635 2600/23/2638
f 2601/23/2639 2600/23/2638 2603/23/2641
f 2601/23/2639 2603/23/2641 2604/23/2642
f 2600/23/2638 2597/23/2635 2605/23/2643
f 2600/23/2638 2605/23/2643 2603/23/2641
f 2597/23/2635 2594/23/2632 2605/23/2643
f 2594/23/2632 2602/23/2640 2605/23/2643
f 2587/23/2621 2585/23/2619 2591/23/2629
f 2587/23/2621 2591/23/2629 2606/23/2644
f 2585/23/2619 2586/23/2617 2591/23/2629
f 2584/23/2616 2433/23/2462 2598/23/2636
f 2598/23/2636 2433/23/2462 2443/23/2471
f 2603/23/2641 2605/23/2643 2607/23/2645
f 2603/23/2641 2607/23/2645 2608/23/2646
f 2604/23/2642 2603/23/2641 2608/23/2646
f 2604/23/2642 2608/23/2646 2609/23/2647
f 2610/23/2648 2601/23/2639 2604/23/2642
f 2611/23/2649 2596/23/2634 2601/23/2639
f 2611/23/2649 2601/23/2639 2610/23/2648
f 2606/23/2644 2592/23/2631 2596/23/2634
f 2606/23/2644 2596/23/2634 2611/23/2649
f 2606/23/2644 2591/23/2629 2592/23/2631
f 2636/23/2209 2400/23/2445 2422/23/2449
f 2636/23/2209 2422/23/2449 2637/23/2210
f 2613/23/2650 2614/23/2651 2615/23/2652
f 2613/23/2650 2607/23/2645 2614/23/2651
f 2607/23/2645 2616/23/2653 2614/23/2651
f 2614/23/2651 2616/23/2653 2617/23/2654
f 2614/23/2651 2617/23/2654 2618/23/2655
f 2618/23/2655 2617/23/2654 2620/23/2627
f 2618/23/2655 2620/23/2627 2619/23/2656
f 2617/23/2654 2408/23/2433 2620/23/2627
f 2619/23/2656 2620/23/2627 2621/23/2657
f 2609/23/2647 2608/23/2646 2613/23/2650
f 2609/23/2647 2613/23/2650 2685/23/2658
f 2608/23/2646 2607/23/2645 2613/23/2650
f 2607/23/2645 2605/23/2643 2616/23/2653
f 2605/23/2643 2602/23/2640 2617/23/2654
f 2605/23/2643 2617/23/2654 2616/23/2653
f 2602/23/2640 2443/23/2471 2617/23/2654
f 2443/23/2471 2401/23/2424 2617/23/2654
f 2617/23/2654 2401/23/2424 2408/23/2433
f 2408/23/2433 2414/23/2439 2620/23/2627
f 2621/23/2657 2620/23/2627 2589/23/2510
f 2685/23/2658 2613/23/2650 2615/23/2652
f 2392/23/2411 2394/23/2415 2624/23/2215
f 2510/23/2418 2622/23/2407 2623/23/1974
f 2394/23/2415 2400/23/2445 2612/23/2214
f 2627/23/2659 2628/23/2660 2629/23/2661
f 2626/23/2165 2630/23/2662 2135/23/2162
f 2626/23/2165 2627/23/2659 2630/23/2662
f 2627/23/2659 2629/23/2661 2630/23/2662
f 2629/23/2661 2631/23/2663 2630/23/2662
f 2135/23/2162 2630/23/2662 2122/23/2147
f 2630/23/2662 2631/23/2663 2122/23/2147
f 2632/23/2664 2633/23/2665 2628/23/2660
f 2633/23/2665 2634/23/2666 2635/23/2667
f 2633/23/2665 2635/23/2667 2628/23/2660
f 2628/23/2660 2635/23/2667 2629/23/2661
f 2629/23/2661 2635/23/2667 2686/23/2668
f 2629/23/2661 2686/23/2668 2631/23/2663
f 2122/23/2147 2631/23/2663 2690/23/2669
f 2176/23/2206 2612/23/2214 2636/23/2209
f 2639/23/2670 2640/23/2671 2641/23/2672
f 2640/23/2671 2642/23/2673 2641/23/2672
f 2642/23/2673 2643/23/2674 2644/23/2675
f 2643/23/2674 2645/23/2676 2644/23/2675
f 2639/23/2670 2641/23/2672 2140/23/2168
f 2644/23/2675 2645/23/2676 2647/23/2677
f 2645/23/2676 2646/23/2678 2648/23/2679
f 2645/23/2676 2648/23/2679 2647/23/2677
f 2642/23/2673 2644/23/2675 2641/23/2672
f 2140/23/2168 2641/23/2672 2649/23/2680
f 2641/23/2672 2644/23/2675 2632/23/2664
f 2641/23/2672 2632/23/2664 2649/23/2680
f 2644/23/2675 2647/23/2677 2632/23/2664
f 2140/23/2168 2649/23/2680 2626/23/2165
f 2647/23/2677 2648/23/2679 2633/23/2665
f 2647/23/2677 2633/23/2665 2632/23/2664
f 2144/23/2183 2639/23/2670 2142/23/2169
f 2643/23/2674 2650/23/2681 2646/23/2678
f 2643/23/2674 2646/23/2678 2645/23/2676
f 2650/23/2681 2651/23/2682 2652/23/2683
f 2650/23/2681 2652/23/2683 2646/23/2678
f 2646/23/2678 2652/23/2683 2653/23/2684
f 2646/23/2678 2653/23/2684 2648/23/2679
f 2648/23/2679 2653/23/2684 2654/23/2685
f 2648/23/2679 2654/23/2685 2633/23/2665
f 2633/23/2665 2654/23/2685 2634/23/2666
f 2649/23/2680 2632/23/2664 2628/23/2660
f 2649/23/2680 2628/23/2660 2627/23/2659
f 2649/23/2680 2627/23/2659 2626/23/2165
f 2139/23/2166 2140/23/2168 2626/23/2165
f 2142/23/2169 2639/23/2670 2140/23/2168
f 2661/23/2146 2690/23/2669 2662/23/2626
f 2661/23/2146 2662/23/2626 2118/23/2145
f 2118/23/2145 2662/23/2626 2657/23/2628
f 2122/23/2147 2690/23/2669 2661/23/2146
f 2690/23/2669 2589/23/2510 2662/23/2626
f 2118/23/2145 2657/23/2628 2117/23/2141
f 2805/23/2008 2663/23/2623 1995/23/2005
f 1995/23/2005 2663/23/2623 2664/23/2624
f 1995/23/2005 2664/23/2624 2660/23/2625
f 1995/23/2005 2660/23/2625 1991/23/2001
f 1991/23/2001 2660/23/2625 1993/23/2000
f 2159/23/2187 2666/23/2686 2665/23/2687
f 2159/23/2187 2665/23/2687 2144/23/2183
f 2665/23/2687 2666/23/2686 2668/23/2688
f 2666/23/2686 2715/23/2689 2669/23/2690
f 2666/23/2686 2669/23/2690 2668/23/2688
f 2665/23/2687 2668/23/2688 2640/23/2671
f 2668/23/2688 2669/23/2690 2670/23/2691
f 2665/23/2687 2640/23/2671 2639/23/2670
f 2668/23/2688 2670/23/2691 2650/23/2681
f 2668/23/2688 2650/23/2681 2643/23/2674
f 2159/23/2187 2667/23/2692 2666/23/2686
f 2666/23/2686 2667/23/2692 2715/23/2689
f 2670/23/2691 2719/23/2693 2650/23/2681
f 2650/23/2681 2719/23/2693 2651/23/2682
f 2640/23/2671 2668/23/2688 2643/23/2674
f 2640/23/2671 2643/23/2674 2642/23/2673
f 2144/23/2183 2665/23/2687 2639/23/2670
f 2160/23/2191 2165/23/2194 2672/23/2609
f 2160/23/2191 2672/23/2609 2159/23/2187
f 2159/23/2187 2672/23/2609 2667/23/2692
f 2673/23/1986 2674/23/1983 1976/23/1980
f 2043/23/2057 2675/23/2607 2041/23/2055
f 2041/23/2055 2675/23/2607 2676/23/2060
f 2038/23/2052 2676/23/2060 2677/23/2608
f 2043/23/2057 2679/23/2694 2675/23/2607
f 2048/23/2065 2678/23/2606 2046/23/2062
f 2046/23/2062 2678/23/2606 2679/23/2694
f 2046/23/2062 2679/23/2694 2043/23/2057
f 2680/23/2085 2681/23/2605 2064/23/2079
f 2064/23/2079 2681/23/2605 2048/23/2065
f 2070/23/2087 2074/23/2090 2682/23/2092
f 2623/23/1974 2622/23/2407 2624/23/2215
f 2622/23/2407 2392/23/2411 2624/23/2215
f 2625/23/1975 2510/23/2418 2623/23/1974
f 2624/23/2215 2394/23/2415 2612/23/2214
f 2635/23/2667 2683/23/2695 2684/23/2696
f 2683/23/2695 2685/23/2658 2684/23/2696
f 2685/23/2658 2615/23/2652 2684/23/2696
f 2635/23/2667 2684/23/2696 2686/23/2668
f 2684/23/2696 2687/23/2697 2686/23/2668
f 2684/23/2696 2615/23/2652 2687/23/2697
f 2686/23/2668 2687/23/2697 2618/23/2655
f 2686/23/2668 2618/23/2655 2631/23/2663
f 2618/23/2655 2619/23/2656 2631/23/2663
f 2631/23/2663 2619/23/2656 2621/23/2657
f 2634/23/2666 2688/23/2698 2635/23/2667
f 2688/23/2698 2683/23/2695 2635/23/2667
f 2688/23/2698 2689/23/2699 2683/23/2695
f 2689/23/2699 2685/23/2658 2683/23/2695
f 2689/23/2699 2609/23/2647 2685/23/2658
f 2615/23/2652 2614/23/2651 2687/23/2697
f 2687/23/2697 2614/23/2651 2618/23/2655
f 2631/23/2663 2621/23/2657 2690/23/2669
f 2612/23/2214 2400/23/2445 2636/23/2209
f 2637/23/2210 2422/23/2449 2638/23/2195
f 2422/23/2449 2576/23/2458 2638/23/2195
f 2638/23/2195 2576/23/2458 2165/23/2194
f 2587/23/2621 2691/23/2700 2696/23/2701
f 2587/23/2621 2696/23/2701 2697/23/2702
f 2691/23/2700 2692/23/2703 2698/23/2704
f 2691/23/2700 2698/23/2704 2696/23/2701
f 2692/23/2703 2693/23/2705 2698/23/2704
f 2698/23/2704 2693/23/2705 2701/23/2706
f 2693/23/2705 2694/23/2707 2701/23/2706
f 2697/23/2702 2696/23/2701 2699/23/2708
f 2696/23/2701 2700/23/2709 2699/23/2708
f 2696/23/2701 2698/23/2704 2700/23/2709
f 2698/23/2704 2701/23/2706 2700/23/2709
f 2701/23/2706 2694/23/2707 2702/23/2710
f 2700/23/2709 2701/23/2706 2703/23/2711
f 2701/23/2706 2702/23/2710 2703/23/2711
f 2697/23/2702 2699/23/2708 2704/23/2712
f 2697/23/2702 2704/23/2712 2705/23/2713
f 2699/23/2708 2700/23/2709 2704/23/2712
f 2700/23/2709 2703/23/2711 2704/23/2712
f 2703/23/2711 2702/23/2710 2706/23/2714
f 2707/23/2715 2691/23/2700 2587/23/2621
f 2707/23/2715 2708/23/2716 2692/23/2703
f 2707/23/2715 2692/23/2703 2691/23/2700
f 2708/23/2716 2709/23/2717 2692/23/2703
f 2709/23/2717 2710/23/2718 2693/23/2705
f 2709/23/2717 2693/23/2705 2692/23/2703
f 2710/23/2718 2694/23/2707 2693/23/2705
f 2710/23/2718 2695/23/2719 2694/23/2707
f 2694/23/2707 2695/23/2719 2702/23/2710
f 2703/23/2711 2706/23/2714 2711/23/2720
f 2704/23/2712 2703/23/2711 2711/23/2720
f 2704/23/2712 2711/23/2720 2712/23/2721
f 2705/23/2713 2704/23/2712 2712/23/2721
f 2713/23/2722 2705/23/2713 2651/23/2682
f 2713/23/2722 2697/23/2702 2705/23/2713
f 2714/23/2723 2697/23/2702 2713/23/2722
f 2714/23/2723 2587/23/2621 2697/23/2702
f 2117/23/2141 2444/23/2472 2448/23/2474
f 2117/23/2141 2448/23/2474 2655/23/2142
f 2655/23/2142 2451/23/2478 2656/23/2091
f 2657/23/2628 2444/23/2472 2117/23/2141
f 1993/23/2000 2456/23/2492 2658/23/2003
f 2658/23/2003 2463/23/2494 2659/23/1987
f 2659/23/1987 2463/23/2494 2469/23/2502
f 2690/23/2669 2621/23/2657 2589/23/2510
f 2664/23/2624 2490/23/2504 2660/23/2625
f 2667/23/2692 2580/23/2613 2715/23/2689
f 2667/23/2692 2578/23/2611 2580/23/2613
f 2715/23/2689 2580/23/2613 2716/23/2724
f 2715/23/2689 2716/23/2724 2669/23/2690
f 2716/23/2724 2717/23/2622 2669/23/2690
f 2669/23/2690 2718/23/2725 2670/23/2691
f 2669/23/2690 2717/23/2622 2718/23/2725
f 2717/23/2622 2583/23/2618 2718/23/2725
f 2670/23/2691 2718/23/2725 2719/23/2693
f 2718/23/2725 2720/23/2620 2719/23/2693
f 2718/23/2725 2583/23/2618 2720/23/2620
f 2672/23/2609 2578/23/2611 2667/23/2692
f 2716/23/2724 2580/23/2613 2717/23/2622
f 2720/23/2620 2587/23/2621 2714/23/2723
f 2719/23/2693 2720/23/2620 2714/23/2723
f 2719/23/2693 2714/23/2723 2713/23/2722
f 2719/23/2693 2713/23/2722 2651/23/2682
f 1975/23/1978 2503/23/2536 2508/23/2541
f 1975/23/1978 2508/23/2541 2671/23/1979
f 2671/23/1979 2508/23/2541 2625/23/1975
f 2508/23/2541 2510/23/2418 2625/23/1975
f 2674/23/1983 2504/23/2558 1975/23/1978
f 2165/23/2194 2513/23/2547 2672/23/2609
f 2672/23/2609 2575/23/2610 2578/23/2611
f 2673/23/1986 2721/23/2556 2674/23/1983
f 2659/23/1987 2469/23/2502 2673/23/1986
f 2675/23/2607 2532/23/2563 2676/23/2060
f 2532/23/2563 2574/23/2572 2676/23/2060
f 2679/23/2694 2573/23/2561 2675/23/2607
f 2676/23/2060 2574/23/2572 2677/23/2608
f 2678/23/2606 2573/23/2561 2679/23/2694
f 2048/23/2065 2542/23/2579 2678/23/2606
f 2542/23/2579 2572/23/2578 2678/23/2606
f 2066/23/2081 2555/23/2594 2680/23/2085
f 2681/23/2605 2542/23/2579 2048/23/2065
f 2069/23/2084 2555/23/2594 2066/23/2081
f 2074/23/2090 2571/23/2602 2682/23/2092
f 2571/23/2602 2568/23/2603 2682/23/2092
f 2682/23/2092 2568/23/2603 2069/23/2084
f 2656/23/2091 2451/23/2478 2074/23/2090
f 2069/23/2084 2568/23/2603 2555/23/2594
f 2706/23/2714 2702/23/2710 2722/23/2726
f 2706/23/2714 2722/23/2726 2723/23/2727
f 2702/23/2710 2724/23/2728 2722/23/2726
f 2724/23/2728 2726/23/2729 2722/23/2726
f 2726/23/2729 2724/23/2728 2728/23/2730
f 2724/23/2728 2727/23/2731 2728/23/2730
f 2722/23/2726 2726/23/2729 2728/23/2730
f 2722/23/2726 2728/23/2730 2727/23/2731
f 2723/23/2727 2722/23/2726 2727/23/2731
f 2702/23/2710 2695/23/2719 2724/23/2728
f 2695/23/2719 2725/23/2732 2724/23/2728
f 2727/23/2731 2724/23/2728 2730/23/2733
f 2727/23/2731 2730/23/2733 2764/23/2734
f 2727/23/2731 2764/23/2734 2731/23/2735
f 2729/23/2736 2727/23/2731 2731/23/2735
f 2723/23/2727 2727/23/2731 2729/23/2736
f 2652/23/2683 2712/23/2721 2732/23/2737
f 2652/23/2683 2732/23/2737 2733/23/2738
f 2712/23/2721 2711/23/2720 2734/23/2739
f 2712/23/2721 2734/23/2739 2732/23/2737
f 2711/23/2720 2735/23/2740 2734/23/2739
f 2733/23/2738 2732/23/2737 2736/23/2741
f 2734/23/2739 2735/23/2740 2737/23/2742
f 2736/23/2741 2732/23/2737 2738/23/2743
f 2732/23/2737 2734/23/2739 2738/23/2743
f 2738/23/2743 2734/23/2739 2739/23/2744
f 2734/23/2739 2737/23/2742 2739/23/2744
f 2733/23/2738 2736/23/2741 2740/23/2745
f 2733/23/2738 2740/23/2745 2741/23/2746
f 2736/23/2741 2738/23/2743 2742/23/2747
f 2736/23/2741 2742/23/2747 2740/23/2745
f 2738/23/2743 2739/23/2744 2742/23/2747
f 2739/23/2744 2737/23/2742 2743/23/2748
f 2651/23/2682 2705/23/2713 2652/23/2683
f 2705/23/2713 2712/23/2721 2652/23/2683
f 2711/23/2720 2706/23/2714 2735/23/2740
f 2706/23/2714 2723/23/2727 2735/23/2740
f 2735/23/2740 2723/23/2727 2737/23/2742
f 2737/23/2742 2723/23/2727 2743/23/2748
f 2742/23/2747 2739/23/2744 2744/23/2749
f 2742/23/2747 2744/23/2749 2745/23/2750
f 2740/23/2745 2742/23/2747 2745/23/2750
f 2741/23/2746 2740/23/2745 2745/23/2750
f 2741/23/2746 2745/23/2750 2746/23/2751
f 2654/23/2685 2741/23/2746 2746/23/2751
f 2654/23/2685 2746/23/2751 2634/23/2666
f 2653/23/2684 2733/23/2738 2741/23/2746
f 2653/23/2684 2741/23/2746 2654/23/2685
f 2652/23/2683 2733/23/2738 2653/23/2684
f 2747/23/2752 2749/23/2753 2750/23/2754
f 2747/23/2752 2750/23/2754 2748/23/2755
f 2749/23/2753 2751/23/2756 2750/23/2754
f 2748/23/2755 2752/23/2757 2753/23/2758
f 2748/23/2755 2750/23/2754 2754/23/2759
f 2748/23/2755 2754/23/2759 2752/23/2757
f 2750/23/2754 2755/23/2760 2754/23/2759
f 2750/23/2754 2751/23/2756 2755/23/2760
f 2751/23/2756 2756/23/2761 2755/23/2760
f 2751/23/2756 2730/23/2733 2756/23/2761
f 2753/23/2758 2752/23/2757 2757/23/2762
f 2757/23/2762 2752/23/2757 2758/23/2763
f 2752/23/2757 2754/23/2759 2759/23/2764
f 2752/23/2757 2759/23/2764 2758/23/2763
f 2754/23/2759 2755/23/2760 2760/23/2765
f 2754/23/2759 2760/23/2765 2759/23/2764
f 2755/23/2760 2756/23/2761 2760/23/2765
f 2757/23/2762 2758/23/2763 2761/23/2766
f 2761/23/2766 2758/23/2763 2708/23/2716
f 2758/23/2763 2759/23/2764 2708/23/2716
f 2759/23/2764 2760/23/2765 2709/23/2717
f 2759/23/2764 2709/23/2717 2708/23/2716
f 2760/23/2765 2710/23/2718 2709/23/2717
f 2760/23/2765 2756/23/2761 2710/23/2718
f 2609/23/2647 2747/23/2752 2604/23/2642
f 2609/23/2647 2762/23/2767 2747/23/2752
f 2762/23/2767 2749/23/2753 2747/23/2752
f 2762/23/2767 2763/23/2768 2749/23/2753
f 2763/23/2768 2751/23/2756 2749/23/2753
f 2763/23/2768 2764/23/2734 2751/23/2756
f 2764/23/2734 2730/23/2733 2751/23/2756
f 2730/23/2733 2724/23/2728 2756/23/2761
f 2756/23/2761 2724/23/2728 2725/23/2732
f 2756/23/2761 2725/23/2732 2695/23/2719
f 2710/23/2718 2756/23/2761 2695/23/2719
f 2761/23/2766 2708/23/2716 2707/23/2715
f 2606/23/2644 2761/23/2766 2707/23/2715
f 2606/23/2644 2707/23/2715 2587/23/2621
f 2611/23/2649 2757/23/2762 2761/23/2766
f 2611/23/2649 2761/23/2766 2606/23/2644
f 2610/23/2648 2753/23/2758 2757/23/2762
f 2610/23/2648 2757/23/2762 2611/23/2649
f 2610/23/2648 2748/23/2755 2753/23/2758
f 2604/23/2642 2747/23/2752 2748/23/2755
f 2604/23/2642 2748/23/2755 2610/23/2648
f 2744/23/2749 2743/23/2748 2767/23/2769
f 2766/23/2770 2746/23/2751 2768/23/2771
f 2746/23/2751 2765/23/2772 2768/23/2771
f 2765/23/2772 2769/23/2773 2768/23/2771
f 2765/23/2772 2744/23/2749 2769/23/2773
f 2744/23/2749 2767/23/2769 2769/23/2773
f 2766/23/2770 2768/23/2771 2770/23/2774
f 2766/23/2770 2770/23/2774 2771/23/2775
f 2768/23/2771 2769/23/2773 2772/23/2776
f 2768/23/2771 2772/23/2776 2770/23/2774
f 2769/23/2773 2767/23/2769 2772/23/2776
f 2772/23/2776 2767/23/2769 2773/23/2777
f 2767/23/2769 2731/23/2735 2773/23/2777
f 2771/23/2775 2770/23/2774 2774/23/2778
f 2770/23/2774 2775/23/2779 2774/23/2778
f 2770/23/2774 2772/23/2776 2775/23/2779
f 2772/23/2776 2773/23/2777 2775/23/2779
f 2773/23/2777 2731/23/2735 2764/23/2734
f 2634/23/2666 2746/23/2751 2688/23/2698
f 2746/23/2751 2745/23/2750 2765/23/2772
f 2745/23/2750 2744/23/2749 2765/23/2772
f 2739/23/2744 2743/23/2748 2744/23/2749
f 2743/23/2748 2723/23/2727 2729/23/2736
f 2743/23/2748 2729/23/2736 2767/23/2769
f 2767/23/2769 2729/23/2736 2731/23/2735
f 2773/23/2777 2764/23/2734 2763/23/2768
f 2775/23/2779 2773/23/2777 2763/23/2768
f 2775/23/2779 2763/23/2768 2762/23/2767
f 2774/23/2778 2775/23/2779 2762/23/2767
f 2774/23/2778 2762/23/2767 2609/23/2647
f 2689/23/2699 2774/23/2778 2609/23/2647
f 2689/23/2699 2771/23/2775 2774/23/2778
f 2689/23/2699 2766/23/2770 2771/23/2775
f 2688/23/2698 2766/23/2770 2689/23/2699
f 2688/23/2698 2746/23/2751 2766/23/2770
f 2776/23/2780 2777/23/2781 2784/23/2782
f 2777/23/2781 2782/23/2783 2779/23/2784
f 2784/23/2782 2777/23/2781 2778/23/2785
f 2777/23/2781 2779/23/2784 2778/23/2785
f 2780/23/2786 2777/23/2781 2776/23/2780
f 2780/23/2786 2781/23/2787 2777/23/2781
f 2781/23/2787 2782/23/2783 2777/23/2781
f 2782/23/2783 2783/23/2788 2779/23/2784
f 2779/23/2784 2783/23/2788 2792/23/2789
f 2785/23/2790 2786/23/2791 2787/23/2792
f 2785/23/2790 2787/23/2792 2783/23/2788
f 2783/23/2788 2787/23/2792 2788/23/2793
f 2787/23/2792 2789/23/2794 2788/23/2793
f 2790/23/2795 2786/23/2791 2785/23/2790
f 2790/23/2795 2791/23/2796 2786/23/2791
f 2783/23/2788 2788/23/2793 2792/23/2789
f 2782/23/2783 2785/23/2790 2783/23/2788
f 2788/23/2793 2789/23/2794 2792/23/2789
f 2792/23/2789 2793/23/2797 2794/23/2798
f 2792/23/2789 2789/23/2794 2793/23/2797
f 2789/23/2794 2795/23/2799 2793/23/2797
f 2789/23/2794 2802/23/2800 2795/23/2799
f 2802/23/2800 2815/23/2801 2795/23/2799
f 2794/23/2798 2793/23/2797 2818/23/2802
f 2796/23/2803 2792/23/2789 2794/23/2798
f 2796/23/2803 2794/23/2798 2798/23/2804
f 2797/23/2805 2796/23/2803 2798/23/2804
f 2778/23/2785 2779/23/2784 2796/23/2803
f 2779/23/2784 2792/23/2789 2796/23/2803
f 2798/23/2804 2794/23/2798 2818/23/2802
f 2797/23/2805 2798/23/2804 2817/23/2806
f 2993/23/2807 2796/23/2803 2797/23/2805
f 2993/23/2807 2797/23/2805 2995/23/2808
f 2784/23/2782 2778/23/2785 2796/23/2803
f 2784/23/2782 2796/23/2803 2993/23/2807
f 2799/23/2809 2801/23/2810 2787/23/2792
f 2799/23/2809 2800/23/2811 2801/23/2810
f 2787/23/2792 2801/23/2810 2802/23/2800
f 2801/23/2810 2814/23/2812 2802/23/2800
f 2801/23/2810 2800/23/2811 2814/23/2812
f 2800/23/2811 2809/23/2813 2814/23/2812
f 2791/23/2796 2799/23/2809 2786/23/2791
f 2799/23/2809 2803/23/2814 2800/23/2811
f 2803/23/2814 2804/23/2815 2800/23/2811
f 2787/23/2792 2802/23/2800 2789/23/2794
f 2786/23/2791 2799/23/2809 2787/23/2792
f 2804/23/2815 2805/23/2008 2806/23/2816
f 2805/23/2008 1997/23/2007 2806/23/2816
f 2804/23/2815 2806/23/2816 2800/23/2811
f 2800/23/2811 2806/23/2816 2809/23/2813
f 2806/23/2816 2807/23/2817 2809/23/2813
f 2806/23/2816 1997/23/2007 2807/23/2817
f 1997/23/2007 1996/23/2006 2807/23/2817
f 2808/23/2818 2805/23/2008 2804/23/2815
f 2807/23/2817 1996/23/2006 2002/23/2013
f 2809/23/2813 2810/23/2819 2811/23/2820
f 2809/23/2813 2807/23/2817 2810/23/2819
f 2807/23/2817 2002/23/2013 2810/23/2819
f 2811/23/2820 2810/23/2819 2812/23/2821
f 2810/23/2819 2813/23/2822 2812/23/2821
f 2810/23/2819 2002/23/2013 2813/23/2822
f 2002/23/2013 2003/23/2014 2813/23/2822
f 2802/23/2800 2814/23/2812 2815/23/2801
f 2814/23/2812 2809/23/2813 2811/23/2820
f 2815/23/2801 2814/23/2812 2816/23/2823
f 2814/23/2812 2811/23/2820 2816/23/2823
f 2811/23/2820 2812/23/2821 2816/23/2823
f 2817/23/2806 2798/23/2804 2820/23/2824
f 2798/23/2804 2818/23/2802 2819/23/2825
f 2798/23/2804 2819/23/2825 2820/23/2824
f 2817/23/2806 2820/23/2824 2821/23/2826
f 2820/23/2824 2819/23/2825 2822/23/2827
f 2821/23/2826 2820/23/2824 2822/23/2827
f 3052/23/2828 2817/23/2806 2821/23/2826
f 2995/23/2808 2797/23/2805 2817/23/2806
f 2995/23/2808 2817/23/2806 3052/23/2828
f 2818/23/2802 2823/23/2829 2819/23/2825
f 2819/23/2825 2823/23/2829 2825/23/2830
f 2823/23/2829 2826/23/2831 2825/23/2830
f 2823/23/2829 2824/23/2832 2826/23/2831
f 2818/23/2802 2793/23/2797 2823/23/2829
f 2793/23/2797 2795/23/2799 2823/23/2829
f 2795/23/2799 2824/23/2832 2823/23/2829
f 2795/23/2799 2815/23/2801 2824/23/2832
f 2833/23/2833 2825/23/2830 2828/23/2834
f 2825/23/2830 2827/23/2835 2828/23/2834
f 2828/23/2834 2827/23/2835 2829/23/2836
f 2828/23/2834 2831/23/2837 2830/23/2838
f 2828/23/2834 2829/23/2836 2831/23/2837
f 2819/23/2825 2825/23/2830 2833/23/2833
f 2826/23/2831 2827/23/2835 2825/23/2830
f 2832/23/2839 2822/23/2827 2834/23/2840
f 2822/23/2827 2833/23/2833 2834/23/2840
f 2821/23/2826 2822/23/2827 2832/23/2839
f 2822/23/2827 2819/23/2825 2833/23/2833
f 2833/23/2833 2828/23/2834 2834/23/2840
f 2834/23/2840 2828/23/2834 2830/23/2838
f 2834/23/2840 2830/23/2838 2835/23/2841
f 3057/23/2842 2834/23/2840 2835/23/2841
f 2832/23/2839 2834/23/2840 3057/23/2842
f 2824/23/2832 2816/23/2823 2836/23/2843
f 2816/23/2823 2837/23/2844 2836/23/2843
f 2816/23/2823 2812/23/2821 2837/23/2844
f 2824/23/2832 2836/23/2843 2826/23/2831
f 2836/23/2843 2838/23/2845 2826/23/2831
f 2836/23/2843 2837/23/2844 2838/23/2845
f 2837/23/2844 2839/23/2846 2838/23/2845
f 2815/23/2801 2816/23/2823 2824/23/2832
f 2812/23/2821 2840/23/2847 2837/23/2844
f 2812/23/2821 2813/23/2822 2840/23/2847
f 2813/23/2822 2032/23/2044 2840/23/2847
f 2813/23/2822 2003/23/2014 2032/23/2044
f 2837/23/2844 2840/23/2847 2839/23/2846
f 2840/23/2847 2841/23/2848 2839/23/2846
f 2840/23/2847 2032/23/2044 2841/23/2848
f 2032/23/2044 2031/23/2043 2841/23/2848
f 2839/23/2846 2841/23/2848 2842/23/2849
f 2841/23/2848 2843/23/2850 2842/23/2849
f 2841/23/2848 2031/23/2043 2843/23/2850
f 2031/23/2043 2036/23/2047 2843/23/2850
f 2842/23/2849 2843/23/2850 2844/23/2851
f 2843/23/2850 2845/23/2852 2844/23/2851
f 2843/23/2850 2036/23/2047 2845/23/2852
f 2036/23/2047 2037/23/2048 2845/23/2852
f 2826/23/2831 2838/23/2845 2827/23/2835
f 2839/23/2846 2842/23/2849 2838/23/2845
f 2827/23/2835 2838/23/2845 2846/23/2853
f 2838/23/2845 2842/23/2849 2846/23/2853
f 2842/23/2849 2844/23/2851 2846/23/2853
f 2829/23/2836 2846/23/2853 2847/23/2854
f 2846/23/2853 2844/23/2851 2847/23/2854
f 2827/23/2835 2846/23/2853 2829/23/2836
f 2038/23/2052 2848/23/2855 2039/23/2053
f 2848/23/2855 2850/23/2856 2039/23/2053
f 2848/23/2855 2849/23/2857 2850/23/2856
f 2849/23/2857 2851/23/2858 2850/23/2856
f 2039/23/2053 2850/23/2856 2852/23/2859
f 2850/23/2856 2851/23/2858 2852/23/2859
f 2852/23/2859 2851/23/2858 2853/23/2860
f 2849/23/2857 2854/23/2861 2851/23/2858
f 2854/23/2861 2856/23/2862 2851/23/2858
f 2854/23/2861 2855/23/2863 2856/23/2862
f 2849/23/2857 3442/23/2864 2854/23/2861
f 2855/23/2863 2857/23/2865 2856/23/2862
f 2857/23/2865 2868/23/2866 2858/23/2867
f 2856/23/2862 2857/23/2865 2858/23/2867
f 2856/23/2862 2858/23/2867 2859/23/2868
f 2851/23/2858 2856/23/2862 2859/23/2868
f 2851/23/2858 2859/23/2868 2853/23/2860
f 2859/23/2868 2861/23/2869 2860/23/2870
f 2859/23/2868 2858/23/2867 2861/23/2869
f 2858/23/2867 2885/23/2871 2861/23/2869
f 2861/23/2869 2885/23/2871 2862/23/2872
f 2858/23/2867 2868/23/2866 2885/23/2871
f 2852/23/2859 2853/23/2860 2063/23/2078
f 2063/23/2078 2853/23/2860 2863/23/2873
f 2853/23/2860 2860/23/2870 2863/23/2873
f 2063/23/2078 2863/23/2873 2059/23/2074
f 2039/23/2053 2852/23/2859 2063/23/2078
f 2853/23/2860 2859/23/2868 2860/23/2870
f 2058/23/2076 2063/23/2078 2059/23/2074
f 2855/23/2863 2864/23/2874 2866/23/2875
f 2855/23/2863 2866/23/2875 2857/23/2865
f 2864/23/2874 2865/23/2876 2866/23/2875
f 2866/23/2875 2865/23/2876 2867/23/2877
f 2857/23/2865 2866/23/2875 2868/23/2866
f 2866/23/2875 2867/23/2877 2868/23/2866
f 2864/23/2874 2869/23/2878 2865/23/2876
f 2869/23/2878 3445/23/2879 2865/23/2876
f 2870/23/2880 2871/23/2881 2872/23/2882
f 2865/23/2876 2870/23/2880 2873/23/2883
f 2865/23/2876 2873/23/2883 2867/23/2877
f 2870/23/2880 2872/23/2882 2873/23/2883
f 2867/23/2877 2873/23/2883 2874/23/2884
f 3445/23/2879 2875/23/2885 2870/23/2880
f 3445/23/2879 2870/23/2880 2865/23/2876
f 2875/23/2885 2876/23/2886 2870/23/2880
f 2876/23/2886 2871/23/2881 2870/23/2880
f 2874/23/2884 2873/23/2883 2878/23/2887
f 2873/23/2883 2872/23/2882 2878/23/2887
f 2879/23/2888 2874/23/2884 2880/23/2889
f 2874/23/2884 2878/23/2887 2880/23/2889
f 2878/23/2887 2881/23/2890 2880/23/2889
f 2879/23/2888 2880/23/2889 2882/23/2891
f 2882/23/2891 2880/23/2889 2883/23/2892
f 2868/23/2866 2884/23/2893 2885/23/2871
f 2885/23/2871 2884/23/2893 2886/23/2894
f 2885/23/2871 2886/23/2894 2887/23/2895
f 2868/23/2866 2867/23/2877 2884/23/2893
f 2867/23/2877 2874/23/2884 2884/23/2893
f 2884/23/2893 2874/23/2884 2879/23/2888
f 2884/23/2893 2879/23/2888 2886/23/2894
f 2886/23/2894 2879/23/2888 2882/23/2891
f 2885/23/2871 2887/23/2895 2862/23/2872
f 2082/23/2102 2888/23/2896 2084/23/2104
f 2888/23/2896 2890/23/2897 2084/23/2104
f 2888/23/2896 2889/23/2898 2890/23/2897
f 2059/23/2074 2888/23/2896 2082/23/2102
f 2059/23/2074 2863/23/2873 2888/23/2896
f 2863/23/2873 2860/23/2870 2888/23/2896
f 2860/23/2870 2891/23/2899 2888/23/2896
f 2888/23/2896 2891/23/2899 2889/23/2898
f 2891/23/2899 2862/23/2872 2892/23/2900
f 2889/23/2898 2891/23/2899 2892/23/2900
f 2860/23/2870 2861/23/2869 2891/23/2899
f 2861/23/2869 2862/23/2872 2891/23/2899
f 2892/23/2900 2893/23/2901 2894/23/2902
f 2889/23/2898 2892/23/2900 2894/23/2902
f 2889/23/2898 2894/23/2902 2895/23/2903
f 2895/23/2903 2896/23/2904 2901/23/2905
f 2895/23/2903 2894/23/2902 2896/23/2904
f 2894/23/2902 2897/23/2906 2896/23/2904
f 2894/23/2902 2893/23/2901 2897/23/2906
f 2901/23/2905 2896/23/2904 2898/23/2907
f 2896/23/2904 2899/23/2908 2898/23/2907
f 2896/23/2904 2897/23/2906 2899/23/2908
f 2897/23/2906 2900/23/2909 2899/23/2908
f 2087/23/2119 2890/23/2897 2901/23/2905
f 2087/23/2119 2901/23/2905 2095/23/2120
f 2890/23/2897 2895/23/2903 2901/23/2905
f 2095/23/2120 2902/23/2910 2096/23/2122
f 2095/23/2120 2901/23/2905 2902/23/2910
f 2901/23/2905 2898/23/2907 2902/23/2910
f 2084/23/2104 2890/23/2897 2087/23/2119
f 2890/23/2897 2889/23/2898 2895/23/2903
f 2887/23/2895 2903/23/2911 2862/23/2872
f 2892/23/2900 2862/23/2872 2904/23/2912
f 2862/23/2872 2903/23/2911 2904/23/2912
f 2903/23/2911 2905/23/2913 2904/23/2912
f 2887/23/2895 2886/23/2894 2903/23/2911
f 2886/23/2894 2882/23/2891 2903/23/2911
f 2903/23/2911 2882/23/2891 2907/23/2914
f 2903/23/2911 2907/23/2914 2905/23/2913
f 2892/23/2900 2904/23/2912 2893/23/2901
f 2880/23/2889 2881/23/2890 2906/23/2915
f 2880/23/2889 2906/23/2915 2883/23/2892
f 2882/23/2891 2883/23/2892 2907/23/2914
f 2907/23/2914 2883/23/2892 2908/23/2916
f 2883/23/2892 2906/23/2915 2909/23/2917
f 2883/23/2892 2909/23/2917 2908/23/2916
f 2905/23/2913 2907/23/2914 2908/23/2916
f 2908/23/2916 2909/23/2917 2910/23/2918
f 2911/23/2919 2905/23/2913 2912/23/2920
f 2905/23/2913 2908/23/2916 2912/23/2920
f 2908/23/2916 2910/23/2918 2912/23/2920
f 2911/23/2919 2912/23/2920 2913/23/2921
f 2912/23/2920 2910/23/2918 2914/23/2922
f 2913/23/2921 2912/23/2920 3160/23/2923
f 2893/23/2901 2915/23/2924 2897/23/2906
f 2893/23/2901 2904/23/2912 2915/23/2924
f 2904/23/2912 2911/23/2919 2915/23/2924
f 2904/23/2912 2905/23/2913 2911/23/2919
f 2897/23/2906 2915/23/2924 2900/23/2909
f 2915/23/2924 2916/23/2925 2900/23/2909
f 2915/23/2924 2911/23/2919 2916/23/2925
f 2911/23/2919 2913/23/2921 2916/23/2925
f 2917/23/2926 2918/23/2927 2919/23/2928
f 2918/23/2927 2920/23/2929 2919/23/2928
f 2917/23/2926 2919/23/2928 2872/23/2882
f 2877/23/2930 2917/23/2926 2871/23/2881
f 2877/23/2930 2921/23/2931 2917/23/2926
f 2921/23/2931 2922/23/2932 2917/23/2926
f 2922/23/2932 2918/23/2927 2917/23/2926
f 2871/23/2881 2917/23/2926 2872/23/2882
f 2923/23/2933 2924/23/2934 2925/23/2935
f 2923/23/2933 2925/23/2935 2926/23/2936
f 2920/23/2929 2926/23/2936 2927/23/2937
f 2926/23/2936 2925/23/2935 2927/23/2937
f 2925/23/2935 2928/23/2938 2927/23/2937
f 2922/23/2932 2923/23/2933 2918/23/2927
f 2924/23/2934 2938/23/2939 2925/23/2935
f 2928/23/2938 2942/23/2940 2930/23/2941
f 2927/23/2937 2928/23/2938 2930/23/2941
f 2920/23/2929 2927/23/2937 2929/23/2942
f 2918/23/2927 2926/23/2936 2920/23/2929
f 2918/23/2927 2923/23/2933 2926/23/2936
f 2929/23/2942 2927/23/2937 2930/23/2941
f 2929/23/2942 2930/23/2941 2931/23/2943
f 2930/23/2941 2932/23/2944 2931/23/2943
f 2930/23/2941 2942/23/2940 2932/23/2944
f 2937/23/2945 2931/23/2943 2933/23/2946
f 2935/23/2947 2931/23/2943 2937/23/2945
f 2929/23/2942 2931/23/2943 2935/23/2947
f 2934/23/2948 2935/23/2947 2936/23/2949
f 2881/23/2890 2934/23/2948 2936/23/2949
f 2936/23/2949 2935/23/2947 2937/23/2945
f 2872/23/2882 2919/23/2928 2934/23/2948
f 2919/23/2928 2935/23/2947 2934/23/2948
f 2919/23/2928 2920/23/2929 2935/23/2947
f 2920/23/2929 2929/23/2942 2935/23/2947
f 2878/23/2887 2934/23/2948 2881/23/2890
f 2872/23/2882 2934/23/2948 2878/23/2887
f 2938/23/2939 2939/23/2950 2925/23/2935
f 2925/23/2935 2939/23/2950 2928/23/2938
f 2928/23/2938 2939/23/2950 2942/23/2940
f 2939/23/2950 2940/23/2951 2942/23/2940
f 2940/23/2951 2941/23/2952 2942/23/2940
f 2939/23/2950 3397/23/2953 2940/23/2951
f 2944/23/2954 2945/23/2955 2943/23/2956
f 2943/23/2956 2946/23/2957 2941/23/2952
f 2943/23/2956 2945/23/2955 2946/23/2957
f 2945/23/2955 2963/23/2958 2946/23/2957
f 2946/23/2957 2963/23/2958 2948/23/2959
f 2941/23/2952 2946/23/2957 2948/23/2959
f 2941/23/2952 2948/23/2959 2949/23/2960
f 2940/23/2951 2943/23/2956 2941/23/2952
f 3397/23/2953 2943/23/2956 2940/23/2951
f 2949/23/2960 2950/23/2961 2951/23/2962
f 2949/23/2960 2948/23/2959 2950/23/2961
f 2948/23/2959 2952/23/2963 2950/23/2961
f 2951/23/2962 2950/23/2961 2953/23/2964
f 2950/23/2961 2954/23/2965 2953/23/2964
f 2950/23/2961 2952/23/2963 2954/23/2965
f 2948/23/2959 2963/23/2958 2955/23/2966
f 2948/23/2959 2955/23/2966 2952/23/2963
f 2952/23/2963 2978/23/2967 2954/23/2965
f 2942/23/2940 2957/23/2968 2932/23/2944
f 2942/23/2940 2956/23/2969 2957/23/2968
f 2956/23/2969 2951/23/2962 2957/23/2968
f 2932/23/2944 2957/23/2968 2958/23/2970
f 2957/23/2968 2951/23/2962 2958/23/2970
f 2942/23/2940 2941/23/2952 2956/23/2969
f 2941/23/2952 2949/23/2960 2956/23/2969
f 2956/23/2969 2949/23/2960 2951/23/2962
f 2951/23/2962 2953/23/2964 2959/23/2971
f 2958/23/2970 2951/23/2962 2959/23/2971
f 2947/23/2972 2960/23/2973 2961/23/2974
f 2947/23/2972 2961/23/2974 2962/23/2975
f 2947/23/2972 2962/23/2975 2963/23/2958
f 2962/23/2975 2961/23/2974 2964/23/2976
f 2963/23/2958 2962/23/2975 2965/23/2977
f 2962/23/2975 2964/23/2976 2965/23/2977
f 2945/23/2955 2947/23/2972 2963/23/2958
f 2966/23/2978 2967/23/2979 2961/23/2974
f 2961/23/2974 2968/23/2980 2964/23/2976
f 2961/23/2974 2967/23/2979 2968/23/2980
f 2967/23/2979 2971/23/2981 2968/23/2980
f 2968/23/2980 2971/23/2981 2969/23/2982
f 2960/23/2973 2966/23/2978 2961/23/2974
f 2967/23/2979 2970/23/2983 2971/23/2981
f 2972/23/2984 2973/23/2985 2974/23/2986
f 2974/23/2986 2973/23/2985 2976/23/2987
f 2973/23/2985 2975/23/2988 2976/23/2987
f 2964/23/2976 2968/23/2980 2972/23/2984
f 2968/23/2980 2973/23/2985 2972/23/2984
f 2968/23/2980 2969/23/2982 2973/23/2985
f 2969/23/2982 2983/23/2989 2973/23/2985
f 2973/23/2985 2983/23/2989 2975/23/2988
f 2955/23/2966 2965/23/2977 2977/23/2990
f 2952/23/2963 2955/23/2966 2978/23/2967
f 2955/23/2966 2977/23/2990 2978/23/2967
f 2978/23/2967 2977/23/2990 2979/23/2991
f 2963/23/2958 2965/23/2977 2955/23/2966
f 2964/23/2976 2972/23/2984 2965/23/2977
f 2965/23/2977 2972/23/2984 2974/23/2986
f 2965/23/2977 2974/23/2986 2977/23/2990
f 2977/23/2990 2974/23/2986 2976/23/2987
f 2977/23/2990 2976/23/2987 2979/23/2991
f 2980/23/2992 2981/23/2993 2982/23/2994
f 2971/23/2981 2983/23/2989 2969/23/2982
f 2971/23/2981 2980/23/2992 2983/23/2989
f 2980/23/2992 2982/23/2994 2983/23/2989
f 2982/23/2994 2984/23/2995 2983/23/2989
f 2970/23/2983 2980/23/2992 2971/23/2981
f 2985/23/2996 2981/23/2993 2980/23/2992
f 2982/23/2994 2991/23/2997 2984/23/2995
f 2989/23/2998 2784/23/2782 2988/23/2999
f 2987/23/3000 2988/23/2999 2990/23/3001
f 2988/23/2999 2784/23/2782 2990/23/3001
f 2982/23/2994 2987/23/3000 2991/23/2997
f 2986/23/3002 2987/23/3000 2981/23/2993
f 2986/23/3002 2992/23/3003 2987/23/3000
f 2992/23/3003 2988/23/2999 2987/23/3000
f 2992/23/3003 2989/23/2998 2988/23/2999
f 2989/23/2998 2776/23/2780 2784/23/2782
f 2991/23/2997 2987/23/3000 2990/23/3001
f 2981/23/2993 2987/23/3000 2982/23/2994
f 2990/23/3001 2784/23/2782 2993/23/2807
f 2991/23/2997 2990/23/3001 2994/23/3004
f 2990/23/3001 2993/23/2807 2994/23/3004
f 2994/23/3004 2993/23/2807 2995/23/2808
f 2994/23/3004 2995/23/2808 2996/23/3005
f 2983/23/2989 2984/23/2995 2997/23/3006
f 2997/23/3006 2984/23/2995 2998/23/3007
f 2984/23/2995 2991/23/2997 2994/23/3004
f 2984/23/2995 2994/23/3004 2998/23/3007
f 2998/23/3007 2994/23/3004 2996/23/3005
f 2998/23/3007 2996/23/3005 2999/23/3008
f 2997/23/3006 2998/23/3007 3048/23/3009
f 2983/23/2989 2997/23/3006 2975/23/2988
f 2881/23/2890 2936/23/2949 2906/23/2915
f 2936/23/2949 2937/23/2945 3000/23/3010
f 2936/23/2949 3000/23/3010 3001/23/3011
f 2906/23/2915 2936/23/2949 3001/23/3011
f 2906/23/2915 3001/23/3011 2909/23/2917
f 3001/23/3011 3000/23/3010 3002/23/3012
f 2933/23/2946 3003/23/3013 3002/23/3012
f 3002/23/3012 3003/23/3013 3005/23/3014
f 3003/23/3013 3004/23/3015 3005/23/3014
f 3005/23/3014 3004/23/3015 3006/23/3016
f 2933/23/2946 2931/23/2943 3003/23/3013
f 2931/23/2943 2932/23/2944 3003/23/3013
f 2932/23/2944 2958/23/2970 3003/23/3013
f 3003/23/3013 2958/23/2970 3004/23/3015
f 3002/23/3012 3005/23/3014 3013/23/3017
f 3000/23/3010 2933/23/2946 3002/23/3012
f 2937/23/2945 2933/23/2946 3000/23/3010
f 3007/23/3018 3006/23/3016 3008/23/3019
f 3007/23/3018 3008/23/3019 3009/23/3020
f 3008/23/3019 3028/23/3021 3010/23/3022
f 3013/23/3017 3005/23/3014 3007/23/3018
f 3005/23/3014 3006/23/3016 3007/23/3018
f 3008/23/3019 3010/23/3022 3011/23/3023
f 3009/23/3020 3008/23/3019 3011/23/3023
f 3009/23/3020 3011/23/3023 3012/23/3024
f 3013/23/3017 3007/23/3018 3009/23/3020
f 2909/23/2917 3001/23/3011 2910/23/2918
f 3001/23/3011 3014/23/3025 2910/23/2918
f 3001/23/3011 3013/23/3017 3014/23/3025
f 2910/23/2918 3014/23/3025 2914/23/2922
f 3002/23/3012 3013/23/3017 3001/23/3011
f 3013/23/3017 3009/23/3020 3014/23/3025
f 3014/23/3025 3009/23/3020 3012/23/3024
f 3014/23/3025 3012/23/3024 2914/23/2922
f 2958/23/2970 3015/23/3026 3004/23/3015
f 2958/23/2970 2959/23/2971 3015/23/3026
f 3015/23/3026 2959/23/2971 3016/23/3027
f 3004/23/3015 3015/23/3026 3017/23/3028
f 3004/23/3015 3017/23/3028 3006/23/3016
f 3015/23/3026 3016/23/3027 3017/23/3028
f 2959/23/2971 2953/23/2964 3019/23/3029
f 2959/23/2971 3019/23/3029 3016/23/3027
f 3016/23/3027 3019/23/3029 3021/23/3030
f 3016/23/3027 3021/23/3030 3018/23/3031
f 3017/23/3028 3016/23/3027 3018/23/3031
f 2953/23/2964 2954/23/2965 3020/23/3032
f 2953/23/2964 3020/23/3032 3019/23/3029
f 3019/23/3029 3020/23/3032 3022/23/3033
f 3019/23/3029 3022/23/3033 3021/23/3030
f 2954/23/2965 2978/23/2967 3030/23/3034
f 2954/23/2965 3030/23/3034 3020/23/3032
f 3020/23/3032 3030/23/3034 3032/23/3035
f 3020/23/3032 3032/23/3035 3022/23/3033
f 3021/23/3030 3022/23/3033 3024/23/3036
f 3021/23/3030 3024/23/3036 3023/23/3037
f 3023/23/3037 3025/23/3038 3026/23/3039
f 3023/23/3037 3024/23/3036 3025/23/3038
f 3024/23/3036 3027/23/3040 3025/23/3038
f 3022/23/3033 3032/23/3035 3045/23/3041
f 3022/23/3033 3045/23/3041 3024/23/3036
f 3024/23/3036 3045/23/3041 3027/23/3040
f 3006/23/3016 3017/23/3028 3028/23/3021
f 3017/23/3028 3018/23/3031 3028/23/3021
f 3028/23/3021 3018/23/3031 3029/23/3042
f 3028/23/3021 3029/23/3042 3010/23/3022
f 3029/23/3042 3026/23/3039 3010/23/3022
f 3018/23/3031 3021/23/3030 3023/23/3037
f 3018/23/3031 3023/23/3037 3029/23/3042
f 3029/23/3042 3023/23/3037 3026/23/3039
f 3006/23/3016 3028/23/3021 3008/23/3019
f 2978/23/2967 2979/23/2991 3030/23/3034
f 3030/23/3034 2979/23/2991 3031/23/3043
f 3030/23/3034 3031/23/3043 3032/23/3035
f 3032/23/3035 3031/23/3043 3033/23/3044
f 2979/23/2991 2976/23/2987 3035/23/3045
f 2979/23/2991 3035/23/3045 3031/23/3043
f 3031/23/3043 3035/23/3045 3033/23/3044
f 2976/23/2987 3036/23/3046 3035/23/3045
f 2976/23/2987 3034/23/3047 3036/23/3046
f 3035/23/3045 3036/23/3046 3037/23/3048
f 3036/23/3046 3038/23/3049 3037/23/3048
f 2975/23/2988 3034/23/3047 2976/23/2987
f 3036/23/3046 3034/23/3047 3049/23/3050
f 3036/23/3046 3049/23/3050 3038/23/3049
f 3035/23/3045 3037/23/3048 3033/23/3044
f 3037/23/3048 3038/23/3049 3039/23/3051
f 3039/23/3051 3040/23/3052 3046/23/3053
f 3039/23/3051 3038/23/3049 3040/23/3052
f 3038/23/3049 3058/23/3054 3040/23/3052
f 3046/23/3053 3040/23/3052 3041/23/3055
f 3058/23/3054 3042/23/3056 3040/23/3052
f 3040/23/3052 3042/23/3056 3043/23/3057
f 3041/23/3055 3040/23/3052 3043/23/3057
f 3041/23/3055 3043/23/3057 3044/23/3058
f 3033/23/3044 3037/23/3048 3039/23/3051
f 3032/23/3035 3033/23/3044 3045/23/3041
f 3045/23/3041 3033/23/3044 3046/23/3053
f 3045/23/3041 3046/23/3053 3047/23/3059
f 3045/23/3041 3047/23/3059 3027/23/3040
f 3047/23/3059 3046/23/3053 3041/23/3055
f 3033/23/3044 3039/23/3051 3046/23/3053
f 3041/23/3055 3044/23/3058 3047/23/3059
f 3048/23/3009 2999/23/3008 3050/23/3060
f 3034/23/3047 3048/23/3009 3049/23/3050
f 3048/23/3009 3050/23/3060 3049/23/3050
f 2975/23/2988 2997/23/3006 3034/23/3047
f 2997/23/3006 3048/23/3009 3034/23/3047
f 2998/23/3007 2999/23/3008 3048/23/3009
f 3049/23/3050 3050/23/3060 3051/23/3061
f 2996/23/3005 2995/23/2808 3052/23/2828
f 2999/23/3008 2996/23/3005 3053/23/3062
f 2996/23/3005 3052/23/2828 3053/23/3062
f 3053/23/3062 3052/23/2828 2821/23/2826
f 3053/23/3062 2821/23/2826 3054/23/3063
f 3050/23/3060 3053/23/3062 3051/23/3061
f 2999/23/3008 3053/23/3062 3050/23/3060
f 2821/23/2826 2832/23/2839 3054/23/3063
f 3054/23/3063 3055/23/3064 3056/23/3065
f 3054/23/3063 2832/23/2839 3055/23/3064
f 3055/23/3064 2832/23/2839 3057/23/2842
f 3051/23/3061 3053/23/3062 3054/23/3063
f 3056/23/3065 3055/23/3064 3057/23/2842
f 3056/23/3065 3057/23/2842 3062/23/3066
f 3049/23/3050 3051/23/3061 3058/23/3054
f 3058/23/3054 3051/23/3061 3059/23/3067
f 3051/23/3061 3056/23/3065 3059/23/3067
f 3058/23/3054 3059/23/3067 3042/23/3056
f 3051/23/3061 3054/23/3063 3056/23/3065
f 3059/23/3067 3056/23/3065 3062/23/3066
f 3059/23/3067 3062/23/3066 3073/23/3068
f 3042/23/3056 3059/23/3067 3073/23/3068
f 3038/23/3049 3049/23/3050 3058/23/3054
f 2830/23/2838 3060/23/3069 2835/23/2841
f 2835/23/2841 3060/23/3069 3061/23/3070
f 3057/23/2842 2835/23/2841 3062/23/3066
f 3062/23/3066 2835/23/2841 3061/23/3070
f 3060/23/3069 3065/23/3071 3061/23/3070
f 2830/23/2838 2831/23/2837 3060/23/3069
f 2831/23/2837 3064/23/3072 3060/23/3069
f 2831/23/2837 3063/23/3073 3064/23/3072
f 3060/23/3069 3064/23/3072 3065/23/3071
f 3064/23/3072 3066/23/3074 3065/23/3071
f 3064/23/3072 3063/23/3073 3066/23/3074
f 2831/23/2837 2829/23/2836 3063/23/3073
f 3067/23/3075 3065/23/3071 3069/23/3076
f 3065/23/3071 3068/23/3077 3069/23/3076
f 3069/23/3076 3068/23/3077 3070/23/3078
f 3067/23/3075 3071/23/3079 3072/23/3080
f 3067/23/3075 3069/23/3076 3071/23/3079
f 3069/23/3076 3070/23/3078 3071/23/3079
f 3065/23/3071 3066/23/3074 3068/23/3077
f 3068/23/3077 3088/23/3081 3070/23/3078
f 3061/23/3070 3065/23/3071 3067/23/3075
f 3062/23/3066 3061/23/3070 3073/23/3068
f 3073/23/3068 3061/23/3070 3074/23/3082
f 3061/23/3070 3067/23/3075 3074/23/3082
f 3073/23/3068 3074/23/3082 3075/23/3083
f 3074/23/3082 3067/23/3075 3072/23/3080
f 3073/23/3068 3075/23/3083 3042/23/3056
f 3074/23/3082 3072/23/3080 3075/23/3083
f 2847/23/2854 3076/23/3084 3063/23/3073
f 2847/23/2854 2844/23/2851 3076/23/3084
f 2844/23/2851 3079/23/3085 3076/23/3084
f 3063/23/3073 3077/23/3086 3066/23/3074
f 3063/23/3073 3076/23/3084 3077/23/3086
f 3076/23/3084 3078/23/3087 3077/23/3086
f 3076/23/3084 3079/23/3085 3078/23/3087
f 2829/23/2836 2847/23/2854 3063/23/3073
f 2844/23/2851 2845/23/2852 3079/23/3085
f 2845/23/2852 3081/23/3088 3079/23/3085
f 2845/23/2852 2037/23/2048 3081/23/3088
f 2037/23/2048 2275/23/2303 3081/23/3088
f 3079/23/3085 3081/23/3088 3082/23/3089
f 3081/23/3088 2275/23/2303 3082/23/3089
f 3082/23/3089 2275/23/2303 2276/23/2304
f 3079/23/3085 3082/23/3089 3078/23/3087
f 3082/23/3089 2276/23/2304 3083/23/3090
f 3078/23/3087 3082/23/3089 3083/23/3090
f 3078/23/3087 3083/23/3090 3080/23/3091
f 3083/23/3090 2279/23/2307 3084/23/3092
f 3083/23/3090 3084/23/3092 3080/23/3091
f 3084/23/3092 2279/23/2307 2280/23/2308
f 3080/23/3091 3084/23/3092 3085/23/3093
f 3084/23/3092 3086/23/3094 3085/23/3093
f 3084/23/3092 2280/23/2308 3086/23/3094
f 3083/23/3090 2276/23/2304 2279/23/2307
f 3086/23/3094 2280/23/2308 2310/23/2311
f 3066/23/3074 3077/23/3086 3087/23/3095
f 3077/23/3086 3080/23/3091 3087/23/3095
f 3066/23/3074 3087/23/3095 3068/23/3077
f 3068/23/3077 3087/23/3095 3088/23/3081
f 3087/23/3095 3080/23/3091 3085/23/3093
f 3087/23/3095 3089/23/3096 3088/23/3081
f 3087/23/3095 3085/23/3093 3089/23/3096
f 3078/23/3087 3080/23/3091 3077/23/3086
f 3070/23/3078 3088/23/3081 3092/23/3097
f 3043/23/3057 3075/23/3083 3090/23/3098
f 3075/23/3083 3072/23/3080 3090/23/3098
f 3090/23/3098 3072/23/3080 3091/23/3099
f 3043/23/3057 3090/23/3098 3044/23/3058
f 3042/23/3056 3075/23/3083 3043/23/3057
f 3090/23/3098 3091/23/3099 3101/23/3100
f 3071/23/3079 3070/23/3078 3092/23/3097
f 3071/23/3079 3092/23/3097 3093/23/3101
f 3071/23/3079 3093/23/3101 3091/23/3099
f 3091/23/3099 3093/23/3101 3094/23/3102
f 3093/23/3101 3095/23/3103 3094/23/3102
f 3092/23/3097 3105/23/3104 3093/23/3101
f 3093/23/3101 3105/23/3104 3095/23/3103
f 3091/23/3099 3094/23/3102 3101/23/3100
f 3072/23/3080 3071/23/3079 3091/23/3099
f 3094/23/3102 3097/23/3105 3096/23/3106
f 3094/23/3102 3095/23/3103 3097/23/3105
f 3096/23/3106 3098/23/3107 3099/23/3108
f 3096/23/3106 3097/23/3105 3098/23/3107
f 3097/23/3105 3100/23/3109 3098/23/3107
f 3101/23/3100 3094/23/3102 3096/23/3106
f 3101/23/3100 3096/23/3106 3099/23/3108
f 3102/23/3110 3104/23/3111 3047/23/3059
f 3102/23/3110 3103/23/3112 3104/23/3111
f 3103/23/3112 3099/23/3108 3104/23/3111
f 3103/23/3112 3101/23/3100 3099/23/3108
f 3047/23/3059 3104/23/3111 3027/23/3040
f 3044/23/3058 3103/23/3112 3102/23/3110
f 3044/23/3058 3090/23/3098 3103/23/3112
f 3090/23/3098 3101/23/3100 3103/23/3112
f 3044/23/3058 3102/23/3110 3047/23/3059
f 3092/23/3097 3088/23/3081 3105/23/3104
f 3088/23/3081 3089/23/3096 3105/23/3104
f 3089/23/3096 3108/23/3113 3105/23/3104
f 3105/23/3104 3108/23/3113 3106/23/3114
f 3106/23/3114 3108/23/3113 3107/23/3115
f 3105/23/3104 3106/23/3114 3095/23/3103
f 3089/23/3096 3085/23/3093 3108/23/3113
f 3085/23/3093 3086/23/3094 3109/23/3116
f 3085/23/3093 3109/23/3116 3108/23/3113
f 3086/23/3094 2310/23/2311 3109/23/3116
f 2310/23/2311 2311/23/2337 3109/23/3116
f 3108/23/3113 3109/23/3116 3107/23/3115
f 3109/23/3116 3110/23/3117 3107/23/3115
f 3109/23/3116 2311/23/2337 3110/23/3117
f 2311/23/2337 2309/23/2336 3110/23/3117
f 3107/23/3115 3110/23/3117 3112/23/3118
f 3107/23/3115 3112/23/3118 3111/23/3119
f 3110/23/3117 2309/23/2336 2316/23/2342
f 3110/23/3117 2316/23/2342 3112/23/3118
f 3112/23/3118 2316/23/2342 2317/23/2343
f 3111/23/3119 3112/23/3118 3113/23/3120
f 3111/23/3119 3113/23/3120 3114/23/3121
f 3112/23/3118 2317/23/2343 3113/23/3120
f 3113/23/3120 2317/23/2343 2346/23/2372
f 3116/23/3122 3107/23/3115 3111/23/3119
f 3115/23/3123 3117/23/3124 3100/23/3109
f 3115/23/3123 3116/23/3122 3117/23/3124
f 3116/23/3122 3111/23/3119 3117/23/3124
f 3117/23/3124 3111/23/3119 3114/23/3121
f 3095/23/3103 3106/23/3114 3115/23/3123
f 3106/23/3114 3116/23/3122 3115/23/3123
f 3106/23/3114 3107/23/3115 3116/23/3122
f 3097/23/3105 3115/23/3123 3100/23/3109
f 3095/23/3103 3115/23/3123 3097/23/3105
f 3027/23/3040 3118/23/3125 3025/23/3038
f 3118/23/3125 3120/23/3126 3025/23/3038
f 3118/23/3125 3121/23/3127 3120/23/3126
f 3118/23/3125 3119/23/3128 3121/23/3127
f 3025/23/3038 3120/23/3126 3026/23/3039
f 3027/23/3040 3104/23/3111 3118/23/3125
f 3104/23/3111 3099/23/3108 3119/23/3128
f 3104/23/3111 3119/23/3128 3118/23/3125
f 3119/23/3128 3123/23/3129 3125/23/3130
f 3119/23/3128 3125/23/3130 3121/23/3127
f 3123/23/3129 3124/23/3131 3126/23/3132
f 3123/23/3129 3126/23/3132 3125/23/3130
f 3121/23/3127 3125/23/3130 3122/23/3133
f 3099/23/3108 3098/23/3107 3123/23/3129
f 3099/23/3108 3123/23/3129 3119/23/3128
f 3098/23/3107 3100/23/3109 3124/23/3131
f 3098/23/3107 3124/23/3131 3123/23/3129
f 3122/23/3133 3129/23/3134 3128/23/3135
f 3122/23/3133 3127/23/3136 3129/23/3134
f 3129/23/3134 3127/23/3136 3130/23/3137
f 3128/23/3135 3129/23/3134 3131/23/3138
f 3129/23/3134 3132/23/3139 3131/23/3138
f 3129/23/3134 3130/23/3137 3132/23/3139
f 3125/23/3130 3127/23/3136 3122/23/3133
f 3125/23/3130 3126/23/3132 3127/23/3136
f 3132/23/3139 3130/23/3137 3148/23/3140
f 3026/23/3039 3120/23/3126 3134/23/3141
f 3120/23/3126 3133/23/3142 3134/23/3141
f 3133/23/3142 3122/23/3133 3128/23/3135
f 3134/23/3141 3133/23/3142 3135/23/3143
f 3133/23/3142 3128/23/3135 3135/23/3143
f 3120/23/3126 3121/23/3127 3133/23/3142
f 3121/23/3127 3122/23/3133 3133/23/3142
f 3128/23/3135 3131/23/3138 3135/23/3143
f 3026/23/3039 3134/23/3141 3010/23/3022
f 3136/23/3144 3114/23/3121 3137/23/3145
f 3124/23/3131 3136/23/3144 3138/23/3146
f 3124/23/3131 3138/23/3146 3126/23/3132
f 3136/23/3144 3137/23/3145 3138/23/3146
f 3138/23/3146 3137/23/3145 3139/23/3147
f 3100/23/3109 3117/23/3124 3136/23/3144
f 3100/23/3109 3136/23/3144 3124/23/3131
f 3117/23/3124 3114/23/3121 3136/23/3144
f 3137/23/3145 3140/23/3148 3139/23/3147
f 3114/23/3121 3113/23/3120 3137/23/3145
f 3113/23/3120 3141/23/3149 3137/23/3145
f 3113/23/3120 2346/23/2372 3141/23/3149
f 3137/23/3145 3141/23/3149 3140/23/3148
f 3141/23/3149 2346/23/2372 3142/23/3150
f 3141/23/3149 3143/23/3151 3140/23/3148
f 3141/23/3149 3142/23/3150 3143/23/3151
f 2346/23/2372 2345/23/2371 3142/23/3150
f 3140/23/3148 3143/23/3151 3144/23/3152
f 3144/23/3152 3143/23/3151 3145/23/3153
f 3143/23/3151 2351/23/2377 3145/23/3153
f 3144/23/3152 3145/23/3153 3146/23/3154
f 2351/23/2377 2352/23/2378 3145/23/3153
f 3142/23/3150 2345/23/2371 2351/23/2377
f 3142/23/3150 2351/23/2377 3143/23/3151
f 3145/23/3153 2352/23/2378 3146/23/3154
f 3139/23/3147 3144/23/3152 3147/23/3155
f 3147/23/3155 3148/23/3140 3130/23/3137
f 3147/23/3155 3149/23/3156 3148/23/3140
f 3147/23/3155 3144/23/3152 3149/23/3156
f 3144/23/3152 3146/23/3154 3149/23/3156
f 3126/23/3132 3138/23/3146 3147/23/3155
f 3126/23/3132 3147/23/3155 3127/23/3136
f 3138/23/3146 3139/23/3147 3147/23/3155
f 3139/23/3147 3140/23/3148 3144/23/3152
f 3127/23/3136 3147/23/3155 3130/23/3137
f 3010/23/3022 3150/23/3157 3011/23/3023
f 3150/23/3157 3135/23/3143 3151/23/3158
f 3150/23/3157 3151/23/3158 3011/23/3023
f 3151/23/3158 3155/23/3159 3152/23/3160
f 3011/23/3023 3151/23/3158 3152/23/3160
f 3010/23/3022 3134/23/3141 3150/23/3157
f 3134/23/3141 3135/23/3143 3150/23/3157
f 3135/23/3143 3131/23/3138 3151/23/3158
f 3152/23/3160 3155/23/3159 3153/23/3161
f 3131/23/3138 3132/23/3139 3155/23/3159
f 3131/23/3138 3155/23/3159 3151/23/3158
f 3132/23/3139 3154/23/3162 3155/23/3159
f 3155/23/3159 3154/23/3162 3156/23/3163
f 3156/23/3163 3154/23/3162 3163/23/3164
f 3132/23/3139 3148/23/3140 3154/23/3162
f 3153/23/3161 3156/23/3163 3158/23/3165
f 3156/23/3163 3157/23/3166 3158/23/3165
f 3158/23/3165 2916/23/2925 2913/23/2921
f 3158/23/3165 3157/23/3166 2916/23/2925
f 3157/23/3166 2900/23/2909 2916/23/2925
f 3155/23/3159 3156/23/3163 3153/23/3161
f 3156/23/3163 3163/23/3164 3157/23/3166
f 3163/23/3164 3159/23/3167 3157/23/3166
f 3157/23/3166 3172/23/3168 2900/23/2909
f 3012/23/3024 3152/23/3160 3160/23/2923
f 3152/23/3160 3153/23/3161 3160/23/2923
f 3012/23/3024 3160/23/2923 2914/23/2922
f 3011/23/3023 3152/23/3160 3012/23/3024
f 3153/23/3161 3158/23/3165 3160/23/2923
f 3160/23/2923 3158/23/3165 2913/23/2921
f 2914/23/2922 3160/23/2923 2912/23/2920
f 3148/23/3140 3161/23/3169 3154/23/3162
f 3148/23/3140 3149/23/3156 3161/23/3169
f 3149/23/3156 3162/23/3170 3161/23/3169
f 3154/23/3162 3161/23/3169 3163/23/3164
f 3161/23/3169 3164/23/3171 3163/23/3164
f 3161/23/3169 3162/23/3170 3164/23/3171
f 3149/23/3156 3146/23/3154 3162/23/3170
f 3162/23/3170 3166/23/3172 3164/23/3171
f 3146/23/3154 3165/23/3173 3162/23/3170
f 3146/23/3154 2352/23/2378 3165/23/3173
f 2352/23/2378 2376/23/2399 3165/23/3173
f 3162/23/3170 3165/23/3173 3166/23/3172
f 3165/23/3173 3167/23/3174 3166/23/3172
f 3165/23/3173 2376/23/2399 3167/23/3174
f 2376/23/2399 2375/23/2398 3167/23/3174
f 3168/23/3175 3170/23/3176 3171/23/3177
f 3168/23/3175 3169/23/2405 3170/23/3176
f 3169/23/2405 2382/23/2404 3170/23/3176
f 3169/23/2405 2381/23/2403 2382/23/2404
f 3170/23/3176 2902/23/2910 3171/23/3177
f 3170/23/3176 2382/23/2404 2902/23/2910
f 3166/23/3172 3168/23/3175 3164/23/3171
f 3166/23/3172 3167/23/3174 3168/23/3175
f 3167/23/3174 3169/23/2405 3168/23/3175
f 3167/23/3174 2375/23/2398 3169/23/2405
f 2902/23/2910 2382/23/2404 2096/23/2122
f 3171/23/3177 2902/23/2910 2898/23/2907
f 3159/23/3167 3164/23/3171 3172/23/3168
f 3164/23/3171 3171/23/3177 3172/23/3168
f 3164/23/3171 3168/23/3175 3171/23/3177
f 2900/23/2909 3172/23/3168 2899/23/2908
f 3172/23/3168 3171/23/3177 2899/23/2908
f 3163/23/3164 3164/23/3171 3159/23/3167
f 2899/23/2908 3171/23/3177 2898/23/2907
f 3157/23/3166 3159/23/3167 3172/23/3168
f 3173/23/3178 3446/23/3179 3175/23/3180
f 3446/23/3179 3176/23/3181 3175/23/3180
f 3446/23/3179 3174/23/3182 3176/23/3181
f 3175/23/3180 3176/23/3181 3177/23/3183
f 3176/23/3181 3178/23/3184 3177/23/3183
f 3177/23/3183 3178/23/3184 3179/23/3185
f 3179/23/3185 3181/23/3186 3180/23/3187
f 3176/23/3181 3206/23/3188 3178/23/3184
f 3180/23/3187 3181/23/3186 3182/23/3189
f 3180/23/3187 3182/23/3189 3183/23/3190
f 3180/23/3187 3183/23/3190 3184/23/3191
f 3286/23/3192 3179/23/3185 3180/23/3187
f 3177/23/3183 3179/23/3185 3286/23/3192
f 3185/23/3193 3186/23/3194 3219/23/3195
f 3185/23/3193 3187/23/3196 3186/23/3194
f 3187/23/3196 3188/23/3197 3186/23/3194
f 3187/23/3196 3255/23/3198 3188/23/3197
f 3219/23/3195 3186/23/3194 3189/23/3199
f 3186/23/3194 3190/23/3200 3189/23/3199
f 3189/23/3199 3190/23/3200 3192/23/3201
f 3189/23/3199 3192/23/3201 3191/23/3202
f 3191/23/3202 3193/23/3203 3222/23/3204
f 3191/23/3202 3192/23/3201 3193/23/3203
f 3192/23/3201 3194/23/3205 3193/23/3203
f 3222/23/3204 3193/23/3203 3195/23/3206
f 3222/23/3204 3195/23/3206 3196/23/3207
f 3193/23/3203 3194/23/3205 3197/23/3208
f 3193/23/3203 3197/23/3208 3195/23/3206
f 3186/23/3194 3188/23/3197 3190/23/3200
f 3197/23/3208 3198/23/3209 3199/23/3210
f 3197/23/3208 3199/23/3210 3200/23/3211
f 3195/23/3206 3197/23/3208 3200/23/3211
f 3195/23/3206 3200/23/3211 3201/23/3212
f 3196/23/3207 3195/23/3206 3201/23/3212
f 3196/23/3207 3201/23/3212 3202/23/3213
f 3220/23/3214 3189/23/3199 3191/23/3202
f 3386/23/3215 3203/23/3216 3174/23/3182
f 3386/23/3215 3204/23/3217 3203/23/3216
f 3204/23/3217 3205/23/3218 3203/23/3216
f 3205/23/3218 3290/23/3219 3203/23/3216
f 3203/23/3216 3207/23/3220 3206/23/3188
f 3203/23/3216 3290/23/3219 3207/23/3220
f 3206/23/3188 3208/23/3221 3178/23/3184
f 3206/23/3188 3207/23/3220 3208/23/3221
f 3178/23/3184 3209/23/3222 3179/23/3185
f 3178/23/3184 3208/23/3221 3209/23/3222
f 3208/23/3221 3210/23/3223 3209/23/3222
f 3208/23/3221 3207/23/3220 3210/23/3223
f 3179/23/3185 3209/23/3222 3181/23/3186
f 3209/23/3222 3211/23/3224 3181/23/3186
f 3209/23/3222 3210/23/3223 3211/23/3224
f 3210/23/3223 3212/23/3225 3211/23/3224
f 3211/23/3224 3212/23/3225 3213/23/3226
f 3211/23/3224 3213/23/3226 3214/23/3227
f 3181/23/3186 3211/23/3224 3214/23/3227
f 3181/23/3186 3214/23/3227 3182/23/3189
f 3176/23/3181 3203/23/3216 3206/23/3188
f 3174/23/3182 3203/23/3216 3176/23/3181
f 3215/23/3228 3216/23/3229 3217/23/3230
f 3215/23/3228 3217/23/3230 3218/23/3231
f 3216/23/3229 3219/23/3195 3217/23/3230
f 3218/23/3231 3217/23/3230 3220/23/3214
f 3220/23/3214 3191/23/3202 3221/23/3232
f 3221/23/3232 3191/23/3202 3222/23/3204
f 3222/23/3204 3223/23/3233 3224/23/3234
f 3222/23/3204 3196/23/3207 3223/23/3233
f 3225/23/3235 3219/23/3195 3216/23/3229
f 3225/23/3235 3185/23/3193 3219/23/3195
f 3219/23/3195 3189/23/3199 3217/23/3230
f 3217/23/3230 3189/23/3199 3220/23/3214
f 3223/23/3233 3196/23/3207 3202/23/3213
f 3223/23/3233 3202/23/3213 3226/23/3236
f 3224/23/3234 3223/23/3233 3226/23/3236
f 3224/23/3234 3226/23/3236 3227/23/3237
f 3277/23/3238 3222/23/3204 3224/23/3234
f 3221/23/3232 3222/23/3204 3277/23/3238
f 3275/23/3239 3220/23/3214 3221/23/3232
f 3218/23/3231 3220/23/3214 3275/23/3239
f 3362/23/3240 3228/23/3241 3229/23/3242
f 3228/23/3241 3364/23/3243 3229/23/3242
f 3364/23/3243 3343/23/3244 3229/23/3242
f 3229/23/3242 3230/23/3245 3260/23/3246
f 3229/23/3242 3343/23/3244 3231/23/3247
f 3229/23/3242 3231/23/3247 3230/23/3245
f 3260/23/3246 3230/23/3245 3232/23/3248
f 3230/23/3245 3231/23/3247 3232/23/3248
f 3232/23/3248 3234/23/3249 3233/23/3250
f 3233/23/3250 3234/23/3249 3235/23/3251
f 3233/23/3250 3235/23/3251 3236/23/3252
f 3233/23/3250 3236/23/3252 3237/23/3253
f 3264/23/3254 3233/23/3250 3237/23/3253
f 3262/23/3255 3232/23/3248 3233/23/3250
f 3262/23/3255 3233/23/3250 3264/23/3254
f 3260/23/3246 3232/23/3248 3262/23/3255
f 3257/23/3256 3229/23/3242 3260/23/3246
f 3362/23/3240 3229/23/3242 3257/23/3256
f 3363/23/3257 3239/23/3258 3238/23/3259
f 3239/23/3258 3240/23/3260 3238/23/3259
f 3239/23/3258 3241/23/3261 3240/23/3260
f 3238/23/3259 3244/23/3262 3243/23/3263
f 3238/23/3259 3240/23/3260 3244/23/3262
f 3240/23/3260 3242/23/3264 3244/23/3262
f 3243/23/3263 3244/23/3262 3245/23/3265
f 3244/23/3262 3246/23/3266 3245/23/3265
f 3245/23/3265 3246/23/3266 3248/23/3267
f 3245/23/3265 3248/23/3267 3247/23/3268
f 3247/23/3268 3249/23/3269 3270/23/3270
f 3247/23/3268 3248/23/3267 3250/23/3271
f 3247/23/3268 3250/23/3271 3249/23/3269
f 3244/23/3262 3242/23/3264 3246/23/3266
f 3250/23/3271 3251/23/3272 3252/23/3273
f 3249/23/3269 3250/23/3271 3252/23/3273
f 3249/23/3269 3252/23/3273 3253/23/3274
f 3270/23/3270 3249/23/3269 3253/23/3274
f 3270/23/3270 3253/23/3274 3254/23/3275
f 3266/23/3276 3238/23/3259 3243/23/3263
f 3363/23/3257 3238/23/3259 3266/23/3276
f 3255/23/3198 3256/23/3277 3188/23/3197
f 3255/23/3198 3361/23/3278 3256/23/3277
f 3361/23/3278 3362/23/3240 3256/23/3277
f 3256/23/3277 3362/23/3240 3257/23/3256
f 3188/23/3197 3256/23/3277 3258/23/3279
f 3256/23/3277 3257/23/3256 3258/23/3279
f 3258/23/3279 3257/23/3256 3260/23/3246
f 3258/23/3279 3260/23/3246 3259/23/3280
f 3259/23/3280 3262/23/3255 3261/23/3281
f 3259/23/3280 3260/23/3246 3262/23/3255
f 3261/23/3281 3262/23/3255 3264/23/3254
f 3261/23/3281 3264/23/3254 3263/23/3282
f 3264/23/3254 3237/23/3253 3265/23/3283
f 3263/23/3282 3264/23/3254 3265/23/3283
f 3263/23/3282 3265/23/3283 3198/23/3209
f 3197/23/3208 3263/23/3282 3198/23/3209
f 3194/23/3205 3261/23/3281 3263/23/3282
f 3194/23/3205 3263/23/3282 3197/23/3208
f 3192/23/3201 3259/23/3280 3261/23/3281
f 3192/23/3201 3261/23/3281 3194/23/3205
f 3190/23/3200 3258/23/3279 3259/23/3280
f 3190/23/3200 3259/23/3280 3192/23/3201
f 3188/23/3197 3258/23/3279 3190/23/3200
f 2588/23/2523 3360/23/3284 3267/23/3285
f 3360/23/3284 3266/23/3276 3267/23/3285
f 3267/23/3285 3245/23/3265 3268/23/2522
f 3268/23/2522 3269/23/3286 2487/23/2517
f 3268/23/2522 3245/23/3265 3269/23/3286
f 2487/23/2517 3269/23/3286 3270/23/3270
f 2487/23/2517 3270/23/3270 2488/23/2518
f 3360/23/3284 3363/23/3257 3266/23/3276
f 3266/23/3276 3243/23/3263 3267/23/3285
f 3267/23/3285 3243/23/3263 3245/23/3265
f 3245/23/3265 3247/23/3268 3269/23/3286
f 3269/23/3286 3247/23/3268 3270/23/3270
f 3270/23/3270 3254/23/3275 3271/23/3287
f 2488/23/2518 3270/23/3270 3271/23/3287
f 2488/23/2518 3271/23/3287 2491/23/2524
f 2486/23/2521 3267/23/3285 3268/23/2522
f 2588/23/2523 3267/23/3285 2486/23/2521
f 3215/23/3228 3218/23/3231 3273/23/3288
f 3272/23/3289 3273/23/3288 3274/23/3290
f 3273/23/3288 3275/23/3239 3274/23/3290
f 3273/23/3288 3218/23/3231 3275/23/3239
f 3274/23/3290 3275/23/3239 3221/23/3232
f 3274/23/3290 3221/23/3232 3276/23/3291
f 3276/23/3291 3221/23/3232 3277/23/3238
f 3277/23/3238 3278/23/3292 3279/23/3293
f 3277/23/3238 3224/23/3234 3278/23/3292
f 3272/23/3289 3350/23/3294 3273/23/3288
f 3278/23/3292 3224/23/3234 3227/23/3237
f 3278/23/3292 3227/23/3237 3280/23/3295
f 3279/23/3293 3278/23/3292 3280/23/3295
f 3279/23/3293 3280/23/3295 3281/23/3296
f 3295/23/3297 3277/23/3238 3279/23/3293
f 3276/23/3291 3277/23/3238 3295/23/3297
f 3291/23/3298 3274/23/3290 3276/23/3291
f 3282/23/3299 3482/23/3300 3284/23/3301
f 3282/23/3299 3284/23/3301 3301/23/3302
f 3301/23/3302 3284/23/3301 3304/23/3303
f 3284/23/3301 3285/23/3304 3304/23/3303
f 3284/23/3301 3177/23/3183 3285/23/3304
f 3304/23/3303 3285/23/3304 3286/23/3192
f 3285/23/3304 3177/23/3183 3286/23/3192
f 3286/23/3192 3180/23/3187 3287/23/3305
f 3482/23/3300 3173/23/3178 3175/23/3180
f 3482/23/3300 3175/23/3180 3284/23/3301
f 3284/23/3301 3175/23/3180 3177/23/3183
f 3287/23/3305 3180/23/3187 3184/23/3191
f 3287/23/3305 3184/23/3191 3288/23/3306
f 3307/23/3307 3287/23/3305 3288/23/3306
f 3307/23/3307 3288/23/3306 3289/23/3308
f 3306/23/3309 3286/23/3192 3287/23/3305
f 3306/23/3309 3287/23/3305 3307/23/3307
f 3304/23/3303 3286/23/3192 3306/23/3309
f 3438/23/3310 3272/23/3289 3349/23/3311
f 3205/23/3218 3349/23/3311 3290/23/3219
f 3349/23/3311 3291/23/3298 3290/23/3219
f 3349/23/3311 3272/23/3289 3291/23/3298
f 3290/23/3219 3291/23/3298 3292/23/3312
f 3292/23/3312 3291/23/3298 3276/23/3291
f 3292/23/3312 3276/23/3291 3293/23/3313
f 3293/23/3313 3295/23/3297 3294/23/3314
f 3293/23/3313 3276/23/3291 3295/23/3297
f 3294/23/3314 3296/23/3315 3212/23/3225
f 3294/23/3314 3295/23/3297 3296/23/3315
f 3295/23/3297 3279/23/3293 3296/23/3315
f 3272/23/3289 3274/23/3290 3291/23/3298
f 3279/23/3293 3281/23/3296 3297/23/3316
f 3296/23/3315 3279/23/3293 3297/23/3316
f 3296/23/3315 3297/23/3316 3298/23/3317
f 3212/23/3225 3296/23/3315 3298/23/3317
f 3212/23/3225 3298/23/3317 3299/23/3318
f 3212/23/3225 3299/23/3318 3213/23/3226
f 3210/23/3223 3294/23/3314 3212/23/3225
f 3207/23/3220 3293/23/3313 3294/23/3314
f 3207/23/3220 3294/23/3314 3210/23/3223
f 3207/23/3220 3292/23/3312 3293/23/3313
f 3290/23/3219 3292/23/3312 3207/23/3220
f 3241/23/3261 3483/23/3319 3300/23/3320
f 3483/23/3319 3283/23/3321 3300/23/3320
f 3241/23/3261 3300/23/3320 3242/23/3264
f 3300/23/3320 3283/23/3321 3301/23/3302
f 3242/23/3264 3300/23/3320 3302/23/3322
f 3300/23/3320 3301/23/3302 3302/23/3322
f 3242/23/3264 3302/23/3322 3303/23/3323
f 3302/23/3322 3304/23/3303 3303/23/3323
f 3302/23/3322 3301/23/3302 3304/23/3303
f 3303/23/3323 3306/23/3309 3305/23/3324
f 3303/23/3323 3304/23/3303 3306/23/3309
f 3305/23/3324 3306/23/3309 3307/23/3307
f 3283/23/3321 3282/23/3299 3301/23/3302
f 3307/23/3307 3289/23/3308 3308/23/3325
f 3305/23/3324 3307/23/3307 3308/23/3325
f 3305/23/3324 3308/23/3325 3309/23/3326
f 3250/23/3271 3305/23/3324 3309/23/3326
f 3250/23/3271 3309/23/3326 3251/23/3272
f 3248/23/3267 3305/23/3324 3250/23/3271
f 3246/23/3266 3303/23/3323 3305/23/3324
f 3246/23/3266 3305/23/3324 3248/23/3267
f 3242/23/3264 3303/23/3323 3246/23/3266
f 3240/23/3260 3241/23/3261 3242/23/3264
f 3310/23/3327 3311/23/3328 3312/23/3329
f 3310/23/3327 3348/23/3330 3311/23/3328
f 3348/23/3330 2535/23/2564 3311/23/3328
f 3348/23/3330 2538/23/2573 2535/23/2564
f 3311/23/3328 3313/23/2571 3323/23/3331
f 3323/23/3331 3313/23/2571 3314/23/3332
f 3323/23/3331 3314/23/3332 3325/23/3333
f 3313/23/2571 2536/23/2568 3314/23/3332
f 3325/23/3333 3314/23/3332 3315/23/3334
f 3325/23/3333 3315/23/3334 3316/23/3335
f 3314/23/3332 2536/23/2568 2537/23/2570
f 3314/23/3332 2537/23/2570 3315/23/3334
f 2535/23/2564 2533/23/2565 3311/23/3328
f 3311/23/3328 2533/23/2565 3313/23/2571
f 3315/23/3334 2537/23/2570 2541/23/2577
f 3315/23/3334 2541/23/2577 3317/23/3336
f 3316/23/3335 3315/23/3334 3317/23/3336
f 3316/23/3335 3317/23/3336 3318/23/3337
f 3347/23/3338 3320/23/3339 3319/23/3340
f 3320/23/3339 3310/23/3327 3312/23/3329
f 3319/23/3340 3320/23/3339 3312/23/3329
f 3319/23/3340 3312/23/3329 3321/23/3341
f 3321/23/3341 3312/23/3329 3323/23/3331
f 3321/23/3341 3323/23/3331 3322/23/3342
f 3322/23/3342 3323/23/3331 3325/23/3333
f 3324/23/3343 3322/23/3342 3326/23/3344
f 3324/23/3343 3326/23/3344 3327/23/3345
f 3322/23/3342 3325/23/3333 3326/23/3344
f 3325/23/3333 3316/23/3335 3326/23/3344
f 3312/23/3329 3311/23/3328 3323/23/3331
f 3316/23/3335 3318/23/3337 3328/23/3346
f 3326/23/3344 3316/23/3335 3328/23/3346
f 3326/23/3344 3328/23/3346 3329/23/3347
f 3327/23/3345 3326/23/3344 3329/23/3347
f 3327/23/3345 3329/23/3347 3330/23/3348
f 3321/23/3341 3322/23/3342 3324/23/3343
f 3335/23/3349 3319/23/3340 3321/23/3341
f 3333/23/3350 3319/23/3340 3332/23/3351
f 3331/23/3352 3332/23/3351 3334/23/3353
f 3332/23/3351 3335/23/3349 3334/23/3353
f 3332/23/3351 3319/23/3340 3335/23/3349
f 3334/23/3353 3335/23/3349 3336/23/3354
f 3335/23/3349 3324/23/3343 3336/23/3354
f 3336/23/3354 3337/23/3355 3345/23/3356
f 3336/23/3354 3338/23/3357 3337/23/3355
f 3336/23/3354 3324/23/3343 3338/23/3357
f 3345/23/3356 3337/23/3355 3339/23/3358
f 3337/23/3355 3340/23/3359 3339/23/3358
f 3337/23/3355 3338/23/3357 3340/23/3359
f 3333/23/3350 3347/23/3338 3319/23/3340
f 3335/23/3349 3321/23/3341 3324/23/3343
f 3338/23/3357 3324/23/3343 3327/23/3345
f 3338/23/3357 3327/23/3345 3340/23/3359
f 3340/23/3359 3327/23/3345 3330/23/3348
f 3340/23/3359 3330/23/3348 3341/23/3360
f 3339/23/3358 3340/23/3359 3341/23/3360
f 3339/23/3358 3341/23/3360 3342/23/3361
f 3331/23/3352 3334/23/3353 3344/23/3362
f 3484/23/3363 3485/23/3364 3343/23/3244
f 3485/23/3364 3344/23/3362 3343/23/3244
f 3485/23/3364 3331/23/3352 3344/23/3362
f 3343/23/3244 3344/23/3362 3231/23/3247
f 3344/23/3362 3336/23/3354 3231/23/3247
f 3231/23/3247 3336/23/3354 3345/23/3356
f 3345/23/3356 3339/23/3358 3234/23/3249
f 3344/23/3362 3334/23/3353 3336/23/3354
f 3234/23/3249 3339/23/3358 3342/23/3361
f 3234/23/3249 3342/23/3361 3346/23/3365
f 3234/23/3249 3346/23/3365 3235/23/3251
f 3232/23/3248 3345/23/3356 3234/23/3249
f 3231/23/3247 3345/23/3356 3232/23/3248
f 3364/23/3243 3484/23/3363 3343/23/3244
f 3485/23/3364 2875/23/2885 3331/23/3352
f 2869/23/2878 3332/23/3351 3331/23/3352
f 2869/23/2878 2864/23/2874 3332/23/3351
f 2864/23/2874 3333/23/3350 3332/23/3351
f 3320/23/3339 3443/23/3366 3310/23/3327
f 3347/23/3338 3442/23/2864 3320/23/3339
f 3442/23/2864 3443/23/3366 3320/23/3339
f 3440/23/3367 3348/23/3330 3310/23/3327
f 3348/23/3330 2677/23/2608 2538/23/2573
f 3483/23/3319 3439/23/3368 3283/23/3321
f 3439/23/3368 2782/23/2783 3283/23/3321
f 3205/23/3218 2970/23/2983 3349/23/3311
f 3437/23/3369 3350/23/3294 3438/23/3310
f 3438/23/3310 3350/23/3294 3272/23/3289
f 3482/23/3300 2989/23/2998 3173/23/3178
f 2782/23/2783 3282/23/3299 3283/23/3321
f 3477/23/3370 3351/23/3371 3352/23/3372
f 3351/23/3371 3353/23/3373 3352/23/3372
f 3477/23/3370 3352/23/3372 3437/23/3369
f 3353/23/3373 3354/23/3374 3356/23/3375
f 3437/23/3369 3352/23/3372 3350/23/3294
f 3352/23/3372 3353/23/3373 3357/23/3376
f 3353/23/3373 3356/23/3375 3357/23/3376
f 3352/23/3372 3358/23/3377 3350/23/3294
f 3352/23/3372 3357/23/3376 3358/23/3377
f 3350/23/3294 3358/23/3377 3273/23/3288
f 3358/23/3377 3215/23/3228 3273/23/3288
f 3351/23/3371 3480/23/3378 3353/23/3373
f 3480/23/3378 3354/23/3374 3353/23/3373
f 3354/23/3374 3481/23/3379 3355/23/3380
f 3481/23/3379 3359/23/3381 3355/23/3380
f 3354/23/3374 3355/23/3380 3356/23/3375
f 3357/23/3376 3216/23/3229 3358/23/3377
f 3358/23/3377 3216/23/3229 3215/23/3228
f 3428/23/3382 3360/23/3284 2588/23/2523
f 3360/23/3284 2808/23/2818 3363/23/3257
f 3427/23/3383 3362/23/3240 3361/23/3278
f 3394/23/3384 3361/23/3278 3255/23/3198
f 2808/23/2818 2803/23/2814 3363/23/3257
f 2922/23/2932 3228/23/3241 3362/23/3240
f 3228/23/3241 2877/23/2930 3364/23/3243
f 3425/23/3385 2922/23/2932 3362/23/3240
f 3366/23/3386 3367/23/3387 3368/23/3388
f 3367/23/3387 3369/23/3389 3370/23/3390
f 3367/23/3387 3370/23/3390 3368/23/3388
f 3369/23/3389 3371/23/3391 3372/23/3392
f 3369/23/3389 3372/23/3392 3370/23/3390
f 3365/23/3393 3366/23/3386 3373/23/3394
f 3365/23/3393 3373/23/3394 3356/23/3375
f 3366/23/3386 3368/23/3388 3373/23/3394
f 3368/23/3388 3374/23/3395 3373/23/3394
f 3368/23/3388 3370/23/3390 3374/23/3395
f 3373/23/3394 3375/23/3396 3356/23/3375
f 3373/23/3394 3374/23/3395 3375/23/3396
f 3374/23/3395 3370/23/3390 3375/23/3396
f 3370/23/3390 3372/23/3392 3376/23/3397
f 3370/23/3390 3376/23/3397 3375/23/3396
f 3356/23/3375 3377/23/3398 3357/23/3376
f 3356/23/3375 3375/23/3396 3377/23/3398
f 3375/23/3396 3376/23/3397 3377/23/3398
f 3377/23/3398 3378/23/3399 3357/23/3376
f 3377/23/3398 3379/23/3400 3378/23/3399
f 3377/23/3398 3376/23/3397 3379/23/3400
f 3378/23/3399 3379/23/3400 3225/23/3235
f 3359/23/3381 3380/23/3401 3365/23/3393
f 3359/23/3381 3365/23/3393 3355/23/3380
f 3380/23/3401 3366/23/3386 3365/23/3393
f 3380/23/3401 3381/23/3402 3367/23/3387
f 3380/23/3401 3367/23/3387 3366/23/3386
f 3381/23/3402 3382/23/3403 3369/23/3389
f 3381/23/3402 3369/23/3389 3367/23/3387
f 3382/23/3403 3371/23/3391 3369/23/3389
f 3371/23/3391 3383/23/3404 3384/23/3405
f 3371/23/3391 3384/23/3405 3372/23/3392
f 3372/23/3392 3384/23/3405 3385/23/3406
f 3372/23/3392 3385/23/3406 3376/23/3397
f 3378/23/3399 3225/23/3235 3216/23/3229
f 3357/23/3376 3378/23/3399 3216/23/3229
f 3355/23/3380 3365/23/3393 3356/23/3375
f 2985/23/2996 3205/23/3218 3204/23/3217
f 3408/23/3407 2985/23/2996 3204/23/3217
f 3408/23/3407 3204/23/3217 3386/23/3215
f 2986/23/3002 3408/23/3407 3386/23/3215
f 3387/23/3408 3388/23/3409 3389/23/3410
f 3387/23/3408 3389/23/3410 3385/23/3406
f 3385/23/3406 3389/23/3410 3393/23/3411
f 3389/23/3410 3395/23/3412 3393/23/3411
f 3389/23/3410 3390/23/3413 3395/23/3412
f 3390/23/3413 3391/23/3414 3394/23/3384
f 3390/23/3413 3394/23/3384 3395/23/3412
f 3391/23/3414 3392/23/3415 3394/23/3384
f 3395/23/3412 3394/23/3384 3187/23/3196
f 3383/23/3404 3450/23/3416 3387/23/3408
f 3383/23/3404 3387/23/3408 3384/23/3405
f 3450/23/3416 3388/23/3409 3387/23/3408
f 3392/23/3415 3361/23/3278 3394/23/3384
f 3187/23/3196 3394/23/3384 3255/23/3198
f 3395/23/3412 3187/23/3196 3185/23/3193
f 3225/23/3235 3395/23/3412 3185/23/3193
f 3379/23/3400 3395/23/3412 3225/23/3235
f 3376/23/3397 3393/23/3411 3395/23/3412
f 3376/23/3397 3395/23/3412 3379/23/3400
f 3385/23/3406 3393/23/3411 3376/23/3397
f 3384/23/3405 3387/23/3408 3385/23/3406
f 3446/23/3179 2986/23/3002 3174/23/3182
f 2992/23/3003 3446/23/3179 3173/23/3178
f 3174/23/3182 2986/23/3002 3386/23/3215
f 3397/23/2953 2939/23/2950 3396/23/3417
f 2939/23/2950 2938/23/2939 3396/23/3417
f 3397/23/2953 3396/23/3417 3398/23/3418
f 3396/23/3417 2938/23/2939 3401/23/3419
f 3398/23/3418 3399/23/3420 3400/23/3421
f 3398/23/3418 3396/23/3417 3399/23/3420
f 3399/23/3420 3396/23/3417 3401/23/3419
f 2938/23/2939 3402/23/3422 3401/23/3419
f 3399/23/3420 3401/23/3419 3403/23/3423
f 3399/23/3420 3403/23/3423 3404/23/3424
f 3400/23/3421 3399/23/3420 3404/23/3424
f 3405/23/3425 3400/23/3421 3404/23/3424
f 3405/23/3425 3404/23/3424 3406/23/3426
f 3407/23/3427 3400/23/3421 3405/23/3425
f 2981/23/2993 2985/23/2996 3408/23/3407
f 2980/23/2992 2970/23/2983 2985/23/2996
f 2986/23/3002 2981/23/2993 3408/23/3407
f 3409/23/3428 3410/23/3429 3411/23/3430
f 3409/23/3428 2944/23/2954 3410/23/3429
f 2944/23/2954 3412/23/3431 3410/23/3429
f 2944/23/2954 3397/23/2953 3412/23/3431
f 3411/23/3430 3410/23/3429 3413/23/3432
f 3413/23/3432 3414/23/3433 3424/23/3434
f 3413/23/3432 3410/23/3429 3414/23/3433
f 3410/23/3429 3412/23/3431 3407/23/3427
f 3410/23/3429 3407/23/3427 3414/23/3433
f 3424/23/3434 3414/23/3433 3415/23/3435
f 3414/23/3433 3416/23/3436 3415/23/3435
f 3414/23/3433 3407/23/3427 3416/23/3436
f 3415/23/3435 3416/23/3436 3418/23/3437
f 3415/23/3435 3418/23/3437 3417/23/3438
f 3416/23/3436 3407/23/3427 3405/23/3425
f 3416/23/3436 3405/23/3425 3418/23/3437
f 2947/23/2972 2945/23/2955 3409/23/3428
f 2945/23/2955 2944/23/2954 3409/23/3428
f 2943/23/2956 3397/23/2953 2944/23/2954
f 3412/23/3431 3397/23/2953 3398/23/3418
f 3412/23/3431 3398/23/3418 3400/23/3421
f 3412/23/3431 3400/23/3421 3407/23/3427
f 3405/23/3425 3406/23/3426 3419/23/3439
f 3418/23/3437 3405/23/3425 3419/23/3439
f 3418/23/3437 3419/23/3439 3420/23/3440
f 3417/23/3438 3418/23/3437 3420/23/3440
f 3417/23/3438 3420/23/3440 3421/23/3441
f 3422/23/3442 3417/23/3438 3421/23/3441
f 3422/23/3442 3421/23/3441 3423/23/3443
f 3424/23/3434 3415/23/3435 3417/23/3438
f 3424/23/3434 3417/23/3438 3422/23/3442
f 2803/23/2814 2799/23/2809 3426/23/3444
f 2799/23/2809 2791/23/2796 3426/23/3444
f 2804/23/2815 2803/23/2814 2808/23/2818
f 2924/23/2934 2923/23/2933 3427/23/3383
f 2923/23/2933 3425/23/3385 3427/23/3383
f 2924/23/2934 3427/23/3383 3402/23/3422
f 2923/23/2933 2922/23/2932 3425/23/3385
f 3402/23/3422 3427/23/3383 3361/23/3278
f 2938/23/2939 2924/23/2934 3402/23/3422
f 2805/23/2008 2808/23/2818 3428/23/3382
f 2805/23/2008 3428/23/3382 2663/23/2623
f 2960/23/2973 2947/23/2972 3429/23/3445
f 3429/23/3445 3409/23/3428 3411/23/3430
f 2960/23/2973 3429/23/3445 3430/23/3446
f 3429/23/3445 3431/23/3447 3430/23/3446
f 3429/23/3445 3411/23/3430 3431/23/3447
f 3430/23/3446 3431/23/3447 3433/23/3448
f 3430/23/3446 3433/23/3448 3432/23/3449
f 3431/23/3447 3434/23/3450 3433/23/3448
f 3431/23/3447 3424/23/3434 3422/23/3442
f 3431/23/3447 3422/23/3442 3434/23/3450
f 2947/23/2972 3409/23/3428 3429/23/3445
f 3411/23/3430 3413/23/3432 3424/23/3434
f 3411/23/3430 3424/23/3434 3431/23/3447
f 3422/23/3442 3423/23/3443 3435/23/3451
f 3434/23/3450 3422/23/3442 3435/23/3451
f 2967/23/2979 2966/23/2978 2970/23/2983
f 2970/23/2983 2966/23/2978 3436/23/3452
f 2966/23/2978 2960/23/2973 3436/23/3452
f 2960/23/2973 3430/23/3446 3436/23/3452
f 3436/23/3452 3437/23/3369 3438/23/3310
f 2790/23/2795 2785/23/2790 3439/23/3368
f 2785/23/2790 2782/23/2783 3439/23/3368
f 2849/23/2857 2848/23/2855 3440/23/3367
f 2848/23/2855 3441/23/3453 3440/23/3367
f 2848/23/2855 2677/23/2608 3441/23/3453
f 2848/23/2855 2038/23/2052 2677/23/2608
f 2855/23/2863 3442/23/2864 3444/23/3454
f 2855/23/2863 2854/23/2861 3442/23/2864
f 3442/23/2864 2849/23/2857 3443/23/3366
f 2849/23/2857 3440/23/3367 3443/23/3366
f 3444/23/3454 3442/23/2864 3347/23/3338
f 2864/23/2874 2855/23/2863 3444/23/3454
f 2992/23/3003 2986/23/3002 3446/23/3179
f 2989/23/2998 2992/23/3003 3173/23/3178
f 3404/23/3424 3447/23/3455 3448/23/3456
f 3404/23/3424 3403/23/3423 3447/23/3455
f 3447/23/3455 3403/23/3423 3449/23/3457
f 3403/23/3423 3390/23/3413 3449/23/3457
f 3403/23/3423 3401/23/3419 3390/23/3413
f 3448/23/3456 3447/23/3455 3450/23/3416
f 3390/23/3413 3401/23/3419 3391/23/3414
f 3401/23/3419 3392/23/3415 3391/23/3414
f 3450/23/3416 3447/23/3455 3388/23/3409
f 3447/23/3455 3449/23/3457 3388/23/3409
f 3406/23/3426 3404/23/3424 3451/23/3458
f 3401/23/3419 3402/23/3422 3392/23/3415
f 3449/23/3457 3390/23/3413 3389/23/3410
f 3388/23/3409 3449/23/3457 3389/23/3410
f 3452/23/3459 3450/23/3416 3383/23/3404
f 3452/23/3459 3448/23/3456 3450/23/3416
f 3451/23/3458 3448/23/3456 3452/23/3459
f 3451/23/3458 3404/23/3424 3448/23/3456
f 2985/23/2996 2970/23/2983 3205/23/3218
f 3359/23/3381 3454/23/3460 3455/23/3461
f 3359/23/3381 3455/23/3461 3453/23/3462
f 3454/23/3460 3456/23/3463 3455/23/3461
f 3454/23/3460 3457/23/3464 3458/23/3465
f 3454/23/3460 3458/23/3465 3456/23/3463
f 3455/23/3461 3456/23/3463 3460/23/3466
f 3456/23/3463 3458/23/3465 3460/23/3466
f 3453/23/3462 3455/23/3461 3461/23/3467
f 3453/23/3462 3461/23/3467 3459/23/3468
f 3455/23/3461 3460/23/3466 3461/23/3467
f 3460/23/3466 3458/23/3465 3464/23/3469
f 3461/23/3467 3460/23/3466 3463/23/3470
f 3460/23/3466 3464/23/3469 3463/23/3470
f 3459/23/3468 3461/23/3467 3462/23/3471
f 3461/23/3467 3463/23/3470 3462/23/3471
f 3462/23/3471 3463/23/3470 3465/23/3472
f 3463/23/3470 3467/23/3473 3465/23/3472
f 3463/23/3470 3464/23/3469 3467/23/3473
f 3464/23/3469 3466/23/3474 3467/23/3473
f 3468/23/3475 3454/23/3460 3359/23/3381
f 3468/23/3475 3470/23/3476 3454/23/3460
f 3470/23/3476 3457/23/3464 3454/23/3460
f 3470/23/3476 3423/23/3443 3457/23/3464
f 3457/23/3464 3471/23/3477 3458/23/3465
f 3458/23/3465 3471/23/3477 3472/23/3478
f 3458/23/3465 3472/23/3478 3464/23/3469
f 3464/23/3469 3472/23/3478 3466/23/3474
f 3465/23/3472 3467/23/3473 3473/23/3479
f 3474/23/3480 3465/23/3472 3473/23/3479
f 3474/23/3480 3462/23/3471 3465/23/3472
f 3475/23/3481 3459/23/3468 3462/23/3471
f 3475/23/3481 3462/23/3471 3474/23/3480
f 3476/23/3482 3459/23/3468 3475/23/3481
f 3469/23/3483 3453/23/3462 3459/23/3468
f 3469/23/3483 3459/23/3468 3476/23/3482
f 3469/23/3483 3359/23/3381 3453/23/3462
f 2922/23/2932 2921/23/2931 3228/23/3241
f 2921/23/2931 2877/23/2930 3228/23/3241
f 2877/23/2930 2871/23/2881 3364/23/3243
f 3426/23/3444 2791/23/2796 3241/23/3261
f 2803/23/2814 3426/23/3444 3363/23/3257
f 3363/23/3257 3426/23/3444 3239/23/3258
f 3426/23/3444 3241/23/3261 3239/23/3258
f 3427/23/3383 3425/23/3385 3362/23/3240
f 3402/23/3422 3361/23/3278 3392/23/3415
f 3428/23/3382 2808/23/2818 3360/23/3284
f 2663/23/2623 3428/23/3382 2588/23/2523
f 3432/23/3449 3433/23/3448 3478/23/3484
f 3433/23/3448 3434/23/3450 3479/23/3485
f 3434/23/3450 3435/23/3451 3479/23/3485
f 3430/23/3446 3432/23/3449 3477/23/3370
f 3478/23/3484 3433/23/3448 3480/23/3378
f 3433/23/3448 3479/23/3485 3480/23/3378
f 3477/23/3370 3432/23/3449 3351/23/3371
f 3432/23/3449 3478/23/3484 3351/23/3371
f 3479/23/3485 3435/23/3451 3481/23/3379
f 3480/23/3378 3479/23/3485 3354/23/3374
f 3479/23/3485 3481/23/3379 3354/23/3374
f 3430/23/3446 3477/23/3370 3436/23/3452
f 3435/23/3451 3423/23/3443 3470/23/3476
f 3435/23/3451 3470/23/3476 3468/23/3475
f 3435/23/3451 3468/23/3475 3481/23/3379
f 3481/23/3379 3468/23/3475 3359/23/3381
f 3478/23/3484 3480/23/3378 3351/23/3371
f 2780/23/2786 2776/23/2780 3482/23/3300
f 2781/23/2787 2780/23/2786 3482/23/3300
f 2781/23/2787 3482/23/3300 3282/23/3299
f 2782/23/2783 2781/23/2787 3282/23/3299
f 2776/23/2780 2989/23/2998 3482/23/3300
f 3436/23/3452 3477/23/3370 3437/23/3369
f 3436/23/3452 3438/23/3310 3349/23/3311
f 2970/23/2983 3436/23/3452 3349/23/3311
f 2790/23/2795 3483/23/3319 3241/23/3261
f 2790/23/2795 3439/23/3368 3483/23/3319
f 2791/23/2796 2790/23/2795 3241/23/3261
f 3440/23/3367 3441/23/3453 3348/23/3330
f 3441/23/3453 2677/23/2608 3348/23/3330
f 3443/23/3366 3440/23/3367 3310/23/3327
f 2864/23/2874 3444/23/3454 3333/23/3350
f 3444/23/3454 3347/23/3338 3333/23/3350
f 3445/23/2879 2869/23/2878 3331/23/3352
f 2871/23/2881 2876/23/2886 3484/23/3363
f 2876/23/2886 2875/23/2885 3484/23/3363
f 3484/23/3363 2875/23/2885 3485/23/3364
f 2875/23/2885 3445/23/2879 3331/23/3352
f 2871/23/2881 3484/23/3363 3364/23/3243
f 3466/23/3474 3486/23/3486 3487/23/3487
f 3466/23/3474 3487/23/3487 3467/23/3473
f 3486/23/3486 3489/23/3488 3487/23/3487
f 3467/23/3473 3487/23/3487 3488/23/3489
f 3488/23/3489 3487/23/3487 3491/23/3490
f 3487/23/3487 3489/23/3488 3492/23/3491
f 3487/23/3487 3492/23/3491 3491/23/3490
f 3491/23/3490 3492/23/3491 3488/23/3489
f 3488/23/3489 3492/23/3491 3489/23/3488
f 3486/23/3486 3493/23/3492 3489/23/3488
f 3493/23/3492 3494/23/3493 3489/23/3488
f 3489/23/3488 3494/23/3493 3495/23/3494
f 3489/23/3488 3495/23/3494 3496/23/3495
f 3489/23/3488 3496/23/3495 3488/23/3489
f 3473/23/3479 3488/23/3489 3490/23/3496
f 3467/23/3473 3488/23/3489 3473/23/3479
f 3421/23/3441 3497/23/3497 3498/23/3498
f 3421/23/3441 3498/23/3498 3471/23/3477
f 3497/23/3497 3499/23/3499 3498/23/3498
f 3497/23/3497 3500/23/3500 3501/23/3501
f 3497/23/3497 3501/23/3501 3499/23/3499
f 3499/23/3499 3502/23/3502 3498/23/3498
f 3499/23/3499 3501/23/3501 3503/23/3503
f 3499/23/3499 3503/23/3503 3502/23/3502
f 3471/23/3477 3498/23/3498 3504/23/3504
f 3471/23/3477 3504/23/3504 3472/23/3478
f 3498/23/3498 3502/23/3502 3504/23/3504
f 3502/23/3502 3505/23/3505 3504/23/3504
f 3502/23/3502 3503/23/3503 3505/23/3505
f 3472/23/3478 3504/23/3504 3506/23/3506
f 3504/23/3504 3507/23/3507 3506/23/3506
f 3504/23/3504 3505/23/3505 3507/23/3507
f 3505/23/3505 3508/23/3508 3507/23/3507
f 3423/23/3443 3421/23/3441 3457/23/3464
f 3421/23/3441 3420/23/3440 3497/23/3497
f 3420/23/3440 3419/23/3439 3500/23/3500
f 3420/23/3440 3500/23/3500 3497/23/3497
f 3419/23/3439 3406/23/3426 3509/23/3509
f 3419/23/3439 3509/23/3509 3500/23/3500
f 3500/23/3500 3509/23/3509 3510/23/3510
f 3500/23/3500 3510/23/3510 3501/23/3501
f 3501/23/3501 3510/23/3510 3503/23/3503
f 3503/23/3503 3510/23/3510 3511/23/3511
f 3503/23/3503 3511/23/3511 3505/23/3505
f 3507/23/3507 3508/23/3508 3486/23/3486
f 3506/23/3506 3507/23/3507 3486/23/3486
f 3466/23/3474 3506/23/3506 3486/23/3486
f 3472/23/3478 3506/23/3506 3466/23/3474
f 3457/23/3464 3421/23/3441 3471/23/3477
f 3513/23/3512 3514/23/3513 3515/23/3514
f 3514/23/3513 3516/23/3515 3515/23/3514
f 3516/23/3515 3517/23/3516 3515/23/3514
f 3516/23/3515 3518/23/3517 3517/23/3516
f 3518/23/3517 3476/23/3482 3517/23/3516
f 3512/23/3518 3513/23/3512 3519/23/3519
f 3512/23/3518 3519/23/3519 3520/23/3520
f 3513/23/3512 3515/23/3514 3521/23/3521
f 3513/23/3512 3521/23/3521 3519/23/3519
f 3515/23/3514 3517/23/3516 3522/23/3522
f 3515/23/3514 3522/23/3522 3521/23/3521
f 3517/23/3516 3476/23/3482 3522/23/3522
f 3519/23/3519 3521/23/3521 3523/23/3523
f 3521/23/3521 3522/23/3522 3524/23/3524
f 3521/23/3521 3524/23/3524 3523/23/3523
f 3522/23/3522 3476/23/3482 3475/23/3481
f 3522/23/3522 3475/23/3481 3524/23/3524
f 3520/23/3520 3519/23/3519 3525/23/3525
f 3519/23/3519 3523/23/3523 3525/23/3525
f 3524/23/3524 3475/23/3481 3474/23/3480
f 3525/23/3525 3523/23/3523 3526/23/3526
f 3523/23/3523 3524/23/3524 3526/23/3526
f 3524/23/3524 3474/23/3480 3526/23/3526
f 3525/23/3525 3526/23/3526 3496/23/3495
f 3383/23/3404 3371/23/3391 3512/23/3518
f 3371/23/3391 3382/23/3403 3513/23/3512
f 3371/23/3391 3513/23/3512 3512/23/3518
f 3382/23/3403 3514/23/3513 3513/23/3512
f 3382/23/3403 3381/23/3402 3516/23/3515
f 3382/23/3403 3516/23/3515 3514/23/3513
f 3381/23/3402 3380/23/3401 3518/23/3517
f 3381/23/3402 3518/23/3517 3516/23/3515
f 3380/23/3401 3359/23/3381 3469/23/3483
f 3380/23/3401 3469/23/3483 3518/23/3517
f 3518/23/3517 3469/23/3483 3476/23/3482
f 3474/23/3480 3473/23/3479 3526/23/3526
f 3526/23/3526 3473/23/3479 3490/23/3496
f 3526/23/3526 3490/23/3496 3488/23/3489
f 3496/23/3495 3526/23/3526 3488/23/3489
f 3495/23/3494 3525/23/3525 3496/23/3495
f 3527/23/3527 3525/23/3525 3495/23/3494
f 3527/23/3527 3520/23/3520 3525/23/3525
f 3528/23/3528 3520/23/3520 3527/23/3527
f 3528/23/3528 3512/23/3518 3520/23/3520
f 3383/23/3404 3512/23/3518 3528/23/3528
f 3529/23/3529 3531/23/3530 3509/23/3509
f 3529/23/3529 3532/23/3531 3533/23/3532
f 3529/23/3529 3533/23/3532 3531/23/3530
f 3532/23/3531 3534/23/3533 3533/23/3532
f 3509/23/3509 3531/23/3530 3530/23/3534
f 3533/23/3532 3534/23/3533 3535/23/3535
f 3530/23/3534 3531/23/3530 3536/23/3536
f 3531/23/3530 3533/23/3532 3537/23/3537
f 3531/23/3530 3537/23/3537 3536/23/3536
f 3533/23/3532 3535/23/3535 3537/23/3537
f 3530/23/3534 3536/23/3536 3511/23/3511
f 3537/23/3537 3535/23/3535 3538/23/3538
f 3511/23/3511 3539/23/3539 3508/23/3508
f 3511/23/3511 3536/23/3536 3539/23/3539
f 3536/23/3536 3537/23/3537 3539/23/3539
f 3537/23/3537 3538/23/3538 3539/23/3539
f 3539/23/3539 3538/23/3538 3494/23/3493
f 3538/23/3538 3495/23/3494 3494/23/3493
f 3406/23/3426 3451/23/3458 3509/23/3509
f 3451/23/3458 3529/23/3529 3509/23/3509
f 3451/23/3458 3452/23/3459 3529/23/3529
f 3452/23/3459 3532/23/3531 3529/23/3529
f 3452/23/3459 3534/23/3533 3532/23/3531
f 3452/23/3459 3383/23/3404 3534/23/3533
f 3534/23/3533 3383/23/3404 3528/23/3528
f 3534/23/3533 3528/23/3528 3535/23/3535
f 3535/23/3535 3528/23/3528 3527/23/3527
f 3535/23/3535 3527/23/3527 3538/23/3538
f 3538/23/3538 3527/23/3527 3495/23/3494
f 3539/23/3539 3494/23/3493 3493/23/3492
f 3508/23/3508 3539/23/3539 3493/23/3492
f 3508/23/3508 3493/23/3492 3486/23/3486
f 3505/23/3505 3511/23/3511 3508/23/3508
f 3510/23/3510 3530/23/3534 3511/23/3511
f 3509/23/3509 3530/23/3534 3510/23/3510
f 3540/23/3540 3541/23/3541 3542/23/3542
f 3540/23/3540 3542/23/3542 3543/23/3543
f 3541/23/3541 3544/23/3544 3545/23/3545
f 3541/23/3541 3545/23/3545 3542/23/3542
f 3544/23/3544 3546/23/3546 3547/23/3547
f 3544/23/3544 3547/23/3547 3545/23/3545
f 3543/23/3543 3542/23/3542 3548/23/3548
f 3543/23/3543 3548/23/3548 3549/23/3549
f 3542/23/3542 3545/23/3545 3550/23/3550
f 3542/23/3542 3550/23/3550 3548/23/3548
f 3545/23/3545 3547/23/3547 3551/23/3551
f 3545/23/3545 3551/23/3551 3550/23/3550
f 3549/23/3549 3548/23/3548 3552/23/3552
f 3549/23/3549 3552/23/3552 3553/23/3553
f 3548/23/3548 3550/23/3550 3554/23/3554
f 3548/23/3548 3554/23/3554 3552/23/3552
f 3550/23/3550 3551/23/3551 3555/23/3555
f 3550/23/3550 3555/23/3555 3554/23/3554
f 3553/23/3553 3552/23/3552 3556/23/3556
f 3552/23/3552 3557/23/3557 3556/23/3556
f 3552/23/3552 3554/23/3554 3557/23/3557
f 3554/23/3554 3558/23/3558 3557/23/3557
f 3554/23/3554 3555/23/3555 3558/23/3558
f 3555/23/3555 3559/23/3559 3558/23/3558
f 3556/23/3556 3557/23/3557 3560/23/3560
f 3557/23/3557 3561/23/3561 3560/23/3560
f 3557/23/3557 3558/23/3558 3561/23/3561
f 3558/23/3558 3562/23/3562 3561/23/3561
f 3558/23/3558 3559/23/3559 3562/23/3562
f 3560/23/3560 3563/23/3563 3564/23/3564
f 3560/23/3560 3561/23/3561 3565/23/3565
f 3560/23/3560 3565/23/3565 3563/23/3563
f 3561/23/3561 3562/23/3562 3565/23/3565
f 772/23/792 771/23/791 3541/23/3541
f 772/23/792 3541/23/3541 3540/23/3540
f 771/23/791 3544/23/3544 3541/23/3541
f 771/23/791 644/23/657 3546/23/3546
f 771/23/791 3546/23/3546 3544/23/3544
f 644/23/657 3566/23/3566 3546/23/3546
f 3546/23/3546 3566/23/3566 3567/23/3567
f 3546/23/3546 3567/23/3567 3547/23/3547
f 3547/23/3547 3567/23/3567 3568/23/3568
f 3547/23/3547 3568/23/3568 3551/23/3551
f 3551/23/3551 3568/23/3568 3854/23/3569
f 3551/23/3551 3854/23/3569 3555/23/3555
f 3555/23/3555 3854/23/3569 3559/23/3559
f 3559/23/3559 3569/23/3570 3562/23/3562
f 3562/23/3562 3569/23/3570 3865/23/3571
f 3562/23/3562 3865/23/3571 3565/23/3565
f 3565/23/3565 3865/23/3571 2396/23/2420
f 3565/23/3565 2396/23/2420 2512/23/2546
f 3563/23/3563 3565/23/3565 2512/23/2546
f 3564/23/3564 3563/23/3563 2512/23/2546
f 3564/23/3564 2512/23/2546 2511/23/2545
f 3570/23/3572 3560/23/3560 3564/23/3564
f 3571/23/3573 3556/23/3556 3560/23/3560
f 3571/23/3573 3560/23/3560 3570/23/3572
f 3553/23/3553 3556/23/3556 3571/23/3573
f 3572/23/3574 3573/23/3575 3574/23/3576
f 3573/23/3575 791/23/807 3575/23/3577
f 3573/23/3575 3575/23/3577 3574/23/3576
f 791/23/807 3540/23/3540 3543/23/3543
f 791/23/807 3543/23/3543 3575/23/3577
f 3572/23/3574 3574/23/3576 3576/23/3578
f 3572/23/3574 3576/23/3578 3577/23/3579
f 3574/23/3576 3575/23/3577 3576/23/3578
f 3575/23/3577 3543/23/3543 3549/23/3549
f 3576/23/3578 3575/23/3577 3578/23/3580
f 3575/23/3577 3549/23/3549 3553/23/3553
f 3575/23/3577 3553/23/3553 3578/23/3580
f 3577/23/3579 3576/23/3578 3579/23/3581
f 3577/23/3579 3579/23/3581 3580/23/3582
f 3576/23/3578 3578/23/3580 3579/23/3581
f 3578/23/3580 3553/23/3553 3571/23/3573
f 3579/23/3581 3581/23/3583 3580/23/3582
f 3579/23/3581 3578/23/3580 3581/23/3583
f 3578/23/3580 3571/23/3573 3570/23/3572
f 3578/23/3580 3570/23/3572 3581/23/3583
f 3580/23/3582 3582/23/3584 3583/23/3585
f 3580/23/3582 3581/23/3583 3582/23/3584
f 3581/23/3583 3584/23/3586 3582/23/3584
f 3581/23/3583 3570/23/3572 3584/23/3586
f 3570/23/3572 3564/23/3564 3584/23/3586
f 723/23/743 792/23/808 3572/23/3574
f 723/23/743 3572/23/3574 3585/23/3587
f 792/23/808 3573/23/3575 3572/23/3574
f 792/23/808 791/23/807 3573/23/3575
f 791/23/807 772/23/792 3540/23/3540
f 3584/23/3586 3564/23/3564 2511/23/2545
f 3584/23/3586 2511/23/2545 2530/23/2560
f 3582/23/3584 3584/23/3586 2530/23/2560
f 3582/23/3584 2530/23/2560 2529/23/2559
f 3583/23/3585 3582/23/3584 2529/23/2559
f 3583/23/3585 2529/23/2559 2473/23/2507
f 3586/23/3588 3580/23/3582 3583/23/3585
f 3587/23/3589 3580/23/3582 3586/23/3588
f 3587/23/3589 3577/23/3579 3580/23/3582
f 3588/23/3590 3577/23/3579 3587/23/3589
f 3588/23/3590 3572/23/3574 3577/23/3579
f 3585/23/3587 3572/23/3574 3588/23/3590
f 3589/23/3591 3590/23/3592 3591/23/3593
f 3589/23/3591 3591/23/3593 3592/23/3594
f 3590/23/3592 3593/23/3595 3591/23/3593
f 3590/23/3592 3594/23/3596 3595/23/3597
f 3590/23/3592 3595/23/3597 3593/23/3595
f 3592/23/3594 3591/23/3593 3596/23/3598
f 3592/23/3594 3596/23/3598 3597/23/3599
f 3591/23/3593 3593/23/3595 3598/23/3600
f 3591/23/3593 3598/23/3600 3596/23/3598
f 3593/23/3595 3595/23/3597 3599/23/3601
f 3593/23/3595 3599/23/3601 3598/23/3600
f 3597/23/3599 3596/23/3598 3600/23/3602
f 3597/23/3599 3600/23/3602 3601/23/3603
f 3596/23/3598 3598/23/3600 3602/23/3604
f 3596/23/3598 3602/23/3604 3600/23/3602
f 3598/23/3600 3599/23/3601 3603/23/3605
f 3598/23/3600 3603/23/3605 3602/23/3604
f 3601/23/3603 3600/23/3602 3604/23/3606
f 3600/23/3602 3605/23/3607 3604/23/3606
f 3600/23/3602 3602/23/3604 3605/23/3607
f 3602/23/3604 3606/23/3608 3605/23/3607
f 3602/23/3604 3603/23/3605 3606/23/3608
f 3603/23/3605 3607/23/3609 3606/23/3608
f 3604/23/3606 3605/23/3607 3609/23/3610
f 3604/23/3606 3609/23/3610 3608/23/3611
f 3605/23/3607 3606/23/3608 3610/23/3612
f 3605/23/3607 3610/23/3612 3609/23/3610
f 3606/23/3608 3607/23/3609 3611/23/3613
f 3606/23/3608 3611/23/3613 3610/23/3612
f 3608/23/3611 3612/23/3614 3613/23/3615
f 3608/23/3611 3609/23/3610 3612/23/3614
f 3609/23/3610 3614/23/3616 3612/23/3614
f 3609/23/3610 3610/23/3612 3614/23/3616
f 3610/23/3612 3611/23/3613 3614/23/3616
f 808/23/825 807/23/824 3590/23/3592
f 808/23/825 3590/23/3592 3589/23/3591
f 807/23/824 806/23/823 3594/23/3596
f 807/23/824 3594/23/3596 3590/23/3592
f 806/23/823 3615/23/3617 3594/23/3596
f 3594/23/3596 3615/23/3617 3616/23/3618
f 3594/23/3596 3616/23/3618 3595/23/3597
f 3595/23/3597 3616/23/3618 3617/23/3619
f 3595/23/3597 3617/23/3619 3599/23/3601
f 3599/23/3601 3617/23/3619 3618/23/3620
f 3599/23/3601 3618/23/3620 3603/23/3605
f 3603/23/3605 3618/23/3620 3607/23/3609
f 3611/23/3613 3947/23/3621 3614/23/3616
f 3614/23/3616 3947/23/3621 2541/23/2577
f 3614/23/3616 2541/23/2577 2540/23/2576
f 3612/23/3614 3614/23/3616 2540/23/2576
f 3612/23/3614 2540/23/2576 2539/23/2575
f 3613/23/3615 3612/23/3614 2539/23/2575
f 3619/23/3622 3620/23/3623 3621/23/3624
f 3620/23/3623 820/23/837 3622/23/3625
f 3620/23/3623 3622/23/3625 3621/23/3624
f 820/23/837 3589/23/3591 3592/23/3594
f 820/23/837 3592/23/3594 3622/23/3625
f 3619/23/3622 3621/23/3624 3623/23/3626
f 3619/23/3622 3623/23/3626 3624/23/3627
f 3621/23/3624 3625/23/3628 3623/23/3626
f 3621/23/3624 3622/23/3625 3625/23/3628
f 3622/23/3625 3592/23/3594 3597/23/3599
f 3625/23/3628 3622/23/3625 3626/23/3629
f 3622/23/3625 3597/23/3599 3601/23/3603
f 3622/23/3625 3601/23/3603 3626/23/3629
f 3624/23/3627 3623/23/3626 3627/23/3630
f 3624/23/3627 3627/23/3630 3628/23/3631
f 3623/23/3626 3625/23/3628 3627/23/3630
f 3625/23/3628 3626/23/3629 3627/23/3630
f 3626/23/3629 3601/23/3603 3604/23/3606
f 3627/23/3630 3626/23/3629 3629/23/3632
f 3626/23/3629 3604/23/3606 3608/23/3611
f 3626/23/3629 3608/23/3611 3629/23/3632
f 3628/23/3631 3627/23/3630 3630/23/3633
f 3628/23/3631 3630/23/3633 3631/23/3634
f 3627/23/3630 3629/23/3632 3630/23/3633
f 3608/23/3611 3613/23/3615 3629/23/3632
f 822/23/851 819/23/836 3619/23/3622
f 822/23/851 3619/23/3622 3632/23/3635
f 819/23/836 821/23/838 3620/23/3623
f 819/23/836 3620/23/3623 3619/23/3622
f 821/23/838 820/23/837 3620/23/3623
f 820/23/837 808/23/825 3589/23/3591
f 3629/23/3632 3613/23/3615 2539/23/2575
f 3629/23/3632 2539/23/2575 2554/23/2589
f 3630/23/3633 3629/23/3632 2554/23/2589
f 3630/23/3633 2554/23/2589 2553/23/2588
f 3631/23/3634 3630/23/3633 2553/23/2588
f 3631/23/3634 2553/23/2588 2552/23/2587
f 3633/23/3636 3628/23/3631 3631/23/3634
f 3634/23/3637 3628/23/3631 3633/23/3636
f 3634/23/3637 3624/23/3627 3628/23/3631
f 3635/23/3638 3624/23/3627 3634/23/3637
f 3635/23/3638 3619/23/3622 3624/23/3627
f 3632/23/3635 3619/23/3622 3635/23/3638
f 3636/23/3639 3637/23/3640 3638/23/3641
f 3636/23/3639 3638/23/3641 3639/23/3642
f 3637/23/3640 3640/23/3643 3641/23/3644
f 3637/23/3640 3641/23/3644 3638/23/3641
f 3640/23/3643 3642/23/3645 3643/23/3646
f 3640/23/3643 3643/23/3646 3641/23/3644
f 3639/23/3642 3638/23/3641 3644/23/3647
f 3639/23/3642 3644/23/3647 3645/23/3648
f 3638/23/3641 3641/23/3644 3646/23/3649
f 3638/23/3641 3646/23/3649 3644/23/3647
f 3641/23/3644 3643/23/3646 3647/23/3650
f 3641/23/3644 3647/23/3650 3646/23/3649
f 3645/23/3648 3644/23/3647 3648/23/3651
f 3645/23/3648 3648/23/3651 3649/23/3652
f 3644/23/3647 3646/23/3649 3650/23/3653
f 3644/23/3647 3650/23/3653 3648/23/3651
f 3646/23/3649 3647/23/3650 3651/23/3654
f 3646/23/3649 3651/23/3654 3650/23/3653
f 3649/23/3652 3648/23/3651 3652/23/3655
f 3648/23/3651 3653/23/3656 3652/23/3655
f 3648/23/3651 3650/23/3653 3653/23/3656
f 3650/23/3653 3654/23/3657 3653/23/3656
f 3650/23/3653 3651/23/3654 3654/23/3657
f 3651/23/3654 3655/23/3658 3654/23/3657
f 3652/23/3655 3653/23/3656 3657/23/3659
f 3652/23/3655 3657/23/3659 3656/23/3660
f 3653/23/3656 3654/23/3657 3658/23/3661
f 3653/23/3656 3658/23/3661 3657/23/3659
f 3654/23/3657 3655/23/3658 3659/23/3662
f 3654/23/3657 3659/23/3662 3658/23/3661
f 3656/23/3660 3660/23/3663 3661/23/3664
f 3656/23/3660 3657/23/3659 3660/23/3663
f 3657/23/3659 3658/23/3661 3660/23/3663
f 3658/23/3661 3662/23/3665 3660/23/3663
f 3658/23/3661 3659/23/3662 3662/23/3665
f 706/23/724 705/23/723 3637/23/3640
f 706/23/724 3637/23/3640 3636/23/3639
f 705/23/723 3640/23/3643 3637/23/3640
f 705/23/723 704/23/722 3642/23/3645
f 705/23/723 3642/23/3645 3640/23/3643
f 704/23/722 3663/23/3666 3642/23/3645
f 3642/23/3645 3663/23/3666 3664/23/3667
f 3642/23/3645 3664/23/3667 3643/23/3646
f 3643/23/3646 3664/23/3667 3665/23/3668
f 3643/23/3646 3665/23/3668 3647/23/3650
f 3647/23/3650 3665/23/3668 3666/23/3669
f 3647/23/3650 3666/23/3669 3651/23/3654
f 3651/23/3654 3666/23/3669 3655/23/3658
f 3660/23/3663 3662/23/3665 2455/23/2488
f 3660/23/3663 2455/23/2488 2454/23/2487
f 3661/23/3664 3660/23/3663 2454/23/2487
f 3661/23/3664 2454/23/2487 2453/23/2486
f 3667/23/3670 3652/23/3655 3656/23/3660
f 3649/23/3652 3652/23/3655 3667/23/3670
f 3668/23/3671 3669/23/3672 3670/23/3673
f 3669/23/3672 733/23/751 3671/23/3674
f 3669/23/3672 3671/23/3674 3670/23/3673
f 733/23/751 3636/23/3639 3639/23/3642
f 733/23/751 3639/23/3642 3671/23/3674
f 3668/23/3671 3670/23/3673 3672/23/3675
f 3668/23/3671 3672/23/3675 3673/23/3676
f 3670/23/3673 3671/23/3674 3672/23/3675
f 3671/23/3674 3639/23/3642 3645/23/3648
f 3672/23/3675 3671/23/3674 3674/23/3677
f 3671/23/3674 3645/23/3648 3649/23/3652
f 3671/23/3674 3649/23/3652 3674/23/3677
f 3673/23/3676 3672/23/3675 3675/23/3678
f 3673/23/3676 3675/23/3678 3676/23/3679
f 3672/23/3675 3674/23/3677 3675/23/3678
f 3674/23/3677 3649/23/3652 3667/23/3670
f 3675/23/3678 3677/23/3680 3676/23/3679
f 3675/23/3678 3674/23/3677 3677/23/3680
f 3674/23/3677 3667/23/3670 3656/23/3660
f 3674/23/3677 3656/23/3660 3677/23/3680
f 3676/23/3679 3678/23/3681 3679/23/3682
f 3676/23/3679 3677/23/3680 3678/23/3681
f 3677/23/3680 3680/23/3683 3678/23/3681
f 3677/23/3680 3656/23/3660 3680/23/3683
f 3656/23/3660 3661/23/3664 3680/23/3683
f 659/23/674 734/23/752 3668/23/3671
f 659/23/674 3668/23/3671 3681/23/3684
f 734/23/752 3669/23/3672 3668/23/3671
f 734/23/752 733/23/751 3669/23/3672
f 733/23/751 706/23/724 3636/23/3639
f 3680/23/3683 3661/23/3664 2453/23/2486
f 3680/23/3683 2453/23/2486 2484/23/2516
f 3678/23/3681 3680/23/3683 2484/23/2516
f 3678/23/3681 2484/23/2516 2483/23/2515
f 3679/23/3682 3678/23/3681 2483/23/2515
f 3679/23/3682 2483/23/2515 2418/23/2444
f 3682/23/3685 3676/23/3679 3679/23/3682
f 3683/23/3686 3676/23/3679 3682/23/3685
f 3683/23/3686 3673/23/3676 3676/23/3679
f 3684/23/3687 3673/23/3676 3683/23/3686
f 3684/23/3687 3668/23/3671 3673/23/3676
f 3681/23/3684 3668/23/3671 3684/23/3687
f 3685/23/3688 3686/23/3689 3687/23/3690
f 3685/23/3688 3687/23/3690 3688/23/3691
f 3686/23/3689 3689/23/3692 3690/23/3693
f 3686/23/3689 3690/23/3693 3687/23/3690
f 3689/23/3692 3691/23/3694 3692/23/3695
f 3689/23/3692 3692/23/3695 3690/23/3693
f 3688/23/3691 3687/23/3690 3693/23/3696
f 3688/23/3691 3693/23/3696 3694/23/3697
f 3687/23/3690 3690/23/3693 3695/23/3698
f 3687/23/3690 3695/23/3698 3693/23/3696
f 3690/23/3693 3692/23/3695 3696/23/3699
f 3690/23/3693 3696/23/3699 3695/23/3698
f 3694/23/3697 3693/23/3696 3697/23/3700
f 3694/23/3697 3697/23/3700 3698/23/3701
f 3693/23/3696 3695/23/3698 3699/23/3702
f 3693/23/3696 3699/23/3702 3697/23/3700
f 3695/23/3698 3696/23/3699 3700/23/3703
f 3695/23/3698 3700/23/3703 3699/23/3702
f 3698/23/3701 3697/23/3700 3701/23/3704
f 3697/23/3700 3702/23/3705 3701/23/3704
f 3697/23/3700 3699/23/3702 3702/23/3705
f 3699/23/3702 3703/23/3706 3702/23/3705
f 3699/23/3702 3700/23/3703 3703/23/3706
f 3700/23/3703 3704/23/3707 3703/23/3706
f 3701/23/3704 3702/23/3705 3706/23/3708
f 3701/23/3704 3706/23/3708 3705/23/3709
f 3702/23/3705 3703/23/3706 3707/23/3710
f 3702/23/3705 3707/23/3710 3706/23/3708
f 3703/23/3706 3704/23/3707 3708/23/3711
f 3703/23/3706 3708/23/3711 3707/23/3710
f 3705/23/3709 3706/23/3708 3710/23/3712
f 3705/23/3709 3710/23/3712 3709/23/3713
f 3706/23/3708 3707/23/3710 3710/23/3712
f 3707/23/3710 3711/23/3714 3710/23/3712
f 3707/23/3710 3708/23/3711 3711/23/3714
f 760/23/780 759/23/779 3686/23/3689
f 760/23/780 3686/23/3689 3685/23/3688
f 759/23/779 3689/23/3692 3686/23/3689
f 759/23/779 690/23/704 3691/23/3694
f 759/23/779 3691/23/3694 3689/23/3692
f 690/23/704 3712/23/3715 3691/23/3694
f 3691/23/3694 3712/23/3715 3713/23/3716
f 3691/23/3694 3713/23/3716 3692/23/3695
f 3692/23/3695 3713/23/3716 3714/23/3717
f 3692/23/3695 3714/23/3717 3696/23/3699
f 3696/23/3699 3714/23/3717 3715/23/3718
f 3696/23/3699 3715/23/3718 3700/23/3703
f 3700/23/3703 3715/23/3718 3704/23/3707
f 3708/23/3711 3843/23/3719 3711/23/3714
f 3711/23/3714 3843/23/3719 2441/23/2469
f 3710/23/3712 3711/23/3714 2441/23/2469
f 3710/23/3712 2441/23/2469 2502/23/2534
f 3709/23/3713 3710/23/3712 2502/23/2534
f 3709/23/3713 2502/23/2534 2501/23/2533
f 3716/23/3720 3717/23/3721 3718/23/3722
f 3717/23/3721 781/23/799 3719/23/3723
f 3717/23/3721 3719/23/3723 3718/23/3722
f 781/23/799 3685/23/3688 3688/23/3691
f 781/23/799 3688/23/3691 3719/23/3723
f 3716/23/3720 3718/23/3722 3720/23/3724
f 3716/23/3720 3720/23/3724 3721/23/3725
f 3718/23/3722 3719/23/3723 3720/23/3724
f 3719/23/3723 3688/23/3691 3694/23/3697
f 3720/23/3724 3719/23/3723 3722/23/3726
f 3719/23/3723 3694/23/3697 3698/23/3701
f 3719/23/3723 3698/23/3701 3722/23/3726
f 3721/23/3725 3720/23/3724 3723/23/3727
f 3721/23/3725 3723/23/3727 3724/23/3728
f 3720/23/3724 3722/23/3726 3723/23/3727
f 3722/23/3726 3698/23/3701 3701/23/3704
f 3723/23/3727 3722/23/3726 3725/23/3729
f 3722/23/3726 3701/23/3704 3705/23/3709
f 3722/23/3726 3705/23/3709 3725/23/3729
f 3724/23/3728 3723/23/3727 3726/23/3730
f 3724/23/3728 3726/23/3730 3727/23/3731
f 3723/23/3727 3725/23/3729 3726/23/3730
f 3705/23/3709 3709/23/3713 3725/23/3729
f 674/23/689 782/23/800 3716/23/3720
f 674/23/689 3716/23/3720 3728/23/3732
f 782/23/800 3717/23/3721 3716/23/3720
f 782/23/800 781/23/799 3717/23/3721
f 781/23/799 760/23/780 3685/23/3688
f 3725/23/3729 3709/23/3713 2501/23/2533
f 3725/23/3729 2501/23/2533 2521/23/2553
f 3726/23/3730 3725/23/3729 2521/23/2553
f 3726/23/3730 2521/23/2553 2520/23/2552
f 3727/23/3731 3726/23/3730 2520/23/2552
f 3727/23/3731 2520/23/2552 2429/23/2456
f 3729/23/3733 3727/23/3731 2429/23/2456
f 3730/23/3734 3724/23/3728 3727/23/3731
f 3730/23/3734 3721/23/3725 3724/23/3728
f 3731/23/3735 3721/23/3725 3730/23/3734
f 3731/23/3735 3716/23/3720 3721/23/3725
f 3728/23/3732 3716/23/3720 3731/23/3735
f 3732/23/3736 3734/23/3737 3733/23/3738
f 3734/23/3737 3735/23/3739 3733/23/3738
f 3734/23/3737 3585/23/3587 3736/23/3740
f 3734/23/3737 3736/23/3740 3735/23/3739
f 3733/23/3738 3738/23/3741 3737/23/3742
f 3733/23/3738 3735/23/3739 3739/23/3743
f 3733/23/3738 3739/23/3743 3738/23/3741
f 3735/23/3739 3736/23/3740 3739/23/3743
f 3737/23/3742 3738/23/3741 3740/23/3744
f 3738/23/3741 3741/23/3745 3740/23/3744
f 3738/23/3741 3739/23/3743 3741/23/3745
f 3739/23/3743 3736/23/3740 3742/23/3746
f 3739/23/3743 3742/23/3746 3741/23/3745
f 3740/23/3744 3743/23/3747 3744/23/3748
f 3740/23/3744 3741/23/3745 3743/23/3747
f 3741/23/3745 3745/23/3749 3743/23/3747
f 3741/23/3745 3742/23/3746 3745/23/3749
f 3744/23/3748 3743/23/3747 3746/23/3750
f 3745/23/3749 3742/23/3746 3747/23/3751
f 3746/23/3750 3748/23/3752 3749/23/3753
f 3746/23/3750 3743/23/3747 3748/23/3752
f 3743/23/3747 3745/23/3749 3750/23/3754
f 3743/23/3747 3750/23/3754 3748/23/3752
f 3745/23/3749 3747/23/3751 3750/23/3754
f 726/23/746 725/23/745 3732/23/3736
f 725/23/745 3734/23/3737 3732/23/3736
f 725/23/745 724/23/744 3734/23/3737
f 724/23/744 723/23/743 3585/23/3587
f 724/23/744 3585/23/3587 3734/23/3737
f 3585/23/3587 3588/23/3590 3736/23/3740
f 3736/23/3740 3588/23/3590 3587/23/3589
f 3736/23/3740 3587/23/3589 3742/23/3746
f 3742/23/3746 3587/23/3589 3586/23/3588
f 3742/23/3746 3586/23/3588 3747/23/3751
f 3747/23/3751 3586/23/3588 3583/23/3585
f 3747/23/3751 3583/23/3585 2473/23/2507
f 3750/23/3754 3747/23/3751 2473/23/2507
f 3750/23/3754 2473/23/2507 2472/23/2506
f 3748/23/3752 3750/23/3754 2472/23/2506
f 3749/23/3753 3748/23/3752 2472/23/2506
f 3749/23/3753 2472/23/2506 2471/23/2505
f 3758/23/3755 3733/23/3738 3737/23/3742
f 3732/23/3736 3733/23/3738 3758/23/3755
f 3751/23/3756 3752/23/3757 3753/23/3758
f 3751/23/3756 3753/23/3758 3754/23/3759
f 3752/23/3757 3755/23/3760 3756/23/3761
f 3752/23/3757 3756/23/3761 3753/23/3758
f 3755/23/3760 3757/23/3762 3758/23/3755
f 3755/23/3760 3758/23/3755 3756/23/3761
f 3754/23/3759 3753/23/3758 3759/23/3763
f 3754/23/3759 3759/23/3763 3760/23/3764
f 3753/23/3758 3756/23/3761 3761/23/3765
f 3753/23/3758 3761/23/3765 3759/23/3763
f 3756/23/3761 3758/23/3755 3761/23/3765
f 3758/23/3755 3737/23/3742 3761/23/3765
f 3760/23/3764 3759/23/3763 3762/23/3766
f 3760/23/3764 3762/23/3766 3763/23/3767
f 3759/23/3763 3761/23/3765 3764/23/3768
f 3759/23/3763 3764/23/3768 3762/23/3766
f 3761/23/3765 3765/23/3769 3764/23/3768
f 3761/23/3765 3737/23/3742 3765/23/3769
f 3763/23/3767 3762/23/3766 3766/23/3770
f 3762/23/3766 3767/23/3771 3766/23/3770
f 3762/23/3766 3764/23/3768 3767/23/3771
f 3764/23/3768 3765/23/3769 3744/23/3748
f 3764/23/3768 3744/23/3748 3767/23/3771
f 3766/23/3770 3767/23/3771 3769/23/3772
f 3766/23/3770 3769/23/3772 3768/23/3773
f 3767/23/3771 3744/23/3748 3746/23/3750
f 3767/23/3771 3746/23/3750 3769/23/3772
f 3768/23/3773 3769/23/3772 3770/23/3774
f 3769/23/3772 3771/23/3775 3770/23/3774
f 3769/23/3772 3746/23/3750 3749/23/3753
f 3769/23/3772 3749/23/3753 3771/23/3775
f 748/23/767 747/23/766 3751/23/3756
f 747/23/766 3752/23/3757 3751/23/3756
f 747/23/766 3755/23/3760 3752/23/3757
f 747/23/766 746/23/765 3755/23/3760
f 746/23/765 3757/23/3762 3755/23/3760
f 746/23/765 726/23/746 3757/23/3762
f 726/23/746 3732/23/3736 3757/23/3762
f 3757/23/3762 3732/23/3736 3758/23/3755
f 3737/23/3742 3740/23/3744 3765/23/3769
f 3765/23/3769 3740/23/3744 3744/23/3748
f 3771/23/3775 3749/23/3753 2471/23/2505
f 3771/23/3775 2471/23/2505 2492/23/2525
f 3770/23/3774 3771/23/3775 2492/23/2525
f 3770/23/3774 2492/23/2525 2491/23/2524
f 3772/23/3776 3768/23/3773 3770/23/3774
f 3773/23/3777 3766/23/3770 3768/23/3773
f 3773/23/3777 3768/23/3773 3772/23/3776
f 3763/23/3767 3766/23/3770 3773/23/3777
f 3774/23/3778 3776/23/3779 3775/23/3780
f 3776/23/3779 3777/23/3781 3775/23/3780
f 3776/23/3779 3632/23/3635 3778/23/3782
f 3776/23/3779 3778/23/3782 3777/23/3781
f 3775/23/3780 3780/23/3783 3779/23/3784
f 3775/23/3780 3777/23/3781 3781/23/3785
f 3775/23/3780 3781/23/3785 3780/23/3783
f 3777/23/3781 3778/23/3782 3781/23/3785
f 3779/23/3784 3780/23/3783 3783/23/3786
f 3779/23/3784 3783/23/3786 3782/23/3787
f 3780/23/3783 3781/23/3785 3783/23/3786
f 3781/23/3785 3784/23/3788 3783/23/3786
f 3781/23/3785 3778/23/3782 3785/23/3789
f 3781/23/3785 3785/23/3789 3784/23/3788
f 3782/23/3787 3783/23/3786 3787/23/3790
f 3782/23/3787 3787/23/3790 3786/23/3791
f 3783/23/3786 3784/23/3788 3787/23/3790
f 3786/23/3791 3787/23/3790 3789/23/3792
f 3786/23/3791 3789/23/3792 3788/23/3793
f 3787/23/3790 3784/23/3788 3790/23/3794
f 3787/23/3790 3790/23/3794 3789/23/3792
f 3784/23/3788 3785/23/3789 3790/23/3794
f 3788/23/3793 3789/23/3792 3792/23/3795
f 3788/23/3793 3792/23/3795 3791/23/3796
f 3789/23/3792 3790/23/3794 3792/23/3795
f 3790/23/3794 2565/23/2601 3792/23/3795
f 835/23/853 834/23/852 3776/23/3779
f 835/23/853 3776/23/3779 3774/23/3778
f 834/23/852 822/23/851 3632/23/3635
f 834/23/852 3632/23/3635 3776/23/3779
f 3632/23/3635 3635/23/3638 3778/23/3782
f 3778/23/3782 3635/23/3638 3634/23/3637
f 3778/23/3782 3634/23/3637 3785/23/3789
f 3785/23/3789 3634/23/3637 3633/23/3636
f 3785/23/3789 3633/23/3636 3790/23/3794
f 3790/23/3794 3633/23/3636 3631/23/3634
f 3790/23/3794 3631/23/3634 2565/23/2601
f 2565/23/2601 3631/23/3634 2552/23/2587
f 3792/23/3795 2565/23/2601 2564/23/2600
f 3791/23/3796 3792/23/3795 2564/23/2600
f 3791/23/3796 2564/23/2600 2563/23/2599
f 3798/23/3797 3775/23/3780 3779/23/3784
f 3774/23/3778 3775/23/3780 3798/23/3797
f 3663/23/3666 3793/23/3798 3794/23/3799
f 3663/23/3666 3794/23/3799 3664/23/3667
f 3793/23/3798 3795/23/3800 3796/23/3801
f 3793/23/3798 3796/23/3801 3794/23/3799
f 3795/23/3800 3797/23/3802 3798/23/3797
f 3795/23/3800 3798/23/3797 3796/23/3801
f 3664/23/3667 3794/23/3799 3799/23/3803
f 3664/23/3667 3799/23/3803 3665/23/3668
f 3794/23/3799 3796/23/3801 3800/23/3804
f 3794/23/3799 3800/23/3804 3799/23/3803
f 3796/23/3801 3798/23/3797 3800/23/3804
f 3798/23/3797 3779/23/3784 3800/23/3804
f 3665/23/3668 3799/23/3803 3801/23/3805
f 3665/23/3668 3801/23/3805 3666/23/3669
f 3799/23/3803 3800/23/3804 3802/23/3806
f 3799/23/3803 3802/23/3806 3801/23/3805
f 3800/23/3804 3779/23/3784 3782/23/3787
f 3800/23/3804 3782/23/3787 3802/23/3806
f 3666/23/3669 3801/23/3805 3803/23/3807
f 3801/23/3805 3804/23/3808 3803/23/3807
f 3801/23/3805 3802/23/3806 3804/23/3808
f 3802/23/3806 3805/23/3809 3804/23/3808
f 3802/23/3806 3782/23/3787 3786/23/3791
f 3802/23/3806 3786/23/3791 3805/23/3809
f 3803/23/3807 3804/23/3808 3807/23/3810
f 3803/23/3807 3807/23/3810 3806/23/3811
f 3804/23/3808 3805/23/3809 3807/23/3810
f 3805/23/3809 3808/23/3812 3807/23/3810
f 3805/23/3809 3786/23/3791 3808/23/3812
f 3806/23/3811 3809/23/3813 3662/23/3665
f 3806/23/3811 3807/23/3810 3809/23/3813
f 3807/23/3810 3808/23/3812 3791/23/3796
f 3807/23/3810 3791/23/3796 3809/23/3813
f 704/23/722 846/23/862 3793/23/3798
f 704/23/722 3793/23/3798 3663/23/3666
f 846/23/862 3795/23/3800 3793/23/3798
f 846/23/862 845/23/861 3797/23/3802
f 846/23/862 3797/23/3802 3795/23/3800
f 845/23/861 835/23/853 3774/23/3778
f 845/23/861 3774/23/3778 3797/23/3802
f 3797/23/3802 3774/23/3778 3798/23/3797
f 3786/23/3791 3788/23/3793 3808/23/3812
f 3808/23/3812 3788/23/3793 3791/23/3796
f 3809/23/3813 3791/23/3796 2563/23/2599
f 3809/23/3813 2563/23/2599 2570/23/2604
f 3662/23/3665 3809/23/3813 2570/23/2604
f 3662/23/3665 2570/23/2604 2455/23/2488
f 3659/23/3662 3806/23/3811 3662/23/3665
f 3655/23/3658 3803/23/3807 3806/23/3811
f 3655/23/3658 3806/23/3811 3659/23/3662
f 3666/23/3669 3803/23/3807 3655/23/3658
f 3810/23/3814 3812/23/3815 3811/23/3816
f 3810/23/3814 3813/23/3817 3812/23/3815
f 3813/23/3817 3681/23/3684 3814/23/3818
f 3813/23/3817 3814/23/3818 3812/23/3815
f 3811/23/3816 3812/23/3815 3816/23/3819
f 3811/23/3816 3816/23/3819 3815/23/3820
f 3812/23/3815 3817/23/3821 3816/23/3819
f 3812/23/3815 3814/23/3818 3817/23/3821
f 3815/23/3820 3816/23/3819 3818/23/3822
f 3817/23/3821 3819/23/3823 3816/23/3819
f 3817/23/3821 3814/23/3818 3819/23/3823
f 3818/23/3822 3820/23/3824 3821/23/3825
f 3818/23/3822 3816/23/3819 3820/23/3824
f 3816/23/3819 3822/23/3826 3820/23/3824
f 3816/23/3819 3819/23/3823 3822/23/3826
f 3819/23/3823 3823/23/3827 3822/23/3826
f 3821/23/3825 3820/23/3824 3824/23/3828
f 3824/23/3828 3825/23/3829 3826/23/3830
f 3824/23/3828 3820/23/3824 3825/23/3829
f 3820/23/3824 3822/23/3826 3827/23/3831
f 3820/23/3824 3827/23/3831 3825/23/3829
f 3822/23/3826 3823/23/3827 3828/23/3832
f 3822/23/3826 3828/23/3832 3827/23/3831
f 661/23/676 3810/23/3814 3833/23/3833
f 661/23/676 660/23/675 3810/23/3814
f 660/23/675 3813/23/3817 3810/23/3814
f 660/23/675 659/23/674 3681/23/3684
f 660/23/675 3681/23/3684 3813/23/3817
f 3681/23/3684 3684/23/3687 3814/23/3818
f 3814/23/3818 3684/23/3687 3683/23/3686
f 3814/23/3818 3683/23/3686 3819/23/3823
f 3819/23/3823 3683/23/3686 3823/23/3827
f 3823/23/3827 3683/23/3686 3682/23/3685
f 3823/23/3827 3682/23/3685 3679/23/3682
f 3823/23/3827 3679/23/3682 3828/23/3832
f 3828/23/3832 3679/23/3682 2418/23/2444
f 3827/23/3831 3828/23/3832 2418/23/2444
f 3827/23/3831 2418/23/2444 2417/23/2443
f 3825/23/3829 3827/23/3831 2417/23/2443
f 3825/23/3829 2417/23/2443 2416/23/2442
f 3826/23/3830 3825/23/3829 2416/23/2442
f 3826/23/3830 2416/23/2442 2415/23/2441
f 3833/23/3833 3810/23/3814 3811/23/3816
f 3712/23/3715 3829/23/3834 3830/23/3835
f 3712/23/3715 3830/23/3835 3713/23/3716
f 3829/23/3834 3831/23/3836 3832/23/3837
f 3829/23/3834 3832/23/3837 3830/23/3835
f 3831/23/3836 3833/23/3833 3832/23/3837
f 3833/23/3833 3811/23/3816 3832/23/3837
f 3713/23/3716 3830/23/3835 3834/23/3838
f 3713/23/3716 3834/23/3838 3714/23/3717
f 3830/23/3835 3832/23/3837 3834/23/3838
f 3832/23/3837 3835/23/3839 3834/23/3838
f 3832/23/3837 3811/23/3816 3815/23/3820
f 3832/23/3837 3815/23/3820 3835/23/3839
f 3714/23/3717 3834/23/3838 3836/23/3840
f 3714/23/3717 3836/23/3840 3715/23/3718
f 3834/23/3838 3837/23/3841 3836/23/3840
f 3834/23/3838 3835/23/3839 3837/23/3841
f 3835/23/3839 3838/23/3842 3837/23/3841
f 3835/23/3839 3815/23/3820 3838/23/3842
f 3715/23/3718 3836/23/3840 3839/23/3843
f 3836/23/3840 3837/23/3841 3840/23/3844
f 3836/23/3840 3840/23/3844 3839/23/3843
f 3837/23/3841 3838/23/3842 3821/23/3825
f 3837/23/3841 3821/23/3825 3840/23/3844
f 3839/23/3843 3840/23/3844 3842/23/3845
f 3839/23/3843 3842/23/3845 3841/23/3846
f 3840/23/3844 3821/23/3825 3824/23/3828
f 3840/23/3844 3824/23/3828 3842/23/3845
f 3841/23/3846 3842/23/3845 3844/23/3847
f 3841/23/3846 3844/23/3847 3843/23/3719
f 3842/23/3845 3824/23/3828 3826/23/3830
f 3842/23/3845 3826/23/3830 3844/23/3847
f 690/23/704 689/23/703 3829/23/3834
f 690/23/704 3829/23/3834 3712/23/3715
f 689/23/703 3831/23/3836 3829/23/3834
f 689/23/703 688/23/702 3833/23/3833
f 689/23/703 3833/23/3833 3831/23/3836
f 688/23/702 661/23/676 3833/23/3833
f 3815/23/3820 3818/23/3822 3838/23/3842
f 3838/23/3842 3818/23/3822 3821/23/3825
f 3844/23/3847 3826/23/3830 2415/23/2441
f 3844/23/3847 2415/23/2441 2442/23/2470
f 3843/23/3719 3844/23/3847 2442/23/2470
f 3843/23/3719 2442/23/2470 2441/23/2469
f 3708/23/3711 3841/23/3846 3843/23/3719
f 3704/23/3707 3839/23/3843 3841/23/3846
f 3704/23/3707 3841/23/3846 3708/23/3711
f 3715/23/3718 3839/23/3843 3704/23/3707
f 3566/23/3566 3845/23/3848 3846/23/3849
f 3566/23/3566 3846/23/3849 3567/23/3567
f 3845/23/3848 3847/23/3850 3848/23/3851
f 3845/23/3848 3848/23/3851 3846/23/3849
f 3847/23/3850 3849/23/3852 3850/23/3853
f 3847/23/3850 3850/23/3853 3848/23/3851
f 3567/23/3567 3846/23/3849 3851/23/3854
f 3567/23/3567 3851/23/3854 3568/23/3568
f 3846/23/3849 3848/23/3851 3852/23/3855
f 3846/23/3849 3852/23/3855 3851/23/3854
f 3848/23/3851 3850/23/3853 3852/23/3855
f 3850/23/3853 3853/23/3856 3852/23/3855
f 3568/23/3568 3851/23/3854 3854/23/3569
f 3851/23/3854 3855/23/3857 3854/23/3569
f 3851/23/3854 3852/23/3855 3855/23/3857
f 3852/23/3855 3856/23/3858 3855/23/3857
f 3852/23/3855 3853/23/3856 3857/23/3859
f 3852/23/3855 3857/23/3859 3856/23/3858
f 3854/23/3569 3855/23/3857 3859/23/3860
f 3854/23/3569 3859/23/3860 3858/23/3861
f 3855/23/3857 3856/23/3858 3860/23/3862
f 3855/23/3857 3860/23/3862 3859/23/3860
f 3856/23/3858 3857/23/3859 3861/23/3863
f 3856/23/3858 3861/23/3863 3860/23/3862
f 3858/23/3861 3862/23/3864 3569/23/3570
f 3858/23/3861 3859/23/3860 3862/23/3864
f 3859/23/3860 3863/23/3865 3862/23/3864
f 3859/23/3860 3860/23/3862 3863/23/3865
f 3860/23/3862 3864/23/3866 3863/23/3865
f 3860/23/3862 3861/23/3863 3864/23/3866
f 3569/23/3570 3862/23/3864 3865/23/3571
f 3862/23/3864 3863/23/3865 3866/23/3867
f 3862/23/3864 3866/23/3867 3865/23/3571
f 3863/23/3865 3864/23/3866 3867/23/3868
f 3863/23/3865 3867/23/3868 3866/23/3867
f 644/23/657 643/23/656 3845/23/3848
f 644/23/657 3845/23/3848 3566/23/3566
f 643/23/656 642/23/655 3847/23/3850
f 643/23/656 3847/23/3850 3845/23/3848
f 642/23/655 641/23/654 3849/23/3852
f 642/23/655 3849/23/3852 3847/23/3850
f 641/23/654 640/23/653 3868/23/3869
f 641/23/654 3868/23/3869 3849/23/3852
f 3849/23/3852 3868/23/3869 3850/23/3853
f 3866/23/3867 3867/23/3868 2398/23/2422
f 3866/23/3867 2398/23/2422 2397/23/2421
f 3865/23/3571 3866/23/3867 2397/23/2421
f 3865/23/3571 2397/23/2421 2396/23/2420
f 3559/23/3559 3858/23/3861 3569/23/3570
f 3854/23/3569 3858/23/3861 3559/23/3559
f 3868/23/3869 3870/23/3870 3869/23/3871
f 3870/23/3870 3871/23/3872 3869/23/3871
f 3870/23/3870 3728/23/3732 3872/23/3873
f 3870/23/3870 3872/23/3873 3871/23/3872
f 3869/23/3871 3873/23/3874 3853/23/3856
f 3869/23/3871 3871/23/3872 3873/23/3874
f 3871/23/3872 3872/23/3873 3873/23/3874
f 3853/23/3856 3873/23/3874 3874/23/3875
f 3853/23/3856 3874/23/3875 3857/23/3859
f 3873/23/3874 3875/23/3876 3874/23/3875
f 3873/23/3874 3872/23/3873 3876/23/3877
f 3873/23/3874 3876/23/3877 3875/23/3876
f 3857/23/3859 3874/23/3875 3877/23/3878
f 3857/23/3859 3877/23/3878 3861/23/3863
f 3874/23/3875 3875/23/3876 3877/23/3878
f 3861/23/3863 3877/23/3878 3878/23/3879
f 3861/23/3863 3878/23/3879 3864/23/3866
f 3877/23/3878 3875/23/3876 3879/23/3880
f 3877/23/3878 3879/23/3880 3878/23/3879
f 3875/23/3876 3876/23/3877 3879/23/3880
f 3864/23/3866 3878/23/3879 3880/23/3881
f 3864/23/3866 3880/23/3881 3867/23/3868
f 3878/23/3879 3879/23/3880 3880/23/3881
f 3879/23/3880 3729/23/3733 3880/23/3881
f 640/23/653 675/23/690 3870/23/3870
f 640/23/653 3870/23/3870 3868/23/3869
f 675/23/690 674/23/689 3728/23/3732
f 675/23/690 3728/23/3732 3870/23/3870
f 3728/23/3732 3731/23/3735 3872/23/3873
f 3872/23/3873 3731/23/3735 3730/23/3734
f 3872/23/3873 3730/23/3734 3876/23/3877
f 3876/23/3877 3730/23/3734 3727/23/3731
f 3876/23/3877 3727/23/3731 3879/23/3880
f 3879/23/3880 3727/23/3731 3729/23/3733
f 3729/23/3733 2429/23/2456 2428/23/2455
f 3880/23/3881 3729/23/3733 2428/23/2455
f 3880/23/3881 2428/23/2455 2427/23/2454
f 3867/23/3868 3880/23/3881 2427/23/2454
f 3867/23/3868 2427/23/2454 2398/23/2422
f 3850/23/3853 3869/23/3871 3853/23/3856
f 3868/23/3869 3869/23/3871 3850/23/3853
f 3881/23/3882 3882/23/3883 3883/23/3884
f 3881/23/3882 3883/23/3884 3884/23/3885
f 3882/23/3883 3885/23/3886 3886/23/3887
f 3882/23/3883 3886/23/3887 3883/23/3884
f 3885/23/3886 3887/23/3888 3888/23/3889
f 3885/23/3886 3888/23/3889 3886/23/3887
f 3884/23/3885 3883/23/3884 3889/23/3890
f 3884/23/3885 3889/23/3890 3890/23/3891
f 3883/23/3884 3886/23/3887 3891/23/3892
f 3883/23/3884 3891/23/3892 3889/23/3890
f 3886/23/3887 3888/23/3889 3891/23/3892
f 3888/23/3889 3892/23/3893 3891/23/3892
f 3890/23/3891 3889/23/3890 3893/23/3894
f 3890/23/3891 3893/23/3894 3894/23/3895
f 3889/23/3890 3891/23/3892 3895/23/3896
f 3889/23/3890 3895/23/3896 3893/23/3894
f 3891/23/3892 3892/23/3893 3896/23/3897
f 3891/23/3892 3896/23/3897 3895/23/3896
f 3894/23/3895 3893/23/3894 3897/23/3898
f 3893/23/3894 3898/23/3899 3897/23/3898
f 3893/23/3894 3895/23/3896 3898/23/3899
f 3895/23/3896 3899/23/3900 3898/23/3899
f 3895/23/3896 3896/23/3897 3900/23/3901
f 3895/23/3896 3900/23/3901 3899/23/3900
f 3897/23/3898 3898/23/3899 3902/23/3902
f 3897/23/3898 3902/23/3902 3901/23/3903
f 3898/23/3899 3899/23/3900 3902/23/3902
f 3899/23/3900 3903/23/3904 3902/23/3902
f 3899/23/3900 3900/23/3901 3903/23/3904
f 3901/23/3903 3904/23/3905 3905/23/3906
f 3901/23/3903 3902/23/3902 3904/23/3905
f 3902/23/3902 3903/23/3904 3906/23/3907
f 3902/23/3902 3906/23/3907 3904/23/3905
f 1549/23/1574 3882/23/3883 3881/23/3882
f 1549/23/1574 1685/23/1710 3882/23/3883
f 1685/23/1710 3885/23/3886 3882/23/3883
f 1685/23/1710 3887/23/3888 3885/23/3886
f 1685/23/1710 1684/23/1709 3887/23/3888
f 1684/23/1709 3907/23/3908 3887/23/3888
f 3887/23/3888 3907/23/3908 3888/23/3889
f 3900/23/3901 3908/23/3909 3903/23/3904
f 3903/23/3904 3908/23/3909 3906/23/3907
f 3906/23/3907 3289/23/3308 3288/23/3306
f 3904/23/3905 3906/23/3907 3288/23/3306
f 3904/23/3905 3288/23/3306 3184/23/3191
f 3905/23/3906 3904/23/3905 3184/23/3191
f 3909/23/3910 3901/23/3903 3905/23/3906
f 3910/23/3911 3897/23/3898 3901/23/3903
f 3910/23/3911 3901/23/3903 3909/23/3910
f 3894/23/3895 3897/23/3898 3910/23/3911
f 3907/23/3908 3912/23/3912 3911/23/3913
f 3912/23/3912 3913/23/3914 3911/23/3913
f 3912/23/3912 3914/23/3915 3915/23/3916
f 3912/23/3912 3915/23/3916 3913/23/3914
f 3911/23/3913 3916/23/3917 3892/23/3893
f 3911/23/3913 3913/23/3914 3917/23/3918
f 3911/23/3913 3917/23/3918 3916/23/3917
f 3913/23/3914 3915/23/3916 3917/23/3918
f 3892/23/3893 3916/23/3917 3918/23/3919
f 3892/23/3893 3918/23/3919 3896/23/3897
f 3916/23/3917 3917/23/3918 3918/23/3919
f 3917/23/3918 3919/23/3920 3918/23/3919
f 3917/23/3918 3915/23/3916 3920/23/3921
f 3917/23/3918 3920/23/3921 3919/23/3920
f 3896/23/3897 3918/23/3919 3921/23/3922
f 3896/23/3897 3921/23/3922 3900/23/3901
f 3918/23/3919 3919/23/3920 3921/23/3922
f 3900/23/3901 3921/23/3922 3922/23/3923
f 3900/23/3901 3922/23/3923 3908/23/3909
f 3921/23/3922 3919/23/3920 3923/23/3924
f 3921/23/3922 3923/23/3924 3922/23/3923
f 3919/23/3920 3920/23/3921 3923/23/3924
f 3908/23/3909 3922/23/3923 3924/23/3925
f 3908/23/3909 3924/23/3925 3906/23/3907
f 3922/23/3923 3923/23/3924 3924/23/3925
f 3923/23/3924 3309/23/3326 3924/23/3925
f 1684/23/1709 1699/23/1724 3907/23/3908
f 1699/23/1724 3912/23/3912 3907/23/3908
f 1699/23/1724 1640/23/1668 3912/23/3912
f 1640/23/1668 3914/23/3915 3912/23/3912
f 3914/23/3915 3925/23/3926 3915/23/3916
f 3915/23/3916 3925/23/3926 3926/23/3927
f 3915/23/3916 3926/23/3927 3920/23/3921
f 3920/23/3921 3926/23/3927 3927/23/3928
f 3920/23/3921 3927/23/3928 3923/23/3924
f 3923/23/3924 3927/23/3928 3928/23/3929
f 3923/23/3924 3928/23/3929 3309/23/3326
f 3309/23/3326 3928/23/3929 3251/23/3272
f 3924/23/3925 3309/23/3326 3308/23/3325
f 3906/23/3907 3924/23/3925 3308/23/3325
f 3906/23/3907 3308/23/3325 3289/23/3308
f 3888/23/3889 3911/23/3913 3892/23/3893
f 3907/23/3908 3911/23/3913 3888/23/3889
f 3615/23/3617 3929/23/3930 3930/23/3931
f 3615/23/3617 3930/23/3931 3616/23/3618
f 3929/23/3930 3931/23/3932 3932/23/3933
f 3929/23/3930 3932/23/3933 3930/23/3931
f 3931/23/3932 3933/23/3934 3934/23/3935
f 3931/23/3932 3934/23/3935 3932/23/3933
f 3616/23/3618 3930/23/3931 3935/23/3936
f 3616/23/3618 3935/23/3936 3617/23/3619
f 3930/23/3931 3932/23/3933 3936/23/3937
f 3930/23/3931 3936/23/3937 3935/23/3936
f 3932/23/3933 3934/23/3935 3936/23/3937
f 3934/23/3935 3937/23/3938 3936/23/3937
f 3617/23/3619 3935/23/3936 3938/23/3939
f 3617/23/3619 3938/23/3939 3618/23/3620
f 3935/23/3936 3936/23/3937 3939/23/3940
f 3935/23/3936 3939/23/3940 3938/23/3939
f 3936/23/3937 3940/23/3941 3939/23/3940
f 3936/23/3937 3937/23/3938 3940/23/3941
f 3618/23/3620 3938/23/3939 3941/23/3942
f 3938/23/3939 3942/23/3943 3941/23/3942
f 3938/23/3939 3939/23/3940 3942/23/3943
f 3939/23/3940 3940/23/3941 3943/23/3944
f 3939/23/3940 3943/23/3944 3942/23/3943
f 3941/23/3942 3942/23/3943 3945/23/3945
f 3941/23/3942 3945/23/3945 3944/23/3946
f 3942/23/3943 3943/23/3944 3946/23/3947
f 3942/23/3943 3946/23/3947 3945/23/3945
f 3944/23/3946 3945/23/3945 3947/23/3621
f 3945/23/3945 3948/23/3948 3947/23/3621
f 3945/23/3945 3946/23/3947 3949/23/3949
f 3945/23/3945 3949/23/3949 3948/23/3948
f 806/23/823 1715/23/1739 3615/23/3617
f 1715/23/1739 3929/23/3930 3615/23/3617
f 1715/23/1739 3931/23/3932 3929/23/3930
f 1715/23/1739 1714/23/1738 3931/23/3932
f 1714/23/1738 3933/23/3934 3931/23/3932
f 1714/23/1738 1713/23/1737 3933/23/3934
f 1713/23/1737 3950/23/3950 3933/23/3934
f 3933/23/3934 3950/23/3950 3934/23/3935
f 3937/23/3938 3958/23/3951 3940/23/3941
f 3940/23/3941 3958/23/3951 3943/23/3944
f 3949/23/3949 3318/23/3337 3317/23/3336
f 3948/23/3948 3949/23/3949 3317/23/3336
f 3947/23/3621 3948/23/3948 3317/23/3336
f 3947/23/3621 3317/23/3336 2541/23/2577
f 3611/23/3613 3944/23/3946 3947/23/3621
f 3607/23/3609 3941/23/3942 3944/23/3946
f 3607/23/3609 3944/23/3946 3611/23/3613
f 3618/23/3620 3941/23/3942 3607/23/3609
f 3950/23/3950 3952/23/3952 3951/23/3953
f 3952/23/3952 3953/23/3954 3951/23/3953
f 3952/23/3952 3954/23/3955 3955/23/3956
f 3952/23/3952 3955/23/3956 3953/23/3954
f 3951/23/3953 3956/23/3957 3937/23/3938
f 3951/23/3953 3953/23/3954 3957/23/3958
f 3951/23/3953 3957/23/3958 3956/23/3957
f 3953/23/3954 3955/23/3956 3957/23/3958
f 3937/23/3938 3956/23/3957 3958/23/3951
f 3956/23/3957 3959/23/3959 3958/23/3951
f 3956/23/3957 3957/23/3958 3959/23/3959
f 3957/23/3958 3955/23/3956 3960/23/3960
f 3957/23/3958 3960/23/3960 3959/23/3959
f 3958/23/3951 3961/23/3961 3943/23/3944
f 3958/23/3951 3959/23/3959 3961/23/3961
f 3959/23/3959 3962/23/3962 3961/23/3961
f 3959/23/3959 3960/23/3960 3962/23/3962
f 3943/23/3944 3961/23/3961 3946/23/3947
f 3962/23/3962 3960/23/3960 3963/23/3963
f 3946/23/3947 3964/23/3964 3949/23/3949
f 3946/23/3947 3961/23/3961 3964/23/3964
f 3961/23/3961 3962/23/3962 3965/23/3965
f 3961/23/3961 3965/23/3965 3964/23/3964
f 3962/23/3962 3963/23/3963 3965/23/3965
f 1713/23/1737 1728/23/1752 3950/23/3950
f 1728/23/1752 3952/23/3952 3950/23/3950
f 1728/23/1752 1727/23/1751 3952/23/3952
f 1727/23/1751 3954/23/3955 3952/23/3952
f 1727/23/1751 1726/23/1750 3954/23/3955
f 3954/23/3955 3966/23/3966 3955/23/3956
f 3955/23/3956 3966/23/3966 3967/23/3967
f 3955/23/3956 3967/23/3967 3960/23/3960
f 3960/23/3960 3967/23/3967 3968/23/3968
f 3960/23/3960 3968/23/3968 3963/23/3963
f 3963/23/3963 3968/23/3968 3969/23/3969
f 3963/23/3963 3969/23/3969 3330/23/3348
f 3963/23/3963 3330/23/3348 3329/23/3347
f 3965/23/3965 3963/23/3963 3329/23/3347
f 3964/23/3964 3965/23/3965 3329/23/3347
f 3964/23/3964 3329/23/3347 3328/23/3346
f 3949/23/3949 3964/23/3964 3328/23/3346
f 3949/23/3949 3328/23/3346 3318/23/3337
f 3934/23/3935 3951/23/3953 3937/23/3938
f 3950/23/3950 3951/23/3953 3934/23/3935
f 3970/23/3970 3971/23/3971 3972/23/3972
f 3970/23/3970 3972/23/3972 3973/23/3973
f 3971/23/3971 3974/23/3974 3975/23/3975
f 3971/23/3971 3975/23/3975 3972/23/3972
f 3974/23/3974 3976/23/3976 3977/23/3977
f 3974/23/3974 3977/23/3977 3975/23/3975
f 3973/23/3973 3972/23/3972 3978/23/3978
f 3973/23/3973 3978/23/3978 3979/23/3979
f 3972/23/3972 3975/23/3975 3980/23/3980
f 3972/23/3972 3980/23/3980 3978/23/3978
f 3975/23/3975 3977/23/3977 3980/23/3980
f 3977/23/3977 3981/23/3981 3980/23/3980
f 3979/23/3979 3978/23/3978 3982/23/3982
f 3978/23/3978 3983/23/3983 3982/23/3982
f 3978/23/3978 3980/23/3980 3983/23/3983
f 3980/23/3980 3984/23/3984 3983/23/3983
f 3980/23/3980 3981/23/3981 3985/23/3985
f 3980/23/3980 3985/23/3985 3984/23/3984
f 3982/23/3982 3983/23/3983 3987/23/3986
f 3982/23/3982 3987/23/3986 3986/23/3987
f 3983/23/3983 3984/23/3984 3988/23/3988
f 3983/23/3983 3988/23/3988 3987/23/3986
f 3984/23/3984 3985/23/3985 3989/23/3989
f 3984/23/3984 3989/23/3989 3988/23/3988
f 3986/23/3987 3990/23/3990 3991/23/3991
f 3986/23/3987 3987/23/3986 3990/23/3990
f 3987/23/3986 3992/23/3992 3990/23/3990
f 3987/23/3986 3988/23/3988 3992/23/3992
f 3988/23/3988 3993/23/3993 3992/23/3992
f 3988/23/3988 3989/23/3989 3993/23/3993
f 3991/23/3991 3990/23/3990 3994/23/3994
f 3990/23/3990 3992/23/3992 3995/23/3995
f 3990/23/3990 3995/23/3995 3994/23/3994
f 3992/23/3992 3993/23/3993 3996/23/3996
f 3992/23/3992 3996/23/3996 3995/23/3995
f 1621/23/1647 1620/23/1646 3970/23/3970
f 1620/23/1646 3971/23/3971 3970/23/3970
f 1620/23/1646 3974/23/3974 3971/23/3971
f 1620/23/1646 1619/23/1645 3974/23/3974
f 1619/23/1645 3976/23/3976 3974/23/3974
f 1619/23/1645 1618/23/1644 3976/23/3976
f 1618/23/1644 3997/23/3997 3976/23/3976
f 3976/23/3976 3997/23/3997 3977/23/3977
f 3996/23/3996 3237/23/3253 3236/23/3252
f 3995/23/3995 3996/23/3996 3236/23/3252
f 3994/23/3994 3995/23/3995 3236/23/3252
f 3994/23/3994 3236/23/3252 3235/23/3251
f 3998/23/3998 3986/23/3987 3991/23/3991
f 3982/23/3982 3986/23/3987 3998/23/3998
f 3997/23/3997 4000/23/3999 3999/23/4000
f 4000/23/3999 4001/23/4001 3999/23/4000
f 4000/23/3999 4002/23/4002 4003/23/4003
f 4000/23/3999 4003/23/4003 4001/23/4001
f 3999/23/4000 4004/23/4004 3981/23/3981
f 3999/23/4000 4001/23/4001 4004/23/4004
f 4001/23/4001 4003/23/4003 4004/23/4004
f 3981/23/3981 4004/23/4004 4005/23/4005
f 3981/23/3981 4005/23/4005 3985/23/3985
f 4004/23/4004 4006/23/4006 4005/23/4005
f 4004/23/4004 4003/23/4003 4007/23/4007
f 4004/23/4004 4007/23/4007 4006/23/4006
f 3985/23/3985 4005/23/4005 4008/23/4008
f 3985/23/3985 4008/23/4008 3989/23/3989
f 4005/23/4005 4006/23/4006 4008/23/4008
f 3989/23/3989 4008/23/4008 4009/23/4009
f 3989/23/3989 4009/23/4009 3993/23/3993
f 4008/23/4008 4006/23/4006 4010/23/4010
f 4008/23/4008 4010/23/4010 4009/23/4009
f 4006/23/4006 4007/23/4007 4010/23/4010
f 3993/23/3993 4009/23/4009 4011/23/4011
f 3993/23/3993 4011/23/4011 3996/23/3996
f 4009/23/4009 4010/23/4010 4011/23/4011
f 4010/23/4010 4012/23/4012 4011/23/4011
f 1618/23/1644 1651/23/1678 3997/23/3997
f 1651/23/1678 4000/23/3999 3997/23/3997
f 1651/23/1678 1650/23/1677 4000/23/3999
f 1650/23/1677 4002/23/4002 4000/23/3999
f 1650/23/1677 1572/23/1597 4002/23/4002
f 4002/23/4002 4013/23/4013 4003/23/4003
f 4003/23/4003 4013/23/4013 4014/23/4014
f 4003/23/4003 4014/23/4014 4007/23/4007
f 4007/23/4007 4014/23/4014 4015/23/4015
f 4007/23/4007 4015/23/4015 4010/23/4010
f 4010/23/4010 4015/23/4015 4012/23/4012
f 4011/23/4011 4012/23/4012 3198/23/3209
f 4011/23/4011 3198/23/3209 3265/23/3283
f 3996/23/3996 4011/23/4011 3265/23/3283
f 3996/23/3996 3265/23/3283 3237/23/3253
f 3977/23/3977 3999/23/4000 3981/23/3981
f 3997/23/3997 3999/23/4000 3977/23/3977
f 4016/23/4016 4017/23/4017 4018/23/4018
f 4016/23/4016 4018/23/4018 4019/23/4019
f 4017/23/4017 4020/23/4020 4021/23/4021
f 4017/23/4017 4021/23/4021 4018/23/4018
f 4020/23/4020 4022/23/4022 4021/23/4021
f 4022/23/4022 4023/23/4023 4021/23/4021
f 4019/23/4019 4018/23/4018 4024/23/4024
f 4019/23/4019 4024/23/4024 4025/23/4025
f 4018/23/4018 4021/23/4021 4024/23/4024
f 4021/23/4021 4026/23/4026 4024/23/4024
f 4021/23/4021 4023/23/4023 4027/23/4027
f 4021/23/4021 4027/23/4027 4026/23/4026
f 4025/23/4025 4024/23/4024 4028/23/4028
f 4025/23/4025 4028/23/4028 4029/23/4029
f 4024/23/4024 4030/23/4030 4028/23/4028
f 4024/23/4024 4026/23/4026 4030/23/4030
f 4026/23/4026 4031/23/4031 4030/23/4030
f 4026/23/4026 4027/23/4027 4031/23/4031
f 4029/23/4029 4028/23/4028 4032/23/4032
f 4028/23/4028 4030/23/4030 4033/23/4033
f 4028/23/4028 4033/23/4033 4032/23/4032
f 4030/23/4030 4031/23/4031 4034/23/4034
f 4030/23/4030 4034/23/4034 4033/23/4033
f 4032/23/4032 4033/23/4033 4036/23/4035
f 4032/23/4032 4036/23/4035 4035/23/4036
f 4033/23/4033 4034/23/4034 4037/23/4037
f 4033/23/4033 4037/23/4037 4036/23/4035
f 4035/23/4036 4036/23/4035 4039/23/4038
f 4035/23/4036 4039/23/4038 4038/23/4039
f 4036/23/4035 4037/23/4037 4040/23/4040
f 4036/23/4035 4040/23/4040 4039/23/4038
f 1603/23/1629 1673/23/1697 4016/23/4016
f 1673/23/1697 4017/23/4017 4016/23/4016
f 1673/23/1697 4020/23/4020 4017/23/4017
f 1673/23/1697 1672/23/1696 4020/23/4020
f 1672/23/1696 4022/23/4022 4020/23/4020
f 1672/23/1696 1671/23/1695 4022/23/4022
f 4027/23/4027 4050/23/4041 4031/23/4031
f 4031/23/4031 4050/23/4041 4034/23/4034
f 4040/23/4040 3281/23/3296 3280/23/3295
f 4039/23/4038 4040/23/4040 3280/23/3295
f 4038/23/4039 4039/23/4038 3280/23/3295
f 4038/23/4039 3280/23/3295 3227/23/3237
f 4041/23/4042 4035/23/4036 4038/23/4039
f 4042/23/4043 4032/23/4032 4035/23/4036
f 4042/23/4043 4035/23/4036 4041/23/4042
f 4029/23/4029 4032/23/4032 4042/23/4043
f 4043/23/4044 4044/23/4045 4023/23/4023
f 4043/23/4044 4045/23/4046 4044/23/4045
f 4045/23/4046 4046/23/4047 4047/23/4048
f 4045/23/4046 4047/23/4048 4044/23/4045
f 4023/23/4023 4044/23/4045 4048/23/4049
f 4023/23/4023 4048/23/4049 4027/23/4027
f 4044/23/4045 4049/23/4050 4048/23/4049
f 4044/23/4045 4047/23/4048 4049/23/4050
f 4027/23/4027 4048/23/4049 4050/23/4041
f 4049/23/4050 4051/23/4051 4048/23/4049
f 4049/23/4050 4047/23/4048 4051/23/4051
f 4050/23/4041 4052/23/4052 4034/23/4034
f 4050/23/4041 4048/23/4049 4052/23/4052
f 4048/23/4049 4053/23/4053 4052/23/4052
f 4048/23/4049 4051/23/4051 4053/23/4053
f 4051/23/4051 4054/23/4054 4053/23/4053
f 4034/23/4034 4052/23/4052 4037/23/4037
f 4037/23/4037 4055/23/4055 4040/23/4040
f 4037/23/4037 4052/23/4052 4055/23/4055
f 4052/23/4052 4053/23/4053 4056/23/4056
f 4052/23/4052 4056/23/4056 4055/23/4055
f 4053/23/4053 4054/23/4054 3299/23/3318
f 4053/23/4053 3299/23/3318 4056/23/4056
f 1671/23/1695 4043/23/4044 4022/23/4022
f 1671/23/1695 1693/23/1718 4043/23/4044
f 1693/23/1718 4045/23/4046 4043/23/4044
f 1693/23/1718 1692/23/1717 4045/23/4046
f 1692/23/1717 4046/23/4047 4045/23/4046
f 1692/23/1717 1586/23/1612 4046/23/4047
f 4046/23/4047 4057/23/4057 4047/23/4048
f 4047/23/4048 4057/23/4057 4058/23/4058
f 4047/23/4048 4058/23/4058 4051/23/4051
f 4051/23/4051 4058/23/4058 4054/23/4054
f 4054/23/4054 4058/23/4058 4059/23/4059
f 4054/23/4054 4059/23/4059 4060/23/4060
f 4054/23/4054 4060/23/4060 3299/23/3318
f 3299/23/3318 4060/23/4060 3213/23/3226
f 4056/23/4056 3299/23/3318 3298/23/3317
f 4055/23/4055 4056/23/4056 3298/23/3317
f 4055/23/4055 3298/23/3317 3297/23/3316
f 4040/23/4040 4055/23/4055 3297/23/3316
f 4040/23/4040 3297/23/3316 3281/23/3296
f 4022/23/4022 4043/23/4044 4023/23/4023
f 4061/23/4061 4062/23/4062 4063/23/4063
f 4062/23/4062 1638/23/1666 4064/23/4064
f 4062/23/4062 4064/23/4064 4063/23/4063
f 1638/23/1666 4065/23/4065 4066/23/4066
f 1638/23/1666 4066/23/4066 4064/23/4064
f 4061/23/4061 4063/23/4063 4067/23/4067
f 4061/23/4061 4067/23/4067 4068/23/4068
f 4063/23/4063 4069/23/4069 4067/23/4067
f 4063/23/4063 4064/23/4064 4069/23/4069
f 4064/23/4064 4066/23/4066 4070/23/4070
f 4069/23/4069 4064/23/4064 4071/23/4071
f 4064/23/4064 4070/23/4070 4072/23/4072
f 4064/23/4064 4072/23/4072 4071/23/4071
f 4068/23/4068 4067/23/4067 4073/23/4073
f 4068/23/4068 4073/23/4073 4074/23/4074
f 4067/23/4067 4069/23/4069 4073/23/4073
f 4069/23/4069 4071/23/4071 4073/23/4073
f 4071/23/4071 4072/23/4072 4075/23/4075
f 4073/23/4073 4071/23/4071 4076/23/4076
f 4071/23/4071 4075/23/4075 4077/23/4077
f 4071/23/4071 4077/23/4077 4076/23/4076
f 4074/23/4074 4073/23/4073 4078/23/4078
f 4074/23/4074 4078/23/4078 3928/23/3929
f 4073/23/4073 4076/23/4076 4078/23/4078
f 4077/23/4077 4079/23/4079 4076/23/4076
f 1640/23/1668 1639/23/1667 4061/23/4061
f 1640/23/1668 4061/23/4061 3914/23/3915
f 1639/23/1667 4062/23/4062 4061/23/4061
f 1639/23/1667 1638/23/1666 4062/23/4062
f 1637/23/1665 4065/23/4065 1638/23/1666
f 4076/23/4076 4079/23/4079 3254/23/3275
f 4076/23/4076 3254/23/3275 3253/23/3274
f 4078/23/4078 4076/23/4076 3253/23/3274
f 4078/23/4078 3253/23/3274 3252/23/3273
f 3928/23/3929 4078/23/4078 3252/23/3273
f 3928/23/3929 3252/23/3273 3251/23/3272
f 3927/23/3928 4074/23/4074 3928/23/3929
f 3926/23/3927 4074/23/4074 3927/23/3928
f 3926/23/3927 4068/23/4068 4074/23/4074
f 3925/23/3926 4068/23/4068 3926/23/3927
f 3925/23/3926 4061/23/4061 4068/23/4068
f 3914/23/3915 4061/23/4061 3925/23/3926
f 4065/23/4065 4080/23/4080 4081/23/4081
f 4065/23/4065 4081/23/4081 4066/23/4066
f 4080/23/4080 4082/23/4082 4081/23/4081
f 4080/23/4080 4083/23/4083 4084/23/4084
f 4080/23/4080 4084/23/4084 4082/23/4082
f 4066/23/4066 4081/23/4081 4085/23/4085
f 4066/23/4066 4085/23/4085 4070/23/4070
f 4081/23/4081 4082/23/4082 4086/23/4086
f 4081/23/4081 4086/23/4086 4085/23/4085
f 4082/23/4082 4084/23/4084 4087/23/4087
f 4082/23/4082 4087/23/4087 4086/23/4086
f 4070/23/4070 4085/23/4085 4088/23/4088
f 4070/23/4070 4088/23/4088 4072/23/4072
f 4085/23/4085 4086/23/4086 4089/23/4089
f 4085/23/4085 4089/23/4089 4088/23/4088
f 4086/23/4086 4087/23/4087 4090/23/4090
f 4086/23/4086 4090/23/4090 4089/23/4089
f 4072/23/4072 4088/23/4088 4075/23/4075
f 4088/23/4088 4091/23/4091 4075/23/4075
f 4088/23/4088 4089/23/4089 4091/23/4091
f 4089/23/4089 4092/23/4092 4091/23/4091
f 4089/23/4089 4090/23/4090 4092/23/4092
f 4090/23/4090 3773/23/3777 4092/23/4092
f 4075/23/4075 4091/23/4091 4093/23/4093
f 4075/23/4075 4093/23/4093 4077/23/4077
f 4091/23/4091 4092/23/4092 4094/23/4094
f 4091/23/4091 4094/23/4094 4093/23/4093
f 4092/23/4092 3773/23/3777 3772/23/3776
f 4092/23/4092 3772/23/3776 4094/23/4094
f 4077/23/4077 4095/23/4095 4079/23/4079
f 4077/23/4077 4093/23/4093 4095/23/4095
f 4093/23/4093 4096/23/4096 4095/23/4095
f 4093/23/4093 4094/23/4094 4096/23/4096
f 4094/23/4094 3772/23/3776 4096/23/4096
f 1637/23/1665 1660/23/1684 4065/23/4065
f 1660/23/1684 4080/23/4080 4065/23/4065
f 1660/23/1684 748/23/767 4080/23/4080
f 748/23/767 4083/23/4083 4080/23/4080
f 748/23/767 3751/23/3756 4083/23/4083
f 4083/23/4083 3751/23/3756 3754/23/3759
f 4083/23/4083 3754/23/3759 4084/23/4084
f 4084/23/4084 3754/23/3759 3760/23/3764
f 4084/23/4084 3760/23/3764 4087/23/4087
f 4087/23/4087 3760/23/3764 3763/23/3767
f 4087/23/4087 3763/23/3767 4090/23/4090
f 4090/23/4090 3763/23/3767 3773/23/3777
f 3772/23/3776 3770/23/3774 4096/23/4096
f 4096/23/4096 3770/23/3774 2491/23/2524
f 4096/23/4096 2491/23/2524 3271/23/3287
f 4095/23/4095 4096/23/4096 3271/23/3287
f 4095/23/4095 3271/23/3287 3254/23/3275
f 4079/23/4079 4095/23/4095 3254/23/3275
f 4097/23/4097 4098/23/4098 4099/23/4099
f 4098/23/4098 1743/23/1767 4100/23/4100
f 4098/23/4098 4100/23/4100 4099/23/4099
f 1743/23/1767 4101/23/4101 4102/23/4102
f 1743/23/1767 4102/23/4102 4100/23/4100
f 4097/23/4097 4099/23/4099 4103/23/4103
f 4097/23/4097 4103/23/4103 4104/23/4104
f 4099/23/4099 4100/23/4100 4103/23/4103
f 4100/23/4100 4102/23/4102 4105/23/4105
f 4103/23/4103 4100/23/4100 4106/23/4106
f 4100/23/4100 4105/23/4105 4107/23/4107
f 4100/23/4100 4107/23/4107 4106/23/4106
f 4104/23/4104 4103/23/4103 4108/23/4108
f 4104/23/4104 4108/23/4108 4109/23/4109
f 4103/23/4103 4106/23/4106 4108/23/4108
f 4106/23/4106 4107/23/4107 4110/23/4110
f 4108/23/4108 4111/23/4111 4109/23/4109
f 4108/23/4108 4106/23/4106 4111/23/4111
f 4106/23/4106 4110/23/4110 4112/23/4112
f 4106/23/4106 4112/23/4112 4111/23/4111
f 4109/23/4109 4113/23/4113 3969/23/3969
f 4109/23/4109 4111/23/4111 4113/23/4113
f 4111/23/4111 4114/23/4114 4113/23/4113
f 4111/23/4111 4112/23/4112 4114/23/4114
f 4112/23/4112 4115/23/4115 4114/23/4114
f 1726/23/1750 1744/23/1768 4097/23/4097
f 1726/23/1750 4097/23/4097 3954/23/3955
f 1744/23/1768 4098/23/4098 4097/23/4097
f 1744/23/1768 1743/23/1767 4098/23/4098
f 1742/23/1766 4101/23/4101 1743/23/1767
f 4114/23/4114 4115/23/4115 3342/23/3361
f 4114/23/4114 3342/23/3361 3341/23/3360
f 4113/23/4113 4114/23/4114 3341/23/3360
f 3969/23/3969 4113/23/4113 3341/23/3360
f 3969/23/3969 3341/23/3360 3330/23/3348
f 3968/23/3968 4109/23/4109 3969/23/3969
f 3967/23/3967 4109/23/4109 3968/23/3968
f 3967/23/3967 4104/23/4104 4109/23/4109
f 3966/23/3966 4104/23/4104 3967/23/3967
f 3966/23/3966 4097/23/4097 4104/23/4104
f 3954/23/3955 4097/23/4097 3966/23/3966
f 4101/23/4101 4116/23/4116 4117/23/4117
f 4101/23/4101 4117/23/4117 4102/23/4102
f 4116/23/4116 4118/23/4118 4119/23/4119
f 4116/23/4116 4119/23/4119 4117/23/4117
f 4118/23/4118 4120/23/4120 4121/23/4121
f 4118/23/4118 4121/23/4121 4119/23/4119
f 4102/23/4102 4117/23/4117 4122/23/4122
f 4102/23/4102 4122/23/4122 4105/23/4105
f 4117/23/4117 4119/23/4119 4123/23/4123
f 4117/23/4117 4123/23/4123 4122/23/4122
f 4119/23/4119 4121/23/4121 4124/23/4124
f 4119/23/4119 4124/23/4124 4123/23/4123
f 4105/23/4105 4122/23/4122 4125/23/4125
f 4105/23/4105 4125/23/4125 4107/23/4107
f 4122/23/4122 4123/23/4123 4126/23/4126
f 4122/23/4122 4126/23/4126 4125/23/4125
f 4123/23/4123 4124/23/4124 4127/23/4127
f 4123/23/4123 4127/23/4127 4126/23/4126
f 4107/23/4107 4125/23/4125 4128/23/4128
f 4125/23/4125 4129/23/4129 4128/23/4128
f 4125/23/4125 4126/23/4126 4129/23/4129
f 4126/23/4126 4130/23/4130 4129/23/4129
f 4126/23/4126 4127/23/4127 4130/23/4130
f 4127/23/4127 3998/23/3998 4130/23/4130
f 4128/23/4128 4129/23/4129 4131/23/4131
f 4129/23/4129 4132/23/4132 4131/23/4131
f 4129/23/4129 4130/23/4130 4132/23/4132
f 4130/23/4130 4133/23/4133 4132/23/4132
f 4130/23/4130 3998/23/3998 4133/23/4133
f 4131/23/4131 4134/23/4134 4115/23/4115
f 4131/23/4131 4132/23/4132 4135/23/4135
f 4131/23/4131 4135/23/4135 4134/23/4134
f 4132/23/4132 4133/23/4133 4135/23/4135
f 1742/23/1766 1751/23/1775 4101/23/4101
f 1751/23/1775 4116/23/4116 4101/23/4101
f 1751/23/1775 4118/23/4118 4116/23/4116
f 1751/23/1775 1621/23/1647 4118/23/4118
f 1621/23/1647 4120/23/4120 4118/23/4118
f 1621/23/1647 3970/23/3970 4120/23/4120
f 4120/23/4120 3970/23/3970 3973/23/3973
f 4120/23/4120 3973/23/3973 4121/23/4121
f 4121/23/4121 3973/23/3973 3979/23/3979
f 4121/23/4121 3979/23/3979 4124/23/4124
f 4124/23/4124 3979/23/3979 3982/23/3982
f 4124/23/4124 3982/23/3982 4127/23/4127
f 4127/23/4127 3982/23/3982 3998/23/3998
f 3998/23/3998 3991/23/3991 4133/23/4133
f 4133/23/4133 3991/23/3991 3994/23/3994
f 4133/23/4133 3994/23/3994 4135/23/4135
f 4135/23/4135 3994/23/3994 3235/23/3251
f 4135/23/4135 3235/23/3251 3346/23/3365
f 4134/23/4134 4135/23/4135 3346/23/3365
f 4134/23/4134 3346/23/3365 3342/23/3361
f 4115/23/4115 4134/23/4134 3342/23/3361
f 4112/23/4112 4131/23/4131 4115/23/4115
f 4110/23/4110 4128/23/4128 4131/23/4131
f 4110/23/4110 4131/23/4131 4112/23/4112
f 4107/23/4107 4128/23/4128 4110/23/4110
f 4136/23/4136 4137/23/4137 4138/23/4138
f 4137/23/4137 1570/23/1595 4139/23/4139
f 4137/23/4137 4139/23/4139 4138/23/4138
f 1570/23/1595 4140/23/4140 4141/23/4141
f 1570/23/1595 4141/23/4141 4139/23/4139
f 4136/23/4136 4138/23/4138 4142/23/4142
f 4136/23/4136 4142/23/4142 4143/23/4143
f 4138/23/4138 4139/23/4139 4142/23/4142
f 4139/23/4139 4141/23/4141 4144/23/4144
f 4142/23/4142 4139/23/4139 4145/23/4145
f 4139/23/4139 4144/23/4144 4146/23/4146
f 4139/23/4139 4146/23/4146 4145/23/4145
f 4143/23/4143 4142/23/4142 4147/23/4147
f 4143/23/4143 4147/23/4147 4148/23/4148
f 4142/23/4142 4145/23/4145 4147/23/4147
f 4145/23/4145 4146/23/4146 4149/23/4149
f 4147/23/4147 4145/23/4145 4150/23/4150
f 4145/23/4145 4149/23/4149 4151/23/4151
f 4145/23/4145 4151/23/4151 4150/23/4150
f 4148/23/4148 4147/23/4147 4152/23/4152
f 4148/23/4148 4152/23/4152 3199/23/3210
f 4147/23/4147 4150/23/4150 4152/23/4152
f 4151/23/4151 4153/23/4153 4150/23/4150
f 1572/23/1597 1571/23/1596 4136/23/4136
f 1572/23/1597 4136/23/4136 4002/23/4002
f 1571/23/1596 4137/23/4137 4136/23/4136
f 1571/23/1596 1570/23/1595 4137/23/4137
f 1569/23/1594 4140/23/4140 1570/23/1595
f 4150/23/4150 4153/23/4153 3202/23/3213
f 4150/23/4150 3202/23/3213 3201/23/3212
f 4152/23/4152 4150/23/4150 3201/23/3212
f 4152/23/4152 3201/23/3212 3200/23/3211
f 3199/23/3210 4152/23/4152 3200/23/3211
f 4012/23/4012 3199/23/3210 3198/23/3209
f 4015/23/4015 4148/23/4148 3199/23/3210
f 4015/23/4015 3199/23/3210 4012/23/4012
f 4014/23/4014 4148/23/4148 4015/23/4015
f 4014/23/4014 4143/23/4143 4148/23/4148
f 4013/23/4013 4143/23/4143 4014/23/4014
f 4013/23/4013 4136/23/4136 4143/23/4143
f 4002/23/4002 4136/23/4136 4013/23/4013
f 4140/23/4140 4154/23/4154 4155/23/4155
f 4140/23/4140 4155/23/4155 4141/23/4141
f 4154/23/4154 4156/23/4156 4157/23/4157
f 4154/23/4154 4157/23/4157 4155/23/4155
f 4156/23/4156 4158/23/4158 4159/23/4159
f 4156/23/4156 4159/23/4159 4157/23/4157
f 4141/23/4141 4155/23/4155 4160/23/4160
f 4141/23/4141 4160/23/4160 4144/23/4144
f 4155/23/4155 4157/23/4157 4161/23/4161
f 4155/23/4155 4161/23/4161 4160/23/4160
f 4157/23/4157 4159/23/4159 4162/23/4162
f 4157/23/4157 4162/23/4162 4161/23/4161
f 4144/23/4144 4160/23/4160 4163/23/4163
f 4144/23/4144 4163/23/4163 4146/23/4146
f 4160/23/4160 4161/23/4161 4164/23/4164
f 4160/23/4160 4164/23/4164 4163/23/4163
f 4161/23/4161 4162/23/4162 4165/23/4165
f 4161/23/4161 4165/23/4165 4164/23/4164
f 4146/23/4146 4163/23/4163 4149/23/4149
f 4163/23/4163 4166/23/4166 4149/23/4149
f 4163/23/4163 4164/23/4164 4166/23/4166
f 4164/23/4164 4167/23/4167 4166/23/4166
f 4164/23/4164 4165/23/4165 4167/23/4167
f 4165/23/4165 4042/23/4043 4167/23/4167
f 4149/23/4149 4166/23/4166 4168/23/4168
f 4149/23/4149 4168/23/4168 4151/23/4151
f 4166/23/4166 4167/23/4167 4169/23/4169
f 4166/23/4166 4169/23/4169 4168/23/4168
f 4167/23/4167 4042/23/4043 4041/23/4042
f 4167/23/4167 4041/23/4042 4169/23/4169
f 4151/23/4151 4168/23/4168 4170/23/4170
f 4151/23/4151 4170/23/4170 4153/23/4153
f 4168/23/4168 4169/23/4169 4170/23/4170
f 4169/23/4169 4171/23/4171 4170/23/4170
f 4169/23/4169 4041/23/4042 4171/23/4171
f 1569/23/1594 1604/23/1630 4140/23/4140
f 1604/23/1630 4154/23/4154 4140/23/4140
f 1604/23/1630 4156/23/4156 4154/23/4154
f 1604/23/1630 1603/23/1629 4156/23/4156
f 1603/23/1629 4158/23/4158 4156/23/4156
f 1603/23/1629 4016/23/4016 4158/23/4158
f 4158/23/4158 4016/23/4016 4019/23/4019
f 4158/23/4158 4019/23/4019 4159/23/4159
f 4159/23/4159 4019/23/4019 4025/23/4025
f 4159/23/4159 4025/23/4025 4162/23/4162
f 4162/23/4162 4025/23/4025 4029/23/4029
f 4162/23/4162 4029/23/4029 4165/23/4165
f 4165/23/4165 4029/23/4029 4042/23/4043
f 4041/23/4042 4038/23/4039 4171/23/4171
f 4171/23/4171 4038/23/4039 3227/23/3237
f 4171/23/4171 3227/23/3237 3226/23/3236
f 4170/23/4170 4171/23/4171 3226/23/3236
f 4153/23/4153 4170/23/4170 3226/23/3236
f 4153/23/4153 3226/23/3236 3202/23/3213
f 4172/23/4172 4173/23/4173 4174/23/4174
f 4172/23/4172 4174/23/4174 4175/23/4175
f 4173/23/4173 4176/23/4176 4177/23/4177
f 4173/23/4173 4177/23/4177 4174/23/4174
f 4176/23/4176 4178/23/4178 4179/23/4179
f 4176/23/4176 4179/23/4179 4177/23/4177
f 4175/23/4175 4174/23/4174 4180/23/4180
f 4175/23/4175 4180/23/4180 4181/23/4181
f 4174/23/4174 4177/23/4177 4182/23/4182
f 4174/23/4174 4182/23/4182 4180/23/4180
f 4177/23/4177 4179/23/4179 4183/23/4183
f 4177/23/4177 4183/23/4183 4182/23/4182
f 4181/23/4181 4180/23/4180 4184/23/4184
f 4181/23/4181 4184/23/4184 4185/23/4185
f 4180/23/4180 4182/23/4182 4186/23/4186
f 4180/23/4180 4186/23/4186 4184/23/4184
f 4182/23/4182 4183/23/4183 4187/23/4187
f 4182/23/4182 4187/23/4187 4186/23/4186
f 4185/23/4185 4184/23/4184 4188/23/4188
f 4184/23/4184 4189/23/4189 4188/23/4188
f 4184/23/4184 4186/23/4186 4189/23/4189
f 4186/23/4186 4190/23/4190 4189/23/4189
f 4186/23/4186 4187/23/4187 4190/23/4190
f 4187/23/4187 3910/23/3911 4190/23/4190
f 4188/23/4188 4189/23/4189 4192/23/4191
f 4188/23/4188 4192/23/4191 4191/23/4192
f 4189/23/4189 4190/23/4190 4193/23/4193
f 4189/23/4189 4193/23/4193 4192/23/4191
f 4190/23/4190 3910/23/3911 3909/23/3910
f 4190/23/4190 3909/23/3910 4193/23/4193
f 4191/23/4192 4194/23/4194 4195/23/4195
f 4191/23/4192 4192/23/4191 4194/23/4194
f 4192/23/4191 4193/23/4193 4194/23/4194
f 4193/23/4193 3905/23/3906 4194/23/4194
f 4193/23/4193 3909/23/3910 3905/23/3906
f 1552/23/1577 1551/23/1576 4172/23/4172
f 1551/23/1576 4173/23/4173 4172/23/4172
f 1551/23/1576 1550/23/1575 4173/23/4173
f 1550/23/1575 4176/23/4176 4173/23/4173
f 1550/23/1575 4178/23/4178 4176/23/4176
f 1550/23/1575 1549/23/1574 4178/23/4178
f 1549/23/1574 3881/23/3882 4178/23/4178
f 4178/23/4178 3881/23/3882 3884/23/3885
f 4178/23/4178 3884/23/3885 4179/23/4179
f 4179/23/4179 3884/23/3885 3890/23/3891
f 4179/23/4179 3890/23/3891 4183/23/4183
f 4183/23/4183 3890/23/3891 3894/23/3895
f 4183/23/4183 3894/23/3895 4187/23/4187
f 4187/23/4187 3894/23/3895 3910/23/3911
f 3905/23/3906 3184/23/3191 3183/23/3190
f 4194/23/4194 3905/23/3906 3183/23/3190
f 4194/23/4194 3183/23/3190 3182/23/3189
f 4195/23/4195 4194/23/4194 3182/23/3189
f 4196/23/4196 4188/23/4188 4191/23/4192
f 4185/23/4185 4188/23/4188 4196/23/4196
f 4197/23/4197 4198/23/4198 4199/23/4199
f 4198/23/4198 1584/23/1610 4200/23/4200
f 4198/23/4198 4200/23/4200 4199/23/4199
f 1584/23/1610 4172/23/4172 4175/23/4175
f 1584/23/1610 4175/23/4175 4200/23/4200
f 4197/23/4197 4199/23/4199 4201/23/4201
f 4197/23/4197 4201/23/4201 4202/23/4202
f 4199/23/4199 4200/23/4200 4201/23/4201
f 4200/23/4200 4175/23/4175 4181/23/4181
f 4201/23/4201 4200/23/4200 4203/23/4203
f 4200/23/4200 4181/23/4181 4185/23/4185
f 4200/23/4200 4185/23/4185 4203/23/4203
f 4202/23/4202 4201/23/4201 4204/23/4204
f 4202/23/4202 4204/23/4204 4205/23/4205
f 4201/23/4201 4203/23/4203 4204/23/4204
f 4203/23/4203 4185/23/4185 4196/23/4196
f 4204/23/4204 4206/23/4206 4205/23/4205
f 4204/23/4204 4203/23/4203 4206/23/4206
f 4203/23/4203 4196/23/4196 4191/23/4192
f 4203/23/4203 4191/23/4192 4206/23/4206
f 4205/23/4205 4207/23/4207 4060/23/4060
f 4205/23/4205 4206/23/4206 4207/23/4207
f 4206/23/4206 4208/23/4208 4207/23/4207
f 4206/23/4206 4191/23/4192 4208/23/4208
f 4191/23/4192 4195/23/4195 4208/23/4208
f 1586/23/1612 1585/23/1611 4197/23/4197
f 1586/23/1612 4197/23/4197 4046/23/4047
f 1585/23/1611 4198/23/4198 4197/23/4197
f 1585/23/1611 1584/23/1610 4198/23/4198
f 1552/23/1577 4172/23/4172 1584/23/1610
f 4208/23/4208 4195/23/4195 3182/23/3189
f 4208/23/4208 3182/23/3189 3214/23/3227
f 4207/23/4207 4208/23/4208 3214/23/3227
f 4060/23/4060 4207/23/4207 3214/23/3227
f 4060/23/4060 3214/23/3227 3213/23/3226
f 4059/23/4059 4205/23/4205 4060/23/4060
f 4058/23/4058 4205/23/4205 4059/23/4059
f 4058/23/4058 4202/23/4202 4205/23/4205
f 4057/23/4057 4202/23/4202 4058/23/4058
f 4057/23/4057 4197/23/4197 4202/23/4202
f 4046/23/4047 4197/23/4197 4057/23/4057
f 4672/415/4608 4648/416/4609 4631/417/4610
f 4674/418/4611 4673/419/4612 4676/420/4613
f 4672/415/4608 4631/417/4610 4679/421/4614
f 4673/419/4612 4677/422/4615 4678/423/4616
f 4672/415/4608 4679/421/4614 4680/424/4617
f 4673/419/4612 4678/423/4616 4681/425/4618
f 4675/426/4619 4672/415/4608 4680/424/4617
f 4676/420/4613 4673/419/4612 4681/425/4618
f 4675/426/4619 4680/424/4617 4682/427/4620
f 4677/422/4615 4675/426/4619 4682/427/4620
f 4676/420/4613 4681/425/4618 4633/428/4621
f 4677/422/4615 4682/427/4620 4678/423/4616
f 4676/420/4613 4633/428/4621 4632/429/4622
f 4681/425/4618 4678/423/4616 4683/430/4623
f 4678/423/4616 4682/427/4620 4683/430/4623
f 4681/425/4618 4683/430/4623 4684/431/4624
f 4681/425/4618 4684/431/4624 4685/432/4625
f 4680/424/4617 4679/421/4614 4686/433/4626
f 4682/427/4620 4680/424/4617 4686/433/4626
f 4682/427/4620 4686/433/4626 4687/434/4627
f 4633/428/4621 4681/425/4618 4685/432/4625
f 4633/428/4621 4685/432/4625 4688/435/4628
f 4683/430/4623 4682/427/4620 4687/434/4627
f 4633/428/4621 4688/435/4628 4635/436/4629
f 4683/430/4623 4687/434/4627 4684/431/4624
f 4679/421/4614 4631/417/4610 4634/437/4630
f 4684/431/4624 4687/434/4627 4689/438/4631
f 4685/432/4625 4684/431/4624 4690/439/4632
f 4686/433/4626 4679/421/4614 4691/440/4633
f 4687/434/4627 4686/433/4626 4689/438/4631
f 4634/437/4630 4636/441/4634 4692/442/4635
f 4684/431/4624 4689/438/4631 4690/439/4632
f 4679/421/4614 4634/437/4630 4692/442/4635
f 4679/421/4614 4692/442/4635 4691/440/4633
f 4635/436/4629 4688/435/4628 4637/443/4636
f 4685/432/4625 4690/439/4632 4693/444/4637
f 4685/432/4625 4693/444/4637 4694/445/4638
f 4686/433/4626 4691/440/4633 4695/446/4639
f 4688/435/4628 4685/432/4625 4694/445/4638
f 4689/438/4631 4686/433/4626 4695/446/4639
f 4690/439/4632 4689/438/4631 4695/446/4639
f 4690/439/4632 4695/446/4639 4693/444/4637
f 4692/442/4635 4636/441/4634 4638/447/4640
f 4695/446/4639 4691/440/4633 4696/448/4641
f 4695/446/4639 4696/448/4641 4697/449/4642
f 4693/444/4637 4695/446/4639 4697/449/4642
f 4691/440/4633 4692/442/4635 4696/448/4641
f 4692/442/4635 4638/447/4640 4698/450/4643
f 4694/445/4638 4699/451/4644 4700/452/4645
f 4688/435/4628 4694/445/4638 4700/452/4645
f 4697/449/4642 4696/448/4641 4701/453/4646
f 4637/443/4636 4688/435/4628 4700/452/4645
f 4693/444/4637 4697/449/4642 4701/453/4646
f 4693/444/4637 4701/453/4646 4699/451/4644
f 4696/448/4641 4692/442/4635 4698/450/4643
f 4694/445/4638 4693/444/4637 4699/451/4644
f 4698/450/4643 4638/447/4640 4639/454/4647
f 4696/448/4641 4702/455/4648 4703/456/4649
f 4701/453/4646 4696/448/4641 4703/456/4649
f 4637/443/4636 4700/452/4645 4640/457/4650
f 4701/453/4646 4703/456/4649 4704/458/4651
f 4699/451/4644 4701/453/4646 4704/458/4651
f 4698/450/4643 4705/459/4652 4702/455/4648
f 4696/448/4641 4698/450/4643 4702/455/4648
f 4698/450/4643 4639/454/4647 4705/459/4652
f 4640/457/4650 4700/452/4645 4706/460/4653
f 4699/451/4644 4704/458/4651 4707/461/4654
f 4699/451/4644 4707/461/4654 4706/460/4653
f 4700/452/4645 4699/451/4644 4706/460/4653
f 4707/461/4654 4704/458/4651 4708/462/4655
f 4702/455/4648 4705/459/4652 4709/463/4656
f 4706/460/4653 4707/461/4654 4710/464/4657
f 4702/455/4648 4709/463/4656 4711/465/4658
f 4706/460/4653 4710/464/4657 4712/466/4659
f 4703/456/4649 4702/455/4648 4711/465/4658
f 4703/456/4649 4711/465/4658 4708/462/4655
f 4704/458/4651 4703/456/4649 4708/462/4655
f 4705/459/4652 4639/454/4647 4641/467/4660
f 4709/463/4656 4705/459/4652 4641/467/4660
f 4707/461/4654 4708/462/4655 4713/468/4661
f 4707/461/4654 4713/468/4661 4710/464/4657
f 4706/460/4653 4712/466/4659 4642/469/4662
f 4708/462/4655 4711/465/4658 4714/470/4663
f 4640/457/4650 4706/460/4653 4642/469/4662
f 4708/462/4655 4714/470/4663 4713/468/4661
f 4718/471/4664 4716/472/4665 4717/473/4666
f 4719/474/4667 4643/475/4668 4647/476/4669
f 4719/474/4667 4647/476/4669 4720/477/4670
f 4715/478/4671 4718/471/4664 4721/479/4672
f 4715/478/4671 4721/479/4672 4722/480/4673
f 4716/472/4665 4719/474/4667 4720/477/4670
f 4716/472/4665 4720/477/4670 4723/481/4674
f 4646/482/4675 4715/478/4671 4722/480/4673
f 4646/482/4675 4722/480/4673 4649/483/4676
f 4717/473/4666 4716/472/4665 4723/481/4674
f 4645/484/4677 4646/482/4675 4649/483/4676
f 4718/471/4664 4717/473/4666 4721/479/4672
f 4643/475/4668 4644/485/4678 4647/476/4669
f 4717/473/4666 4723/481/4674 4724/486/4679
f 4721/479/4672 4717/473/4666 4724/486/4679
f 4721/479/4672 4724/486/4679 4722/480/4673
f 4723/481/4674 4720/477/4670 4725/487/4680
f 4723/481/4674 4725/487/4680 4726/488/4681
f 4649/483/4676 4722/480/4673 4727/489/4682
f 4724/486/4679 4723/481/4674 4726/488/4681
f 4649/483/4676 4727/489/4682 4650/490/4683
f 4647/476/4669 4648/416/4609 4725/487/4680
f 4720/477/4670 4647/476/4669 4725/487/4680
f 4727/489/4682 4722/480/4673 4674/418/4611
f 4724/486/4679 4726/488/4681 4728/491/4684
f 4722/480/4673 4724/486/4679 4728/491/4684
f 4722/480/4673 4728/491/4684 4674/418/4611
f 4726/488/4681 4725/487/4680 4675/426/4619
f 4727/489/4682 4674/418/4611 4676/420/4613
f 4726/488/4681 4675/426/4619 4677/422/4615
f 4728/491/4684 4726/488/4681 4677/422/4615
f 4650/490/4683 4727/489/4682 4676/420/4613
f 4728/491/4684 4677/422/4615 4673/419/4612
f 4725/487/4680 4648/416/4609 4672/415/4608
f 4674/418/4611 4728/491/4684 4673/419/4612
f 4725/487/4680 4672/415/4608 4675/426/4619
f 4729/492/4685 4651/493/4686 4670/494/4687
f 4730/495/4688 4734/496/4689 4733/497/4690
f 4730/495/4688 4736/498/4691 4734/496/4689
f 4731/499/4692 4735/500/4693 4729/492/4685
f 4731/499/4692 4737/501/4694 4735/500/4693
f 4732/502/4695 4736/498/4691 4730/495/4688
f 4733/497/4690 4737/501/4694 4731/499/4692
f 4732/502/4695 4653/503/4696 4736/498/4691
f 4733/497/4690 4734/496/4689 4737/501/4694
f 4671/504/4697 4652/505/4698 4653/503/4696
f 4671/504/4697 4653/503/4696 4732/502/4695
f 4735/500/4693 4739/506/4699 4729/492/4685
f 4736/498/4691 4738/507/4700 4734/496/4689
f 4734/496/4689 4738/507/4700 4737/501/4694
f 4729/492/4685 4739/506/4699 4651/493/4686
f 4736/498/4691 4741/508/4701 4740/509/4702
f 4736/498/4691 4740/509/4702 4738/507/4700
f 4735/500/4693 4742/510/4703 4739/506/4699
f 4737/501/4694 4742/510/4703 4735/500/4693
f 4737/501/4694 4743/511/4704 4742/510/4703
f 4653/503/4696 4744/512/4705 4741/508/4701
f 4653/503/4696 4741/508/4701 4736/498/4691
f 4738/507/4700 4743/511/4704 4737/501/4694
f 4653/503/4696 4655/513/4706 4744/512/4705
f 4738/507/4700 4740/509/4702 4743/511/4704
f 4739/506/4699 4654/514/4707 4651/493/4686
f 4740/509/4702 4745/515/4708 4743/511/4704
f 4741/508/4701 4746/516/4709 4740/509/4702
f 4742/510/4703 4747/517/4710 4739/506/4699
f 4743/511/4704 4745/515/4708 4742/510/4703
f 4740/509/4702 4746/516/4709 4745/515/4708
f 4655/513/4706 4657/518/4711 4744/512/4705
f 4739/506/4699 4656/519/4712 4654/514/4707
f 4747/517/4710 4656/519/4712 4739/506/4699
f 4741/508/4701 4749/520/4713 4750/521/4714
f 4741/508/4701 4750/521/4714 4746/516/4709
f 4742/510/4703 4751/522/4715 4747/517/4710
f 4744/512/4705 4749/520/4713 4741/508/4701
f 4745/515/4708 4751/522/4715 4742/510/4703
f 4746/516/4709 4750/521/4714 4751/522/4715
f 4746/516/4709 4751/522/4715 4745/515/4708
f 4747/517/4710 4748/523/4716 4656/519/4712
f 4751/522/4715 4753/524/4717 4752/525/4718
f 4751/522/4715 4752/525/4718 4747/517/4710
f 4750/521/4714 4753/524/4717 4751/522/4715
f 4747/517/4710 4752/525/4718 4748/523/4716
f 4656/519/4712 4659/526/4719 4658/527/4720
f 4748/523/4716 4659/526/4719 4656/519/4712
f 4749/520/4713 4754/528/4721 4755/529/4722
f 4744/512/4705 4754/528/4721 4749/520/4713
f 4753/524/4717 4756/530/4723 4752/525/4718
f 4657/518/4711 4754/528/4721 4744/512/4705
f 4750/521/4714 4756/530/4723 4753/524/4717
f 4750/521/4714 4755/529/4722 4756/530/4723
f 4749/520/4713 4755/529/4722 4750/521/4714
f 4752/525/4718 4757/531/4724 4758/532/4725
f 4756/530/4723 4757/531/4724 4752/525/4718
f 4657/518/4711 4661/533/4726 4754/528/4721
f 4756/530/4723 4759/534/4727 4757/531/4724
f 4748/523/4716 4760/535/4728 4659/526/4719
f 4755/529/4722 4759/534/4727 4756/530/4723
f 4748/523/4716 4758/532/4725 4760/535/4728
f 4752/525/4718 4758/532/4725 4748/523/4716
f 4659/526/4719 4760/535/4728 4660/536/4729
f 4661/533/4726 4761/537/4730 4754/528/4721
f 4760/535/4728 4662/538/4731 4660/536/4729
f 4755/529/4722 4762/539/4732 4759/534/4727
f 4755/529/4722 4761/537/4730 4762/539/4732
f 4754/528/4721 4761/537/4730 4755/529/4722
f 4762/539/4732 4763/540/4733 4759/534/4727
f 4758/532/4725 4764/541/4734 4760/535/4728
f 4761/537/4730 4765/542/4735 4762/539/4732
f 4758/532/4725 4766/543/4736 4764/541/4734
f 4761/537/4730 4767/544/4737 4765/542/4735
f 4757/531/4724 4766/543/4736 4758/532/4725
f 4757/531/4724 4763/540/4733 4766/543/4736
f 4759/534/4727 4763/540/4733 4757/531/4724
f 4760/535/4728 4663/545/4738 4662/538/4731
f 4764/541/4734 4663/545/4738 4760/535/4728
f 4762/539/4732 4768/546/4739 4763/540/4733
f 4762/539/4732 4765/542/4735 4768/546/4739
f 4761/537/4730 4664/547/4740 4767/544/4737
f 4763/540/4733 4769/548/4741 4766/543/4736
f 4661/533/4726 4664/547/4740 4761/537/4730
f 4763/540/4733 4768/546/4739 4769/548/4741
f 4773/549/4742 4772/550/4743 4771/551/4744
f 4770/552/4745 4777/553/4746 4776/554/4747
f 4770/552/4745 4776/554/4747 4773/549/4742
f 4771/551/4744 4778/555/4748 4775/556/4749
f 4771/551/4744 4775/556/4749 4774/557/4750
f 4667/558/4751 4669/559/4752 4777/553/4746
f 4667/558/4751 4777/553/4746 4770/552/4745
f 4772/550/4743 4778/555/4748 4771/551/4744
f 4666/560/4753 4669/559/4752 4667/558/4751
f 4773/549/4742 4776/554/4747 4772/550/4743
f 4772/550/4743 4779/561/4754 4778/555/4748
f 4776/554/4747 4779/561/4754 4772/550/4743
f 4774/557/4750 4668/562/4755 4665/563/4756
f 4775/556/4749 4668/562/4755 4774/557/4750
f 4776/554/4747 4780/564/4757 4779/561/4754
f 4777/553/4746 4780/564/4757 4776/554/4747
f 4778/555/4748 4781/565/4758 4775/556/4749
f 4777/553/4746 4782/566/4759 4780/564/4757
f 4669/559/4752 4782/566/4759 4777/553/4746
f 4779/561/4754 4781/565/4758 4778/555/4748
f 4669/559/4752 4671/504/4697 4782/566/4759
f 4779/561/4754 4783/567/4760 4781/565/4758
f 4780/564/4757 4783/567/4760 4779/561/4754
f 4668/562/4755 4729/492/4685 4670/494/4687
f 4775/556/4749 4729/492/4685 4668/562/4755
f 4781/565/4758 4731/499/4692 4775/556/4749
f 4782/566/4759 4732/502/4695 4730/495/4688
f 4782/566/4759 4730/495/4688 4780/564/4757
f 4781/565/4758 4733/497/4690 4731/499/4692
f 4783/567/4760 4733/497/4690 4781/565/4758
f 4671/504/4697 4732/502/4695 4782/566/4759
f 4783/567/4760 4730/495/4688 4733/497/4690
f 4780/564/4757 4730/495/4688 4783/567/4760
f 4775/556/4749 4731/499/4692 4729/492/4685
usemtl Eyes
f 4219/90/4209 4221/91/4210 4222/92/4211
f 4223/93/4212 4220/94/4213 4224/95/4214
f 4222/92/4211 4225/96/4215 4226/97/4216
f 4227/98/4217 4224/95/4214 4228/99/4218
f 4226/97/4216 4229/100/4219 4230/101/4220
f 4231/102/4217 4228/99/4218 4232/103/4221
f 4230/101/4220 4233/104/4222 4234/105/4223
f 4235/106/4217 4232/103/4221 4236/107/4224
f 4234/105/4223 4237/108/4225 4238/109/4226
f 4239/110/4227 4236/107/4224 4240/111/4228
f 4238/109/4226 4241/112/4229 4242/113/4230
f 4243/114/4227 4240/111/4228 4244/115/4231
f 4263/116/4232 4265/117/4225 4266/118/4233
f 4267/119/4227 4264/120/4234 4268/121/4235
f 4266/118/4233 4269/122/4236 4270/123/4237
f 4271/124/4238 4268/121/4235 4272/125/4239
f 4270/123/4237 4273/126/4229 4274/127/4240
f 4275/128/4238 4272/125/4239 4276/129/4241
f 4277/130/4242 4278/131/4229 4279/132/4243
f 4280/133/4244 4281/134/4245 4282/135/4246
f 4279/132/4243 4283/136/4247 4284/137/4248
f 4285/138/4244 4282/135/4246 4286/139/4249
f 4284/137/4248 4287/140/4210 4288/141/4250
f 4289/142/4212 4286/139/4249 4290/143/4251
f 4309/90/4252 4311/92/4253 4312/91/4254
f 4313/93/4255 4314/95/4256 4310/94/4257
f 4311/92/4253 4315/97/4258 4316/96/4259
f 4317/98/4260 4318/99/4261 4314/95/4256
f 4315/97/4258 4319/101/4262 4320/100/4263
f 4321/102/4260 4322/103/4264 4318/99/4261
f 4319/101/4262 4323/105/4265 4324/104/4266
f 4325/106/4260 4326/107/4267 4322/103/4264
f 4323/105/4265 4327/109/4268 4328/108/4266
f 4329/110/4269 4330/111/4270 4326/107/4267
f 4327/109/4268 4331/113/4271 4332/112/4272
f 4333/114/4269 4334/115/4273 4330/111/4270
f 4353/116/4274 4355/118/4275 4356/117/4276
f 4357/119/4269 4358/121/4277 4354/120/4278
f 4355/118/4275 4359/123/4279 4360/122/4280
f 4361/124/4281 4362/125/4282 4358/121/4277
f 4359/123/4279 4363/127/4283 4364/126/4272
f 4365/128/4281 4366/129/4284 4362/125/4282
f 4367/130/4285 4368/132/4286 4369/131/4272
f 4370/133/4287 4371/135/4288 4372/134/4289
f 4368/132/4286 4373/137/4290 4374/136/4254
f 4375/138/4287 4376/139/4291 4371/135/4288
f 4373/137/4290 4377/141/4292 4378/140/4254
f 4379/142/4287 4380/143/4293 4376/139/4291
f 4211/144/4294 4395/145/4295 4212/146/4296
f 4391/147/4297 4209/148/4298 4210/149/4299
f 4390/150/4300 4396/151/4301 4397/152/4302
f 4391/147/4297 4210/149/4299 4213/153/4303
f 4391/147/4297 4213/153/4303 4398/154/4304
f 4389/155/4305 4390/150/4300 4397/152/4302
f 4391/147/4297 4398/154/4304 4399/156/4306
f 4389/155/4305 4397/152/4302 4400/157/4307
f 4392/158/4308 4391/147/4297 4399/156/4306
f 4393/159/4309 4389/155/4305 4400/157/4307
f 4392/158/4308 4399/156/4306 4401/160/4310
f 4393/159/4309 4400/157/4307 4402/161/4311
f 4394/162/4312 4392/158/4308 4401/160/4310
f 4395/145/4295 4393/159/4309 4402/161/4311
f 4395/145/4295 4402/161/4311 4403/163/4313
f 4394/162/4312 4401/160/4310 4396/151/4301
f 4212/146/4296 4395/145/4295 4403/163/4313
f 4212/146/4296 4403/163/4313 4214/164/4314
f 4390/150/4300 4394/162/4312 4396/151/4301
f 4214/164/4314 4403/163/4313 4216/165/4315
f 4398/154/4304 4213/153/4303 4215/166/4316
f 4397/152/4302 4396/151/4301 4404/167/4317
f 4397/152/4302 4404/167/4317 4405/168/4318
f 4398/154/4304 4215/166/4316 4217/169/4319
f 4399/156/4306 4398/154/4304 4406/170/4320
f 4400/157/4307 4397/152/4302 4405/168/4318
f 4400/157/4307 4405/168/4318 4407/171/4321
f 4401/160/4310 4399/156/4306 4406/170/4320
f 4401/160/4310 4406/170/4320 4408/172/4322
f 4402/161/4311 4400/157/4307 4407/171/4321
f 4396/151/4301 4401/160/4310 4408/172/4322
f 4396/151/4301 4408/172/4322 4404/167/4317
f 4216/165/4315 4403/163/4313 4218/173/4323
f 4218/173/4323 4403/163/4313 4220/94/4213
f 4398/154/4304 4217/169/4319 4219/90/4209
f 4406/170/4320 4398/154/4304 4410/174/4324
f 4406/170/4320 4410/174/4324 4411/175/4325
f 4407/171/4321 4405/168/4318 4409/176/4326
f 4407/171/4321 4409/176/4326 4412/177/4327
f 4406/170/4320 4411/175/4325 4413/178/4328
f 4408/172/4322 4406/170/4320 4413/178/4328
f 4408/172/4322 4413/178/4328 4414/179/4329
f 4402/161/4311 4407/171/4321 4412/177/4327
f 4402/161/4311 4412/177/4327 4415/180/4330
f 4403/163/4313 4402/161/4311 4415/180/4330
f 4403/163/4313 4415/180/4330 4416/181/4331
f 4404/167/4317 4408/172/4322 4414/179/4329
f 4404/167/4317 4414/179/4329 4417/182/4332
f 4220/94/4213 4403/163/4313 4416/181/4331
f 4220/94/4213 4416/181/4331 4224/95/4214
f 4405/168/4318 4404/167/4317 4417/182/4332
f 4405/168/4318 4417/182/4332 4409/176/4326
f 4398/154/4304 4219/90/4209 4222/92/4211
f 4398/154/4304 4222/92/4211 4410/174/4324
f 4224/95/4214 4416/181/4331 4228/99/4218
f 4410/174/4324 4222/92/4211 4226/97/4216
f 4412/177/4327 4409/176/4326 4418/183/4333
f 4412/177/4327 4418/183/4333 4419/184/4334
f 4413/178/4328 4411/175/4325 4420/185/4335
f 4412/177/4327 4419/184/4334 4421/186/4336
f 4414/179/4329 4413/178/4328 4420/185/4335
f 4414/179/4329 4420/185/4335 4422/187/4337
f 4415/180/4330 4412/177/4327 4421/186/4336
f 4414/179/4329 4422/187/4337 4423/188/4338
f 4417/182/4332 4414/179/4329 4423/188/4338
f 4417/182/4332 4423/188/4338 4424/189/4339
f 4228/99/4218 4416/181/4331 4232/103/4221
f 4417/182/4332 4424/189/4339 4425/190/4340
f 4409/176/4326 4417/182/4332 4425/190/4340
f 4409/176/4326 4425/190/4340 4426/191/4341
f 4410/174/4324 4226/97/4216 4230/101/4220
f 4409/176/4326 4426/191/4341 4418/183/4333
f 4232/103/4221 4416/181/4331 4236/107/4224
f 4410/174/4324 4230/101/4220 4234/105/4223
f 4419/184/4334 4418/183/4333 4427/192/4342
f 4420/185/4335 4411/175/4325 4428/193/4343
f 4420/185/4335 4428/193/4343 4429/194/4344
f 4421/186/4336 4419/184/4334 4427/192/4342
f 4421/186/4336 4427/192/4342 4430/195/4345
f 4422/187/4337 4420/185/4335 4429/194/4344
f 4415/180/4330 4421/186/4336 4430/195/4345
f 4423/188/4338 4422/187/4337 4429/194/4344
f 4423/188/4338 4429/194/4344 4431/196/4346
f 4416/181/4331 4415/180/4330 4430/195/4345
f 4416/181/4331 4430/195/4345 4432/197/4347
f 4424/189/4339 4423/188/4338 4431/196/4346
f 4236/107/4224 4416/181/4331 4432/197/4347
f 4236/107/4224 4432/197/4347 4240/111/4228
f 4425/190/4340 4424/189/4339 4431/196/4346
f 4425/190/4340 4431/196/4346 4433/198/4348
f 4426/191/4341 4425/190/4340 4433/198/4348
f 4410/174/4324 4234/105/4223 4238/109/4226
f 4410/174/4324 4238/109/4226 4434/199/4349
f 4418/183/4333 4426/191/4341 4433/198/4348
f 4418/183/4333 4433/198/4348 4427/192/4342
f 4411/175/4325 4410/174/4324 4434/199/4349
f 4411/175/4325 4434/199/4349 4428/193/4343
f 4240/111/4228 4432/197/4347 4244/115/4231
f 4434/199/4349 4238/109/4226 4242/113/4230
f 4429/194/4344 4428/193/4343 4435/200/4350
f 4430/195/4345 4427/192/4342 4436/201/4351
f 4430/195/4345 4436/201/4351 4437/202/4352
f 4431/196/4346 4429/194/4344 4435/200/4350
f 4431/196/4346 4435/200/4350 4438/203/4353
f 4432/197/4347 4430/195/4345 4437/202/4352
f 4244/115/4231 4432/197/4347 4246/204/4354
f 4433/198/4348 4431/196/4346 4438/203/4353
f 4433/198/4348 4438/203/4353 4439/205/4355
f 4434/199/4349 4242/113/4230 4245/206/4356
f 4427/192/4342 4433/198/4348 4439/205/4355
f 4427/192/4342 4439/205/4355 4436/201/4351
f 4434/199/4349 4245/206/4356 4247/207/4357
f 4246/204/4354 4432/197/4347 4248/208/4358
f 4437/202/4352 4436/201/4351 4440/209/4359
f 4435/200/4350 4441/210/4360 4442/211/4361
f 4437/202/4352 4440/209/4359 4443/212/4362
f 4438/203/4353 4435/200/4350 4442/211/4361
f 4432/197/4347 4437/202/4352 4443/212/4362
f 4438/203/4353 4442/211/4361 4444/213/4363
f 4248/208/4358 4432/197/4347 4443/212/4362
f 4248/208/4358 4443/212/4362 4250/214/4364
f 4439/205/4355 4438/203/4353 4444/213/4363
f 4439/205/4355 4444/213/4363 4445/215/4365
f 4434/199/4349 4247/207/4357 4249/216/4366
f 4434/199/4349 4249/216/4366 4446/217/4367
f 4436/201/4351 4439/205/4355 4445/215/4365
f 4428/193/4343 4434/199/4349 4446/217/4367
f 4428/193/4343 4446/217/4367 4441/210/4360
f 4436/201/4351 4445/215/4365 4440/209/4359
f 4435/200/4350 4428/193/4343 4441/210/4360
f 4446/217/4367 4249/216/4366 4252/218/4368
f 4250/214/4364 4443/212/4362 4251/219/4369
f 4444/213/4363 4442/211/4361 4447/220/4370
f 4251/219/4369 4443/212/4362 4254/221/4371
f 4445/215/4365 4444/213/4363 4447/220/4370
f 4445/215/4365 4447/220/4370 4448/222/4372
f 4446/217/4367 4252/218/4368 4253/223/4373
f 4440/209/4359 4445/215/4365 4448/222/4372
f 4446/217/4367 4253/223/4373 4255/224/4374
f 4254/221/4371 4443/212/4362 4256/225/4375
f 4442/211/4361 4449/226/4376 4450/227/4377
f 4443/212/4362 4451/228/4378 4452/229/4379
f 4447/220/4370 4442/211/4361 4450/227/4377
f 4256/225/4375 4443/212/4362 4452/229/4379
f 4256/225/4375 4452/229/4379 4258/230/4380
f 4447/220/4370 4450/227/4377 4453/231/4381
f 4448/222/4372 4447/220/4370 4453/231/4381
f 4446/217/4367 4255/224/4374 4257/232/4382
f 4446/217/4367 4257/232/4382 4454/233/4383
f 4448/222/4372 4453/231/4381 4455/234/4384
f 4441/210/4360 4446/217/4367 4454/233/4383
f 4441/210/4360 4454/233/4383 4456/235/4385
f 4440/209/4359 4448/222/4372 4455/234/4384
f 4441/210/4360 4456/235/4385 4449/226/4376
f 4440/209/4359 4455/234/4384 4451/228/4378
f 4442/211/4361 4441/210/4360 4449/226/4376
f 4443/212/4362 4440/209/4359 4451/228/4378
f 4258/230/4380 4452/229/4379 4260/236/4386
f 4454/233/4383 4257/232/4382 4259/237/4387
f 4452/229/4379 4451/228/4378 4457/238/4388
f 4450/227/4377 4458/239/4389 4459/240/4390
f 4260/236/4386 4452/229/4379 4262/241/4391
f 4453/231/4381 4450/227/4377 4459/240/4390
f 4453/231/4381 4459/240/4390 4460/242/4392
f 4454/233/4383 4259/237/4387 4261/243/4393
f 4455/234/4384 4453/231/4381 4460/242/4392
f 4455/234/4384 4460/242/4392 4461/244/4394
f 4451/228/4378 4455/234/4384 4461/244/4394
f 4449/226/4376 4456/235/4385 4458/239/4389
f 4451/228/4378 4461/244/4394 4457/238/4388
f 4450/227/4377 4449/226/4376 4458/239/4389
f 4262/241/4391 4452/229/4379 4264/120/4234
f 4454/233/4383 4261/243/4393 4263/116/4232
f 4459/240/4390 4458/239/4389 4462/245/4395
f 4459/240/4390 4462/245/4395 4463/246/4396
f 4264/120/4234 4452/229/4379 4464/247/4397
f 4264/120/4234 4464/247/4397 4268/121/4235
f 4460/242/4392 4459/240/4390 4463/246/4396
f 4460/242/4392 4463/246/4396 4465/248/4398
f 4454/233/4383 4263/116/4232 4266/118/4233
f 4454/233/4383 4266/118/4233 4466/249/4399
f 4456/235/4385 4454/233/4383 4466/249/4399
f 4456/235/4385 4466/249/4399 4467/250/4400
f 4461/244/4394 4460/242/4392 4465/248/4398
f 4461/244/4394 4465/248/4398 4468/251/4401
f 4456/235/4385 4467/250/4400 4469/252/4402
f 4458/239/4389 4456/235/4385 4469/252/4402
f 4458/239/4389 4469/252/4402 4462/245/4395
f 4457/238/4388 4461/244/4394 4468/251/4401
f 4452/229/4379 4457/238/4388 4464/247/4397
f 4268/121/4235 4464/247/4397 4272/125/4239
f 4466/249/4399 4266/118/4233 4270/123/4237
f 4272/125/4239 4464/247/4397 4276/129/4241
f 4463/246/4396 4470/253/4403 4471/254/4404
f 4465/248/4398 4463/246/4396 4471/254/4404
f 4465/248/4398 4471/254/4404 4472/255/4405
f 4466/249/4399 4270/123/4237 4274/127/4240
f 4465/248/4398 4472/255/4405 4473/256/4406
f 4468/251/4401 4465/248/4398 4473/256/4406
f 4468/251/4401 4473/256/4406 4474/257/4407
f 4469/252/4402 4467/250/4400 4475/258/4408
f 4468/251/4401 4474/257/4407 4476/259/4409
f 4462/245/4395 4469/252/4402 4475/258/4408
f 4462/245/4395 4475/258/4408 4477/260/4410
f 4457/238/4388 4468/251/4401 4476/259/4409
f 4457/238/4388 4476/259/4409 4478/261/4411
f 4462/245/4395 4477/260/4410 4479/262/4412
f 4464/247/4397 4457/238/4388 4478/261/4411
f 4463/246/4396 4462/245/4395 4479/262/4412
f 4463/246/4396 4479/262/4412 4470/253/4403
f 4485/263/4413 4482/264/4414 4486/265/4415
f 4488/266/4416 4485/263/4413 4486/265/4415
f 4281/134/4245 4487/267/4417 4282/135/4246
f 4489/268/4418 4488/266/4416 4486/265/4415
f 4489/268/4418 4486/265/4415 4490/269/4419
f 4491/270/4420 4489/268/4418 4490/269/4419
f 4492/271/4421 4277/130/4242 4279/132/4243
f 4493/272/4422 4491/270/4420 4490/269/4419
f 4492/271/4421 4279/132/4243 4284/137/4248
f 4492/271/4421 4284/137/4248 4496/273/4423
f 4493/272/4422 4490/269/4419 4495/274/4424
f 4493/272/4422 4495/274/4424 4497/275/4425
f 4494/276/4426 4492/271/4421 4496/273/4423
f 4494/276/4426 4496/273/4423 4498/277/4427
f 4481/278/4428 4493/272/4422 4497/275/4425
f 4483/279/4429 4494/276/4426 4498/277/4427
f 4483/279/4429 4498/277/4427 4499/280/4430
f 4480/281/4431 4481/278/4428 4497/275/4425
f 4480/281/4431 4497/275/4425 4500/282/4432
f 4482/264/4414 4483/279/4429 4499/280/4430
f 4484/283/4433 4480/281/4431 4500/282/4432
f 4486/265/4415 4482/264/4414 4499/280/4430
f 4486/265/4415 4499/280/4430 4501/284/4434
f 4487/267/4417 4484/283/4433 4500/282/4432
f 4487/267/4417 4500/282/4432 4502/285/4435
f 4282/135/4246 4487/267/4417 4502/285/4435
f 4282/135/4246 4502/285/4435 4286/139/4249
f 4490/269/4419 4486/265/4415 4501/284/4434
f 4490/269/4419 4501/284/4434 4495/274/4424
f 4286/139/4249 4502/285/4435 4290/143/4251
f 4496/273/4423 4284/137/4248 4288/141/4250
f 4496/273/4423 4288/141/4250 4291/286/4436
f 4497/275/4425 4495/274/4424 4503/287/4437
f 4497/275/4425 4503/287/4437 4504/288/4438
f 4499/280/4430 4498/277/4427 4505/289/4439
f 4500/282/4432 4497/275/4425 4504/288/4438
f 4500/282/4432 4504/288/4438 4506/290/4440
f 4501/284/4434 4499/280/4430 4505/289/4439
f 4501/284/4434 4505/289/4439 4507/291/4441
f 4502/285/4435 4500/282/4432 4506/290/4440
f 4290/143/4251 4502/285/4435 4292/292/4442
f 4495/274/4424 4501/284/4434 4507/291/4441
f 4495/274/4424 4507/291/4441 4503/287/4437
f 4292/292/4442 4502/285/4435 4294/293/4443
f 4496/273/4423 4291/286/4436 4293/294/4444
f 4496/273/4423 4293/294/4444 4295/295/4445
f 4496/273/4423 4295/295/4445 4391/147/4297
f 4504/288/4438 4503/287/4437 4508/296/4446
f 4504/288/4438 4508/296/4446 4389/155/4305
f 4498/277/4427 4496/273/4423 4391/147/4297
f 4505/289/4439 4498/277/4427 4391/147/4297
f 4505/289/4439 4391/147/4297 4392/158/4308
f 4506/290/4440 4504/288/4438 4389/155/4305
f 4506/290/4440 4389/155/4305 4393/159/4309
f 4507/291/4441 4505/289/4439 4392/158/4308
f 4507/291/4441 4392/158/4308 4509/297/4447
f 4502/285/4435 4506/290/4440 4393/159/4309
f 4502/285/4435 4393/159/4309 4395/145/4295
f 4294/293/4443 4502/285/4435 4395/145/4295
f 4294/293/4443 4395/145/4295 4296/298/4448
f 4503/287/4437 4507/291/4441 4509/297/4447
f 4503/287/4437 4509/297/4447 4508/296/4446
f 4296/298/4448 4395/145/4295 4298/299/4449
f 4391/147/4297 4295/295/4445 4297/300/4450
f 4389/155/4305 4508/296/4446 4390/150/4300
f 4509/297/4447 4392/158/4308 4394/162/4312
f 4298/299/4449 4395/145/4295 4211/144/4294
f 4508/296/4446 4509/297/4447 4394/162/4312
f 4508/296/4446 4394/162/4312 4390/150/4300
f 4391/147/4297 4297/300/4450 4209/148/4298
f 4301/301/4451 4302/146/4452 4516/302/4453
f 4512/303/4454 4300/149/4455 4299/304/4456
f 4511/305/4457 4517/306/4458 4518/307/4459
f 4512/303/4454 4519/308/4460 4303/309/4461
f 4512/303/4454 4303/309/4461 4300/149/4455
f 4510/310/4462 4517/306/4458 4511/305/4457
f 4512/303/4454 4520/311/4463 4519/308/4460
f 4510/310/4462 4521/312/4464 4517/306/4458
f 4513/313/4465 4520/311/4463 4512/303/4454
f 4514/314/4466 4521/312/4464 4510/310/4462
f 4513/313/4465 4522/315/4467 4520/311/4463
f 4514/314/4466 4523/316/4468 4521/312/4464
f 4515/317/4469 4522/315/4467 4513/313/4465
f 4516/302/4453 4524/318/4470 4523/316/4468
f 4516/302/4453 4523/316/4468 4514/314/4466
f 4515/317/4469 4518/307/4459 4522/315/4467
f 4302/146/4452 4304/164/4471 4524/318/4470
f 4302/146/4452 4524/318/4470 4516/302/4453
f 4511/305/4457 4518/307/4459 4515/317/4469
f 4304/164/4471 4306/319/4472 4524/318/4470
f 4519/308/4460 4305/320/4473 4303/309/4461
f 4517/306/4458 4525/321/4474 4526/322/4475
f 4517/306/4458 4526/322/4475 4518/307/4459
f 4519/308/4460 4307/169/4476 4305/320/4473
f 4520/311/4463 4527/323/4477 4519/308/4460
f 4521/312/4464 4528/324/4478 4525/321/4474
f 4521/312/4464 4525/321/4474 4517/306/4458
f 4522/315/4467 4529/325/4479 4527/323/4477
f 4522/315/4467 4527/323/4477 4520/311/4463
f 4523/316/4468 4528/324/4478 4521/312/4464
f 4518/307/4459 4526/322/4475 4529/325/4479
f 4518/307/4459 4529/325/4479 4522/315/4467
f 4306/319/4472 4308/326/4480 4524/318/4470
f 4308/326/4480 4310/94/4257 4524/318/4470
f 4519/308/4460 4309/90/4252 4307/169/4476
f 4527/323/4477 4531/327/4481 4532/328/4482
f 4527/323/4477 4532/328/4482 4519/308/4460
f 4528/324/4478 4533/329/4483 4530/330/4484
f 4528/324/4478 4530/330/4484 4525/321/4474
f 4527/323/4477 4534/331/4485 4531/327/4481
f 4529/325/4479 4535/332/4486 4534/331/4485
f 4529/325/4479 4534/331/4485 4527/323/4477
f 4523/316/4468 4536/333/4487 4533/329/4483
f 4523/316/4468 4533/329/4483 4528/324/4478
f 4524/318/4470 4537/181/4488 4536/333/4487
f 4524/318/4470 4536/333/4487 4523/316/4468
f 4526/322/4475 4538/334/4489 4535/332/4486
f 4526/322/4475 4535/332/4486 4529/325/4479
f 4310/94/4257 4314/95/4256 4537/181/4488
f 4310/94/4257 4537/181/4488 4524/318/4470
f 4525/321/4474 4530/330/4484 4538/334/4489
f 4525/321/4474 4538/334/4489 4526/322/4475
f 4519/308/4460 4532/328/4482 4311/92/4253
f 4519/308/4460 4311/92/4253 4309/90/4252
f 4314/95/4256 4318/99/4261 4537/181/4488
f 4532/328/4482 4315/97/4258 4311/92/4253
f 4533/329/4483 4539/335/4490 4540/183/4491
f 4533/329/4483 4540/183/4491 4530/330/4484
f 4534/331/4485 4541/336/4492 4531/327/4481
f 4533/329/4483 4542/337/4493 4539/335/4490
f 4535/332/4486 4543/187/4494 4541/336/4492
f 4535/332/4486 4541/336/4492 4534/331/4485
f 4536/333/4487 4542/337/4493 4533/329/4483
f 4535/332/4486 4544/338/4495 4543/187/4494
f 4538/334/4489 4545/339/4496 4544/338/4495
f 4538/334/4489 4544/338/4495 4535/332/4486
f 4318/99/4261 4322/103/4264 4537/181/4488
f 4538/334/4489 4546/190/4497 4545/339/4496
f 4530/330/4484 4547/191/4498 4546/190/4497
f 4530/330/4484 4546/190/4497 4538/334/4489
f 4532/328/4482 4319/101/4262 4315/97/4258
f 4530/330/4484 4540/183/4491 4547/191/4498
f 4322/103/4264 4326/107/4267 4537/181/4488
f 4532/328/4482 4323/105/4265 4319/101/4262
f 4539/335/4490 4548/340/4499 4540/183/4491
f 4541/336/4492 4549/341/4500 4550/342/4501
f 4541/336/4492 4550/342/4501 4531/327/4481
f 4542/337/4493 4551/343/4502 4548/340/4499
f 4542/337/4493 4548/340/4499 4539/335/4490
f 4543/187/4494 4549/341/4500 4541/336/4492
f 4536/333/4487 4551/343/4502 4542/337/4493
f 4544/338/4495 4552/344/4503 4549/341/4500
f 4544/338/4495 4549/341/4500 4543/187/4494
f 4537/181/4488 4553/345/4504 4551/343/4502
f 4537/181/4488 4551/343/4502 4536/333/4487
f 4545/339/4496 4552/344/4503 4544/338/4495
f 4326/107/4267 4330/111/4270 4553/345/4504
f 4326/107/4267 4553/345/4504 4537/181/4488
f 4546/190/4497 4554/346/4505 4552/344/4503
f 4546/190/4497 4552/344/4503 4545/339/4496
f 4547/191/4498 4554/346/4505 4546/190/4497
f 4532/328/4482 4555/347/4506 4327/109/4268
f 4532/328/4482 4327/109/4268 4323/105/4265
f 4540/183/4491 4548/340/4499 4554/346/4505
f 4540/183/4491 4554/346/4505 4547/191/4498
f 4531/327/4481 4550/342/4501 4555/347/4506
f 4531/327/4481 4555/347/4506 4532/328/4482
f 4330/111/4270 4334/115/4273 4553/345/4504
f 4555/347/4506 4331/113/4271 4327/109/4268
f 4549/341/4500 4556/348/4507 4550/342/4501
f 4551/343/4502 4557/349/4508 4558/350/4509
f 4551/343/4502 4558/350/4509 4548/340/4499
f 4552/344/4503 4559/351/4510 4556/348/4507
f 4552/344/4503 4556/348/4507 4549/341/4500
f 4553/345/4504 4557/349/4508 4551/343/4502
f 4334/115/4273 4336/204/4511 4553/345/4504
f 4554/346/4505 4560/352/4512 4559/351/4510
f 4554/346/4505 4559/351/4510 4552/344/4503
f 4555/347/4506 4335/353/4513 4331/113/4271
f 4548/340/4499 4558/350/4509 4560/352/4512
f 4548/340/4499 4560/352/4512 4554/346/4505
f 4555/347/4506 4337/354/4514 4335/353/4513
f 4336/204/4511 4338/208/4515 4553/345/4504
f 4557/349/4508 4561/355/4516 4558/350/4509
f 4556/348/4507 4562/356/4517 4563/357/4518
f 4557/349/4508 4564/358/4519 4561/355/4516
f 4559/351/4510 4562/356/4517 4556/348/4507
f 4553/345/4504 4564/358/4519 4557/349/4508
f 4559/351/4510 4565/359/4520 4562/356/4517
f 4338/208/4515 4340/214/4521 4564/358/4519
f 4338/208/4515 4564/358/4519 4553/345/4504
f 4560/352/4512 4565/359/4520 4559/351/4510
f 4560/352/4512 4566/360/4522 4565/359/4520
f 4555/347/4506 4567/361/4523 4339/362/4524
f 4555/347/4506 4339/362/4524 4337/354/4514
f 4558/350/4509 4566/360/4522 4560/352/4512
f 4550/342/4501 4563/357/4518 4567/361/4523
f 4550/342/4501 4567/361/4523 4555/347/4506
f 4558/350/4509 4561/355/4516 4566/360/4522
f 4556/348/4507 4563/357/4518 4550/342/4501
f 4567/361/4523 4342/363/4525 4339/362/4524
f 4340/214/4521 4341/219/4526 4564/358/4519
f 4565/359/4520 4568/364/4527 4562/356/4517
f 4341/219/4526 4344/365/4528 4564/358/4519
f 4566/360/4522 4569/366/4529 4568/364/4527
f 4566/360/4522 4568/364/4527 4565/359/4520
f 4567/361/4523 4343/367/4530 4342/363/4525
f 4561/355/4516 4569/366/4529 4566/360/4522
f 4567/361/4523 4345/224/4531 4343/367/4530
f 4344/365/4528 4346/225/4532 4564/358/4519
f 4562/356/4517 4570/368/4533 4571/369/4534
f 4564/358/4519 4572/370/4535 4573/371/4536
f 4568/364/4527 4570/368/4533 4562/356/4517
f 4346/225/4532 4348/230/4537 4572/370/4535
f 4346/225/4532 4572/370/4535 4564/358/4519
f 4568/364/4527 4574/372/4538 4570/368/4533
f 4569/366/4529 4574/372/4538 4568/364/4527
f 4567/361/4523 4575/373/4539 4347/374/4540
f 4567/361/4523 4347/374/4540 4345/224/4531
f 4569/366/4529 4576/375/4541 4574/372/4538
f 4563/357/4518 4577/376/4542 4575/373/4539
f 4563/357/4518 4575/373/4539 4567/361/4523
f 4561/355/4516 4576/375/4541 4569/366/4529
f 4563/357/4518 4571/369/4534 4577/376/4542
f 4561/355/4516 4573/371/4536 4576/375/4541
f 4562/356/4517 4571/369/4534 4563/357/4518
f 4564/358/4519 4573/371/4536 4561/355/4516
f 4348/230/4537 4350/236/4543 4572/370/4535
f 4575/373/4539 4349/377/4544 4347/374/4540
f 4572/370/4535 4578/378/4545 4573/371/4536
f 4570/368/4533 4579/379/4546 4580/380/4547
f 4350/236/4543 4352/381/4548 4572/370/4535
f 4574/372/4538 4579/379/4546 4570/368/4533
f 4574/372/4538 4581/382/4549 4579/379/4546
f 4575/373/4539 4351/383/4550 4349/377/4544
f 4576/375/4541 4581/382/4549 4574/372/4538
f 4576/375/4541 4582/384/4551 4581/382/4549
f 4573/371/4536 4582/384/4551 4576/375/4541
f 4571/369/4534 4580/380/4547 4577/376/4542
f 4573/371/4536 4578/378/4545 4582/384/4551
f 4570/368/4533 4580/380/4547 4571/369/4534
f 4352/381/4548 4354/120/4278 4572/370/4535
f 4575/373/4539 4353/116/4274 4351/383/4550
f 4579/379/4546 4583/385/4552 4584/386/4553
f 4579/379/4546 4584/386/4553 4580/380/4547
f 4354/120/4278 4358/121/4277 4585/387/4554
f 4354/120/4278 4585/387/4554 4572/370/4535
f 4581/382/4549 4586/388/4555 4583/385/4552
f 4581/382/4549 4583/385/4552 4579/379/4546
f 4575/373/4539 4587/389/4556 4355/118/4275
f 4575/373/4539 4355/118/4275 4353/116/4274
f 4577/376/4542 4588/390/4557 4587/389/4556
f 4577/376/4542 4587/389/4556 4575/373/4539
f 4582/384/4551 4589/391/4558 4586/388/4555
f 4582/384/4551 4586/388/4555 4581/382/4549
f 4577/376/4542 4590/392/4559 4588/390/4557
f 4580/380/4547 4584/386/4553 4590/392/4559
f 4580/380/4547 4590/392/4559 4577/376/4542
f 4578/378/4545 4589/391/4558 4582/384/4551
f 4572/370/4535 4585/387/4554 4578/378/4545
f 4358/121/4277 4362/125/4282 4585/387/4554
f 4587/389/4556 4359/123/4279 4355/118/4275
f 4362/125/4282 4366/129/4284 4585/387/4554
f 4583/385/4552 4591/254/4560 4592/253/4561
f 4586/388/4555 4593/255/4562 4591/254/4560
f 4586/388/4555 4591/254/4560 4583/385/4552
f 4587/389/4556 4363/127/4283 4359/123/4279
f 4586/388/4555 4594/256/4563 4593/255/4562
f 4589/391/4558 4595/257/4564 4594/256/4563
f 4589/391/4558 4594/256/4563 4586/388/4555
f 4590/392/4559 4596/258/4565 4588/390/4557
f 4589/391/4558 4597/259/4566 4595/257/4564
f 4584/386/4553 4598/260/4567 4596/258/4565
f 4584/386/4553 4596/258/4565 4590/392/4559
f 4578/378/4545 4599/261/4568 4597/259/4566
f 4578/378/4545 4597/259/4566 4589/391/4558
f 4584/386/4553 4600/262/4569 4598/260/4567
f 4585/387/4554 4599/261/4568 4578/378/4545
f 4583/385/4552 4592/253/4561 4600/262/4569
f 4583/385/4552 4600/262/4569 4584/386/4553
f 4606/263/4570 4607/265/4571 4603/264/4572
f 4609/266/4573 4607/265/4571 4606/263/4570
f 4372/134/4289 4371/135/4288 4608/267/4574
f 4610/268/4575 4611/269/4576 4607/265/4571
f 4610/268/4575 4607/265/4571 4609/266/4573
f 4612/270/4577 4611/269/4576 4610/268/4575
f 4613/271/4578 4368/132/4286 4367/130/4285
f 4614/393/4579 4611/269/4576 4612/270/4577
f 4613/271/4578 4617/394/4580 4373/137/4290
f 4613/271/4578 4373/137/4290 4368/132/4286
f 4614/393/4579 4618/395/4581 4616/396/4582
f 4614/393/4579 4616/396/4582 4611/269/4576
f 4615/397/4583 4619/398/4584 4617/394/4580
f 4615/397/4583 4617/394/4580 4613/271/4578
f 4602/278/4585 4618/395/4581 4614/393/4579
f 4604/279/4586 4620/399/4587 4619/398/4584
f 4604/279/4586 4619/398/4584 4615/397/4583
f 4601/281/4588 4621/400/4589 4618/395/4581
f 4601/281/4588 4618/395/4581 4602/278/4585
f 4603/264/4572 4620/399/4587 4604/279/4586
f 4605/401/4590 4621/400/4589 4601/281/4588
f 4607/265/4571 4622/402/4591 4620/399/4587
f 4607/265/4571 4620/399/4587 4603/264/4572
f 4608/267/4574 4623/403/4592 4621/400/4589
f 4608/267/4574 4621/400/4589 4605/401/4590
f 4371/135/4288 4376/139/4291 4623/403/4592
f 4371/135/4288 4623/403/4592 4608/267/4574
f 4611/269/4576 4616/396/4582 4622/402/4591
f 4611/269/4576 4622/402/4591 4607/265/4571
f 4376/139/4291 4380/143/4293 4623/403/4592
f 4617/394/4580 4377/141/4292 4373/137/4290
f 4617/394/4580 4381/286/4593 4377/141/4292
f 4618/395/4581 4625/404/4594 4624/405/4595
f 4618/395/4581 4624/405/4595 4616/396/4582
f 4620/399/4587 4626/406/4596 4619/398/4584
f 4621/400/4589 4627/407/4597 4625/404/4594
f 4621/400/4589 4625/404/4594 4618/395/4581
f 4622/402/4591 4628/408/4598 4626/406/4596
f 4622/402/4591 4626/406/4596 4620/399/4587
f 4623/403/4592 4627/407/4597 4621/400/4589
f 4380/143/4293 4382/292/4599 4623/403/4592
f 4616/396/4582 4624/405/4595 4628/408/4598
f 4616/396/4582 4628/408/4598 4622/402/4591
f 4382/292/4599 4384/293/4600 4623/403/4592
f 4617/394/4580 4383/409/4601 4381/286/4593
f 4617/394/4580 4512/303/4454 4385/410/4602
f 4617/394/4580 4385/410/4602 4383/409/4601
f 4625/404/4594 4510/310/4462 4629/411/4603
f 4625/404/4594 4629/411/4603 4624/405/4595
f 4619/398/4584 4512/303/4454 4617/394/4580
f 4626/406/4596 4513/313/4465 4512/303/4454
f 4626/406/4596 4512/303/4454 4619/398/4584
f 4627/407/4597 4514/314/4466 4510/310/4462
f 4627/407/4597 4510/310/4462 4625/404/4594
f 4628/408/4598 4630/412/4604 4513/313/4465
f 4628/408/4598 4513/313/4465 4626/406/4596
f 4623/403/4592 4516/302/4453 4514/314/4466
f 4623/403/4592 4514/314/4466 4627/407/4597
f 4384/293/4600 4386/413/4605 4516/302/4453
f 4384/293/4600 4516/302/4453 4623/403/4592
f 4624/405/4595 4629/411/4603 4630/412/4604
f 4624/405/4595 4630/412/4604 4628/408/4598
f 4386/413/4605 4388/299/4606 4516/302/4453
f 4512/303/4454 4387/414/4607 4385/410/4602
f 4510/310/4462 4511/305/4457 4629/411/4603
f 4630/412/4604 4515/317/4469 4513/313/4465
f 4388/299/4606 4301/301/4451 4516/302/4453
f 4629/411/4603 4511/305/4457 4515/317/4469
f 4629/411/4603 4515/317/4469 4630/412/4604
f 4512/303/4454 4299/304/4456 4387/414/4607
usemtl Hat_Black
f 4784/568/4761 4785/569/4762 4786/570/4763
f 4784/568/4761 4786/570/4763 4788/571/4764
f 4784/568/4761 4788/571/4764 4787/572/4765
f 4787/572/4765 4788/571/4764 4790/573/4766
f 4787/572/4765 4790/573/4766 4789/574/4767
f 4789/574/4767 4790/573/4766 4792/575/4768
f 4789/574/4767 4792/575/4768 4791/576/4769
f 4791/576/4769 4792/575/4768 4793/577/4770
f 4791/576/4769 4793/577/4770 4795/578/4771
f 4791/576/4769 4795/578/4771 4794/579/4772
f 4796/580/4773 4785/569/4762 4784/568/4761
f 4796/580/4773 4797/581/4774 4785/569/4762
f 4795/578/4771 4798/582/4775 4799/583/4776
f 4794/579/4772 4795/578/4771 4799/583/4776
f 4794/579/4772 4799/583/4776 4800/584/4777
f 4794/579/4772 4800/584/4777 4801/585/4778
f 4802/586/4779 4804/587/4780 4805/588/4781
f 4802/586/4779 4805/588/4781 4803/589/4782
f 4803/589/4782 4805/588/4781 4807/590/4783
f 4803/589/4782 4807/590/4783 4806/591/4784
f 4806/591/4784 4807/590/4783 4809/592/4785
f 4806/591/4784 4809/592/4785 4808/593/4786
f 4808/593/4786 4809/592/4785 4811/594/4787
f 4808/593/4786 4811/594/4787 4810/595/4788
f 4810/595/4788 4811/594/4787 4813/596/4789
f 4810/595/4788 4813/596/4789 4812/597/4790
f 4812/597/4790 4813/596/4789 4815/598/4791
f 4812/597/4790 4815/598/4791 4814/599/4792
f 4816/585/4793 4800/600/4794 4802/586/4779
f 4800/600/4794 4804/587/4780 4802/586/4779
f 4800/600/4794 4798/601/4795 4804/587/4780
f 4814/599/4792 4815/598/4791 4817/602/4796
f 4814/599/4792 4817/602/4796 4818/603/4797
f 4819/604/4798 4821/605/4799 4822/606/4800
f 4819/604/4798 4822/606/4800 4820/607/4801
f 4820/607/4801 4822/606/4800 4824/608/4802
f 4820/607/4801 4824/608/4802 4823/609/4803
f 4823/609/4803 4824/608/4802 4826/610/4804
f 4823/609/4803 4826/610/4804 4825/611/4805
f 4825/611/4805 4826/610/4804 4828/612/4806
f 4825/611/4805 4828/612/4806 4827/613/4807
f 4827/613/4807 4828/612/4806 4830/614/4808
f 4827/613/4807 4830/614/4808 4829/615/4809
f 4829/615/4809 4830/614/4808 4832/616/4810
f 4829/615/4809 4832/616/4810 4831/617/4811
f 4818/603/4797 4817/602/4796 4821/605/4799
f 4818/603/4797 4821/605/4799 4819/604/4798
f 4831/617/4811 4832/616/4810 4833/618/4812
f 4831/617/4811 4833/618/4812 4834/619/4813
f 4835/620/4814 4837/621/4815 4838/622/4816
f 4835/620/4814 4838/622/4816 4836/623/4817
f 4836/623/4817 4838/622/4816 4840/624/4818
f 4836/623/4817 4840/624/4818 4839/625/4819
f 4839/625/4819 4840/624/4818 4842/626/4820
f 4839/625/4819 4842/626/4820 4841/627/4821
f 4841/627/4821 4842/626/4820 4844/628/4822
f 4841/627/4821 4844/628/4822 4843/629/4823
f 4843/629/4823 4844/628/4822 4846/630/4824
f 4843/629/4823 4846/630/4824 4845/631/4825
f 4845/631/4825 4846/630/4824 4848/632/4826
f 4845/631/4825 4848/632/4826 4847/633/4827
f 4834/619/4813 4833/618/4812 4837/621/4815
f 4834/619/4813 4837/621/4815 4835/620/4814
f 4847/633/4827 4848/632/4826 4849/634/4828
f 4847/633/4827 4849/634/4828 4850/635/4829
f 4851/636/4830 4853/637/4831 4854/638/4832
f 4851/636/4830 4854/638/4832 4852/639/4833
f 4852/639/4833 4854/638/4832 4856/640/4834
f 4852/639/4833 4856/640/4834 4855/641/4835
f 4855/641/4835 4856/640/4834 4858/642/4836
f 4855/641/4835 4858/642/4836 4857/643/4837
f 4857/643/4837 4858/642/4836 4860/644/4838
f 4857/643/4837 4860/644/4838 4859/645/4839
f 4859/645/4839 4860/644/4838 4862/646/4840
f 4859/645/4839 4862/646/4840 4861/647/4841
f 4861/647/4841 4862/646/4840 4864/648/4842
f 4861/647/4841 4864/648/4842 4863/649/4843
f 4850/635/4829 4849/634/4828 4853/637/4831
f 4850/635/4829 4853/637/4831 4851/636/4830
f 4863/649/4843 4864/648/4842 4865/650/4844
f 4863/649/4843 4865/650/4844 4866/651/4845
f 4866/651/4845 4868/652/4846 4869/653/4847
f 4866/651/4845 4869/653/4847 4867/654/4848
f 4867/654/4848 4869/653/4847 4870/655/4849
f 4867/654/4848 4870/655/4849 4872/656/4850
f 4867/654/4848 4872/656/4850 4871/657/4851
f 4871/657/4851 4872/656/4850 4873/658/4852
f 4871/657/4851 4873/658/4852 4875/659/4853
f 4871/657/4851 4875/659/4853 4874/660/4854
f 4874/660/4854 4875/659/4853 4877/661/4855
f 4874/660/4854 4877/661/4855 4876/662/4856
f 4866/651/4845 4865/650/4844 4868/652/4846
f 4876/662/4856 4877/661/4855 4878/663/4857
f 4876/662/4856 4878/663/4857 4879/664/4858
f 4880/665/4859 4881/666/4860 4882/667/4861
f 4880/665/4859 4882/667/4861 4884/668/4862
f 4880/665/4859 4884/668/4862 4883/669/4863
f 4883/669/4863 4884/668/4862 4886/670/4864
f 4883/669/4863 4886/670/4864 4885/671/4865
f 4885/671/4865 4886/670/4864 4888/672/4866
f 4885/671/4865 4888/672/4866 4887/673/4867
f 4887/673/4867 4888/672/4866 4890/674/4868
f 4887/673/4867 4890/674/4868 4889/675/4869
f 4889/675/4869 4890/674/4868 4892/676/4870
f 4889/675/4869 4892/676/4870 4891/677/4871
f 4879/664/4858 4878/663/4857 4881/666/4860
f 4879/664/4858 4881/666/4860 4880/665/4859
f 4891/677/4871 4892/676/4870 4893/678/4872
f 4891/677/4871 4893/678/4872 4894/679/4873
f 4895/680/4874 4897/681/4875 4898/682/4876
f 4895/680/4874 4898/682/4876 4896/683/4877
f 4896/683/4877 4898/682/4876 4899/684/4878
f 4896/683/4877 4899/684/4878 4901/685/4879
f 4896/683/4877 4901/685/4879 4900/686/4880
f 4900/686/4880 4901/685/4879 4903/687/4881
f 4900/686/4880 4903/687/4881 4902/688/4882
f 4902/688/4882 4903/687/4881 4905/689/4883
f 4902/688/4882 4905/689/4883 4904/690/4884
f 4904/690/4884 4905/689/4883 4907/691/4885
f 4904/690/4884 4907/691/4885 4906/692/4886
f 4894/679/4873 4893/678/4872 4897/681/4875
f 4894/679/4873 4897/681/4875 4895/680/4874
f 4906/692/4886 4907/691/4885 4908/693/4887
f 4906/692/4886 4908/693/4887 4909/694/4888
f 4910/695/4889 4912/696/4890 4913/697/4891
f 4910/695/4889 4913/697/4891 4911/698/4892
f 4911/698/4892 4913/697/4891 4915/699/4893
f 4911/698/4892 4915/699/4893 4914/700/4894
f 4914/700/4894 4915/699/4893 4917/701/4895
f 4914/700/4894 4917/701/4895 4916/702/4896
f 4916/702/4896 4917/701/4895 4919/703/4897
f 4916/702/4896 4919/703/4897 4918/704/4898
f 4918/704/4898 4919/703/4897 4921/705/4899
f 4918/704/4898 4921/705/4899 4920/706/4900
f 4920/706/4900 4921/705/4899 4923/707/4901
f 4920/706/4900 4923/707/4901 4922/708/4902
f 4909/694/4888 4908/693/4887 4912/696/4890
f 4909/694/4888 4912/696/4890 4910/695/4889
f 4922/708/4902 4923/707/4901 4924/709/4903
f 4922/708/4902 4924/709/4903 4925/710/4904
f 4926/711/4905 4928/712/4906 4929/713/4907
f 4926/711/4905 4929/713/4907 4927/714/4908
f 4927/714/4908 4929/713/4907 4931/715/4909
f 4927/714/4908 4931/715/4909 4930/716/4910
f 4930/716/4910 4931/715/4909 4933/717/4911
f 4930/716/4910 4933/717/4911 4932/718/4912
f 4932/718/4912 4933/717/4911 4935/719/4913
f 4932/718/4912 4935/719/4913 4934/720/4914
f 4934/720/4914 4935/719/4913 4937/721/4915
f 4934/720/4914 4937/721/4915 4936/722/4916
f 4936/722/4916 4937/721/4915 4939/723/4917
f 4936/722/4916 4939/723/4917 4938/724/4918
f 4925/710/4904 4924/709/4903 4928/712/4906
f 4925/710/4904 4928/712/4906 4926/711/4905
f 4938/724/4918 4939/723/4917 4940/725/4919
f 4938/724/4918 4940/725/4919 4941/726/4920
f 4942/727/4921 4943/728/4922 4944/729/4923
f 4942/727/4921 4945/730/4924 4946/731/4925
f 4942/727/4921 4944/729/4923 4947/732/4926
f 4942/727/4921 4947/732/4926 4945/730/4924
f 4944/729/4923 4948/733/4927 4947/732/4926
f 6269/734/4928 4943/728/4922 4942/727/4921
f 4943/728/4922 4949/735/4929 4944/729/4923
f 4944/729/4923 4949/735/4929 4948/733/4927
f 4948/733/4927 4949/735/4929 6080/736/4930
f 4948/733/4927 6080/736/4930 4950/737/4931
f 4948/733/4927 4950/737/4931 4951/738/4932
f 4947/732/4926 4948/733/4927 4951/738/4932
f 4947/732/4926 4951/738/4932 4952/739/4933
f 4947/732/4926 4952/739/4933 4953/740/4934
f 4945/730/4924 4947/732/4926 4953/740/4934
f 4945/730/4924 4953/740/4934 4954/741/4935
f 4945/730/4924 4954/741/4935 4955/742/4936
f 4946/731/4925 4945/730/4924 4955/742/4936
f 4946/731/4925 4955/742/4936 4956/743/4937
f 4946/731/4925 4956/743/4937 6102/744/4938
f 4957/745/4939 4959/746/4940 4960/747/4941
f 4957/745/4939 4960/747/4941 4958/748/4942
f 4958/748/4942 4960/747/4941 4962/749/4943
f 4958/748/4942 4962/749/4943 4961/750/4944
f 4961/750/4944 4962/749/4943 4964/751/4945
f 4961/750/4944 4964/751/4945 4963/752/4946
f 4963/752/4946 4964/751/4945 4966/753/4947
f 4963/752/4946 4966/753/4947 4965/754/4948
f 4965/754/4948 4966/753/4947 4968/755/4949
f 4965/754/4948 4968/755/4949 4967/756/4950
f 4967/756/4950 4968/755/4949 4970/757/4951
f 4967/756/4950 4970/757/4951 4969/758/4952
f 4941/726/4920 4940/725/4919 4959/746/4940
f 4941/726/4920 4959/746/4940 4957/745/4939
f 4969/758/4952 4970/757/4951 4971/759/4953
f 4969/758/4952 4971/759/4953 4972/760/4954
f 4973/761/4955 4974/762/4956 4975/763/4957
f 4973/761/4955 4975/763/4957 4977/764/4958
f 4973/761/4955 4977/764/4958 4976/765/4959
f 4976/765/4959 4977/764/4958 4978/766/4960
f 4976/765/4959 4978/766/4960 4980/767/4961
f 4976/765/4959 4980/767/4961 4979/768/4962
f 4979/768/4962 4980/767/4961 4982/769/4963
f 4979/768/4962 4982/769/4963 4981/770/4964
f 4981/770/4964 4982/769/4963 4984/771/4965
f 4981/770/4964 4984/771/4965 4983/772/4966
f 4985/773/4967 4974/762/4956 4973/761/4955
f 4985/773/4967 4986/774/4968 4974/762/4956
f 4983/772/4966 4984/771/4965 4987/775/4969
f 4983/772/4966 4987/775/4969 4988/776/4970
f 6443/777/4971 6454/778/4972 5594/779/4973
f 4989/780/4974 4990/781/4975 4996/782/4976
f 4989/780/4974 4996/782/4976 4997/780/4977
f 4990/781/4975 4991/783/4978 4996/782/4976
f 4991/783/4978 4992/784/4979 4998/785/4980
f 4991/783/4978 4998/785/4980 4996/782/4976
f 4992/784/4979 4993/786/4981 4998/785/4980
f 4993/786/4981 4994/787/4982 4999/788/4983
f 4993/786/4981 4999/788/4983 4998/785/4980
f 4994/787/4982 4995/789/4984 4999/788/4983
f 6003/790/4985 4989/780/4974 5002/790/4986
f 4995/789/4984 6029/6/4987 5000/6/4988
f 4995/789/4984 5000/6/4988 4999/788/4983
f 5002/790/4986 4997/780/4977 5001/790/4989
f 5002/790/4986 4989/780/4974 4997/780/4977
f 4943/728/4922 5003/791/4990 4949/735/4929
f 4949/735/4929 5003/791/4990 5005/792/4991
f 5003/791/4990 5004/793/4992 5005/792/4991
f 4949/735/4929 5005/792/4991 5006/794/4993
f 5005/792/4991 5007/795/4994 5006/794/4993
f 5005/792/4991 5004/793/4992 5007/795/4994
f 6143/796/4995 5003/791/4990 4943/728/4922
f 5004/793/4992 5003/791/4990 5008/797/4996
f 5004/793/4992 5008/797/4996 5009/798/4997
f 5004/793/4992 5009/798/4997 5010/799/4998
f 5004/793/4992 5010/799/4998 5011/800/4999
f 5007/795/4994 5004/793/4992 5011/800/4999
f 5007/795/4994 5011/800/4999 5012/801/5000
f 5007/795/4994 5012/801/5000 5013/802/5001
f 5006/794/4993 5007/795/4994 5013/802/5001
f 5006/794/4993 5013/802/5001 5014/803/5002
f 5006/794/4993 5014/803/5002 5015/804/5003
f 4949/735/4929 5006/794/4993 5015/804/5003
f 4949/735/4929 5015/804/5003 5016/805/5004
f 4949/735/4929 5016/805/5004 6080/736/4930
f 5017/806/5005 5028/807/5006 5018/808/5007
f 5003/791/4990 5017/806/5005 5008/797/4996
f 5008/797/4996 5017/806/5005 5019/809/5008
f 5017/806/5005 5020/810/5009 5019/809/5008
f 5017/806/5005 5018/808/5007 5020/810/5009
f 5028/807/5006 5029/811/5010 5018/808/5007
f 5018/808/5007 5029/811/5010 6107/812/5011
f 5018/808/5007 6107/812/5011 5021/813/5012
f 5018/808/5007 5021/813/5012 5022/814/5013
f 5020/810/5009 5018/808/5007 5022/814/5013
f 5020/810/5009 5022/814/5013 5023/815/5014
f 5020/810/5009 5023/815/5014 5024/816/5015
f 5019/809/5008 5020/810/5009 5024/816/5015
f 5019/809/5008 5024/816/5015 5025/817/5016
f 5019/809/5008 5025/817/5016 5026/818/5017
f 5008/797/4996 5019/809/5008 5026/818/5017
f 5008/797/4996 5026/818/5017 5027/819/5018
f 5008/797/4996 5027/819/5018 5009/798/4997
f 5028/807/5006 5030/820/5019 5029/811/5010
f 5028/807/5006 5042/821/5020 5030/820/5019
f 5030/820/5019 5042/821/5020 5031/822/5021
f 5029/811/5010 5030/820/5019 5032/823/5022
f 5030/820/5019 5033/824/5023 5032/823/5022
f 5030/820/5019 5031/822/5021 5033/824/5023
f 5042/821/5020 5034/825/5024 5031/822/5021
f 5031/822/5021 6085/826/5025 5035/827/5026
f 5033/824/5023 5031/822/5021 5035/827/5026
f 5033/824/5023 5035/827/5026 5036/828/5027
f 5033/824/5023 5036/828/5027 5037/829/5028
f 5032/823/5022 5033/824/5023 5037/829/5028
f 5032/823/5022 5037/829/5028 5038/830/5029
f 5032/823/5022 5038/830/5029 5039/831/5030
f 5029/811/5010 5032/823/5022 5039/831/5030
f 5029/811/5010 5039/831/5030 5040/832/5031
f 5029/811/5010 5040/832/5031 5041/833/5032
f 5029/811/5010 5041/833/5032 6107/812/5011
f 5042/821/5020 5043/834/5033 5044/835/5034
f 5034/825/5024 5042/821/5020 5045/836/5035
f 5042/821/5020 5044/835/5034 5045/836/5035
f 5045/836/5035 5044/835/5034 5046/837/5036
f 5044/835/5034 5047/838/5037 5046/837/5036
f 5044/835/5034 5043/834/5033 5057/839/5038
f 5044/835/5034 5057/839/5038 5047/838/5037
f 5047/838/5037 5048/840/5039 5049/841/5040
f 5046/837/5036 5047/838/5037 5049/841/5040
f 5046/837/5036 5049/841/5040 5050/842/5041
f 5046/837/5036 5050/842/5041 5051/843/5042
f 5045/836/5035 5046/837/5036 5051/843/5042
f 5045/836/5035 5051/843/5042 5052/844/5043
f 5045/836/5035 5052/844/5043 5053/845/5044
f 5034/825/5024 5045/836/5035 5053/845/5044
f 5034/825/5024 5053/845/5044 5054/846/5045
f 5034/825/5024 5054/846/5045 5055/847/5046
f 5031/822/5021 5034/825/5024 5055/847/5046
f 5031/822/5021 5055/847/5046 6085/826/5025
f 5043/834/5033 5056/848/5047 5057/839/5038
f 5057/839/5038 5059/849/5048 5058/850/5049
f 5057/839/5038 5056/848/5047 5060/851/5050
f 5057/839/5038 5060/851/5050 5059/849/5048
f 5056/848/5047 5061/852/5051 5060/851/5050
f 5061/852/5051 6111/853/5052 5062/854/5053
f 5060/851/5050 5061/852/5051 5062/854/5053
f 5060/851/5050 5062/854/5053 5063/855/5054
f 5060/851/5050 5063/855/5054 5064/856/5055
f 5059/849/5048 5060/851/5050 5064/856/5055
f 5059/849/5048 5064/856/5055 5065/857/5056
f 5059/849/5048 5065/857/5056 5066/858/5057
f 5058/850/5049 5059/849/5048 5066/858/5057
f 5058/850/5049 5066/858/5057 5067/859/5058
f 5058/850/5049 5067/859/5058 5068/860/5059
f 5047/838/5037 5058/850/5049 5068/860/5059
f 5047/838/5037 5068/860/5059 5048/840/5039
f 5047/838/5037 5057/839/5038 5058/850/5049
f 5082/861/5060 5069/862/5061 5070/863/5062
f 5070/863/5062 5069/862/5061 5071/864/5063
f 5069/862/5061 5113/865/5064 5072/866/5065
f 5069/862/5061 5072/866/5065 5071/864/5063
f 5072/866/5065 5074/867/5066 5075/868/5067
f 5071/864/5063 5072/866/5065 5075/868/5067
f 5071/864/5063 5075/868/5067 5076/869/5068
f 5071/864/5063 5076/869/5068 5077/870/5069
f 5070/863/5062 5071/864/5063 5077/870/5069
f 5070/863/5062 5077/870/5069 5078/871/5070
f 5070/863/5062 5078/871/5070 5079/872/5071
f 5073/873/5072 5070/863/5062 5079/872/5071
f 5073/873/5072 5079/872/5071 5080/874/5073
f 5073/873/5072 5080/874/5073 5081/875/5074
f 5082/861/5060 5073/873/5072 5081/875/5074
f 5082/861/5060 5081/875/5074 6090/23/5075
f 5082/861/5060 5070/863/5062 5073/873/5072
f 5085/876/5076 5083/877/5077 5086/878/5078
f 5084/6/5079 5088/879/5080 5083/877/5077
f 5083/877/5077 5087/880/5081 5086/878/5078
f 5083/877/5077 5088/879/5080 5087/880/5081
f 5088/879/5080 5084/6/5079 5089/6/5082
f 5088/879/5080 5089/6/5082 5090/881/5083
f 5088/879/5080 5090/881/5083 5091/787/5084
f 5087/880/5081 5088/879/5080 5091/787/5084
f 5087/880/5081 5091/787/5084 5092/786/5085
f 5087/880/5081 5092/786/5085 5093/784/5086
f 5086/878/5078 5087/880/5081 5093/784/5086
f 5086/878/5078 5093/784/5086 5094/783/5087
f 5086/878/5078 5094/783/5087 5095/882/5088
f 5085/876/5076 5086/878/5078 5095/882/5088
f 5085/876/5076 5095/882/5088 5096/780/5089
f 5131/790/5090 5085/876/5076 5096/780/5089
f 5131/790/5090 5096/780/5089 5097/790/5091
f 5126/883/5092 5083/877/5077 5085/876/5076
f 5056/848/5047 6211/884/5093 5098/885/5094
f 6211/884/5093 5099/886/5095 5098/885/5094
f 5098/885/5094 5099/886/5095 5100/887/5096
f 5099/886/5095 5101/888/5097 5100/887/5096
f 5099/886/5095 5102/889/5098 5101/888/5097
f 5101/888/5097 5102/889/5098 6096/890/5099
f 5101/888/5097 6096/890/5099 5103/891/5100
f 5101/888/5097 5103/891/5100 5104/892/5101
f 5100/887/5096 5101/888/5097 5104/892/5101
f 5100/887/5096 5104/892/5101 5105/893/5102
f 5100/887/5096 5105/893/5102 5106/894/5103
f 5098/885/5094 5100/887/5096 5106/894/5103
f 5098/885/5094 5106/894/5103 5107/895/5104
f 5098/885/5094 5107/895/5104 5108/896/5105
f 5098/885/5094 5108/896/5105 5109/897/5106
f 5061/852/5051 5098/885/5094 5109/897/5106
f 5061/852/5051 5109/897/5106 6111/853/5052
f 5056/848/5047 5098/885/5094 5061/852/5051
f 5110/898/5107 5111/899/5108 5112/900/5109
f 5110/898/5107 5112/900/5109 5115/901/5110
f 5113/902/5111 5116/903/5112 5114/904/5113
f 5113/902/5111 5110/898/5107 5116/903/5112
f 5110/898/5107 5117/905/5114 5116/903/5112
f 5110/898/5107 5115/901/5110 5117/905/5114
f 5115/901/5110 6116/906/5115 5118/907/5116
f 5117/905/5114 5115/901/5110 5118/907/5116
f 5117/905/5114 5118/907/5116 5119/908/5117
f 5117/905/5114 5119/908/5117 5120/909/5118
f 5116/903/5112 5117/905/5114 5120/909/5118
f 5116/903/5112 5120/909/5118 5121/910/5119
f 5116/903/5112 5121/910/5119 5122/911/5120
f 5114/904/5113 5116/903/5112 5122/911/5120
f 5114/904/5113 5122/911/5120 5123/912/5121
f 5114/904/5113 5123/912/5121 5124/913/5122
f 5074/867/5123 5114/904/5113 5124/913/5122
f 5113/902/5111 5114/904/5113 5074/867/5123
f 6211/884/5093 5125/914/5124 5099/886/5095
f 5125/914/5124 5126/915/5125 5127/916/5126
f 5125/914/5124 5127/916/5126 5128/917/5127
f 5128/917/5127 5127/916/5126 5129/918/5128
f 5127/916/5126 5130/919/5129 5129/918/5128
f 5126/915/5125 5131/790/5130 5127/916/5126
f 5127/916/5126 5131/790/5130 5130/919/5129
f 5130/919/5129 5131/790/5130 6074/790/5131
f 5130/919/5129 6074/790/5131 5132/920/5132
f 5130/919/5129 5132/920/5132 5133/921/5133
f 5129/918/5128 5130/919/5129 5133/921/5133
f 5129/918/5128 5133/921/5133 5134/922/5134
f 5129/918/5128 5134/922/5134 5135/923/5135
f 5128/917/5127 5129/918/5128 5135/923/5135
f 5128/917/5127 5135/923/5135 5136/924/5136
f 5128/917/5127 5136/924/5136 5137/925/5137
f 5102/889/5098 5128/917/5127 5137/925/5137
f 5102/889/5098 5137/925/5137 5138/926/5138
f 5102/889/5098 5138/926/5138 6096/890/5099
f 5099/886/5095 5128/917/5127 5102/889/5098
f 5099/886/5095 5125/914/5124 5128/917/5127
f 5111/899/5108 4942/727/4921 5139/927/5139
f 5139/927/5139 4942/727/4921 5140/928/5140
f 5112/900/5109 5142/929/5141 5141/930/5142
f 5112/900/5109 5139/927/5139 5142/929/5141
f 5139/927/5139 5140/928/5140 5142/929/5141
f 4942/727/4921 4946/731/4925 5140/928/5140
f 5140/928/5140 4946/731/4925 6102/744/4938
f 5140/928/5140 6102/744/4938 5143/931/5143
f 5140/928/5140 5143/931/5143 5144/932/5144
f 5140/928/5140 5144/932/5144 5145/933/5145
f 5142/929/5141 5140/928/5140 5145/933/5145
f 5142/929/5141 5145/933/5145 5146/934/5146
f 5142/929/5141 5146/934/5146 5147/935/5147
f 5141/930/5142 5142/929/5141 5147/935/5147
f 5141/930/5142 5147/935/5147 5148/936/5148
f 5141/930/5142 5148/936/5148 5149/937/5149
f 5115/901/5110 5141/930/5142 5149/937/5149
f 5115/901/5110 5149/937/5149 6116/906/5115
f 5112/900/5109 5141/930/5142 5115/901/5110
f 5111/899/5108 5139/927/5139 5112/900/5109
f 5150/938/5150 6071/939/5151 5151/855/5150
f 6071/939/5151 5152/853/5152 5153/854/5152
f 6071/939/5151 5153/854/5152 5151/855/5150
f 6071/939/5151 5150/938/5150 5154/940/5150
f 6042/941/5153 6071/939/5151 5156/942/5154
f 6071/939/5151 5155/943/5152 5152/853/5152
f 5156/942/5154 6071/939/5151 5154/940/5150
f 5162/944/5155 5163/799/5156 5164/799/5157
f 5157/805/5158 5158/945/5159 5165/946/5160
f 5157/805/5158 5165/946/5160 5166/947/5161
f 5158/945/5159 5159/803/5162 5167/948/5163
f 5158/945/5159 5167/948/5163 5165/946/5160
f 5159/803/5162 5160/802/5164 5167/948/5163
f 5160/802/5164 5161/949/5165 5168/950/5166
f 5160/802/5164 5168/950/5166 5167/948/5163
f 5161/949/5165 5162/944/5155 5168/950/5166
f 5162/944/5155 5164/799/5157 5169/951/5167
f 5162/944/5155 5169/951/5167 5168/950/5166
f 5170/952/5168 5157/805/5158 5176/953/5169
f 5170/952/5168 5158/945/5159 5157/805/5158
f 5170/952/5168 5171/954/5170 5159/803/5162
f 5170/952/5168 5159/803/5162 5158/945/5159
f 5171/954/5170 5160/802/5164 5159/803/5162
f 5171/954/5170 5172/955/5171 5161/949/5165
f 5171/954/5170 5161/949/5165 5160/802/5164
f 5172/955/5171 5162/944/5155 5161/949/5165
f 5172/955/5171 5163/799/5156 5162/944/5155
f 5163/799/5156 5173/956/5172 5174/798/5173
f 5163/799/5156 5174/798/5173 5164/799/5157
f 5164/799/5157 5174/798/5173 5175/957/5174
f 5164/799/5157 5175/957/5174 5169/951/5167
f 5176/953/5169 5157/805/5158 5166/947/5161
f 5177/847/5175 5178/846/5176 5184/847/5177
f 5184/847/5177 5178/846/5176 5185/958/5178
f 5184/847/5177 5185/958/5178 5186/959/5179
f 5178/846/5176 5179/960/5180 5185/958/5178
f 5179/960/5180 5180/844/5181 5187/961/5182
f 5179/960/5180 5187/961/5182 5185/958/5178
f 5180/844/5181 5181/843/5183 5187/961/5182
f 5181/843/5183 5182/842/5184 5188/962/5185
f 5181/843/5183 5188/962/5185 5187/961/5182
f 5182/842/5184 5183/963/5186 5188/962/5185
f 5189/964/5187 5177/847/5175 5197/965/5188
f 5177/847/5175 5190/966/5189 5178/846/5176
f 5190/966/5189 5179/960/5180 5178/846/5176
f 5190/966/5189 5191/967/5190 5180/844/5181
f 5190/966/5189 5180/844/5181 5179/960/5180
f 5191/967/5190 5181/843/5183 5180/844/5181
f 5191/967/5190 5192/968/5191 5182/842/5184
f 5191/967/5190 5182/842/5184 5181/843/5183
f 5192/968/5191 5183/963/5186 5182/842/5184
f 5192/968/5191 5193/969/5192 5194/840/5193
f 5192/968/5191 5194/840/5193 5183/963/5186
f 5183/963/5186 5194/840/5193 5195/970/5194
f 5183/963/5186 5195/970/5194 5188/962/5185
f 5197/965/5188 5184/847/5177 5186/959/5179
f 5197/965/5188 5186/959/5179 5196/971/5195
f 5197/965/5188 5177/847/5175 5184/847/5177
f 5198/972/5196 5199/874/5197 5205/973/5198
f 5199/874/5197 5200/872/5199 5206/974/5200
f 5199/874/5197 5206/974/5200 5205/973/5198
f 5200/872/5199 5201/975/5201 5206/974/5200
f 5201/975/5201 5202/870/5202 5207/976/5203
f 5201/975/5201 5207/976/5203 5206/974/5200
f 5202/870/5202 5203/869/5204 5207/976/5203
f 5203/869/5204 5204/868/5205 5208/868/5206
f 5203/869/5204 5208/868/5206 5207/976/5203
f 5204/868/5205 5209/867/5207 5210/867/5208
f 5204/868/5205 5210/867/5208 5211/867/5209
f 5204/868/5205 5211/867/5209 5212/867/5210
f 5204/868/5205 5212/867/5210 5208/868/5206
f 5208/868/5206 5212/867/5210 5213/867/5211
f 5215/23/5212 5198/972/5196 5205/973/5198
f 5215/23/5212 5205/973/5198 5214/23/5213
f 5218/924/5214 5219/977/5215 5223/978/5216
f 5219/977/5215 5220/922/5217 5223/978/5216
f 5221/979/5218 5222/920/5219 5224/920/5220
f 5216/926/5221 5217/980/5222 5225/981/5223
f 5217/980/5222 5218/924/5214 5223/978/5216
f 5217/980/5222 5223/978/5216 5225/981/5223
f 5223/978/5216 5220/922/5217 5226/982/5224
f 5220/922/5217 5221/979/5218 5226/982/5224
f 5221/979/5218 5224/920/5220 5227/983/5225
f 5221/979/5218 5227/983/5225 5226/982/5224
f 5228/984/5226 5229/985/5227 5216/926/5221
f 5228/984/5226 5216/926/5221 5233/986/5228
f 5229/985/5227 5217/980/5222 5216/926/5221
f 5229/985/5227 5230/924/5229 5218/924/5214
f 5229/985/5227 5218/924/5214 5217/980/5222
f 5230/924/5229 5219/977/5215 5218/924/5214
f 5219/977/5215 5231/987/5230 5220/922/5217
f 5231/987/5230 5221/979/5218 5220/922/5217
f 5231/987/5230 5222/920/5219 5221/979/5218
f 5222/920/5219 6003/790/5231 5001/790/5232
f 5222/920/5219 5001/790/5232 5224/920/5220
f 5224/920/5220 5001/790/5232 5227/983/5225
f 5233/986/5228 5216/926/5221 5225/981/5223
f 5233/986/5228 5225/981/5223 5232/890/5233
f 5234/743/5234 5235/988/5235 5241/989/5236
f 5234/743/5234 5241/989/5236 5242/990/5237
f 5235/988/5235 5236/741/5238 5241/989/5236
f 5236/741/5238 5237/991/5239 5243/992/5240
f 5236/741/5238 5243/992/5240 5241/989/5236
f 5237/991/5239 5238/739/5241 5243/992/5240
f 5238/739/5241 5239/738/5242 5244/993/5243
f 5238/739/5241 5244/993/5243 5243/992/5240
f 5239/738/5242 5240/737/5244 5244/993/5243
f 5962/744/5245 5245/994/5246 5234/743/5234
f 5962/744/5245 5234/743/5234 5249/744/5247
f 5245/994/5246 5235/988/5235 5234/743/5234
f 5245/994/5246 5246/995/5248 5236/741/5238
f 5245/994/5246 5236/741/5238 5235/988/5235
f 5246/995/5248 5237/991/5239 5236/741/5238
f 5246/995/5248 5247/739/5249 5238/739/5241
f 5246/995/5248 5238/739/5241 5237/991/5239
f 5247/739/5249 5248/996/5250 5239/738/5242
f 5247/739/5249 5239/738/5242 5238/739/5241
f 5248/996/5250 5240/737/5244 5239/738/5242
f 5248/996/5250 5170/952/5168 5176/953/5169
f 5248/996/5250 5176/953/5169 5240/737/5244
f 5240/737/5244 5176/953/5169 5166/947/5161
f 5240/737/5244 5166/947/5161 5244/993/5243
f 5249/744/5247 5234/743/5234 5242/990/5237
f 5250/833/5251 5251/832/5252 5257/997/5253
f 5251/832/5252 5252/831/5254 5258/998/5255
f 5251/832/5252 5258/998/5255 5257/997/5253
f 5252/831/5254 5253/830/5256 5258/998/5255
f 5253/830/5256 5254/999/5257 5259/1000/5258
f 5253/830/5256 5259/1000/5258 5258/998/5255
f 5254/999/5257 5255/828/5259 5259/1000/5258
f 5255/828/5259 5256/827/5260 5196/971/5195
f 5255/828/5259 5196/971/5195 5259/1000/5258
f 5260/812/5261 5261/1001/5262 5250/833/5251
f 5261/1001/5262 5251/832/5252 5250/833/5251
f 5261/1001/5262 5262/1002/5263 5252/831/5254
f 5261/1001/5262 5252/831/5254 5251/832/5252
f 5262/1002/5263 5253/830/5256 5252/831/5254
f 5262/1002/5263 5263/1003/5264 5254/999/5257
f 5262/1002/5263 5254/999/5257 5253/830/5256
f 5263/1003/5264 5255/828/5259 5254/999/5257
f 5263/1003/5264 5189/964/5187 5256/827/5260
f 5263/1003/5264 5256/827/5260 5255/828/5259
f 5189/964/5187 5197/965/5188 5256/827/5260
f 5256/827/5260 5197/965/5188 5196/971/5195
f 5264/812/5265 5250/833/5251 5257/997/5253
f 5260/812/5261 5250/833/5251 5264/812/5265
f 5270/1004/5266 5271/891/5267 5275/1005/5268
f 5265/897/5269 5266/1006/5270 5272/1007/5271
f 5265/897/5269 5272/1007/5271 5273/1008/5272
f 5266/1006/5270 5267/895/5273 5272/1007/5271
f 5267/895/5273 5268/894/5274 5274/1009/5275
f 5267/895/5273 5274/1009/5275 5272/1007/5271
f 5268/894/5274 5269/1010/5276 5274/1009/5275
f 5269/1010/5276 5270/1004/5266 5275/1005/5268
f 5269/1010/5276 5275/1005/5268 5274/1009/5275
f 5942/853/5277 5276/1011/5278 5265/897/5269
f 5942/853/5277 5265/897/5269 5279/853/5279
f 5276/1011/5278 5266/1006/5270 5265/897/5269
f 5276/1011/5278 5277/1012/5280 5267/895/5273
f 5276/1011/5278 5267/895/5273 5266/1006/5270
f 5277/1012/5280 5268/894/5274 5267/895/5273
f 5277/1012/5280 5278/1013/5281 5269/1010/5276
f 5277/1012/5280 5269/1010/5276 5268/894/5274
f 5278/1013/5281 5270/1004/5266 5269/1010/5276
f 5278/1013/5281 5228/984/5226 5271/891/5267
f 5278/1013/5281 5271/891/5267 5270/1004/5266
f 5228/984/5226 5233/986/5228 5271/891/5267
f 5271/891/5267 5233/986/5228 5275/1005/5268
f 5275/1005/5268 5233/986/5228 5232/890/5233
f 5275/1005/5268 5232/890/5233 6037/1014/5282
f 5279/853/5279 5265/897/5269 5273/1008/5272
f 5280/1015/5283 5281/936/5284 5287/1016/5285
f 5281/936/5284 5282/1017/5286 5288/1018/5287
f 5281/936/5284 5288/1018/5287 5287/1016/5285
f 5282/1017/5286 5283/1019/5288 5288/1018/5287
f 5283/1019/5288 5284/1020/5289 5289/1021/5290
f 5283/1019/5288 5289/1021/5290 5288/1018/5287
f 5284/1020/5289 5285/1022/5291 5289/1021/5290
f 5285/1022/5291 5286/1023/5292 5290/931/5293
f 5285/1022/5291 5290/931/5293 5289/1021/5290
f 5291/1024/5294 5280/1015/5283 5296/906/5295
f 5291/1024/5294 5292/1025/5296 5281/936/5284
f 5291/1024/5294 5281/936/5284 5280/1015/5283
f 5292/1025/5296 5282/1017/5286 5281/936/5284
f 5292/1025/5296 5293/1026/5297 5283/1019/5288
f 5292/1025/5296 5283/1019/5288 5282/1017/5286
f 5293/1026/5297 5284/1020/5289 5283/1019/5288
f 5293/1026/5297 5294/1027/5298 5285/1022/5291
f 5293/1026/5297 5285/1022/5291 5284/1020/5289
f 5294/1027/5298 5286/1023/5292 5285/1022/5291
f 5294/1027/5298 5962/744/5245 5249/744/5247
f 5294/1027/5298 5249/744/5247 5286/1023/5292
f 5286/1023/5292 5249/744/5247 5242/990/5237
f 5286/1023/5292 5242/990/5237 5290/931/5293
f 5296/906/5295 5280/1015/5283 5287/1016/5285
f 5296/906/5295 5287/1016/5285 5295/1028/5299
f 5297/1029/5300 5298/818/5301 5304/1030/5302
f 5297/1029/5300 5304/1030/5302 5175/957/5174
f 5298/818/5301 5299/1031/5303 5304/1030/5302
f 5299/1031/5303 5300/1032/5304 5305/1033/5305
f 5299/1031/5303 5305/1033/5305 5304/1030/5302
f 5300/1032/5304 5301/1034/5306 5305/1033/5305
f 5301/1034/5306 5302/1035/5307 5306/1036/5308
f 5301/1034/5306 5306/1036/5308 5305/1033/5305
f 5302/1035/5307 5303/1037/5309 5306/1036/5308
f 5173/956/5172 5297/1029/5300 5174/798/5173
f 5173/956/5172 5307/1038/5310 5298/818/5301
f 5173/956/5172 5298/818/5301 5297/1029/5300
f 5307/1038/5310 5299/1031/5303 5298/818/5301
f 5307/1038/5310 5308/1039/5311 5300/1032/5304
f 5307/1038/5310 5300/1032/5304 5299/1031/5303
f 5308/1039/5311 5301/1034/5306 5300/1032/5304
f 5308/1039/5311 5309/1040/5312 5302/1035/5307
f 5308/1039/5311 5302/1035/5307 5301/1034/5306
f 5309/1040/5312 5303/1037/5309 5302/1035/5307
f 5309/1040/5312 5260/812/5261 5303/1037/5309
f 5303/1037/5309 5260/812/5261 5264/812/5265
f 5303/1037/5309 5264/812/5265 5306/1036/5308
f 5174/798/5173 5297/1029/5300 5175/957/5174
f 5310/1041/5313 5311/859/5314 5317/1042/5315
f 5311/859/5314 5312/858/5316 5318/1043/5317
f 5311/859/5314 5318/1043/5317 5317/1042/5315
f 5312/858/5316 5313/1044/5318 5318/1043/5317
f 5313/1044/5318 5314/856/5319 5319/1045/5320
f 5313/1044/5318 5319/1045/5320 5318/1043/5317
f 5314/856/5319 5315/855/5321 5319/1045/5320
f 5315/855/5321 5316/854/5322 5320/854/5323
f 5315/855/5321 5320/854/5323 5319/1045/5320
f 5193/969/5192 5310/1041/5313 5194/840/5193
f 5193/969/5192 5321/1046/5324 5311/859/5314
f 5193/969/5192 5311/859/5314 5310/1041/5313
f 5321/1046/5324 5312/858/5316 5311/859/5314
f 5321/1046/5324 5322/1047/5325 5313/1044/5318
f 5321/1046/5324 5313/1044/5318 5312/858/5316
f 5322/1047/5325 5314/856/5319 5313/1044/5318
f 5322/1047/5325 5323/1048/5326 5315/855/5321
f 5322/1047/5325 5315/855/5321 5314/856/5319
f 5323/1048/5326 5316/854/5322 5315/855/5321
f 5323/1048/5326 5942/853/5277 5279/853/5279
f 5323/1048/5326 5279/853/5279 5316/854/5322
f 5316/854/5322 5279/853/5279 5273/1008/5272
f 5316/854/5322 5273/1008/5272 5320/854/5323
f 5194/840/5193 5310/1041/5313 5317/1042/5315
f 5194/840/5193 5317/1042/5315 5195/970/5194
f 5324/913/5327 5325/912/5328 5331/913/5329
f 5331/913/5329 5325/912/5328 5332/1049/5330
f 5331/913/5329 5332/1049/5330 5333/1050/5331
f 5325/912/5328 5326/911/5332 5332/1049/5330
f 5326/911/5332 5327/910/5333 5334/1051/5334
f 5326/911/5332 5334/1051/5334 5332/1049/5330
f 5327/910/5333 5328/909/5335 5334/1051/5334
f 5328/909/5335 5329/908/5336 5335/1052/5337
f 5328/909/5335 5335/1052/5337 5334/1051/5334
f 5329/908/5336 5330/907/5338 5335/1052/5337
f 5209/867/5339 5324/913/5327 5211/867/5340
f 5324/913/5327 5336/1053/5341 5325/912/5328
f 5336/1053/5341 5326/911/5332 5325/912/5328
f 5336/1053/5341 5337/1054/5342 5327/910/5333
f 5336/1053/5341 5327/910/5333 5326/911/5332
f 5337/1054/5342 5328/909/5335 5327/910/5333
f 5337/1054/5342 5338/1055/5343 5329/908/5336
f 5337/1054/5342 5329/908/5336 5328/909/5335
f 5338/1055/5343 5330/907/5338 5329/908/5336
f 5338/1055/5343 5291/1024/5294 5296/906/5295
f 5338/1055/5343 5296/906/5295 5330/907/5338
f 5330/907/5338 5296/906/5295 5295/1028/5299
f 5330/907/5338 5295/1028/5299 5335/1052/5337
f 5213/867/5344 5331/913/5329 5333/1050/5331
f 5211/867/5340 5331/913/5329 5213/867/5344
f 5211/867/5340 5324/913/5327 5331/913/5329
f 6059/1056/5345 5339/1057/5346 5343/798/5346
f 5339/1057/5346 6059/1056/5345 5340/1031/5346
f 6059/1056/5345 5341/1058/5346 5340/1031/5346
f 6059/1056/5345 5342/1059/5346 5341/1058/5346
f 6059/1056/5345 5344/812/5346 5342/1059/5346
f 5346/1060/5346 6068/1061/5347 5347/908/5346
f 5347/908/5346 6068/1061/5347 5348/1062/5346
f 6068/1061/5347 5377/1015/5346 5348/1062/5346
f 6068/1061/5347 5345/1063/5346 5349/867/5348
f 6068/1061/5347 5346/1060/5346 5345/1063/5346
f 5351/867/5346 5345/1063/5346 5350/867/5349
f 5352/1064/5350 5345/1063/5346 5351/867/5346
f 5349/867/5348 5345/1063/5346 5352/1064/5350
f 5354/1065/5351 6064/1066/5352 5353/1067/5353
f 6049/1068/5354 6064/1066/5352 5354/1065/5351
f 5355/1069/5346 6059/1056/5345 5356/1070/5346
f 6059/1056/5345 5357/1071/5346 5358/949/5346
f 5356/1070/5346 6059/1056/5345 5358/949/5346
f 6042/941/5153 5156/942/5154 5360/1072/5346
f 6042/941/5153 5360/1072/5346 5361/1073/5346
f 6042/941/5153 5361/1073/5346 5362/1074/5346
f 6054/1075/5355 6068/1076/5356 5352/867/5357
f 6054/1075/5355 5352/867/5357 5350/867/5357
f 6038/1077/5358 5365/977/5359 5363/924/5357
f 6038/1077/5358 6049/1078/5360 5365/977/5359
f 5365/977/5359 6049/1078/5360 5353/1067/5361
f 5365/977/5359 5353/1067/5361 5366/1079/5346
f 5366/1079/5346 5353/1067/5361 5367/790/5362
f 6038/1077/5358 5364/1080/5357 5368/1081/5359
f 6038/1077/5358 5363/924/5357 5364/1080/5357
f 6045/1082/5363 5369/1083/5346 5373/744/5346
f 6045/1082/5363 5370/1084/5346 5369/1083/5346
f 6045/1082/5363 5371/739/5346 5370/1084/5346
f 6045/1082/5363 5372/1085/5346 5371/739/5346
f 6045/1082/5363 6059/1056/5345 5372/1085/5346
f 6059/1056/5345 5355/1069/5346 5359/953/5346
f 6059/1056/5345 5359/953/5346 5372/1085/5346
f 6042/941/5153 5374/826/5346 6059/1056/5345
f 6071/939/5151 6038/1077/5358 5155/943/5152
f 6038/1077/5358 5375/1086/5152 5155/943/5152
f 6038/1077/5358 5376/1087/5359 5375/1086/5152
f 5376/1087/5359 6038/1077/5358 5368/1081/5359
f 5377/1015/5346 6045/1082/5363 5380/1088/5346
f 6045/1082/5363 5378/1089/5346 5380/1088/5346
f 6068/1061/5347 6045/1082/5363 5377/1015/5346
f 6045/1082/5363 5379/1090/5346 5378/1089/5346
f 6045/1082/5363 5373/744/5346 5379/1090/5346
f 5381/1057/5346 5340/1031/5346 5525/1091/5346
f 5340/1031/5346 5382/1092/5346 5525/1091/5346
f 5382/1092/5346 5383/1093/5346 5525/1091/5346
f 5525/1091/5346 5383/1093/5346 5386/1094/5346
f 5525/1091/5346 5386/1094/5346 5385/1095/5346
f 5525/1091/5346 5385/1095/5346 5384/1096/5364
f 5383/1093/5346 5344/812/5346 5386/1094/5346
f 5384/1096/5364 5385/1095/5346 5387/1097/5365
f 5388/1098/5346 5345/1063/5346 5389/913/5346
f 5388/1098/5346 5389/913/5346 5395/867/5346
f 5350/867/5349 5345/1063/5346 5388/1098/5346
f 6064/1066/5352 5391/1099/5346 5392/790/5346
f 5353/1067/5353 6064/1066/5352 5390/1100/5365
f 5393/1101/5353 6064/1066/5352 5392/790/5346
f 5367/790/5366 6064/1066/5352 5393/1101/5353
f 5390/1100/5365 6064/1066/5352 5367/790/5366
f 5357/1071/5346 6059/1056/5345 5343/798/5346
f 6042/941/5153 5394/847/5346 5374/826/5346
f 6042/941/5153 5362/1074/5346 5394/847/5346
f 6054/1075/5355 5350/867/5357 5397/867/5357
f 6054/1075/5355 5397/867/5357 5388/867/5357
f 6054/1075/5355 5388/867/5357 5398/867/5357
f 6054/1075/5355 5398/867/5357 5395/867/5346
f 6054/1075/5355 5395/867/5346 5396/1102/5346
f 5366/1079/5346 5399/790/5349 5400/920/5346
f 5366/1079/5346 5367/790/5362 5399/790/5349
f 5400/920/5346 5399/790/5349 5393/790/5367
f 5400/920/5346 5393/790/5367 5401/790/5346
f 6059/1056/5345 5402/1103/5346 5344/812/5346
f 6059/1056/5345 5403/1104/5346 5402/1103/5346
f 6059/1056/5345 5404/1105/5346 5403/1104/5346
f 6059/1056/5345 5374/826/5346 5405/827/5366
f 6059/1056/5345 5405/827/5366 5404/1105/5346
f 5407/1106/5346 5406/1107/5346 5409/1108/5346
f 5406/1107/5346 5408/1109/5346 5409/1108/5346
f 5410/1110/5346 5408/1109/5346 5411/1111/5346
f 5410/1110/5346 5412/1112/5346 5413/1113/5346
f 5410/1110/5346 5413/1113/5346 5408/1109/5346
f 5414/1114/5346 5415/1115/5346 5413/1113/5346
f 5415/1115/5346 5416/1116/5364 5413/1113/5346
f 5416/1116/5364 5417/1117/5364 5418/1118/5346
f 5420/1119/5346 5421/1120/5346 5419/1121/5346
f 5419/1121/5346 5421/1120/5346 5423/1122/5346
f 5421/1120/5346 5422/1123/5346 5423/1122/5346
f 5424/1124/5346 5426/1125/5346 5425/1126/5346
f 5429/1127/5346 5428/1128/5346 5432/1129/5346
f 5428/1128/5346 5430/1130/5346 5432/1129/5346
f 5430/1130/5346 5431/1131/5368 5433/1132/5366
f 5436/1133/5346 5437/1134/5346 5434/1135/5346
f 5435/1136/5346 5434/1135/5346 5438/1137/5366
f 5434/1135/5346 5437/1134/5346 5438/1137/5366
f 5439/1138/5346 5442/1139/5346 5440/1140/5346
f 5439/1138/5346 5441/1141/5346 5442/1139/5346
f 5444/1142/5346 5445/1143/5346 5443/1144/5346
f 5447/1145/5346 5448/1146/5346 5446/1147/5346
f 5448/1146/5346 5449/1148/5366 5450/1149/5346
f 5453/1150/5364 5454/1151/5346 5452/1152/5346
f 5451/1153/5346 5452/1152/5346 5455/1154/5346
f 5452/1152/5346 5454/1151/5346 5455/1154/5346
f 5456/1155/5346 5457/1156/5346 5458/1157/5346
f 5457/1156/5346 5459/1158/5366 5460/1159/5366
f 5457/1156/5346 5460/1159/5366 5461/1160/5364
f 5423/1122/5346 5418/1118/5346 5462/1161/5366
f 5425/1126/5346 5426/1125/5346 5422/1123/5346
f 5432/1129/5346 5430/1130/5346 5427/1162/5346
f 5438/1137/5366 5463/1163/5353 5431/1164/5369
f 5438/1137/5366 5433/1132/5366 5463/1163/5353
f 5440/1140/5346 5437/1134/5346 5464/1165/5346
f 5446/1147/5346 5448/1146/5346 5445/1143/5346
f 5455/1154/5346 5450/1149/5346 5465/1166/5364
f 5458/1157/5346 5457/1156/5346 5454/1151/5346
f 5409/1108/5346 5461/1160/5364 5459/1158/5346
f 5409/1108/5346 5408/1109/5346 5466/1167/5346
f 5409/1108/5346 5466/1167/5346 5461/1160/5364
f 5408/1109/5346 5413/1113/5346 5466/1167/5346
f 5416/1116/5364 5418/1118/5346 5466/1167/5346
f 5416/1116/5364 5466/1167/5346 5413/1113/5346
f 5423/1122/5346 5422/1123/5346 5466/1167/5346
f 5423/1122/5346 5466/1167/5346 5418/1118/5346
f 5426/1125/5346 5427/1162/5346 5466/1167/5346
f 5426/1125/5346 5466/1167/5346 5422/1123/5346
f 5430/1130/5346 5433/1132/5366 5466/1167/5346
f 5430/1130/5346 5466/1167/5346 5427/1162/5346
f 5438/1137/5366 5437/1134/5346 5466/1167/5346
f 5438/1137/5366 5466/1167/5346 5433/1132/5366
f 5440/1140/5346 5442/1139/5346 5466/1167/5346
f 5440/1140/5346 5466/1167/5346 5437/1134/5346
f 5443/1144/5346 5445/1143/5346 5466/1167/5346
f 5443/1144/5346 5466/1167/5346 5442/1139/5346
f 5448/1146/5346 5450/1149/5346 5466/1167/5346
f 5448/1146/5346 5466/1167/5346 5445/1143/5346
f 5455/1154/5346 5454/1151/5346 5466/1167/5346
f 5455/1154/5346 5466/1167/5346 5450/1149/5346
f 5457/1156/5346 5461/1160/5364 5466/1167/5346
f 5457/1156/5346 5466/1167/5346 5454/1151/5346
f 5406/1107/5346 5468/1168/5346 5408/1109/5346
f 5468/1168/5346 5469/1169/5346 5408/1109/5346
f 5467/1170/5364 5406/1107/5346 5407/1106/5346
f 5412/1112/5346 5471/1171/5349 5413/1113/5346
f 5470/1172/5346 5410/1110/5346 5411/1111/5346
f 5411/1111/5346 5408/1109/5346 5472/1169/5346
f 5473/1173/5364 5415/1115/5346 5414/1114/5346
f 5416/1116/5364 5462/1161/5346 5417/1117/5364
f 5414/1114/5346 5413/1113/5346 5474/1174/5346
f 5474/1174/5346 5413/1113/5346 5475/1171/5346
f 5476/1175/5346 5420/1119/5346 5419/1121/5346
f 5477/1176/5346 5424/1124/5346 5425/1126/5346
f 5430/1130/5346 5479/1177/5346 5431/1131/5368
f 5478/1178/5346 5428/1128/5346 5429/1127/5346
f 5434/1135/5346 5481/1179/5346 5436/1133/5346
f 5481/1179/5346 5464/1165/5346 5436/1133/5346
f 5480/1180/5346 5434/1135/5346 5435/1136/5346
f 5438/1137/5366 5431/1164/5369 5482/1177/5365
f 5441/1141/5346 5484/1181/5154 5442/1139/5346
f 5483/1182/5346 5439/1138/5346 5440/1140/5346
f 5485/1183/5346 5444/1142/5346 5443/1144/5346
f 5444/1142/5346 5486/1184/5154 5445/1143/5346
f 5486/1184/5154 5487/1185/5364 5445/1143/5346
f 5443/1144/5346 5442/1139/5346 5488/1186/5346
f 5488/1186/5346 5442/1139/5346 5489/1181/5346
f 5490/1187/5346 5447/1145/5346 5446/1147/5346
f 5448/1146/5346 5465/1166/5346 5449/1148/5366
f 5446/1147/5346 5445/1143/5346 5491/1188/5364
f 5491/1188/5364 5445/1143/5346 5492/1185/5364
f 5493/1189/5346 5452/1152/5346 5451/1153/5346
f 5494/1190/5346 5456/1155/5346 5458/1157/5346
f 5494/1190/5346 5458/1157/5346 5495/1191/5346
f 5495/1191/5346 5458/1157/5346 5496/1192/5346
f 5498/940/5346 5499/1193/5346 5501/894/5346
f 5499/1193/5346 5153/1194/5346 5501/894/5346
f 5500/1072/5346 5497/1195/5346 5534/1196/5346
f 5497/1195/5346 5498/940/5346 5534/1196/5346
f 5498/940/5346 5501/894/5346 5502/1197/5346
f 5498/940/5346 5502/1197/5346 5534/1196/5346
f 5534/1196/5346 5502/1197/5346 5505/1198/5346
f 5534/1196/5346 5505/1198/5346 5503/856/5346
f 5153/1194/5346 5504/853/5346 5501/894/5346
f 5534/1196/5346 5503/856/5346 5506/1199/5349
f 5534/1196/5346 5506/1199/5349 5507/858/5346
f 5534/1196/5346 5507/858/5346 5508/1200/5152
f 5539/913/5346 5509/1201/5346 5512/1202/5346
f 5509/1201/5346 5510/1060/5346 5513/1203/5346
f 5509/1201/5346 5513/1203/5346 5512/1202/5346
f 5510/1060/5346 5511/908/5346 5513/1203/5346
f 5512/1202/5346 5513/1203/5346 5515/1204/5346
f 5512/1202/5346 5515/1204/5346 5514/911/5346
f 5514/911/5346 5515/1204/5346 5516/910/5154
f 5512/1202/5346 5514/911/5346 5517/1205/5366
f 5392/790/5346 5391/1099/5346 5518/1206/5346
f 5518/1206/5346 5391/1099/5346 5520/1207/5346
f 5518/1206/5346 5520/1207/5346 5519/1208/5364
f 5519/1208/5364 5520/1207/5346 5521/784/5370
f 5523/1070/5346 5358/949/5371 5524/1209/5346
f 5522/1069/5346 5523/1070/5346 5553/1210/5346
f 5523/1070/5346 5524/1209/5346 5553/1210/5346
f 5553/1210/5346 5524/1209/5346 5525/1091/5346
f 5553/1210/5346 5525/1091/5346 5527/1211/5346
f 5553/1210/5346 5527/1211/5346 5526/1212/5346
f 5524/1209/5346 5343/798/5346 5381/1057/5346
f 5524/1209/5346 5381/1057/5346 5525/1091/5346
f 5526/1212/5346 5527/1211/5346 5528/949/5154
f 5526/1212/5346 5528/949/5154 5529/802/5154
f 5530/1213/5346 5522/1069/5346 5553/1210/5346
f 5533/844/5346 5361/843/5346 5534/1196/5346
f 5361/843/5346 5500/1072/5346 5534/1196/5346
f 5374/1214/5346 5531/847/5346 5562/1215/5346
f 5531/847/5346 5532/1074/5346 5562/1215/5346
f 5532/1074/5346 5533/844/5346 5534/1196/5346
f 5532/1074/5346 5534/1196/5346 5562/1215/5346
f 5562/1215/5346 5534/1196/5346 5536/1216/5346
f 5562/1215/5346 5536/1216/5346 5535/845/5346
f 5535/845/5346 5536/1216/5346 5537/844/5349
f 5562/1215/5346 5535/845/5346 5538/1217/5366
f 5396/1102/5346 5539/913/5346 5512/1202/5346
f 5396/1102/5346 5512/1202/5346 5540/1218/5346
f 5396/1102/5346 5540/1218/5346 5541/1219/5346
f 5396/1102/5346 5395/867/5346 5539/913/5346
f 5541/1219/5346 5540/1218/5346 5542/975/5370
f 5544/1220/5346 5545/920/5372 5392/790/5346
f 5543/1080/5346 5363/1221/5346 5546/1222/5346
f 5363/1221/5346 5518/1206/5346 5546/1222/5346
f 5363/1221/5346 5544/1220/5346 5518/1206/5346
f 5544/1220/5346 5392/790/5346 5518/1206/5346
f 5571/1223/5346 5543/1080/5346 5570/1224/5366
f 5543/1080/5346 5546/1222/5346 5570/1224/5366
f 5546/1222/5346 5518/1206/5346 5547/1225/5346
f 5546/1222/5346 5547/1225/5346 5548/922/5349
f 5546/1222/5346 5548/922/5349 5549/977/5349
f 5551/1084/5346 5371/739/5346 5552/1085/5346
f 5551/1084/5346 5552/1085/5346 5553/1210/5346
f 5552/1085/5346 5530/1213/5346 5553/1210/5346
f 5550/1083/5346 5551/1084/5346 5578/1226/5346
f 5551/1084/5346 5553/1210/5346 5578/1226/5346
f 5578/1226/5346 5553/1210/5346 5555/1227/5346
f 5578/1226/5346 5555/1227/5346 5554/991/5346
f 5554/991/5346 5555/1227/5346 5556/739/5373
f 5578/1226/5346 5554/991/5346 5557/741/5357
f 5578/1226/5346 5557/741/5357 5558/1228/5374
f 5373/744/5346 5550/1083/5346 5578/1226/5346
f 5559/1229/5346 5560/1104/5346 5562/1215/5346
f 5560/1104/5346 5561/1105/5346 5562/1215/5346
f 5559/1229/5346 5562/1215/5346 5386/1094/5346
f 5562/1215/5346 5563/1230/5346 5386/1094/5346
f 5386/1094/5346 5563/1230/5346 5564/831/5346
f 5561/1105/5346 5374/1214/5346 5562/1215/5346
f 5564/831/5346 5563/1230/5346 5565/830/5375
f 5386/1094/5346 5564/831/5346 5566/1231/5365
f 5344/812/5346 5559/1229/5346 5386/1094/5346
f 5568/1086/5346 5376/1232/5364 5569/1004/5346
f 5567/943/5346 5571/1223/5346 5501/894/5346
f 5567/943/5346 5568/1086/5346 5571/1223/5346
f 5568/1086/5346 5569/1004/5346 5571/1223/5346
f 5569/1004/5346 5368/1081/5346 5571/1223/5346
f 5368/1081/5346 5543/1080/5346 5571/1223/5346
f 5501/894/5346 5571/1223/5346 5572/1232/5376
f 5502/1197/5346 5501/894/5346 5573/1233/5366
f 5504/853/5346 5567/943/5346 5501/894/5346
f 5576/1234/5346 5378/933/5346 5575/1088/5346
f 5348/1062/5346 5574/1015/5346 5578/1226/5346
f 5574/1015/5346 5575/1088/5346 5578/1226/5346
f 5575/1088/5346 5378/933/5346 5578/1226/5346
f 5378/933/5346 5577/1090/5346 5578/1226/5346
f 5513/1203/5346 5578/1226/5346 5579/1235/5346
f 5577/1090/5346 5373/744/5346 5578/1226/5346
f 5513/1203/5346 5579/1235/5346 5580/1234/5154
f 5513/1203/5346 5580/1234/5154 5581/1236/5346
f 5513/1203/5346 5581/1236/5346 5582/1237/5350
f 5511/908/5346 5578/1226/5346 5513/1203/5346
f 5511/908/5346 5348/1062/5346 5578/1226/5346
f 6332/1238/5377 5583/1239/5378 5585/1240/5378
f 6332/1238/5377 5586/1241/5378 5587/1241/5378
f 6332/1238/5377 5587/1241/5378 5662/1241/5378
f 6332/1238/5377 5662/1241/5378 5588/1241/5378
f 6332/1238/5377 5588/1241/5378 5583/1239/5378
f 5583/1239/5378 5588/1241/5378 5661/1242/5378
f 6332/1238/5377 5585/1240/5378 5589/1243/5378
f 6332/1238/5377 5589/1243/5378 5590/1244/5378
f 6332/1238/5377 5590/1244/5378 5591/1245/5378
f 5584/1246/5378 6332/1238/5377 5591/1245/5378
f 6442/1247/5379 6443/777/4971 5594/779/4973
f 5594/779/4973 6454/778/4972 5593/1248/5378
f 5596/1249/5380 5594/1248/5381 5597/1250/5382
f 5596/1249/5380 6425/1251/5383 5594/1248/5381
f 6425/1251/5383 5595/1252/5384 5594/1248/5381
f 5600/1250/5378 5594/1248/5381 5599/1250/5378
f 6411/1253/5378 5594/1248/5381 5600/1250/5378
f 5597/1250/5382 5594/1248/5381 6411/1253/5378
f 5603/1254/5385 6411/1253/5378 5601/1254/5378
f 6411/1253/5378 5604/1250/5386 5597/1250/5382
f 5602/1255/5378 6411/1253/5378 5600/1250/5378
f 5602/1255/5378 5600/1250/5378 5605/1250/5378
f 6411/1253/5378 5602/1255/5378 5606/1256/5378
f 5601/1254/5378 6411/1253/5378 5607/1257/5378
f 5608/1254/5378 5601/1254/5378 5607/1257/5378
f 5622/1258/5387 5609/1254/5388 5610/1241/5389
f 5622/1258/5387 6397/1259/5390 5609/1254/5388
f 6397/1259/5390 5601/1254/5391 5609/1254/5388
f 6397/1259/5390 5611/1254/5392 5601/1254/5391
f 5612/1241/5378 5609/1254/5388 5586/1241/5378
f 5610/1241/5389 5609/1254/5388 5612/1241/5378
f 6381/1260/5393 6387/1261/5394 5613/1262/5395
f 5616/1263/5396 5617/1264/5397 5615/1265/5398
f 6368/1266/5399 5616/1263/5396 5615/1265/5398
f 6368/1266/5399 5619/1267/5400 5620/1268/5401
f 6368/1266/5399 5620/1268/5401 5616/1263/5396
f 5615/1265/5398 5617/1264/5397 5621/1269/5402
f 5615/1265/5398 5621/1269/5402 5618/1270/5403
f 6355/1271/5404 5622/1272/5405 6332/1238/5377
f 5622/1272/5405 5612/1241/5378 6332/1238/5377
f 6332/1238/5377 5612/1241/5378 5623/1241/5378
f 6332/1238/5377 5623/1241/5378 5586/1241/5378
f 5624/1273/5406 5613/1274/5407 6343/1275/5408
f 5619/1276/5409 6332/1238/5377 5616/1277/5410
f 5625/1268/5411 6332/1238/5377 5621/1269/5412
f 5617/1268/5378 6332/1238/5377 5625/1268/5411
f 5626/1268/5378 5616/1277/5410 6332/1238/5377
f 5626/1268/5378 6332/1238/5377 5617/1268/5378
f 6309/1278/5413 6320/1279/5414 6454/778/4972
f 6320/1279/5414 6343/1275/5408 6454/778/4972
f 6307/1280/5415 6308/1281/5416 6454/778/4972
f 6308/1281/5416 6309/1278/5413 6454/778/4972
f 5627/1245/5378 5629/1239/5378 5592/1282/5378
f 5627/1245/5378 5628/1243/5378 5629/1239/5378
f 5592/1282/5378 5629/1239/5378 5630/1283/5378
f 5592/1282/5378 5630/1283/5378 5893/1284/5378
f 5893/1284/5378 5630/1283/5378 5631/1245/5378
f 5632/1246/5378 5627/1245/5378 5592/1282/5378
f 5633/1244/5378 5628/1243/5378 5627/1245/5378
f 5634/1240/5378 5629/1239/5378 5628/1243/5378
f 5629/1239/5378 5661/1242/5378 5630/1283/5378
f 5630/1283/5378 5635/1239/5397 5636/1240/5378
f 5631/1245/5378 5630/1283/5378 5636/1240/5378
f 5631/1245/5378 5636/1240/5378 5637/1243/5378
f 5631/1245/5378 5637/1243/5378 5638/1244/5378
f 5893/1284/5378 5631/1245/5378 5639/1246/5378
f 6343/1275/5408 5641/1285/5378 5642/1286/5378
f 6343/1275/5408 5642/1286/5378 5643/1287/5378
f 6343/1275/5408 5643/1287/5378 5644/1288/5378
f 6343/1275/5408 5644/1288/5378 5645/1289/5378
f 6343/1275/5408 5645/1289/5378 5646/1290/5378
f 5640/1291/5378 6343/1275/5408 5646/1290/5378
f 6454/778/4972 5640/1291/5378 5647/1292/5378
f 6454/778/4972 5647/1292/5378 5648/1293/5378
f 6454/778/4972 6343/1275/5408 5640/1291/5378
f 6454/778/4972 5649/1294/5378 5650/1295/5378
f 6454/778/4972 5651/1296/5378 5649/1294/5378
f 6454/778/4972 5652/1297/5378 5651/1296/5378
f 6454/778/4972 5653/1298/5378 5652/1297/5378
f 6454/778/4972 5654/1299/5378 5653/1298/5378
f 6454/778/4972 5655/1300/5378 5654/1299/5378
f 6454/778/4972 5656/1301/5378 5655/1300/5378
f 5657/1248/5378 5650/1295/5378 5658/1248/5378
f 5659/1248/5378 6454/778/4972 5650/1295/5378
f 5659/1248/5378 5650/1295/5378 5657/1248/5378
f 5598/1248/5378 6454/778/4972 5659/1248/5378
f 5593/1248/5378 6454/778/4972 5598/1248/5378
f 5586/1241/5378 5609/1254/5388 5660/1302/5378
f 5662/1241/5378 5660/1302/5378 5661/1242/5378
f 5586/1241/5378 5660/1302/5378 5662/1241/5378
f 6343/1275/5408 5663/1303/5378 5664/1304/5378
f 6343/1275/5408 5613/1274/5407 5665/1274/5378
f 6343/1275/5408 5665/1274/5378 5666/1274/5378
f 6343/1275/5408 5666/1274/5378 5663/1303/5378
f 5663/1303/5378 5666/1274/5378 5667/1274/5378
f 6343/1275/5408 5664/1304/5378 5668/1305/5378
f 6343/1275/5408 5668/1305/5378 5669/1306/5378
f 6343/1275/5408 5669/1306/5378 5670/1307/5378
f 6343/1275/5408 5670/1307/5378 5671/1308/5378
f 6343/1275/5408 5671/1308/5378 5672/1309/5378
f 5641/1285/5378 6343/1275/5408 5672/1309/5378
f 5615/1265/5398 5618/1270/5403 5674/1268/5378
f 5615/1265/5398 5674/1268/5378 5675/1268/5378
f 5615/1265/5398 5675/1268/5378 5673/1268/5378
f 5857/1310/5378 5615/1265/5398 5673/1268/5378
f 6454/778/4972 5677/1311/5378 5678/1312/5378
f 6454/778/4972 5678/1312/5378 5679/1313/5378
f 6454/778/4972 5679/1313/5378 5680/1314/5378
f 5676/1315/5378 6454/778/4972 5680/1314/5378
f 6454/778/4972 5676/1315/5378 5681/1316/5378
f 6454/778/4972 5681/1316/5378 5682/1317/5378
f 6454/778/4972 5682/1317/5378 5683/1318/5378
f 5656/1301/5378 6454/778/4972 5683/1318/5378
f 5660/1302/5378 5684/1255/5378 5599/1250/5378
f 5609/1254/5388 5607/1257/5378 5660/1302/5378
f 5607/1257/5378 6411/1253/5378 5660/1302/5378
f 6411/1253/5378 5606/1256/5378 5660/1302/5378
f 5606/1256/5378 5684/1255/5378 5660/1302/5378
f 5613/1262/5395 6387/1261/5394 5685/1319/5378
f 5666/1274/5417 5685/1319/5378 5686/1274/5378
f 5687/1274/5418 5685/1319/5378 5666/1274/5417
f 5665/1274/5418 5685/1319/5378 5687/1274/5418
f 5614/1274/5403 5613/1262/5395 5685/1319/5378
f 5614/1274/5403 5685/1319/5378 5665/1274/5418
f 5621/1269/5412 6332/1238/5377 5674/1268/5382
f 6332/1238/5377 5584/1246/5378 5592/1282/5378
f 6332/1238/5377 5592/1282/5378 5690/1320/5378
f 6332/1238/5377 5690/1320/5378 5691/1321/5378
f 5688/1322/5378 6332/1238/5377 5691/1321/5378
f 6332/1238/5377 5688/1322/5378 5692/1323/5378
f 6332/1238/5377 5692/1323/5378 5693/1324/5378
f 6332/1238/5377 5693/1324/5378 5694/1325/5378
f 5689/1326/5378 6332/1238/5377 5694/1325/5378
f 5674/1268/5382 6332/1238/5377 5689/1326/5378
f 5674/1268/5382 5689/1326/5378 5673/1268/5378
f 6454/778/4972 5648/1293/5378 5697/1327/5378
f 5696/1328/5378 6454/778/4972 5697/1327/5378
f 6454/778/4972 5696/1328/5378 5698/1329/5378
f 6454/778/4972 5698/1329/5378 5699/1330/5378
f 6454/778/4972 5699/1330/5378 5700/1331/5378
f 5695/1332/5378 6454/778/4972 5700/1331/5378
f 6454/778/4972 5695/1332/5378 5701/1333/5378
f 6454/778/4972 5701/1333/5378 5677/1311/5378
f 5594/1248/5381 5598/1248/5378 5599/1250/5378
f 5599/1250/5378 5598/1248/5378 5657/1248/5378
f 5599/1250/5378 5657/1248/5378 5916/1334/5378
f 5702/1335/5378 5703/1336/5378 5704/1337/5378
f 5703/1336/5378 5705/1338/5378 5704/1337/5378
f 5704/1337/5378 5705/1338/5378 5740/1339/5378
f 5707/1340/5378 5708/1341/5378 5709/1342/5378
f 5710/1343/5378 5711/1344/5378 5712/1345/5378
f 5712/1345/5378 5711/1344/5378 5714/1346/5378
f 5711/1344/5378 5713/1347/5378 5740/1339/5378
f 5711/1344/5378 5740/1339/5378 5707/1340/5378
f 5718/1348/5378 5719/1349/5378 5740/1339/5378
f 5721/1350/5378 5722/1351/5419 5723/1352/5420
f 5721/1350/5378 5723/1352/5420 5740/1353/5378
f 5725/1354/5378 5726/1355/5378 5727/1356/5378
f 5725/1354/5378 5727/1356/5378 5740/1339/5378
f 5732/1357/5378 5733/1358/5421 5740/1339/5397
f 5735/1359/5378 5736/1360/5378 5737/1361/5378
f 5735/1359/5378 5737/1361/5378 5740/1339/5378
f 5707/1340/5378 5740/1339/5378 5741/1362/5378
f 5714/1346/5378 5711/1344/5378 5709/1342/5378
f 5711/1344/5378 5707/1340/5378 5709/1342/5378
f 5721/1350/5378 5743/1363/5378 5719/1349/5378
f 5721/1350/5378 5740/1353/5378 5743/1363/5378
f 5725/1354/5378 5740/1339/5378 5722/1364/5402
f 5729/1365/5389 5740/1339/5422 5726/1355/5382
f 5732/1357/5378 5740/1339/5397 5730/1366/5378
f 5735/1359/5378 5740/1339/5378 5744/1367/5378
f 5739/1368/5378 5740/1339/5378 5736/1360/5378
f 5745/1369/5378 5703/1336/5378 5702/1335/5378
f 5746/1370/5382 5741/1362/5382 5705/1338/5378
f 5746/1370/5382 5705/1338/5378 5703/1336/5378
f 5747/1371/5378 5704/1337/5378 5740/1339/5378
f 5747/1371/5378 5740/1339/5378 5748/1372/5378
f 5749/1373/5378 5750/1374/5378 5707/1340/5378
f 5749/1373/5378 5707/1340/5378 5706/1375/5378
f 5750/1374/5378 5751/1376/5378 5707/1340/5378
f 5751/1376/5378 5708/1341/5378 5707/1340/5378
f 5706/1375/5378 5707/1340/5378 5752/1377/5378
f 5752/1377/5378 5707/1340/5378 5753/1378/5378
f 5753/1378/5378 5707/1340/5378 5741/1362/5378
f 5754/1379/5378 5755/1380/5378 5711/1344/5378
f 5754/1379/5378 5711/1344/5378 5710/1343/5378
f 5755/1380/5378 5756/1381/5378 5711/1344/5378
f 5756/1381/5378 5713/1347/5378 5711/1344/5378
f 5712/1345/5378 5714/1346/5378 5757/1382/5378
f 5757/1382/5378 5714/1346/5378 5708/1341/5378
f 5715/1383/5378 5759/1384/5378 5740/1339/5378
f 5759/1384/5378 5760/1385/5378 5740/1339/5378
f 5760/1385/5378 5761/1386/5378 5740/1339/5378
f 5758/1387/5378 5715/1383/5378 5740/1339/5378
f 5758/1387/5378 5740/1339/5378 5762/1388/5378
f 5762/1388/5378 5740/1339/5378 5763/1389/5378
f 5763/1389/5378 5740/1339/5378 5742/1390/5378
f 5764/1391/5378 5765/1392/5378 5716/1393/5378
f 5765/1392/5378 5766/1394/5378 5716/1393/5378
f 5766/1394/5378 5767/1395/5378 5740/1339/5378
f 5766/1394/5378 5740/1339/5378 5716/1393/5378
f 5768/1396/5378 5716/1393/5378 5740/1339/5378
f 5768/1396/5378 5740/1339/5378 5769/1397/5378
f 5769/1397/5378 5740/1339/5378 5761/1386/5378
f 5770/1398/5378 5717/1399/5378 5771/1400/5378
f 5717/1399/5378 5772/1401/5378 5718/1348/5378
f 5772/1401/5378 5773/1402/5378 5718/1348/5378
f 5773/1402/5378 5719/1349/5378 5718/1348/5378
f 5771/1400/5378 5717/1399/5378 5718/1348/5378
f 5774/1403/5378 5718/1348/5378 5740/1339/5378
f 5774/1403/5378 5740/1339/5378 5775/1395/5378
f 5777/1404/5378 5778/1405/5378 5722/1351/5419
f 5777/1404/5378 5722/1351/5419 5721/1350/5378
f 5776/1406/5378 5720/1407/5378 5721/1350/5378
f 5776/1406/5378 5721/1350/5378 5779/1408/5378
f 5779/1408/5378 5721/1350/5378 5780/1409/5397
f 5780/1409/5397 5721/1350/5378 5719/1349/5378
f 5781/1410/5378 5782/1411/5378 5725/1354/5378
f 5781/1410/5378 5725/1354/5378 5724/1412/5378
f 5782/1411/5378 5783/1413/5378 5725/1354/5378
f 5783/1413/5378 5726/1355/5378 5725/1354/5378
f 5784/1414/5378 5725/1354/5378 5722/1364/5402
f 5784/1414/5378 5722/1364/5402 5785/1405/5378
f 5786/1415/5423 5787/1416/5423 5729/1365/5389
f 5786/1415/5423 5729/1365/5389 5728/1417/5403
f 5787/1416/5423 5788/1418/5424 5729/1365/5389
f 5788/1418/5424 5730/1366/5424 5729/1365/5389
f 5728/1417/5403 5729/1365/5389 5789/1419/5382
f 5789/1419/5382 5729/1365/5389 5790/1420/5403
f 5790/1420/5403 5729/1365/5389 5726/1355/5382
f 5791/1421/5378 5732/1357/5378 5731/1422/5378
f 5792/1423/5389 5744/1367/5388 5733/1358/5421
f 5792/1423/5389 5733/1358/5421 5732/1357/5378
f 5731/1422/5378 5732/1357/5378 5793/1424/5378
f 5793/1424/5378 5732/1357/5378 5794/1425/5378
f 5794/1425/5378 5732/1357/5378 5730/1366/5378
f 5796/1426/5378 5797/1427/5378 5736/1360/5378
f 5796/1426/5378 5736/1360/5378 5735/1359/5378
f 5795/1428/5378 5734/1429/5378 5735/1359/5378
f 5795/1428/5378 5735/1359/5378 5798/1430/5378
f 5798/1430/5378 5735/1359/5378 5799/1431/5378
f 5799/1431/5378 5735/1359/5378 5744/1367/5378
f 5801/1432/5378 5802/1372/5378 5740/1339/5378
f 5801/1432/5378 5740/1339/5378 5739/1368/5378
f 5800/1433/5378 5738/1434/5378 5739/1368/5378
f 5800/1433/5378 5739/1368/5378 5803/1435/5378
f 5803/1435/5378 5739/1368/5378 5804/1436/5378
f 5804/1436/5378 5739/1368/5378 5736/1360/5378
f 5804/1436/5378 5736/1360/5378 5797/1427/5378
f 5806/1289/5378 5807/1287/5378 5805/1437/5378
f 5807/1287/5378 5816/1285/5378 5805/1437/5378
f 5805/1437/5378 5816/1285/5378 5846/1438/5378
f 5905/1439/5378 5805/1437/5378 5808/1437/5378
f 5805/1437/5378 5809/1287/5378 5808/1437/5378
f 5805/1437/5378 5846/1438/5378 5809/1287/5378
f 5810/1293/5378 5811/1292/5378 5805/1437/5378
f 5810/1293/5378 5805/1437/5378 5812/1440/5378
f 5805/1437/5378 5813/1290/5378 5806/1289/5378
f 5806/1289/5378 5814/1288/5378 5807/1287/5378
f 5807/1287/5378 5815/1286/5382 5816/1285/5378
f 5809/1287/5378 5846/1438/5378 5817/1286/5378
f 5809/1287/5378 5818/1288/5378 5819/1289/5378
f 5808/1437/5378 5809/1287/5378 5819/1289/5378
f 5808/1437/5378 5819/1289/5378 5820/1290/5378
f 5821/1295/5378 5822/1296/5378 5825/1441/5378
f 5821/1295/5378 5825/1441/5378 5916/1334/5378
f 5822/1296/5378 5823/1298/5378 5825/1441/5378
f 5823/1298/5378 5824/1442/5378 5825/1441/5378
f 5916/1334/5378 5825/1441/5378 5826/1443/5378
f 5826/1443/5378 5825/1441/5378 5827/1294/5378
f 5825/1441/5378 5828/1298/5378 5827/1294/5378
f 5829/1294/5378 5822/1296/5378 5821/1295/5378
f 5830/1297/5425 5823/1298/5378 5822/1296/5378
f 5831/1299/5378 5824/1442/5378 5823/1298/5378
f 5828/1298/5378 5825/1441/5378 5833/1299/5382
f 5827/1294/5378 5828/1298/5378 5834/1297/5397
f 5827/1294/5378 5834/1297/5397 5835/1296/5378
f 5661/1242/5378 5660/1302/5378 5630/1283/5378
f 5630/1283/5378 5837/1444/5378 5836/1445/5378
f 5630/1283/5378 5660/1302/5378 5837/1444/5378
f 5837/1444/5378 5838/1446/5378 5839/1447/5378
f 5836/1445/5378 5837/1444/5378 5839/1447/5378
f 5836/1445/5378 5839/1447/5378 5840/1448/5378
f 5630/1283/5378 5836/1445/5378 5841/1449/5378
f 5630/1283/5378 5841/1449/5378 5842/1450/5426
f 5843/1308/5378 5844/1306/5378 5845/1304/5378
f 5843/1308/5378 5845/1304/5378 5816/1285/5378
f 5816/1285/5378 5845/1304/5378 5846/1438/5378
f 5845/1304/5378 5884/1451/5378 5846/1438/5378
f 5846/1438/5378 5884/1451/5378 5848/1452/5378
f 5846/1438/5378 5848/1452/5378 5847/1307/5378
f 5816/1285/5378 5849/1309/5378 5843/1308/5378
f 5843/1308/5378 5850/1307/5397 5844/1306/5378
f 5844/1306/5378 5668/1305/5378 5845/1304/5378
f 5845/1304/5378 5851/1303/5382 5686/1274/5378
f 5848/1452/5378 5884/1451/5378 5852/1303/5378
f 5847/1307/5378 5848/1452/5378 5853/1305/5378
f 5847/1307/5378 5853/1305/5378 5854/1306/5378
f 5846/1438/5378 5847/1307/5378 5855/1308/5382
f 5673/1268/5378 5856/1453/5378 5857/1310/5378
f 5857/1310/5378 5856/1453/5378 5858/1454/5378
f 5673/1268/5378 5890/1325/5378 5856/1453/5378
f 5858/1454/5378 5856/1453/5378 5859/1455/5397
f 5858/1454/5378 5860/1456/5378 5861/1457/5378
f 5857/1310/5378 5858/1454/5378 5861/1457/5378
f 5857/1310/5378 5861/1457/5378 5862/1458/5378
f 5864/1316/5378 5866/1459/5378 5825/1441/5378
f 5825/1441/5378 5866/1459/5378 5868/1314/5378
f 5825/1441/5378 5868/1314/5378 5867/1317/5378
f 5832/1301/5378 5863/1318/5378 5824/1442/5378
f 5869/1460/5378 5864/1316/5378 5863/1318/5378
f 5870/1315/5378 5680/1314/5382 5865/1461/5378
f 5870/1315/5378 5865/1461/5378 5864/1316/5378
f 5871/1312/5378 5872/1311/5378 5865/1461/5378
f 5868/1314/5378 5866/1459/5378 5873/1313/5378
f 5867/1317/5378 5868/1314/5378 5874/1315/5378
f 5867/1317/5378 5874/1315/5378 5875/1316/5397
f 5825/1441/5378 5867/1317/5378 5876/1318/5378
f 5824/1442/5378 5863/1318/5378 5864/1316/5378
f 5824/1442/5378 5864/1316/5378 5825/1441/5378
f 5660/1302/5378 5877/1462/5378 5879/1256/5378
f 5660/1302/5378 5879/1256/5378 5878/1463/5378
f 5660/1302/5378 5599/1250/5378 5877/1462/5378
f 5879/1256/5378 5877/1462/5378 5880/1255/5378
f 5878/1463/5378 5879/1256/5378 5881/1464/5378
f 5878/1463/5378 5881/1464/5378 5882/1465/5378
f 5660/1302/5378 5878/1463/5378 5883/1466/5378
f 5884/1451/5378 5685/1319/5378 5885/1467/5378
f 5885/1467/5378 5685/1319/5378 5886/1468/5378
f 5885/1467/5378 5886/1468/5378 5887/1469/5378
f 5885/1467/5378 5887/1469/5378 5888/1470/5378
f 5884/1451/5378 5885/1467/5378 5889/1471/5397
f 5845/1304/5378 5685/1319/5378 5884/1451/5378
f 5686/1274/5378 5685/1319/5378 5845/1304/5378
f 5891/1323/5378 5592/1282/5378 5890/1325/5378
f 5891/1323/5378 5892/1321/5378 5592/1282/5378
f 5890/1325/5378 5893/1284/5378 5856/1453/5378
f 5890/1325/5378 5592/1282/5378 5893/1284/5378
f 5856/1453/5378 5893/1284/5378 5895/1322/5378
f 5856/1453/5378 5895/1322/5378 5894/1325/5378
f 5896/1326/5378 5890/1325/5378 5673/1268/5378
f 5693/1324/5378 5891/1323/5378 5890/1325/5378
f 5688/1322/5378 5892/1321/5378 5891/1323/5378
f 5897/1320/5378 5592/1282/5378 5892/1321/5378
f 5895/1322/5378 5893/1284/5378 5898/1321/5378
f 5894/1325/5378 5895/1322/5378 5899/1323/5378
f 5894/1325/5378 5899/1323/5378 5900/1324/5378
f 5856/1453/5378 5894/1325/5378 5901/1326/5378
f 5904/1329/5378 5812/1440/5378 5805/1437/5378
f 5904/1329/5378 5805/1437/5378 5903/1331/5378
f 5903/1331/5378 5805/1437/5378 5905/1439/5378
f 5866/1459/5378 5905/1439/5378 5906/1332/5378
f 5905/1439/5378 5907/1472/5378 5906/1332/5378
f 5872/1311/5378 5902/1333/5378 5865/1461/5378
f 5908/1332/5397 5903/1331/5378 5902/1333/5378
f 5909/1330/5378 5904/1329/5378 5903/1331/5378
f 5910/1472/5378 5812/1440/5378 5904/1329/5378
f 5905/1439/5378 5911/1327/5427 5907/1472/5378
f 5907/1472/5378 5912/1329/5397 5913/1330/5378
f 5906/1332/5378 5907/1472/5378 5913/1330/5378
f 5906/1332/5378 5913/1330/5378 5914/1331/5378
f 5866/1459/5378 5906/1332/5378 5915/1333/5378
f 5864/1316/5378 5905/1439/5378 5866/1459/5378
f 5864/1316/5378 5903/1331/5378 5905/1439/5378
f 5865/1461/5378 5903/1331/5378 5864/1316/5378
f 5865/1461/5378 5902/1333/5378 5903/1331/5378
f 5916/1334/5378 5917/1473/5378 5877/1462/5378
f 5916/1334/5378 5826/1443/5378 5918/1474/5378
f 5916/1334/5378 5918/1474/5378 5917/1473/5378
f 5599/1250/5378 5916/1334/5378 5877/1462/5378
f 5917/1473/5378 5918/1474/5378 5919/1475/5378
f 5917/1473/5378 5919/1475/5378 5920/1476/5378
f 5917/1473/5378 5920/1476/5378 5921/1477/5378
f 5877/1462/5378 5917/1473/5378 5922/1478/5382
f 5924/912/5428 5925/1479/5429 5926/911/5430
f 5925/1479/5429 5927/910/5431 5926/911/5430
f 5925/1479/5429 5928/909/5432 5927/910/5431
f 5928/909/5432 5929/1480/5433 5932/1481/5434
f 5929/1480/5433 5930/907/5435 5932/1481/5434
f 5923/1482/5436 5924/912/5428 5931/1483/5437
f 5927/910/5431 5928/909/5432 5932/1481/5434
f 5924/912/5428 5926/911/5430 5931/1483/5437
f 5929/1480/5433 5933/906/5438 5930/907/5435
f 5930/907/5435 5933/906/5438 5291/1484/5439
f 5209/867/5207 5923/1482/5436 5931/1483/5437
f 5935/1041/5440 5934/1485/5441 5939/859/5442
f 5934/1485/5441 5936/1486/5443 5940/1487/5444
f 5934/1485/5441 5940/1487/5444 5939/859/5442
f 5937/1488/5445 5938/1489/5446 5941/855/5447
f 5936/1486/5443 5937/1488/5445 5322/856/5448
f 5937/1488/5445 5941/855/5447 5322/856/5448
f 5936/1486/5443 5322/856/5448 5940/1487/5444
f 5938/1489/5446 5942/853/5277 5323/1048/5326
f 5941/855/5447 5938/1489/5446 5323/1048/5326
f 5944/840/5449 5935/1041/5440 5943/1490/5450
f 5944/840/5449 5934/1485/5441 5935/1041/5440
f 5946/1491/5451 5947/1492/5452 5949/1031/5453
f 5945/1493/5454 5946/1491/5451 5950/1494/5455
f 5946/1491/5451 5949/1031/5453 5950/1494/5455
f 5949/1031/5453 5947/1492/5452 5951/1495/5456
f 5947/1492/5452 5948/1496/5457 5952/1035/5458
f 5948/1496/5457 5953/1497/5459 5952/1035/5458
f 5947/1492/5452 5952/1035/5458 5951/1495/5456
f 5948/1496/5457 5954/812/5460 5953/1497/5459
f 5955/798/5461 5945/1493/5454 5950/1494/5455
f 5958/1234/5462 5959/1498/5463 5293/1020/5464
f 5293/1020/5464 5959/1498/5463 5961/1022/5465
f 5959/1498/5463 5960/1499/5466 5962/1500/5467
f 5959/1498/5463 5962/1500/5467 5961/1022/5465
f 5291/1484/5439 5956/1501/5468 5963/936/5469
f 5956/1501/5468 5957/1236/5470 5963/936/5469
f 5963/936/5469 5957/1236/5470 5964/1502/5471
f 5957/1236/5470 5958/1234/5462 5964/1502/5471
f 5958/1234/5462 5293/1020/5464 5964/1502/5471
f 5933/906/5438 5956/1501/5468 5291/1484/5439
f 5966/895/5472 5967/1503/5473 5277/1504/5474
f 5965/1505/5475 5969/1506/5476 5970/897/5477
f 5965/1505/5475 5966/895/5472 5969/1506/5476
f 5277/1504/5474 5967/1503/5473 5971/1232/5478
f 5967/1503/5473 5968/1507/5479 5972/1004/5480
f 5967/1503/5473 5972/1004/5480 5971/1232/5478
f 5968/1507/5479 5973/891/5481 5972/1004/5480
f 5969/1506/5476 5966/895/5472 5277/1504/5474
f 5968/1507/5479 5974/1508/5482 5975/890/5483
f 5968/1507/5479 5975/890/5483 5973/891/5481
f 5938/1489/5446 5965/1505/5475 5970/897/5477
f 5938/1489/5446 5970/897/5477 5942/853/5277
f 5978/1509/5484 5979/1510/5485 5982/1511/5486
f 5982/1511/5486 5979/1510/5485 5981/1512/5487
f 5979/1510/5485 5980/1513/5488 5981/1512/5487
f 5976/1514/5489 5978/1509/5484 5983/1515/5490
f 5978/1509/5484 5982/1511/5486 5983/1515/5490
f 5977/833/5491 5976/1514/5489 5983/1515/5490
f 5980/1513/5488 5189/826/5492 5981/1512/5487
f 5954/812/5460 5977/833/5491 5953/1497/5459
f 5954/812/5460 5976/1514/5489 5977/833/5491
f 5984/1516/5493 5988/1517/5494 5989/743/5495
f 5984/1516/5493 5985/1518/5496 5988/1517/5494
f 5986/739/5497 5987/1519/5498 5990/738/5499
f 5987/1519/5498 5991/737/5500 5990/738/5499
f 5988/1517/5494 5985/1518/5496 5247/1520/5501
f 5985/1518/5496 5986/739/5497 5247/1520/5501
f 5986/739/5497 5990/738/5499 5247/1520/5501
f 5987/1519/5498 5992/1521/5502 5991/737/5500
f 5991/737/5500 5992/1521/5502 5993/1522/5503
f 5960/1499/5466 5989/743/5495 5962/1500/5467
f 5960/1499/5466 5984/1516/5493 5989/743/5495
f 5974/1508/5482 5994/1523/5504 5995/980/5505
f 5994/1523/5504 5230/924/5506 5995/980/5505
f 5994/1523/5504 5996/977/5507 5230/924/5506
f 5996/977/5507 5997/1524/5508 6001/1525/5509
f 5997/1524/5508 5998/1526/5510 6001/1525/5509
f 5997/1524/5508 5999/920/5511 5998/1526/5510
f 5974/1508/5482 5995/980/5505 6000/926/5512
f 5230/924/5506 5996/977/5507 6001/1525/5509
f 5999/920/5511 6002/1527/5513 6003/790/4985
f 5999/920/5511 6003/790/4985 5998/1526/5510
f 5974/1508/5482 6000/926/5512 5975/890/5483
f 5198/972/5196 6004/1528/5514 5199/874/5197
f 6004/1528/5514 6005/1529/5515 5199/874/5197
f 6006/870/5516 6007/1530/5517 5203/869/5204
f 6007/1530/5517 5204/868/5205 5203/869/5204
f 5199/874/5197 6005/1529/5515 5200/872/5199
f 6005/1529/5515 5201/975/5201 5200/872/5199
f 6005/1529/5515 6006/870/5516 5202/870/5202
f 6005/1529/5515 5202/870/5202 5201/975/5201
f 6006/870/5516 5203/869/5204 5202/870/5202
f 6008/23/5518 6004/1528/5514 5198/972/5196
f 6007/1530/5517 5923/1482/5436 5204/868/5205
f 5204/868/5205 5923/1482/5436 5209/867/5207
f 6008/23/5518 5198/972/5196 5215/23/5212
f 6010/1531/5519 6012/1532/5520 6011/845/5521
f 6009/847/5522 6010/1531/5519 6014/1533/5523
f 6010/1531/5519 6011/845/5521 6014/1533/5523
f 6011/845/5521 6012/1532/5520 6015/1534/5524
f 6012/1532/5520 6013/1535/5525 6016/842/5526
f 6012/1532/5520 6016/842/5526 6015/1534/5524
f 6016/842/5526 6013/1535/5525 5943/1490/5450
f 6013/1535/5525 5944/840/5449 5943/1490/5450
f 5189/826/5492 6009/847/5522 6014/1533/5523
f 5980/1513/5488 6009/847/5522 5189/826/5492
f 5992/1521/5502 6017/1536/5527 6018/945/5528
f 6019/1537/5529 6020/1538/5530 6021/1539/5531
f 6020/1538/5530 6022/799/5532 6021/1539/5531
f 6018/945/5528 6017/1536/5527 6023/803/5533
f 6017/1536/5527 6019/1537/5529 6023/803/5533
f 6019/1537/5529 6021/1539/5531 6024/1540/5534
f 6023/803/5533 6019/1537/5529 6024/1540/5534
f 5992/1521/5502 6018/945/5528 5993/1522/5503
f 6020/1538/5530 5945/1493/5454 6022/799/5532
f 6022/799/5532 5945/1493/5454 5955/798/5461
f 6025/1541/5535 6026/1542/5536 4992/784/4979
f 6026/1542/5536 4993/786/4981 4992/784/4979
f 6026/1542/5536 6027/1543/5537 4994/787/4982
f 6026/1542/5536 4994/787/4982 4993/786/4981
f 6027/1543/5537 4995/789/4984 4994/787/4982
f 6002/1527/5513 6025/1541/5535 4990/781/4975
f 6002/1527/5513 4990/781/4975 4989/780/4974
f 6025/1541/5535 4991/783/4978 4990/781/4975
f 6025/1541/5535 4992/784/4979 4991/783/4978
f 6027/1543/5537 6028/6/5538 6029/6/4987
f 6027/1543/5537 6029/6/4987 4995/789/4984
f 6002/1527/5513 4989/780/4974 6003/790/4985
f 5304/1030/5302 6031/1544/5539 6030/1545/5540
f 6030/1545/5540 6031/1544/5539 6059/1056/5345
f 6031/1544/5539 6032/1546/5541 6041/1547/5542
f 6031/1544/5539 6041/1547/5542 6059/1056/5345
f 5175/957/5174 5304/1030/5302 6030/1545/5540
f 5304/1030/5302 5305/1033/5305 6031/1544/5539
f 5305/1033/5305 5306/1036/5308 6032/1546/5541
f 5305/1033/5305 6032/1546/5541 6031/1544/5539
f 5306/1036/5308 5264/812/5265 6032/1546/5541
f 5287/1016/5285 5288/1018/5287 6033/1548/5543
f 5288/1018/5287 5289/1021/5290 6034/1549/5544
f 5288/1018/5287 6034/1549/5544 6033/1548/5543
f 5289/1021/5290 5290/931/5293 6034/1549/5544
f 6034/1549/5544 6045/1082/5363 6033/1548/5543
f 5290/931/5293 5242/990/5237 6043/1550/5545
f 5290/931/5293 6043/1550/5545 6034/1549/5544
f 6033/1548/5543 6045/1082/5363 6068/1061/5347
f 5295/1028/5299 5287/1016/5285 6033/1548/5543
f 5295/1028/5299 6033/1548/5543 6066/1551/5546
f 5272/1007/5271 6036/1552/5547 6035/1553/5548
f 6036/1552/5547 6037/1014/5282 6038/1077/5358
f 6035/1553/5548 6036/1552/5547 6038/1077/5358
f 6035/1553/5548 6038/1077/5358 6071/939/5151
f 5273/1008/5272 5272/1007/5271 6035/1553/5548
f 5272/1007/5271 5274/1009/5275 6036/1552/5547
f 5274/1009/5275 5275/1005/5268 6037/1014/5282
f 5274/1009/5275 6037/1014/5282 6036/1552/5547
f 5257/997/5253 6039/1554/5549 6041/1547/5542
f 6039/1554/5549 5259/1000/5258 6040/1555/5550
f 6039/1554/5549 6040/1555/5550 6041/1547/5542
f 6041/1547/5542 6040/1555/5550 6042/941/5153
f 6041/1547/5542 6042/941/5153 6059/1056/5345
f 5264/812/5265 5257/997/5253 6032/1546/5541
f 5257/997/5253 5258/998/5255 6039/1554/5549
f 5258/998/5255 5259/1000/5258 6039/1554/5549
f 5259/1000/5258 5196/971/5195 6040/1555/5550
f 6032/1546/5541 5257/997/5253 6041/1547/5542
f 6043/1550/5545 5243/992/5240 6044/1556/5551
f 5243/992/5240 5244/993/5243 6044/1556/5551
f 6043/1550/5545 6044/1556/5551 6045/1082/5363
f 5242/990/5237 5241/989/5236 6043/1550/5545
f 5241/989/5236 5243/992/5240 6043/1550/5545
f 5244/993/5243 5166/947/5161 6046/1557/5552
f 5244/993/5243 6046/1557/5552 6044/1556/5551
f 6034/1549/5544 6043/1550/5545 6045/1082/5363
f 6047/1558/5553 5226/982/5224 6048/1559/5554
f 5226/982/5224 5227/983/5225 6048/1559/5554
f 6047/1558/5553 6048/1559/5554 6038/1077/5358
f 6048/1559/5554 6049/1078/5360 6038/1077/5358
f 5232/890/5233 5225/981/5223 6047/1558/5553
f 5232/890/5233 6047/1558/5553 6037/1014/5282
f 5225/981/5223 5223/978/5216 6047/1558/5553
f 5223/978/5216 5226/982/5224 6047/1558/5553
f 5227/983/5225 5001/790/5232 6049/1078/5360
f 5227/983/5225 6049/1078/5360 6048/1559/5554
f 6037/1014/5282 6047/1558/5553 6038/1077/5358
f 6052/1560/5555 6053/1561/5556 6067/1562/5557
f 6051/1563/5558 6052/1560/5555 6054/1075/5355
f 6052/1560/5555 6055/1564/5559 6054/1075/5355
f 6054/1075/5355 6055/1564/5559 6068/1076/5356
f 5214/23/5213 5205/973/5198 6050/1565/5560
f 5214/23/5213 6050/1565/5560 6054/1075/5355
f 5205/973/5198 5206/974/5200 6051/1563/5558
f 5205/973/5198 6051/1563/5558 6050/1565/5560
f 5206/974/5200 5207/976/5203 6052/1560/5555
f 5206/974/5200 6052/1560/5555 6051/1563/5558
f 5207/976/5203 5208/868/5206 6053/1561/5556
f 5207/976/5203 6053/1561/5556 6052/1560/5555
f 5208/868/5206 5213/867/5211 6053/1561/5556
f 6052/1560/5555 6067/1562/5557 6055/1564/5559
f 6054/1075/5355 6050/1565/5560 6051/1563/5558
f 6056/1566/5561 6057/1567/5562 6042/941/5153
f 5196/971/5195 5186/959/5179 6040/1555/5550
f 5185/958/5178 6056/1566/5561 5186/959/5179
f 5185/958/5178 5187/961/5182 6056/1566/5561
f 5187/961/5182 6057/1567/5562 6056/1566/5561
f 5187/961/5182 5188/962/5185 6057/1567/5562
f 5188/962/5185 5195/970/5194 6057/1567/5562
f 6057/1567/5562 6071/939/5151 6042/941/5153
f 6040/1555/5550 6056/1566/5561 6042/941/5153
f 6040/1555/5550 5186/959/5179 6056/1566/5561
f 5165/946/5160 6058/1568/5563 6046/1557/5552
f 5169/951/5167 6030/1545/5540 6058/1568/5563
f 6046/1557/5552 6058/1568/5563 6045/1082/5363
f 6058/1568/5563 6059/1056/5345 6045/1082/5363
f 6058/1568/5563 6030/1545/5540 6059/1056/5345
f 5166/947/5161 5165/946/5160 6046/1557/5552
f 5167/948/5163 6058/1568/5563 5165/946/5160
f 5167/948/5163 5168/950/5166 6058/1568/5563
f 5168/950/5166 5169/951/5167 6058/1568/5563
f 5169/951/5167 5175/957/5174 6030/1545/5540
f 6044/1556/5551 6046/1557/5552 6045/1082/5363
f 6062/1569/5564 6063/1570/5565 6061/1571/5566
f 6061/1571/5566 6063/1570/5565 6049/1068/5354
f 6063/1570/5565 6064/1066/5352 6049/1068/5354
f 5001/790/4989 4997/780/4977 6060/1572/5567
f 4997/780/4977 4996/782/4976 6061/1571/5566
f 4997/780/4977 6061/1571/5566 6060/1572/5567
f 4996/782/4976 4998/785/4980 6062/1569/5564
f 4996/782/4976 6062/1569/5564 6061/1571/5566
f 4998/785/4980 4999/788/4983 6063/1570/5565
f 4998/785/4980 6063/1570/5565 6062/1569/5564
f 4999/788/4983 5000/6/4988 6064/1066/5352
f 4999/788/4983 6064/1066/5352 6063/1570/5565
f 6060/1572/5567 6061/1571/5566 6049/1068/5354
f 5333/1050/5331 6065/1573/5568 6067/1574/5569
f 6066/1551/5546 6033/1548/5543 6065/1573/5568
f 6065/1573/5568 6033/1548/5543 6068/1061/5347
f 5213/867/5344 5333/1050/5331 6067/1574/5569
f 5332/1049/5330 6065/1573/5568 5333/1050/5331
f 5332/1049/5330 5334/1051/5334 6065/1573/5568
f 5334/1051/5334 6066/1551/5546 6065/1573/5568
f 5334/1051/5334 5335/1052/5337 6066/1551/5546
f 5335/1052/5337 5295/1028/5299 6066/1551/5546
f 6067/1574/5569 6065/1573/5568 6068/1061/5347
f 6070/1575/5570 5319/1045/5320 6071/939/5151
f 5319/1045/5320 5320/854/5323 6035/1553/5548
f 5319/1045/5320 6035/1553/5548 6071/939/5151
f 6069/1576/5571 6071/939/5151 6057/1567/5562
f 6069/1576/5571 6070/1575/5570 6071/939/5151
f 5195/970/5194 5317/1042/5315 6069/1576/5571
f 5317/1042/5315 5318/1043/5317 6070/1575/5570
f 5317/1042/5315 6070/1575/5570 6069/1576/5571
f 5318/1043/5317 5319/1045/5320 6070/1575/5570
f 5320/854/5323 5273/1008/5272 6035/1553/5548
f 5195/970/5194 6069/1576/5571 6057/1567/5562
f 6091/790/5572 5096/780/5089 6072/790/5573
f 6073/790/5574 5096/780/5089 6091/790/5572
f 6074/790/5575 5096/780/5089 6073/790/5574
f 5097/790/5091 5096/780/5089 6074/790/5575
f 5010/799/4998 5009/798/4997 6075/798/5576
f 5010/799/4998 6075/798/5576 6076/799/5577
f 5011/800/4999 5010/799/4998 6076/799/5577
f 5011/800/4999 6076/799/5577 6077/1577/5578
f 5012/801/5000 5011/800/4999 6077/1577/5578
f 5013/802/5001 5012/801/5000 6077/1577/5578
f 5013/802/5001 6077/1577/5578 6078/1578/5579
f 5014/803/5002 5013/802/5001 6078/1578/5579
f 5015/804/5003 5014/803/5002 6078/1578/5579
f 5015/804/5003 6078/1578/5579 6079/1579/5580
f 5016/805/5004 5015/804/5003 6079/1579/5580
f 6080/736/4930 5016/805/5004 6079/1579/5580
f 5049/841/5040 5048/840/5039 6081/1580/5581
f 5050/842/5041 5049/841/5040 6081/1580/5581
f 5051/843/5042 5050/842/5041 6081/1580/5581
f 5051/843/5042 6081/1580/5581 6082/1581/5582
f 5052/844/5043 5051/843/5042 6082/1581/5582
f 5053/845/5044 5052/844/5043 6082/1581/5582
f 5053/845/5044 6082/1581/5582 6083/1582/5583
f 5054/846/5045 5053/845/5044 6083/1582/5583
f 5055/847/5046 5054/846/5045 6083/1582/5583
f 5055/847/5046 6083/1582/5583 6084/1583/5584
f 6085/826/5025 5055/847/5046 6084/1583/5584
f 5075/868/5067 5074/867/5066 6086/867/5585
f 5075/868/5067 6086/867/5585 6087/867/5586
f 5075/868/5067 6087/867/5586 6088/867/5587
f 5075/868/5067 6088/867/5587 6089/1584/5588
f 5132/920/5132 6074/790/5131 6091/790/5589
f 5132/920/5132 6091/790/5589 6092/1585/5590
f 5133/921/5133 5132/920/5132 6092/1585/5590
f 5133/921/5133 6092/1585/5590 6093/1586/5591
f 5134/922/5134 5133/921/5133 6093/1586/5591
f 5135/923/5135 5134/922/5134 6093/1586/5591
f 5135/923/5135 6093/1586/5591 6094/1587/5592
f 5136/924/5136 5135/923/5135 6094/1587/5592
f 5137/925/5137 5136/924/5136 6094/1587/5592
f 5137/925/5137 6094/1587/5592 6095/1588/5593
f 5138/926/5138 5137/925/5137 6095/1588/5593
f 6096/890/5099 5138/926/5138 6095/1588/5593
f 6096/890/5099 6095/1588/5593 6097/1589/5594
f 4950/737/4931 6080/736/4930 6079/1579/5580
f 4950/737/4931 6079/1579/5580 6098/1590/5595
f 4951/738/4932 4950/737/4931 6098/1590/5595
f 4952/739/4933 4951/738/4932 6098/1590/5595
f 4952/739/4933 6098/1590/5595 6099/739/5596
f 4953/740/4934 4952/739/4933 6099/739/5596
f 4953/740/4934 6099/739/5596 6100/1591/5597
f 4954/741/4935 4953/740/4934 6100/1591/5597
f 4955/742/4936 4954/741/4935 6100/1591/5597
f 4955/742/4936 6100/1591/5597 6101/1592/5598
f 4956/743/4937 4955/742/4936 6101/1592/5598
f 6102/744/4938 4956/743/4937 6101/1592/5598
f 6102/744/4938 6101/1592/5598 6103/744/5599
f 5035/827/5026 6085/826/5025 6084/1583/5584
f 5035/827/5026 6084/1583/5584 6104/1593/5600
f 5036/828/5027 5035/827/5026 6104/1593/5600
f 5037/829/5028 5036/828/5027 6104/1593/5600
f 5037/829/5028 6104/1593/5600 6105/1594/5601
f 5038/830/5029 5037/829/5028 6105/1594/5601
f 5039/831/5030 5038/830/5029 6105/1594/5601
f 5040/832/5031 5039/831/5030 6105/1594/5601
f 5040/832/5031 6105/1594/5601 6106/1595/5602
f 5041/833/5032 5040/832/5031 6106/1595/5602
f 6107/812/5011 5041/833/5032 6106/1595/5602
f 5103/891/5100 6096/890/5099 6097/1589/5594
f 5104/892/5101 5103/891/5100 6097/1589/5594
f 5104/892/5101 6097/1589/5594 6108/1596/5603
f 5105/893/5102 5104/892/5101 6108/1596/5603
f 5106/894/5103 5105/893/5102 6108/1596/5603
f 5106/894/5103 6108/1596/5603 6109/1597/5604
f 5107/895/5104 5106/894/5103 6109/1597/5604
f 5108/896/5105 5107/895/5104 6109/1597/5604
f 5108/896/5105 6109/1597/5604 6110/1598/5605
f 5109/897/5106 5108/896/5105 6110/1598/5605
f 6111/853/5052 5109/897/5106 6110/1598/5605
f 5143/931/5143 6102/744/4938 6103/744/5599
f 5143/931/5143 6103/744/5599 6112/1599/5606
f 5144/932/5144 5143/931/5143 6112/1599/5606
f 5145/933/5145 5144/932/5144 6112/1599/5606
f 5145/933/5145 6112/1599/5606 6113/1600/5607
f 5146/934/5146 5145/933/5145 6113/1600/5607
f 5147/935/5147 5146/934/5146 6113/1600/5607
f 5147/935/5147 6113/1600/5607 6114/1601/5608
f 5148/936/5148 5147/935/5147 6114/1601/5608
f 5149/937/5149 5148/936/5148 6114/1601/5608
f 5149/937/5149 6114/1601/5608 6115/1602/5609
f 6116/906/5115 5149/937/5149 6115/1602/5609
f 5021/813/5012 6107/812/5011 6106/1595/5602
f 5021/813/5012 6106/1595/5602 6117/1603/5610
f 5022/814/5013 5021/813/5012 6117/1603/5610
f 5023/815/5014 5022/814/5013 6117/1603/5610
f 5023/815/5014 6117/1603/5610 6118/1034/5611
f 5024/816/5015 5023/815/5014 6118/1034/5611
f 5024/816/5015 6118/1034/5611 6119/1604/5612
f 5025/817/5016 5024/816/5015 6119/1604/5612
f 5026/818/5017 5025/817/5016 6119/1604/5612
f 5026/818/5017 6119/1604/5612 6120/1605/5613
f 5027/819/5018 5026/818/5017 6120/1605/5613
f 5009/798/4997 5027/819/5018 6120/1605/5613
f 5009/798/4997 6120/1605/5613 6075/798/5576
f 5062/854/5053 6111/853/5052 6110/1598/5605
f 5062/854/5053 6110/1598/5605 6121/1606/5614
f 5063/855/5054 5062/854/5053 6121/1606/5614
f 5064/856/5055 5063/855/5054 6121/1606/5614
f 5064/856/5055 6121/1606/5614 6122/1607/5615
f 5065/857/5056 5064/856/5055 6122/1607/5615
f 5066/858/5057 5065/857/5056 6122/1607/5615
f 5066/858/5057 6122/1607/5615 6123/858/5616
f 5067/859/5058 5066/858/5057 6123/858/5616
f 5067/859/5058 6123/858/5616 6124/1608/5617
f 5068/860/5059 5067/859/5058 6124/1608/5617
f 5048/840/5039 5068/860/5059 6124/1608/5617
f 5048/840/5039 6124/1608/5617 6081/1580/5581
f 5118/907/5116 6116/906/5115 6115/1602/5609
f 5118/907/5116 6115/1602/5609 6125/1609/5618
f 5119/908/5117 5118/907/5116 6125/1609/5618
f 5120/909/5118 5119/908/5117 6125/1609/5618
f 5120/909/5118 6125/1609/5618 6126/1610/5619
f 5121/910/5119 5120/909/5118 6126/1610/5619
f 5122/911/5120 5121/910/5119 6126/1610/5619
f 5122/911/5120 6126/1610/5619 6127/1611/5620
f 5123/912/5121 5122/911/5120 6127/1611/5620
f 5124/913/5122 5123/912/5121 6127/1611/5620
f 5124/913/5122 6127/1611/5620 6089/1584/5621
f 6087/867/5622 5124/913/5122 6089/1584/5621
f 5074/867/5123 5124/913/5122 6087/867/5622
f 6269/734/4928 4942/727/4921 5111/899/5108
f 6282/1612/5623 6240/1613/5624 6255/1614/5625
f 6255/1614/5625 6240/1613/5624 6128/790/5626
f 6255/1614/5625 6128/790/5626 5126/915/5125
f 6255/1614/5625 5126/915/5125 5125/914/5124
f 6255/1614/5625 5125/914/5124 6211/884/5093
f 5111/899/5108 5110/898/5107 5113/902/5111
f 6129/1615/5627 5111/899/5108 5113/902/5111
f 6130/867/5349 5111/899/5108 6129/1615/5627
f 6133/1616/5628 5111/899/5108 6130/867/5349
f 6240/1617/5629 6239/1618/5630 6246/1619/5631
f 6246/1619/5631 5084/6/5079 5083/877/5077
f 6246/1619/5631 5083/877/5077 5126/883/5092
f 6131/790/5632 6246/1619/5631 5126/883/5092
f 6128/790/5346 6246/1619/5631 6131/790/5632
f 6132/790/5633 6246/1619/5631 6128/790/5346
f 6240/1617/5629 6246/1619/5631 6132/790/5633
f 6133/1620/5634 6134/867/5365 6225/1621/5635
f 6225/1621/5635 6134/867/5365 6130/867/5375
f 6225/1621/5635 6130/867/5375 5113/865/5064
f 6225/1621/5635 5113/865/5064 5069/862/5061
f 6225/1621/5635 5069/862/5061 5082/861/5060
f 6211/884/5093 5056/848/5047 5043/834/5033
f 6202/1622/5636 6211/884/5093 5043/834/5033
f 6202/1622/5636 5043/834/5033 5042/821/5020
f 6173/1623/5637 6184/1624/5638 6202/1622/5636
f 6184/1624/5638 6185/1625/5639 6202/1622/5636
f 6173/1623/5637 6202/1622/5636 5042/821/5020
f 6173/1623/5637 5042/821/5020 5028/807/5006
f 6173/1623/5637 5028/807/5006 5017/806/5005
f 6160/1626/5640 6173/1623/5637 6143/796/4995
f 6173/1623/5637 5017/806/5005 5003/791/4990
f 6143/796/4995 6173/1623/5637 5003/791/4990
f 6296/1627/5641 6143/796/4995 6269/734/4928
f 6143/796/4995 4943/728/4922 6269/734/4928
f 6135/1628/5642 4921/705/4899 6136/1629/5643
f 4921/705/4899 4919/703/4897 6136/1629/5643
f 4919/703/4897 6137/1630/5644 6136/1629/5643
f 6136/1629/5643 6137/1630/5644 6138/1631/5645
f 6138/1631/5645 6139/1632/5646 6140/1633/5647
f 6135/1628/5642 6136/1629/5643 6141/1634/5648
f 6136/1629/5643 6138/1631/5645 6142/1635/5649
f 6136/1629/5643 6142/1635/5649 6141/1634/5648
f 6138/1631/5645 6140/1633/5647 6143/796/4995
f 6138/1631/5645 6143/796/4995 6142/1635/5649
f 6141/1634/5648 6142/1635/5649 6143/796/4995
f 6144/1636/5650 4923/707/4901 6135/1628/5642
f 6144/1636/5650 6135/1628/5642 6150/1637/5651
f 4923/707/4901 4921/705/4899 6135/1628/5642
f 4919/703/4897 4917/701/4895 6137/1630/5644
f 4917/701/4895 6145/1638/5652 6138/1631/5645
f 4917/701/4895 6138/1631/5645 6137/1630/5644
f 6145/1638/5652 6146/1639/5653 6139/1632/5646
f 6145/1638/5652 6139/1632/5646 6138/1631/5645
f 6146/1639/5653 6140/1633/5647 6139/1632/5646
f 6146/1639/5653 6147/1640/5654 6148/1641/5655
f 6146/1639/5653 6148/1641/5655 6140/1633/5647
f 6140/1633/5647 6148/1641/5655 6151/1642/5656
f 6140/1633/5647 6151/1642/5656 6149/1643/5657
f 6140/1633/5647 6149/1643/5657 6143/796/4995
f 6296/1627/5641 6141/1634/5648 6143/796/4995
f 6135/1628/5642 6141/1634/5648 6296/1627/5641
f 6151/1642/5656 6152/1644/5658 6153/1645/5659
f 6153/1645/5659 6154/1646/5660 6155/1647/5661
f 6151/1642/5656 6153/1645/5659 6158/1648/5662
f 6151/1642/5656 6158/1648/5662 6149/1643/5657
f 6153/1645/5659 6155/1647/5661 6159/1649/5663
f 6153/1645/5659 6159/1649/5663 6158/1648/5662
f 6155/1647/5661 6156/1650/5664 6157/1651/5665
f 6155/1647/5661 6157/1651/5665 6159/1649/5663
f 6157/1651/5665 6160/1626/5640 6159/1649/5663
f 6158/1648/5662 6159/1649/5663 6143/796/4995
f 6159/1649/5663 6160/1626/5640 6143/796/4995
f 6147/1640/5654 6151/1642/5656 6148/1641/5655
f 6147/1640/5654 4905/1652/5666 6152/1644/5658
f 6147/1640/5654 6152/1644/5658 6151/1642/5656
f 4905/1652/5666 6161/1653/5667 6153/1645/5659
f 4905/1652/5666 6153/1645/5659 6152/1644/5658
f 6161/1653/5667 4901/685/4879 6154/1646/5660
f 6161/1653/5667 6154/1646/5660 6153/1645/5659
f 4901/685/4879 4899/684/4878 6155/1647/5661
f 4901/685/4879 6155/1647/5661 6154/1646/5660
f 4899/684/4878 6162/1654/5668 6156/1650/5664
f 4899/684/4878 6156/1650/5664 6155/1647/5661
f 6162/1654/5668 6163/1655/5669 6157/1651/5665
f 6162/1654/5668 6157/1651/5665 6156/1650/5664
f 6163/1655/5669 6164/1656/5670 6157/1651/5665
f 6157/1651/5665 6164/1656/5670 6165/1657/5671
f 6157/1651/5665 6165/1657/5671 6160/1626/5640
f 6149/1643/5657 6158/1648/5662 6143/796/4995
f 6167/1658/5672 6168/1659/5673 6170/1660/5674
f 6168/1659/5673 6169/1661/5675 6170/1660/5674
f 6165/1657/5671 6166/1662/5676 6171/1663/5677
f 6166/1662/5676 6167/1658/5672 6171/1663/5677
f 6167/1658/5672 6170/1660/5674 6171/1663/5677
f 6170/1660/5674 6169/1661/5675 6172/1664/5678
f 6170/1660/5674 6172/1664/5678 6171/1663/5677
f 6171/1663/5677 6172/1664/5678 6173/1623/5637
f 6171/1663/5677 6173/1623/5637 6160/1626/5640
f 6163/1655/5669 4892/1665/5679 6165/1657/5671
f 6163/1655/5669 6165/1657/5671 6164/1656/5670
f 4892/1665/5679 6174/1666/5680 6166/1662/5676
f 4892/1665/5679 6166/1662/5676 6165/1657/5671
f 6174/1666/5680 4888/1667/5681 6166/1662/5676
f 4888/1667/5681 4884/1668/5682 6167/1658/5672
f 4888/1667/5681 6167/1658/5672 6166/1662/5676
f 4884/1668/5682 6168/1659/5673 6167/1658/5672
f 4884/1668/5682 6175/1669/5683 6168/1659/5673
f 6175/1669/5683 6169/1661/5675 6168/1659/5673
f 6175/1669/5683 6176/1670/5684 6177/1671/5685
f 6175/1669/5683 6177/1671/5685 6169/1661/5675
f 6169/1661/5675 6177/1671/5685 6178/1672/5686
f 6169/1661/5675 6178/1672/5686 6172/1664/5678
f 6165/1657/5671 6171/1663/5677 6160/1626/5640
f 6179/1673/5687 6180/1674/5688 6183/1675/5689
f 6180/1674/5688 6181/1676/5690 6183/1675/5689
f 6178/1672/5686 6179/1673/5687 6184/1624/5638
f 6179/1673/5687 6183/1675/5689 6184/1624/5638
f 6181/1676/5690 6182/1677/5691 6188/1678/5692
f 6181/1676/5690 6188/1678/5692 6183/1675/5689
f 6183/1675/5689 6188/1678/5692 6185/1625/5639
f 6183/1675/5689 6185/1625/5639 6184/1624/5638
f 6176/1670/5684 6178/1672/5686 6177/1671/5685
f 6176/1670/5684 4875/1679/5693 6179/1673/5687
f 6176/1670/5684 6179/1673/5687 6178/1672/5686
f 4875/1679/5693 4872/656/4850 6179/1673/5687
f 4872/656/4850 6180/1674/5688 6179/1673/5687
f 4872/656/4850 4870/655/4849 6180/1674/5688
f 4870/655/4849 6186/1680/5694 6181/1676/5690
f 4870/655/4849 6181/1676/5690 6180/1674/5688
f 6186/1680/5694 6182/1677/5691 6181/1676/5690
f 6186/1680/5694 6187/1681/5695 6188/1678/5692
f 6186/1680/5694 6188/1678/5692 6182/1677/5691
f 6172/1664/5678 6184/1624/5638 6173/1623/5637
f 6178/1672/5686 6184/1624/5638 6172/1664/5678
f 6189/1682/5696 4862/646/4840 6190/1683/5697
f 4862/646/4840 6191/1684/5698 6190/1683/5697
f 6190/1683/5697 6191/1684/5698 6192/1685/5699
f 6192/1685/5699 6193/1686/5700 6194/1687/5701
f 6190/1683/5697 6192/1685/5699 6196/1688/5702
f 6192/1685/5699 6194/1687/5701 6197/1689/5703
f 6192/1685/5699 6197/1689/5703 6196/1688/5702
f 6194/1687/5701 6195/1690/5704 6201/1691/5705
f 6194/1687/5701 6201/1691/5705 6197/1689/5703
f 6190/1683/5697 6196/1688/5702 6185/1625/5639
f 6196/1688/5702 6197/1689/5703 6185/1625/5639
f 6197/1689/5703 6202/1622/5636 6185/1625/5639
f 6187/1681/5695 4864/648/4842 6189/1682/5696
f 6187/1681/5695 6189/1682/5696 6188/1678/5692
f 4864/648/4842 4862/646/4840 6189/1682/5696
f 4862/646/4840 4860/644/4838 6191/1684/5698
f 4860/644/4838 6198/1692/5706 6192/1685/5699
f 4860/644/4838 6192/1685/5699 6191/1684/5698
f 6198/1692/5706 6193/1686/5700 6192/1685/5699
f 6198/1692/5706 6199/1693/5707 6194/1687/5701
f 6198/1692/5706 6194/1687/5701 6193/1686/5700
f 6199/1693/5707 6195/1690/5704 6194/1687/5701
f 6199/1693/5707 6200/1694/5708 6201/1691/5705
f 6199/1693/5707 6201/1691/5705 6195/1690/5704
f 6201/1691/5705 6202/1622/5636 6197/1689/5703
f 6188/1678/5692 6190/1683/5697 6185/1625/5639
f 6188/1678/5692 6189/1682/5696 6190/1683/5697
f 6204/1695/5709 6205/1696/5710 6206/1697/5711
f 6206/1697/5711 6207/1698/5712 6208/1699/5713
f 6204/1695/5709 6206/1697/5711 6210/1700/5714
f 6206/1697/5711 6208/1699/5713 6211/884/5093
f 6206/1697/5711 6211/884/5093 6210/1700/5714
f 6208/1699/5713 6209/1701/5715 6211/884/5093
f 6204/1695/5709 6210/1700/5714 6202/1622/5636
f 6211/884/5093 6209/1701/5715 6216/1702/5716
f 6210/1700/5714 6211/884/5093 6202/1622/5636
f 6200/1694/5708 4848/632/4826 6203/1703/5717
f 6200/1694/5708 6203/1703/5717 6201/1691/5705
f 4848/632/4826 4846/630/4824 6204/1695/5709
f 4848/632/4826 6204/1695/5709 6203/1703/5717
f 4846/630/4824 6212/1704/5718 6205/1696/5710
f 4846/630/4824 6205/1696/5710 6204/1695/5709
f 6212/1704/5718 4842/1705/5719 6206/1697/5711
f 6212/1704/5718 6206/1697/5711 6205/1696/5710
f 4842/1705/5719 6213/1706/5720 6207/1698/5712
f 4842/1705/5719 6207/1698/5712 6206/1697/5711
f 6213/1706/5720 6208/1699/5713 6207/1698/5712
f 6213/1706/5720 6214/1707/5721 6209/1701/5715
f 6213/1706/5720 6209/1701/5715 6208/1699/5713
f 6214/1707/5721 6215/1708/5722 6209/1701/5715
f 6209/1701/5715 6215/1708/5722 6216/1702/5716
f 6201/1691/5705 6204/1695/5709 6202/1622/5636
f 6201/1691/5705 6203/1703/5717 6204/1695/5709
f 6219/1709/5723 6220/1710/5724 6221/1711/5725
f 6218/1712/5726 6219/1709/5723 6223/1713/5727
f 6219/1709/5723 6221/1711/5725 6224/1714/5728
f 6219/1709/5723 6224/1714/5728 6223/1713/5727
f 6221/1711/5725 6222/1715/5729 6224/1714/5728
f 6223/1713/5727 6224/1714/5728 6225/1621/5635
f 4987/775/4969 4984/771/4965 6217/1716/5730
f 4984/771/4965 6226/1717/5731 6218/1712/5726
f 4984/771/4965 6218/1712/5726 6217/1716/5730
f 6226/1717/5731 6227/1718/5732 6219/1709/5723
f 6226/1717/5731 6219/1709/5723 6218/1712/5726
f 6227/1718/5732 4977/1719/5733 6220/1710/5724
f 6227/1718/5732 6220/1710/5724 6219/1709/5723
f 4977/1719/5733 6228/1720/5734 6221/1711/5725
f 4977/1719/5733 6221/1711/5725 6220/1710/5724
f 6228/1720/5734 6222/1715/5729 6221/1711/5725
f 6228/1720/5734 6229/1721/5735 6230/1722/5736
f 6228/1720/5734 6230/1722/5736 6222/1715/5729
f 6222/1715/5729 6230/1722/5736 6231/1723/5737
f 6222/1715/5729 6231/1723/5737 6224/1714/5728
f 6224/1714/5728 6231/1723/5737 6133/1620/5634
f 6224/1714/5728 6133/1620/5634 6225/1621/5635
f 6225/1621/5635 6218/1712/5726 6223/1713/5727
f 4987/775/4969 6217/1716/5730 6218/1712/5726
f 4987/775/4969 6218/1712/5726 6225/1621/5635
f 6232/1724/5738 6233/1725/5739 6238/1726/5740
f 6233/1725/5739 6234/1727/5741 6238/1726/5740
f 6234/1727/5741 6235/1728/5742 6238/1726/5740
f 6235/1728/5742 6236/1729/5743 6237/1730/5744
f 6238/1726/5740 6235/1728/5742 6239/1618/5630
f 6235/1728/5742 6237/1730/5744 6239/1618/5630
f 6238/1726/5740 6239/1618/5630 6240/1617/5629
f 6241/1731/5745 4795/1732/5746 6232/1724/5738
f 6241/1731/5745 6232/1724/5738 6247/1733/5747
f 4795/1732/5746 6242/1734/5748 6233/1725/5739
f 4795/1732/5746 6233/1725/5739 6232/1724/5738
f 6242/1734/5748 6243/1735/5749 6233/1725/5739
f 6243/1735/5749 6234/1727/5741 6233/1725/5739
f 6243/1735/5749 6244/1736/5750 6235/1728/5742
f 6243/1735/5749 6235/1728/5742 6234/1727/5741
f 6244/1736/5750 6236/1729/5743 6235/1728/5742
f 6244/1736/5750 4797/1737/5751 6237/1730/5744
f 6244/1736/5750 6237/1730/5744 6236/1729/5743
f 4797/1737/5751 6245/6/5752 6237/1730/5744
f 6237/1730/5744 6245/6/5752 6246/1619/5631
f 6237/1730/5744 6246/1619/5631 6239/1618/5630
f 6247/1733/5747 6232/1724/5738 6238/1726/5740
f 6247/1733/5747 6238/1726/5740 6240/1617/5629
f 6249/1738/5753 6250/1739/5754 6251/1740/5755
f 6251/1740/5755 6252/1741/5756 6253/1742/5757
f 6248/1743/5758 6249/1738/5753 6216/1702/5716
f 6249/1738/5753 6251/1740/5755 6254/1744/5759
f 6251/1740/5755 6253/1742/5757 6255/1614/5625
f 6251/1740/5755 6255/1614/5625 6254/1744/5759
f 6249/1738/5753 6254/1744/5759 6216/1702/5716
f 6216/1702/5716 6254/1744/5759 6255/1614/5625
f 6216/1702/5716 6255/1614/5625 6211/884/5093
f 6214/1707/5721 6256/1745/5760 6215/1708/5722
f 6256/1745/5760 6257/1746/5761 6248/1743/5758
f 6256/1745/5760 6248/1743/5758 6215/1708/5722
f 6257/1746/5761 6249/1738/5753 6248/1743/5758
f 6257/1746/5761 4826/1747/5762 6250/1739/5754
f 6257/1746/5761 6250/1739/5754 6249/1738/5753
f 4826/1747/5762 6258/1748/5763 6251/1740/5755
f 4826/1747/5762 6251/1740/5755 6250/1739/5754
f 6258/1748/5763 6252/1741/5756 6251/1740/5755
f 6258/1748/5763 4821/1749/5764 6253/1742/5757
f 6258/1748/5763 6253/1742/5757 6252/1741/5756
f 4821/1749/5764 6259/1750/5765 6260/1751/5766
f 4821/1749/5764 6260/1751/5766 6253/1742/5757
f 6253/1742/5757 6260/1751/5766 6261/1752/5767
f 6253/1742/5757 6261/1752/5767 6255/1614/5625
f 6215/1708/5722 6248/1743/5758 6216/1702/5716
f 6263/1753/5768 4964/751/4945 6264/1754/5769
f 6262/1755/5770 6263/1753/5768 6267/1756/5771
f 6263/1753/5768 6268/1757/5772 6267/1756/5771
f 6263/1753/5768 6264/1754/5769 6268/1757/5772
f 6264/1754/5769 6265/1758/5773 6268/1757/5772
f 6265/1758/5773 6266/1759/5774 6275/1760/5775
f 6265/1758/5773 6275/1760/5775 6268/1757/5772
f 6268/1757/5772 6275/1760/5775 6269/734/4928
f 6267/1756/5771 6268/1757/5772 5111/899/5108
f 6268/1757/5772 6269/734/4928 5111/899/5108
f 6267/1756/5771 5111/899/5108 6133/1616/5628
f 6270/1721/5776 6271/1761/5777 6262/1755/5770
f 6270/1721/5776 6262/1755/5770 6272/1762/5778
f 6271/1761/5777 4966/753/4947 6263/1753/5768
f 6271/1761/5777 6263/1753/5768 6262/1755/5770
f 4966/753/4947 4964/751/4945 6263/1753/5768
f 4964/751/4945 4962/749/4943 6264/1754/5769
f 4962/749/4943 6273/1763/5779 6265/1758/5773
f 4962/749/4943 6265/1758/5773 6264/1754/5769
f 6273/1763/5779 6266/1759/5774 6265/1758/5773
f 6273/1763/5779 6274/1764/5780 6275/1760/5775
f 6273/1763/5779 6275/1760/5775 6266/1759/5774
f 6231/1723/5781 6262/1755/5770 6267/1756/5771
f 6272/1762/5778 6262/1755/5770 6231/1723/5781
f 6276/1765/5782 6277/1766/5783 6281/1767/5784
f 6277/1766/5783 6278/1768/5785 6281/1767/5784
f 6278/1768/5785 6279/1769/5786 6280/1770/5787
f 6276/1765/5782 6281/1767/5784 6261/1752/5767
f 6281/1767/5784 6278/1768/5785 6282/1612/5623
f 6278/1768/5785 6280/1770/5787 6283/1771/5788
f 6278/1768/5785 6283/1771/5788 6282/1612/5623
f 6281/1767/5784 6282/1612/5623 6261/1752/5767
f 6283/1771/5788 6240/1613/5624 6282/1612/5623
f 6259/1750/5765 4815/598/4791 6260/1751/5766
f 4815/598/4791 4813/596/4789 6276/1765/5782
f 4815/598/4791 6276/1765/5782 6260/1751/5766
f 4813/596/4789 6284/1772/5789 6277/1766/5783
f 4813/596/4789 6277/1766/5783 6276/1765/5782
f 6284/1772/5789 4809/592/4785 6277/1766/5783
f 4809/592/4785 4807/590/4783 6278/1768/5785
f 4809/592/4785 6278/1768/5785 6277/1766/5783
f 4807/590/4783 6285/1773/5790 6279/1769/5786
f 4807/590/4783 6279/1769/5786 6278/1768/5785
f 6285/1773/5790 6280/1770/5787 6279/1769/5786
f 6285/1773/5790 6286/1731/5791 6287/1774/5792
f 6285/1773/5790 6287/1774/5792 6280/1770/5787
f 6280/1770/5787 6287/1774/5792 6283/1771/5788
f 6283/1771/5788 6287/1774/5792 6240/1613/5624
f 6261/1752/5767 6282/1612/5623 6255/1614/5625
f 6260/1751/5766 6276/1765/5782 6261/1752/5767
f 6289/1775/5793 6290/1776/5794 6291/1777/5795
f 6289/1775/5793 6291/1777/5795 6295/1778/5796
f 6291/1777/5795 6292/1779/5797 6293/1780/5798
f 6291/1777/5795 6293/1780/5798 6295/1778/5796
f 6295/1778/5796 6293/1780/5798 6296/1627/5641
f 6293/1780/5798 6294/1781/5799 6296/1627/5641
f 6295/1778/5796 6296/1627/5641 6269/734/4928
f 6274/1764/5780 4939/1782/5800 6288/1783/5801
f 6274/1764/5780 6288/1783/5801 6275/1760/5775
f 4939/1782/5800 6297/1784/5802 6289/1775/5793
f 4939/1782/5800 6289/1775/5793 6288/1783/5801
f 6297/1784/5802 4935/1785/5803 6290/1776/5794
f 6297/1784/5802 6290/1776/5794 6289/1775/5793
f 4935/1785/5803 6298/1786/5804 6291/1777/5795
f 4935/1785/5803 6291/1777/5795 6290/1776/5794
f 6298/1786/5804 4931/1787/5805 6292/1779/5797
f 6298/1786/5804 6292/1779/5797 6291/1777/5795
f 4931/1787/5805 6299/1788/5806 6293/1780/5798
f 4931/1787/5805 6293/1780/5798 6292/1779/5797
f 6299/1788/5806 6294/1781/5799 6293/1780/5798
f 6299/1788/5806 6144/1636/5650 6150/1637/5651
f 6299/1788/5806 6150/1637/5651 6294/1781/5799
f 6294/1781/5799 6150/1637/5651 6135/1628/5642
f 6294/1781/5799 6135/1628/5642 6296/1627/5641
f 6275/1760/5775 6295/1778/5796 6269/734/4928
f 6275/1760/5775 6289/1775/5793 6295/1778/5796
f 6275/1760/5775 6288/1783/5801 6289/1775/5793
f 6303/1789/5807 4920/706/4900 6304/1790/5808
f 4920/706/4900 6305/1791/5809 6304/1790/5808
f 6300/1792/5810 6301/1793/5811 6306/1794/5812
f 6301/1793/5811 6302/1795/5813 6306/1794/5812
f 6306/1794/5812 6302/1795/5813 6308/1281/5416
f 6306/1794/5812 6308/1281/5416 6307/1280/5415
f 6302/1795/5813 6303/1789/5807 6308/1281/5416
f 6303/1789/5807 6304/1790/5808 6308/1281/5416
f 6304/1790/5808 6305/1791/5809 6309/1278/5413
f 6304/1790/5808 6309/1278/5413 6308/1281/5416
f 6310/1796/5814 4911/698/4892 6301/1793/5811
f 6310/1796/5814 6301/1793/5811 6300/1792/5810
f 4911/698/4892 4914/700/4894 6301/1793/5811
f 4914/700/4894 4918/704/4898 6302/1795/5813
f 4914/700/4894 6302/1795/5813 6301/1793/5811
f 4918/704/4898 6303/1789/5807 6302/1795/5813
f 4918/704/4898 4920/706/4900 6303/1789/5807
f 4920/706/4900 4922/708/4902 6305/1791/5809
f 4922/708/4902 6311/1797/5815 6305/1791/5809
f 6305/1791/5809 6311/1797/5815 6309/1278/5413
f 6312/1798/5816 6306/1794/5812 6307/1280/5415
f 6300/1792/5810 6306/1794/5812 6312/1798/5816
f 6315/1799/5817 4936/722/4916 6316/1800/5818
f 4936/722/4916 6317/1801/5819 6316/1800/5818
f 6313/1802/5820 6318/1803/5821 6311/1797/5815
f 6313/1802/5820 6314/1804/5822 6318/1803/5821
f 6314/1804/5822 6315/1799/5817 6319/1805/5823
f 6315/1799/5817 6316/1800/5818 6319/1805/5823
f 6314/1804/5822 6319/1805/5823 6318/1803/5821
f 6319/1805/5823 6320/1279/5414 6318/1803/5821
f 6319/1805/5823 6316/1800/5818 6320/1279/5414
f 6316/1800/5818 6317/1801/5819 6320/1279/5414
f 6318/1803/5821 6320/1279/5414 6309/1278/5413
f 4922/708/4902 6321/1806/5824 6313/1802/5820
f 4922/708/4902 6313/1802/5820 6311/1797/5815
f 6321/1806/5824 4930/1807/5825 6314/1804/5822
f 6321/1806/5824 6314/1804/5822 6313/1802/5820
f 4930/1807/5825 4934/720/4914 6315/1799/5817
f 4930/1807/5825 6315/1799/5817 6314/1804/5822
f 4934/720/4914 4936/722/4916 6315/1799/5817
f 4936/722/4916 4938/724/4918 6317/1801/5819
f 4938/724/4918 6322/1808/5826 6317/1801/5819
f 6317/1801/5819 6322/1808/5826 6323/1809/5827
f 6317/1801/5819 6323/1809/5827 6320/1279/5414
f 6311/1797/5815 6318/1803/5821 6309/1278/5413
f 6324/1810/5828 6325/1811/5829 6328/1812/5830
f 6325/1811/5829 6329/1813/5831 6328/1812/5830
f 6325/1811/5829 6326/1814/5832 6329/1813/5831
f 6326/1814/5832 6330/1815/5833 6329/1813/5831
f 6326/1814/5832 6327/1816/5834 6330/1815/5833
f 6327/1816/5834 6331/1817/5835 6330/1815/5833
f 6329/1813/5831 6330/1815/5833 6332/1238/5377
f 6329/1813/5831 6332/1238/5377 6328/1812/5830
f 6330/1815/5833 6331/1817/5835 6332/1238/5377
f 6328/1812/5830 6332/1238/5377 5619/1276/5409
f 4816/585/5836 4803/589/4782 6324/1810/5828
f 4816/585/5836 6324/1810/5828 6336/1818/5837
f 4803/589/4782 6325/1811/5829 6324/1810/5828
f 4803/589/4782 4806/591/4784 6325/1811/5829
f 4806/591/4784 6333/1819/5838 6326/1814/5832
f 4806/591/4784 6326/1814/5832 6325/1811/5829
f 6333/1819/5838 4812/597/4790 6327/1816/5834
f 6333/1819/5838 6327/1816/5834 6326/1814/5832
f 4812/597/4790 4814/599/4792 6327/1816/5834
f 4814/599/4792 6334/1820/5839 6335/1821/5840
f 4814/599/4792 6335/1821/5840 6327/1816/5834
f 6327/1816/5834 6335/1821/5840 6331/1817/5835
f 6336/1818/5837 6324/1810/5828 6328/1812/5830
f 6336/1818/5837 6328/1812/5830 5619/1276/5409
f 6322/1808/5826 6337/1822/5841 6341/1823/5842
f 6322/1808/5826 6341/1823/5842 6323/1809/5827
f 6337/1822/5841 6338/1824/5843 6342/1825/5844
f 6337/1822/5841 6342/1825/5844 6341/1823/5842
f 6338/1824/5843 6339/1826/5845 6342/1825/5844
f 6339/1826/5845 6340/1827/5846 6344/1828/5847
f 6323/1809/5827 6341/1823/5842 6343/1275/5408
f 6341/1823/5842 6342/1825/5844 6343/1275/5408
f 6342/1825/5844 6344/1828/5847 6343/1275/5408
f 6342/1825/5844 6339/1826/5845 6344/1828/5847
f 6344/1828/5847 6381/1829/5848 6343/1275/5408
f 4938/724/4918 6345/1830/5849 6322/1808/5826
f 6345/1830/5849 6337/1822/5841 6322/1808/5826
f 6345/1830/5849 4961/1831/5850 6337/1822/5841
f 4961/1831/5850 4965/754/4948 6338/1824/5843
f 4961/1831/5850 6338/1824/5843 6337/1822/5841
f 4965/754/4948 4967/756/4950 6339/1826/5845
f 4965/754/4948 6339/1826/5845 6338/1824/5843
f 4967/756/4950 6340/1827/5846 6339/1826/5845
f 4967/756/4950 6346/1832/5851 6347/1833/5852
f 4967/756/4950 6347/1833/5852 6340/1827/5846
f 6340/1827/5846 6347/1833/5852 6344/1828/5847
f 6344/1828/5847 6347/1833/5852 6381/1829/5848
f 6343/1275/5408 6381/1829/5848 5624/1273/5406
f 6323/1809/5827 6343/1275/5408 6320/1279/5414
f 6335/1821/5840 6348/1834/5853 6353/1835/5854
f 6348/1834/5853 6349/1836/5855 6353/1835/5854
f 6350/1837/5856 6351/1838/5857 6354/1839/5858
f 6351/1838/5857 6352/1840/5859 6354/1839/5858
f 6353/1835/5854 6349/1836/5855 6355/1271/5404
f 6349/1836/5855 6350/1837/5856 6354/1839/5858
f 6349/1836/5855 6354/1839/5858 6355/1271/5404
f 6334/1820/5839 4820/607/4801 6348/1834/5853
f 6334/1820/5839 6348/1834/5853 6335/1821/5840
f 4820/607/4801 4823/609/4803 6348/1834/5853
f 4823/609/4803 6356/1841/5860 6349/1836/5855
f 4823/609/4803 6349/1836/5855 6348/1834/5853
f 6356/1841/5860 6350/1837/5856 6349/1836/5855
f 6356/1841/5860 6357/1842/5861 6351/1838/5857
f 6356/1841/5860 6351/1838/5857 6350/1837/5856
f 6357/1842/5861 6352/1840/5859 6351/1838/5857
f 6357/1842/5861 4834/1843/5862 6358/1844/5863
f 6357/1842/5861 6358/1844/5863 6352/1840/5859
f 6352/1840/5859 6358/1844/5863 6359/1845/5864
f 6352/1840/5859 6359/1845/5864 6354/1839/5858
f 6354/1839/5858 6359/1845/5864 6396/1846/5865
f 6354/1839/5858 6396/1846/5865 5622/1272/5405
f 6355/1271/5404 6354/1839/5858 5622/1272/5405
f 6331/1817/5835 6353/1835/5854 6355/1271/5404
f 6331/1817/5835 6355/1271/5404 6332/1238/5377
f 6335/1821/5840 6353/1835/5854 6331/1817/5835
f 6360/1847/5866 6361/1848/5867 6365/1849/5868
f 6360/1847/5866 6365/1849/5868 6364/1850/5869
f 6361/1848/5867 6362/1851/5870 6366/1852/5871
f 6361/1848/5867 6366/1852/5871 6365/1849/5868
f 6362/1851/5870 6363/1853/5872 6366/1852/5871
f 6366/1852/5871 6363/1853/5872 6367/1854/5873
f 6364/1850/5869 6365/1849/5868 6368/1266/5399
f 6365/1849/5868 6366/1852/5871 6369/1855/5874
f 6365/1849/5868 6369/1855/5874 6368/1266/5399
f 6366/1852/5871 6367/1854/5873 6369/1855/5874
f 4796/268/5875 6370/1856/5876 6360/1847/5866
f 4796/268/5875 6360/1847/5866 6373/268/5877
f 6370/1856/5876 4787/572/4765 6361/1848/5867
f 6370/1856/5876 6361/1848/5867 6360/1847/5866
f 4787/572/4765 4789/574/4767 6361/1848/5867
f 4789/574/4767 6371/1857/5878 6362/1851/5870
f 4789/574/4767 6362/1851/5870 6361/1848/5867
f 6371/1857/5878 4816/1858/5879 6363/1853/5872
f 6371/1857/5878 6363/1853/5872 6362/1851/5870
f 4816/1858/5879 6372/1859/5880 6363/1853/5872
f 6363/1853/5872 6372/1859/5880 6336/1860/5881
f 6363/1853/5872 6336/1860/5881 6367/1854/5873
f 6369/1855/5874 6367/1854/5873 5619/1267/5400
f 6369/1855/5874 5619/1267/5400 6368/1266/5399
f 6373/268/5877 6364/1850/5869 6368/1266/5399
f 6373/268/5877 6368/1266/5399 5615/1265/5398
f 6373/268/5877 6360/1847/5866 6364/1850/5869
f 6374/1861/5882 6375/1862/5883 6379/1863/5884
f 6375/1862/5883 6376/1864/5885 6380/1865/5886
f 6375/1862/5883 6380/1865/5886 6379/1863/5884
f 6376/1864/5885 6377/1866/5887 6380/1865/5886
f 6377/1866/5887 6378/1867/5888 6383/1868/5889
f 6374/1861/5882 6379/1863/5884 6381/1260/5393
f 6379/1863/5884 6382/1869/5890 6381/1260/5393
f 6379/1863/5884 6380/1865/5886 6382/1869/5890
f 6380/1865/5886 6383/1868/5889 6382/1869/5890
f 6380/1865/5886 6377/1866/5887 6383/1868/5889
f 6383/1868/5889 6387/1261/5394 6382/1869/5890
f 6384/1832/5891 6385/1870/5892 6374/1861/5882
f 6384/1832/5891 6374/1861/5882 6388/1871/5893
f 6385/1870/5892 6375/1862/5883 6374/1861/5882
f 6385/1870/5892 6386/1872/5894 6375/1862/5883
f 6386/1872/5894 6376/1864/5885 6375/1862/5883
f 6386/1872/5894 4979/1873/5895 6376/1864/5885
f 4979/1873/5895 4983/772/4966 6377/1866/5887
f 4979/1873/5895 6377/1866/5887 6376/1864/5885
f 4983/772/4966 6378/1867/5888 6377/1866/5887
f 4983/772/4966 4988/776/4970 6378/1867/5888
f 6378/1867/5888 4988/776/4970 6383/1868/5889
f 6383/1868/5889 4988/776/4970 6387/1261/5394
f 6382/1869/5890 6387/1261/5394 6381/1260/5393
f 6388/1871/5893 6374/1861/5882 6381/1260/5393
f 6391/1874/5896 6394/1875/5897 6390/1876/5898
f 6391/1874/5896 6392/1877/5899 6394/1875/5897
f 6392/1877/5899 6395/1878/5900 6394/1875/5897
f 6392/1877/5899 6393/1879/5901 6395/1878/5900
f 6389/1880/5902 6390/1876/5898 6396/1881/5903
f 6390/1876/5898 6397/1259/5390 6396/1881/5903
f 6390/1876/5898 6394/1875/5897 6397/1259/5390
f 6394/1875/5897 6395/1878/5900 6397/1259/5390
f 6395/1878/5900 6402/1882/5904 6397/1259/5390
f 6396/1881/5903 6397/1259/5390 6398/1883/5905
f 4834/1843/5906 6399/1884/5907 6389/1880/5902
f 4834/1843/5906 6389/1880/5902 6359/1885/5908
f 6399/1884/5907 6390/1876/5898 6389/1880/5902
f 6399/1884/5907 6400/1886/5909 6391/1874/5896
f 6399/1884/5907 6391/1874/5896 6390/1876/5898
f 6400/1886/5909 6401/1887/5910 6392/1877/5899
f 6400/1886/5909 6392/1877/5899 6391/1874/5896
f 6401/1887/5910 4847/1888/5911 6393/1879/5901
f 6401/1887/5910 6393/1879/5901 6392/1877/5899
f 6393/1879/5901 6402/1882/5904 6395/1878/5900
f 6402/1882/5904 6410/1889/5912 6397/1259/5390
f 6397/1259/5390 6410/1889/5912 5611/1254/5392
f 6398/1883/5905 6397/1259/5390 5622/1258/5387
f 6403/1890/5913 6389/1880/5902 6396/1881/5903
f 6359/1885/5908 6389/1880/5902 6403/1890/5913
f 6406/1891/5914 6409/1892/5915 6405/1893/5916
f 6406/1891/5914 6407/1894/5917 6409/1892/5915
f 6407/1894/5917 6408/1895/5918 6409/1892/5915
f 6404/1896/5919 6405/1893/5916 6410/1889/5912
f 6405/1893/5916 6411/1897/5920 6410/1889/5912
f 6405/1893/5916 6409/1892/5915 6411/1897/5920
f 6409/1892/5915 6408/1895/5918 6411/1897/5920
f 6408/1895/5918 6412/1898/5921 6411/1897/5920
f 4847/1888/5911 6413/1899/5922 6404/1896/5919
f 4847/1888/5911 6404/1896/5919 6393/1879/5901
f 6413/1899/5922 6405/1893/5916 6404/1896/5919
f 6413/1899/5922 6414/1900/5923 6406/1891/5914
f 6413/1899/5922 6406/1891/5914 6405/1893/5916
f 6414/1900/5923 6415/1901/5924 6407/1894/5917
f 6414/1900/5923 6407/1894/5917 6406/1891/5914
f 6415/1901/5924 6416/1902/5925 6408/1895/5918
f 6415/1901/5924 6408/1895/5918 6407/1894/5917
f 6416/1902/5925 6417/1903/5926 6408/1895/5918
f 6408/1895/5918 6417/1903/5926 6418/1904/5927
f 6408/1895/5918 6418/1904/5927 6412/1898/5921
f 6412/1898/5921 5596/1249/5380 6411/1897/5920
f 6410/1889/5912 6411/1897/5920 5611/1254/5392
f 6402/1882/5904 6404/1896/5919 6410/1889/5912
f 6393/1879/5901 6404/1896/5919 6402/1882/5904
f 6417/1903/5926 6419/1905/5928 6423/1906/5929
f 6417/1903/5926 6423/1906/5929 6418/1904/5927
f 6419/1905/5928 6420/1907/5930 6424/1908/5931
f 6419/1905/5928 6424/1908/5931 6423/1906/5929
f 6420/1907/5930 6421/1909/5932 6424/1908/5931
f 6421/1909/5932 6422/1910/5933 6426/1911/5934
f 6418/1904/5927 6423/1906/5929 6412/1898/5921
f 6423/1906/5929 6425/1251/5383 6412/1898/5921
f 6423/1906/5929 6424/1908/5931 6425/1251/5383
f 6424/1908/5931 6426/1911/5934 6425/1251/5383
f 6424/1908/5931 6421/1909/5932 6426/1911/5934
f 6426/1911/5934 6444/1912/5935 6425/1251/5383
f 6416/1902/5925 6427/1913/5936 6417/1903/5926
f 6427/1913/5936 6419/1905/5928 6417/1903/5926
f 6427/1913/5936 6428/1914/5937 6419/1905/5928
f 6428/1914/5937 6420/1907/5930 6419/1905/5928
f 6428/1914/5937 6429/1915/5938 6420/1907/5930
f 6429/1915/5938 6421/1909/5932 6420/1907/5930
f 6429/1915/5938 4876/1916/5939 6422/1910/5933
f 6429/1915/5938 6422/1910/5933 6421/1909/5932
f 4876/1916/5939 6430/1917/5940 6431/1918/5941
f 4876/1916/5939 6431/1918/5941 6422/1910/5933
f 6422/1910/5933 6431/1918/5941 6432/1919/5942
f 6422/1910/5933 6432/1919/5942 6426/1911/5934
f 6426/1911/5934 6432/1919/5942 6444/1912/5935
f 6425/1251/5383 6444/1912/5935 5595/1252/5384
f 6412/1898/5921 6425/1251/5383 5596/1249/5380
f 6433/1920/5943 6434/1921/5944 6438/1922/5945
f 6434/1921/5944 6435/1923/5946 6439/1924/5947
f 6434/1921/5944 6439/1924/5947 6438/1922/5945
f 6435/1923/5946 6436/1925/5948 6440/1926/5949
f 6435/1923/5946 6440/1926/5949 6439/1924/5947
f 6436/1925/5948 6437/1927/5950 6441/1928/5951
f 6436/1925/5948 6441/1928/5951 6440/1926/5949
f 6438/1922/5945 6439/1924/5947 6442/1247/5379
f 6439/1924/5947 6440/1926/5949 6442/1247/5379
f 6440/1926/5949 6441/1928/5951 6443/777/4971
f 6440/1926/5949 6443/777/4971 6442/1247/5379
f 6438/1922/5945 6442/1247/5379 6444/1929/5952
f 4879/1917/5953 6445/1930/5954 6433/1920/5943
f 4879/1917/5953 6433/1920/5943 6431/1931/5955
f 6445/1930/5954 6434/1921/5944 6433/1920/5943
f 6445/1930/5954 4883/1932/5956 6435/1923/5946
f 6445/1930/5954 6435/1923/5946 6434/1921/5944
f 4883/1932/5956 4887/1933/5957 6435/1923/5946
f 4887/1933/5957 6436/1925/5948 6435/1923/5946
f 4887/1933/5957 4891/1934/5958 6436/1925/5948
f 4891/1934/5958 6437/1927/5950 6436/1925/5948
f 4891/1934/5958 6446/1935/5959 6437/1927/5950
f 6444/1929/5952 6442/1247/5379 5594/779/4973
f 6444/1929/5952 6433/1920/5943 6438/1922/5945
f 6431/1931/5955 6433/1920/5943 6444/1929/5952
f 6448/1936/5960 6451/1937/5961 6447/1938/5962
f 6448/1936/5960 6449/1939/5963 6451/1937/5961
f 6449/1939/5963 6452/1940/5964 6451/1937/5961
f 6449/1939/5963 6450/1941/5965 6452/1940/5964
f 6450/1941/5965 6312/1798/5816 6452/1940/5964
f 6447/1938/5962 6451/1937/5961 6453/1942/5966
f 6451/1937/5961 6452/1940/5964 6454/778/4972
f 6451/1937/5961 6454/778/4972 6453/1942/5966
f 6452/1940/5964 6312/1798/5816 6307/1280/5415
f 6452/1940/5964 6307/1280/5415 6454/778/4972
f 6443/777/4971 6453/1942/5966 6454/778/4972
f 6446/1935/5959 6447/1938/5962 6437/1927/5950
f 6446/1935/5959 6455/1943/5967 6448/1936/5960
f 6446/1935/5959 6448/1936/5960 6447/1938/5962
f 6455/1943/5967 6456/1944/5968 6449/1939/5963
f 6455/1943/5967 6449/1939/5963 6448/1936/5960
f 6456/1944/5968 4904/690/4884 6450/1941/5965
f 6456/1944/5968 6450/1941/5965 6449/1939/5963
f 4904/690/4884 4906/692/4886 6450/1941/5965
f 4906/692/4886 6310/1796/5814 6300/1792/5810
f 4906/692/4886 6300/1792/5810 6450/1941/5965
f 6450/1941/5965 6300/1792/5810 6312/1798/5816
f 6441/1928/5951 6447/1938/5962 6453/1942/5966
f 6441/1928/5951 6453/1942/5966 6443/777/4971
f 6437/1927/5950 6447/1938/5962 6441/1928/5951
f 5096/780/5089 5095/882/5088 6457/1945/5969
f 5095/882/5088 5094/783/5087 6457/1945/5969
f 5094/783/5087 5093/784/5086 6458/1946/5970
f 5093/784/5086 5092/786/5085 6458/1946/5970
f 5092/786/5085 5091/787/5084 6459/1947/5971
f 5092/786/5085 6459/1947/5971 6458/1946/5970
f 5091/787/5084 5090/881/5083 6459/1947/5971
f 5096/780/5089 6457/1945/5969 6460/1948/5972
f 5094/783/5087 6458/1946/5970 6457/1945/5969
f 5090/881/5083 5089/6/5082 6461/6/5973
f 5090/881/5083 6461/6/5973 6459/1947/5971
f 6072/790/5573 5096/780/5089 6460/1948/5972
f 6463/945/5974 6464/1949/5975 6466/1950/5976
f 6464/1949/5975 6077/949/5977 6467/1951/5978
f 6077/949/5977 6465/1539/5979 6467/1951/5978
f 6464/1949/5975 6467/1951/5978 6466/1950/5976
f 6465/1539/5979 6076/799/5577 6467/1951/5978
f 6462/805/5980 6463/945/5974 6468/1952/5981
f 6467/1951/5978 6076/799/5577 6469/1953/5982
f 6463/945/5974 6466/1950/5976 6468/1952/5981
f 6076/799/5577 6075/798/5576 6469/1953/5982
f 6471/1954/5983 6462/805/5980 6468/1952/5981
f 6470/1955/5984 6462/805/5980 6471/1954/5983
f 6082/1956/5985 6473/842/5986 6475/843/5987
f 6473/842/5986 6474/1957/5988 6476/1958/5989
f 6475/843/5987 6473/842/5986 6476/1958/5989
f 6084/1959/5990 6472/1960/5991 6477/1961/5992
f 6472/1960/5991 6478/1962/5993 6477/1961/5992
f 6472/1960/5991 6082/1956/5985 6478/1962/5993
f 6082/1956/5985 6475/843/5987 6478/1962/5993
f 6474/1957/5988 6479/1963/5994 6476/1958/5989
f 6480/1964/5995 6084/1959/5990 6477/1961/5992
f 5081/875/5074 5080/874/5073 6481/1965/5996
f 5080/874/5073 5079/872/5071 6482/1966/5997
f 5080/874/5073 6482/1966/5997 6481/1965/5996
f 5079/872/5071 5078/871/5070 6482/1966/5997
f 5078/871/5070 5077/870/5069 6482/1966/5997
f 6482/1966/5997 5077/870/5069 6483/1967/5998
f 5077/870/5069 5076/869/5068 6483/1967/5998
f 5076/869/5068 5075/868/5067 6484/1968/5999
f 5076/869/5068 6484/1968/5999 6483/1967/5998
f 5075/868/5067 6089/1584/5588 6484/1968/5999
f 6090/23/5075 5081/875/5074 6481/1965/5996
f 6090/23/5075 6481/1965/5996 6485/23/6000
f 6486/1969/6001 6094/924/6002 6487/980/6003
f 6488/1970/6004 6489/1971/6005 6490/1972/6006
f 6094/924/6002 6488/1970/6004 6492/1973/6007
f 6488/1970/6004 6491/922/6008 6492/1973/6007
f 6488/1970/6004 6490/1972/6006 6491/922/6008
f 6487/980/6003 6094/924/6002 6492/1973/6007
f 6486/1969/6001 6487/980/6003 6493/1974/6009
f 6489/1971/6005 6072/790/5573 6460/1948/5972
f 6489/1971/6005 6460/1948/5972 6490/1972/6006
f 6097/1975/6010 6486/1969/6001 6493/1974/6009
f 6494/1976/6011 6495/1977/6012 6498/1978/6013
f 6494/1976/6011 6498/1978/6013 6497/1979/6014
f 6495/1977/6012 6099/739/6015 6498/1978/6013
f 6496/738/6016 6470/1955/5984 6471/1954/5983
f 6498/1978/6013 6099/739/6015 6499/1980/6017
f 6099/739/6015 6496/738/6016 6499/1980/6017
f 6496/738/6016 6471/1954/5983 6499/1980/6017
f 6103/744/6018 6497/1979/6014 6500/1981/6019
f 6103/744/6018 6494/1976/6011 6497/1979/6014
f 6501/1982/6020 6105/1983/6021 6502/1984/6022
f 6501/1982/6020 6502/1984/6022 6505/1985/6023
f 6105/1983/6021 6503/1986/6024 6502/1984/6022
f 6502/1984/6022 6503/1986/6024 6506/1987/6025
f 6503/1986/6024 6504/1988/6026 6506/1987/6025
f 6504/1988/6026 6480/1964/5995 6506/1987/6025
f 6504/1988/6026 6084/1959/5990 6480/1964/5995
f 6507/812/6027 6501/1982/6020 6505/1985/6023
f 6507/812/6027 6505/1985/6023 6508/812/6028
f 6509/1989/6029 6109/895/6030 6512/1990/6031
f 6510/894/6032 6511/1991/6033 6513/1992/6034
f 6511/1991/6033 6097/1975/6010 6514/891/6035
f 6511/1991/6033 6514/891/6035 6513/1992/6034
f 6109/895/6030 6510/894/6032 6515/1993/6036
f 6510/894/6032 6513/1992/6034 6515/1993/6036
f 6512/1990/6031 6109/895/6030 6515/1993/6036
f 6097/1975/6010 6493/1974/6009 6514/891/6035
f 6516/853/6037 6509/1989/6029 6512/1990/6031
f 6516/853/6037 6512/1990/6031 6517/853/6038
f 6115/1994/6039 6518/1995/6040 6520/1996/6041
f 6115/1994/6039 6520/1996/6041 6521/1997/6042
f 6518/1995/6040 6113/1998/6043 6522/1999/6044
f 6518/1995/6040 6522/1999/6044 6520/1996/6041
f 6113/1998/6043 6519/2000/6045 6523/1022/6046
f 6113/1998/6043 6523/1022/6046 6522/1999/6044
f 6523/1022/6046 6519/2000/6045 6500/1981/6019
f 6519/2000/6045 6103/744/6018 6500/1981/6019
f 6524/2001/6047 6527/2002/6048 6528/819/6049
f 6524/2001/6047 6525/1031/6050 6527/2002/6048
f 6525/1031/6050 6118/2003/6051 6529/2004/6052
f 6118/2003/6051 6526/2005/6053 6530/2006/6054
f 6118/2003/6051 6530/2006/6054 6529/2004/6052
f 6525/1031/6050 6529/2004/6052 6527/2002/6048
f 6526/2005/6053 6507/812/6027 6508/812/6028
f 6526/2005/6053 6508/812/6028 6530/2006/6054
f 6075/798/5576 6528/819/6049 6469/1953/5982
f 6075/798/5576 6524/2001/6047 6528/819/6049
f 6531/2007/6055 6535/2008/6056 6479/1963/5994
f 6531/2007/6055 6123/858/6057 6535/2008/6056
f 6123/858/6057 6532/1199/6058 6536/1199/6059
f 6123/858/6057 6536/1199/6059 6535/2008/6056
f 6532/1199/6058 6533/856/6060 6536/1199/6059
f 6533/856/6060 6534/2009/6061 6537/2010/6062
f 6532/1199/6058 6122/856/6063 6533/856/6060
f 6122/856/6063 6534/2009/6061 6533/856/6060
f 6534/2009/6061 6516/853/6037 6517/853/6038
f 6534/2009/6061 6517/853/6038 6537/2010/6062
f 6474/1957/5988 6531/2007/6055 6479/1963/5994
f 6538/913/6064 6539/2011/6065 6542/2012/6066
f 6538/913/6064 6542/2012/6066 6543/913/6067
f 6539/2011/6065 6540/2013/6068 6544/2014/6069
f 6539/2011/6065 6544/2014/6069 6542/2012/6066
f 6540/2013/6068 6541/2015/6070 6545/2016/6071
f 6540/2013/6068 6545/2016/6071 6544/2014/6069
f 6541/2015/6070 6115/1994/6039 6521/1997/6042
f 6541/2015/6070 6521/1997/6042 6545/2016/6071
f 6089/1584/5588 6543/913/6067 6484/1968/5999
f 6089/1584/5588 6538/913/6064 6543/913/6067
