# Blender 4.5.3 LTS
# www.blender.org
mtllib habitacion.mtl
o habitacion
v 12.071146 0.500000 3.150113
v 12.071146 0.500000 7.150113
v 11.571146 2.792954 6.019399
v 11.681203 2.635694 5.826849
v 12.071146 1.077064 6.019455
v 11.961089 1.261431 5.826849
v 11.961089 1.261431 4.473361
v 12.071146 1.077064 4.280756
v 11.681203 1.261431 5.826849
v 11.571146 1.077064 6.019455
v 11.571146 1.077064 4.280756
v 11.681203 1.261431 4.473361
v 11.961089 2.635694 5.826849
v 12.071146 2.792954 6.019399
v 12.071146 2.792955 4.280814
v 11.961089 2.635694 4.473361
v 11.681203 2.635694 4.473361
v 11.571146 2.792955 4.280814
v 12.020760 0.792719 6.050113
v 12.020760 2.900000 6.050113
v 12.020760 0.792719 5.850112
v 12.020760 2.900000 5.850112
v 11.621531 0.792719 6.050113
v 11.621531 2.900000 6.050113
v 11.621531 0.792719 5.850112
v 11.621531 2.900000 5.850112
v 12.020760 0.792719 4.450113
v 12.020760 2.900000 4.450113
v 12.020760 0.792719 4.250113
v 12.020760 2.900000 4.250113
v 11.621532 0.792719 4.450113
v 11.621531 2.900000 4.450113
v 11.621532 0.792719 4.250113
v 11.621531 2.900000 4.250113
v 12.282948 2.793813 6.170643
v 12.278659 2.793906 4.125229
v 12.278659 2.606116 6.174960
v 12.282948 2.606210 4.129546
v 11.363632 2.793906 6.174960
v 11.359344 2.793813 4.129546
v 11.359344 2.606210 6.170643
v 11.363632 2.606116 4.125229
v 12.185925 0.937354 6.044243
v 12.182287 2.893909 6.044023
v 12.182522 0.934970 5.854446
v 12.185172 2.894437 5.858031
v 11.459770 0.934970 6.045779
v 11.457120 2.894437 6.042195
v 11.456365 0.937357 5.855959
v 11.460016 2.893916 5.856200
v 12.185925 0.937354 4.444242
v 12.182287 2.893909 4.444023
v 12.182522 0.934970 4.254446
v 12.185172 2.894437 4.258030
v 11.459770 0.934970 4.445779
v 11.457120 2.894437 4.442194
v 11.456365 0.937357 4.255959
v 11.460017 2.893916 4.256200
v 12.282948 1.293813 6.170643
v 12.278660 1.293906 4.125229
v 12.278660 1.106116 6.174960
v 12.282948 1.106209 4.129546
v 11.363632 1.293906 6.174960
v 11.359344 1.293813 4.129546
v 11.359344 1.106209 6.170643
v 11.363632 1.106116 4.125229
v 11.321146 -0.000000 3.150113
v 11.321146 -0.000000 7.150113
v 12.321146 0.000000 7.150113
v 12.321146 0.000000 3.150113
v 11.321146 0.250000 3.150113
v 11.321146 0.250000 7.150113
v 12.321146 0.250000 7.150113
v 12.321146 0.250000 3.150113
v 11.571146 3.200000 7.150113
v 11.571146 0.500000 7.150113
v 11.571146 0.500000 3.150113
v 12.071146 3.200000 7.150113
v 11.571146 3.200000 3.150113
v 11.321146 -0.000000 4.250113
v 11.321146 -0.000000 4.050113
v 11.391857 -0.000000 4.150113
v 11.321146 -0.000000 6.250113
v 11.321146 -0.000000 6.050113
v 11.391857 -0.000000 6.150113
v 12.321146 0.000000 6.050113
v 12.321146 0.000000 6.250113
v 12.250435 0.000000 6.150113
v 12.321146 0.000000 4.050113
v 12.321146 0.000000 4.250113
v 12.250435 0.000000 4.150113
v 11.321146 0.250000 4.050113
v 11.321146 0.250000 4.250113
v 11.391857 0.320711 4.150113
v 11.321146 0.250000 6.050113
v 11.321146 0.250000 6.250113
v 11.391857 0.320711 6.150113
v 12.321146 0.250000 6.250113
v 12.321146 0.250000 6.050113
v 12.250435 0.320711 6.150113
v 12.321146 0.250000 4.250113
v 12.321146 0.250000 4.050113
v 12.250435 0.320711 4.150113
v 12.155967 2.045212 6.791605
v 12.150950 1.837680 6.803245
v 12.150950 2.042407 6.412595
v 12.150950 1.837680 6.412595
v 12.059950 1.846732 6.362679
v 12.059950 1.787766 6.421646
v 12.059950 1.787766 6.794193
v 12.059950 1.846732 6.853158
v 12.059950 2.033355 6.853158
v 12.059950 2.092321 6.794193
v 12.059950 2.092321 6.421646
v 12.059950 2.033355 6.362679
v 12.144862 2.028397 6.640010
v 12.086699 2.077648 6.655241
v 12.155967 0.723642 3.711348
v 12.150951 0.931173 3.699708
v 12.150951 0.726446 4.096310
v 12.150951 0.931173 4.096310
v 12.059950 0.922121 4.146224
v 12.059950 0.981088 4.087257
v 12.059950 0.981088 3.708761
v 12.059950 0.922121 3.649794
v 12.059950 0.735498 3.649794
v 12.059950 0.676532 3.708762
v 12.059949 0.676532 4.087257
v 12.059949 0.735498 4.146224
v 12.144862 0.740456 3.862943
v 12.086700 0.691205 3.847713
v 12.059950 1.708845 6.568316
v 12.059950 1.767812 6.509350
v 12.059950 1.767812 6.190454
v 12.059950 1.708845 6.131488
v 12.059950 1.522222 6.131488
v 12.059950 1.463256 6.190454
v 12.059950 1.463256 6.509350
v 12.059950 1.522222 6.568316
v 12.150950 1.513170 6.518402
v 12.150950 1.717897 6.518402
v 12.150950 1.513170 6.181402
v 12.150950 1.717897 6.181402
v 12.059949 2.057147 4.006477
v 12.059949 2.116113 3.947511
v 12.059949 2.116113 3.530272
v 12.059949 2.057147 3.471306
v 12.059949 1.870524 3.471306
v 12.059949 1.811558 3.530272
v 12.059949 1.811558 3.947511
v 12.059949 1.870524 4.006477
v 12.150951 1.861472 3.956563
v 12.150951 2.066199 3.956563
v 12.150951 1.861472 3.521220
v 12.150951 2.066199 3.521220
v 12.059949 1.274362 3.968567
v 12.059949 1.333329 3.909601
v 12.059949 1.333329 3.564841
v 12.059949 1.274362 3.505875
v 12.059949 1.087740 3.505875
v 12.059949 1.028773 3.564841
v 12.059949 1.028773 3.909601
v 12.059949 1.087740 3.968567
v 12.150951 1.078688 3.918653
v 12.150951 1.283414 3.918653
v 12.150951 1.078688 3.555789
v 12.150951 1.283414 3.555789
v 12.150950 2.392329 3.851642
v 12.150950 2.187602 3.851642
v 12.150950 2.392329 4.119626
v 12.150950 2.187602 4.119626
v 12.059950 2.196654 4.169540
v 12.059950 2.137688 4.110574
v 12.059950 2.137688 3.860693
v 12.059950 2.196654 3.801727
v 12.059950 2.383277 3.801727
v 12.059950 2.442243 3.860693
v 12.059950 2.442243 4.110574
v 12.059950 2.383277 4.169540
v 11.486324 2.045212 3.508620
v 11.491341 1.837680 3.496981
v 11.491341 2.042407 3.887630
v 11.491341 1.837680 3.887630
v 11.582342 1.846732 3.937546
v 11.582342 1.787766 3.878580
v 11.582342 1.787766 3.506032
v 11.582342 1.846732 3.447067
v 11.582342 2.033355 3.447067
v 11.582342 2.092321 3.506032
v 11.582342 2.092321 3.878580
v 11.582342 2.033355 3.937546
v 11.497429 2.028397 3.660215
v 11.555592 2.077648 3.644985
v 11.486325 0.723642 6.588878
v 11.491342 0.931173 6.600518
v 11.491342 0.726446 6.203917
v 11.491342 0.931173 6.203917
v 11.582343 0.922121 6.154002
v 11.582343 0.981088 6.212968
v 11.582343 0.981088 6.591465
v 11.582343 0.922121 6.650432
v 11.582343 0.735498 6.650432
v 11.582343 0.676532 6.591465
v 11.582343 0.676532 6.212968
v 11.582343 0.735498 6.154002
v 11.497430 0.740456 6.437283
v 11.555593 0.691205 6.452513
v 11.582342 1.708845 3.731909
v 11.582342 1.767812 3.790876
v 11.582342 1.767812 4.109772
v 11.582342 1.708845 4.168737
v 11.582342 1.522222 4.168737
v 11.582342 1.463256 4.109772
v 11.582342 1.463256 3.790876
v 11.582342 1.522222 3.731909
v 11.491341 1.513170 3.781824
v 11.491341 1.717897 3.781824
v 11.491341 1.513170 4.118824
v 11.491341 1.717897 4.118824
v 11.582343 2.057147 6.293749
v 11.582343 2.116113 6.352715
v 11.582343 2.116113 6.769954
v 11.582343 2.057147 6.828919
v 11.582343 1.870524 6.828919
v 11.582343 1.811558 6.769954
v 11.582343 1.811558 6.352715
v 11.582343 1.870524 6.293749
v 11.491342 1.861472 6.343663
v 11.491342 2.066199 6.343663
v 11.491342 1.861472 6.779006
v 11.491342 2.066199 6.779006
v 11.582343 1.274362 6.331658
v 11.582343 1.333329 6.390625
v 11.582343 1.333329 6.735384
v 11.582343 1.274362 6.794351
v 11.582343 1.087740 6.794351
v 11.582343 1.028773 6.735384
v 11.582343 1.028773 6.390625
v 11.582343 1.087740 6.331658
v 11.491342 1.078688 6.381573
v 11.491342 1.283414 6.381573
v 11.491342 1.078688 6.744437
v 11.491342 1.283414 6.744437
v 11.491342 2.392329 6.448584
v 11.491342 2.187602 6.448584
v 11.491342 2.392329 6.180600
v 11.491342 2.187602 6.180600
v 11.582343 2.196654 6.130685
v 11.582343 2.137688 6.189651
v 11.582343 2.137688 6.439532
v 11.582343 2.196654 6.498499
v 11.582343 2.383277 6.498499
v 11.582343 2.442243 6.439532
v 11.582343 2.442243 6.189651
v 11.582343 2.383277 6.130685
v 12.106879 1.226257 4.436372
v 12.106879 1.226257 5.863853
v 11.964131 1.226257 4.436372
v 11.964131 1.226257 5.863853
v 12.106879 2.717226 4.436372
v 12.106879 2.717226 5.863853
v 11.964130 2.717226 5.863853
v 11.964130 2.717226 4.436372
v 12.091815 1.226257 4.727746
v 12.085466 1.226257 5.150113
v 12.091838 1.226257 5.572394
v 11.979196 1.226257 4.727746
v 11.985543 1.226257 5.150113
v 11.979195 1.226257 5.572479
v 12.178253 2.230497 4.521690
v 12.178253 2.230497 5.778535
v 12.178253 2.432487 4.521690
v 12.178253 2.432487 5.778535
v 12.035505 2.178788 5.848181
v 12.035504 2.484196 5.848181
v 12.035505 2.484196 4.452044
v 12.035505 2.178788 4.452044
v 12.178253 1.460399 4.521690
v 12.178253 1.460399 5.778535
v 12.178253 1.662390 4.521690
v 12.178253 1.662390 5.778535
v 12.035505 1.408690 5.848181
v 12.035505 1.714098 5.848181
v 12.035505 1.714098 4.452044
v 12.035505 1.408690 4.452044
v 12.085698 2.717226 5.572523
v 12.091584 2.717226 5.150113
v 12.085732 2.717226 4.727643
v 11.985278 2.717226 4.727643
v 11.979425 2.717226 5.150113
v 11.985278 2.717226 5.572583
v 12.031584 0.483732 4.629874
v 12.120135 0.538993 4.565310
v 11.956571 0.560302 4.468382
v 12.076249 0.583790 4.470834
v 12.039563 0.471812 4.316904
v 12.124803 0.532020 4.382214
v 12.165868 0.340552 4.384777
v 12.198695 0.455229 4.421922
v 12.160937 0.347918 4.578203
v 12.195810 0.459539 4.535082
v 12.032830 0.488005 4.375109
v 12.107122 0.545507 4.294782
v 12.007257 0.505850 4.255268
v 12.069856 0.419482 4.191556
v 12.135818 0.493129 4.223688
v 12.134118 0.348259 4.272021
v 12.173413 0.451461 4.270762
v 12.111235 0.390608 4.385463
v 12.160025 0.476237 4.337130
v 12.104963 0.421594 4.913455
v 12.198800 0.463864 4.874902
v 12.070204 0.448232 4.797625
v 12.177948 0.477867 4.776991
v 12.134840 0.373537 4.722259
v 12.209547 0.300735 4.791510
v 12.240685 0.406495 4.797962
v 12.191082 0.330436 4.909676
v 11.609461 0.488005 3.890946
v 11.510361 0.519053 3.926911
v 11.635034 0.505850 4.010787
v 11.524191 0.525038 4.026863
v 11.572435 0.419482 4.074500
v 11.508174 0.348259 3.994035
v 11.468878 0.451461 3.995293
v 11.531057 0.390608 3.880592
v 11.604620 0.472281 5.698569
v 11.534162 0.544169 5.628346
v 11.701340 0.521777 5.538053
v 11.590746 0.573126 5.534440
v 11.604900 0.449098 5.386129
v 11.534326 0.530607 5.445560
v 11.448578 0.354684 5.452750
v 11.442873 0.475371 5.484535
v 11.448404 0.369012 5.645848
v 11.442771 0.483754 5.597503
v 11.496803 0.361360 3.682318
v 11.462556 0.453647 3.755622
v 11.647466 0.479198 3.713694
v 11.550699 0.522586 3.773978
v 11.686852 0.475513 3.903691
v 11.573741 0.520431 3.885132
v 11.560532 0.355397 3.989738
v 11.499840 0.450159 3.935472
v 11.443075 0.284847 3.852924
v 11.431124 0.408885 3.855432
v 12.071146 3.200000 3.150113
v 11.321146 4.000000 3.150113
v 11.321146 4.000000 7.150113
v 12.321146 4.000000 7.150113
v 12.321146 4.000000 3.150113
v 11.321146 3.450000 3.150113
v 11.321146 3.450000 7.150113
v 12.321146 3.450000 7.150113
v 12.321146 3.450000 3.150113
v 11.321146 4.000000 6.250113
v 11.321146 4.000000 6.050113
v 11.391856 4.000000 6.150113
v 11.321146 4.000000 4.250113
v 11.321146 4.000000 4.050113
v 11.391857 4.000000 4.150113
v 12.321146 4.000000 4.050113
v 12.321146 4.000000 4.250113
v 12.250435 4.000000 4.150113
v 12.321146 4.000000 6.050113
v 12.321146 4.000000 6.250113
v 12.250435 4.000000 6.150113
v 11.321146 3.450000 4.250113
v 11.321146 3.450000 4.050113
v 11.391857 3.379289 4.150113
v 11.321146 3.450000 6.250113
v 11.321146 3.450000 6.050113
v 11.391857 3.379289 6.150113
v 12.321146 3.450000 6.050113
v 12.321146 3.450000 6.250113
v 12.250435 3.379289 6.150113
v 12.321146 3.450000 4.050113
v 12.321146 3.450000 4.250113
v 12.250435 3.379289 4.150113
v 12.171145 4.000000 6.050113
v 11.471146 4.000000 6.050113
v 11.471146 3.900000 6.150113
v 12.171145 3.900000 6.150113
v 11.471146 4.000000 6.250113
v 12.171145 4.000000 6.250113
v 12.171145 4.000000 4.050113
v 11.471146 4.000000 4.050113
v 11.471146 3.900000 4.150113
v 12.171145 3.900000 4.150113
v 11.471146 4.000000 4.250113
v 12.171145 4.000000 4.250113
v -11.748320 0.500000 -0.717201
v -12.248320 0.500000 -0.717201
v -12.498320 -0.000000 -0.717201
v -12.498320 -0.000000 3.282799
v -11.498320 0.000000 3.282799
v -11.498320 0.000000 -0.717201
v -12.498320 0.250000 -0.717201
v -12.498320 0.250000 3.282799
v -11.498320 0.250000 3.282799
v -11.498320 0.250000 -0.717201
v -11.748320 0.500000 3.282799
v -12.248320 0.500000 3.282799
v -12.498320 -0.000000 0.382800
v -12.498320 -0.000000 0.182799
v -12.427608 -0.000000 0.282799
v -12.498320 -0.000000 2.382800
v -12.498320 -0.000000 2.182799
v -12.427608 -0.000000 2.282799
v -11.498320 0.000000 2.182799
v -11.498320 0.000000 2.382800
v -11.569031 0.000000 2.282799
v -11.498320 0.000000 0.182799
v -11.498320 0.000000 0.382800
v -11.569031 0.000000 0.282799
v -12.498320 0.250000 0.182799
v -12.498320 0.250000 0.382800
v -12.427608 0.320711 0.282799
v -12.498320 0.250000 2.182799
v -12.498320 0.250000 2.382800
v -12.427608 0.320711 2.282799
v -11.498320 0.250000 2.382800
v -11.498320 0.250000 2.182799
v -11.569031 0.320711 2.282799
v -11.498320 0.250000 0.382800
v -11.498320 0.250000 0.182799
v -11.569031 0.320711 0.282799
v -11.759516 2.240867 2.653906
v -11.759516 2.299834 2.594940
v -11.759516 2.299834 2.330018
v -11.759516 2.240867 2.271050
v -11.759516 2.054244 2.271050
v -11.759516 1.995278 2.330018
v -11.759516 1.995278 2.594940
v -11.759516 2.054244 2.653906
v -11.668516 2.045192 2.603992
v -11.668516 2.249919 2.603992
v -11.668516 2.045192 2.320966
v -11.668516 2.249919 2.320966
v -11.663498 2.116398 0.673326
v -11.668514 1.908868 0.684965
v -11.668514 2.113594 0.201937
v -11.668514 1.908868 0.201937
v -11.759516 1.917920 0.152023
v -11.759516 1.858953 0.210989
v -11.759516 1.858953 0.675912
v -11.759516 1.917920 0.734879
v -11.759516 2.104542 0.734879
v -11.759516 2.163509 0.675912
v -11.759516 2.163509 0.210990
v -11.759516 2.104542 0.152023
v -11.674603 2.099583 0.521730
v -11.732765 2.148836 0.536961
v -11.662935 0.659213 2.321466
v -11.668516 0.866141 2.312832
v -11.668516 0.661414 2.795858
v -11.668516 0.866141 2.795858
v -11.759516 0.857089 2.845773
v -11.759516 0.916056 2.786807
v -11.759516 0.916056 2.321885
v -11.759516 0.857089 2.262918
v -11.759516 0.670466 2.262918
v -11.759516 0.611500 2.321885
v -11.759516 0.611500 2.786806
v -11.759516 0.670466 2.845773
v -11.674604 0.675424 2.476066
v -11.732767 0.626173 2.460836
v -11.759516 2.558415 3.022949
v -11.759516 2.617381 2.963983
v -11.759516 2.617381 2.499059
v -11.759516 2.558415 2.440093
v -11.759516 2.371792 2.440093
v -11.759516 2.312826 2.499059
v -11.759516 2.312826 2.963983
v -11.759516 2.371792 3.022949
v -11.668516 2.362740 2.973034
v -11.668516 2.567467 2.973034
v -11.668516 2.362740 2.490007
v -11.668516 2.567467 2.490007
v -11.759516 3.006921 0.228087
v -11.759516 3.065887 0.169121
v -11.759516 3.065887 -0.295802
v -11.759516 3.006921 -0.354768
v -11.759516 2.820298 -0.354768
v -11.759516 2.761332 -0.295802
v -11.759516 2.761332 0.169121
v -11.759516 2.820298 0.228087
v -11.668514 2.811246 0.178174
v -11.668514 3.015973 0.178174
v -11.668514 2.811246 -0.304853
v -11.668514 3.015973 -0.304853
v -11.759516 1.783013 0.491148
v -11.759516 1.841980 0.432181
v -11.759516 1.841980 0.067258
v -11.759516 1.783013 0.008292
v -11.759516 1.596390 0.008292
v -11.759516 1.537424 0.067258
v -11.759516 1.537424 0.432181
v -11.759516 1.596390 0.491148
v -11.668514 1.587338 0.441234
v -11.668514 1.792065 0.441234
v -11.668514 1.587338 0.058207
v -11.668514 1.792065 0.058207
v -11.759516 1.783013 0.975492
v -11.759516 1.841980 0.916525
v -11.759516 1.841980 0.588184
v -11.759516 1.783013 0.529217
v -11.759516 1.596390 0.529217
v -11.759516 1.537424 0.588184
v -11.759516 1.537424 0.916525
v -11.759516 1.596390 0.975492
v -11.668514 1.587338 0.925578
v -11.668514 1.792065 0.925578
v -11.668514 1.587338 0.579133
v -11.668514 1.792065 0.579133
v -11.759516 1.219182 0.019889
v -11.759516 1.278148 -0.039076
v -11.759516 1.278148 -0.404000
v -11.759516 1.219182 -0.462965
v -11.759516 1.032559 -0.462965
v -11.759516 0.973593 -0.404000
v -11.759516 0.973593 -0.039076
v -11.759516 1.032559 0.019889
v -11.668514 1.023507 -0.030025
v -11.668514 1.228234 -0.030025
v -11.668514 1.023507 -0.413052
v -11.668514 1.228234 -0.413052
v -11.759516 0.875887 0.197515
v -11.759516 0.934853 0.138547
v -11.759516 0.934853 -0.126376
v -11.759516 0.875887 -0.185341
v -11.759516 0.689264 -0.185341
v -11.759516 0.630298 -0.126376
v -11.759516 0.630298 0.138547
v -11.759516 0.689264 0.197515
v -11.668514 0.680212 0.147600
v -11.668514 0.884939 0.147600
v -11.668514 0.680212 -0.135427
v -11.668514 0.884939 -0.135427
v -12.237123 2.640867 0.243412
v -12.237123 2.699834 0.302379
v -12.237123 2.699834 0.767302
v -12.237123 2.640867 0.826269
v -12.237123 2.454244 0.826269
v -12.237123 2.395278 0.767302
v -12.237123 2.395278 0.302379
v -12.237123 2.454244 0.243412
v -12.328123 2.445192 0.293326
v -12.328123 2.649919 0.293326
v -12.328123 2.445192 0.776353
v -12.328123 2.649919 0.776353
v -12.333143 2.416398 1.892273
v -12.328125 2.208868 1.880635
v -12.328125 2.413594 2.363660
v -12.328125 2.208868 2.363660
v -12.237123 2.217920 2.413576
v -12.237123 2.158953 2.354609
v -12.237123 2.158953 1.889687
v -12.237123 2.217920 1.830719
v -12.237123 2.404542 1.830719
v -12.237123 2.463509 1.889687
v -12.237123 2.463509 2.354609
v -12.237123 2.404542 2.413576
v -12.322039 2.399582 2.043869
v -12.263874 2.448836 2.028638
v -12.333704 1.259213 0.344134
v -12.328123 1.466141 0.352767
v -12.328123 1.261414 -0.130260
v -12.328123 1.466141 -0.130260
v -12.237123 1.457089 -0.180174
v -12.237123 1.516055 -0.121209
v -12.237123 1.516055 0.343714
v -12.237123 1.457089 0.402681
v -12.237123 1.270466 0.402681
v -12.237123 1.211500 0.343714
v -12.237123 1.211500 -0.121209
v -12.237123 1.270466 -0.180174
v -12.322035 1.275424 0.189532
v -12.263872 1.226173 0.204762
v -12.237123 2.958415 -0.125629
v -12.237123 3.017381 -0.066663
v -12.237123 3.017381 0.398260
v -12.237123 2.958415 0.457226
v -12.237123 2.771792 0.457226
v -12.237123 2.712826 0.398260
v -12.237123 2.712826 -0.066663
v -12.237123 2.771792 -0.125629
v -12.328123 2.762740 -0.075716
v -12.328123 2.967467 -0.075716
v -12.328123 2.762740 0.407311
v -12.328123 2.967467 0.407311
v -12.237123 2.906921 2.337512
v -12.237123 2.965887 2.396477
v -12.237123 2.965887 2.861401
v -12.237125 2.906921 2.920367
v -12.237125 2.720298 2.920367
v -12.237123 2.661332 2.861401
v -12.237123 2.661332 2.396477
v -12.237123 2.720298 2.337512
v -12.328125 2.711246 2.387425
v -12.328125 2.915973 2.387425
v -12.328125 2.711246 2.870452
v -12.328125 2.915973 2.870452
v -12.237123 2.083013 2.074451
v -12.237123 2.141979 2.133418
v -12.237123 2.141979 2.598341
v -12.237123 2.083013 2.657306
v -12.237123 1.896390 2.657306
v -12.237123 1.837424 2.598341
v -12.237123 1.837424 2.133418
v -12.237123 1.896390 2.074451
v -12.328125 1.887338 2.124366
v -12.328125 2.092065 2.124366
v -12.328125 1.887338 2.607392
v -12.328125 2.092065 2.607392
v -12.237123 2.083013 1.590106
v -12.237123 2.141979 1.649074
v -12.237123 2.141979 1.977415
v -12.237123 2.083013 2.036381
v -12.237123 1.896390 2.036381
v -12.237123 1.837424 1.977415
v -12.237123 1.837424 1.649074
v -12.237123 1.896390 1.590106
v -12.328125 1.887338 1.640022
v -12.328125 2.092065 1.640022
v -12.328125 1.887338 1.986466
v -12.328125 2.092065 1.986466
v -12.237123 1.319182 2.045710
v -12.237123 1.378148 2.104676
v -12.237123 1.378148 2.569598
v -12.237123 1.319182 2.628564
v -12.237123 1.132559 2.628564
v -12.237123 1.073593 2.569598
v -12.237123 1.073593 2.104676
v -12.237123 1.132559 2.045710
v -12.328125 1.123507 2.095623
v -12.328125 1.328234 2.095623
v -12.328125 1.123507 2.578650
v -12.328125 1.328234 2.578650
v -12.237123 0.975887 1.668084
v -12.237123 1.034853 1.727051
v -12.237123 1.034853 2.191973
v -12.237123 0.975887 2.250941
v -12.237123 0.789264 2.250941
v -12.237123 0.730298 2.191973
v -12.237123 0.730298 1.727051
v -12.237123 0.789264 1.668084
v -12.328125 0.780212 1.717999
v -12.328125 0.984939 1.717999
v -12.328125 0.780212 2.201025
v -12.328125 0.984939 2.201025
v -12.237123 1.456500 0.445096
v -12.237123 1.515466 0.504064
v -12.237123 1.515466 0.968986
v -12.237123 1.456500 1.027953
v -12.237123 1.269877 1.027953
v -12.237123 1.210911 0.968986
v -12.237123 1.210911 0.504064
v -12.237123 1.269877 0.445096
v -12.328123 1.260825 0.495011
v -12.328123 1.465552 0.495011
v -12.328123 1.260825 0.978037
v -12.328123 1.465552 0.978037
v -12.237123 1.134661 0.071764
v -12.237123 1.193627 0.130729
v -12.237123 1.193627 0.595653
v -12.237123 1.134661 0.654620
v -12.237123 0.948038 0.654620
v -12.237123 0.889072 0.595653
v -12.237123 0.889072 0.130729
v -12.237123 0.948038 0.071764
v -12.328123 0.938986 0.121677
v -12.328123 1.143713 0.121677
v -12.328123 0.938986 0.604704
v -12.328123 1.143713 0.604704
v -12.248320 3.200000 3.282799
v -11.748320 3.200000 3.282799
v -12.248320 3.200000 -0.717201
v -11.748320 3.200000 -0.717201
v -12.498320 4.000000 -0.717201
v -12.498320 4.000000 3.282799
v -11.498320 4.000000 3.282799
v -11.498320 4.000000 -0.717201
v -12.498320 3.450000 -0.717201
v -12.498320 3.450000 3.282799
v -11.498320 3.450000 3.282799
v -11.498320 3.450000 -0.717201
v -12.498320 4.000000 2.382800
v -12.498320 4.000000 2.182799
v -12.427608 4.000000 2.282799
v -12.498320 4.000000 0.382800
v -12.498320 4.000000 0.182799
v -12.427608 4.000000 0.282799
v -11.498320 4.000000 0.182799
v -11.498320 4.000000 0.382800
v -11.569031 4.000000 0.282799
v -11.498320 4.000000 2.182799
v -11.498320 4.000000 2.382800
v -11.569031 4.000000 2.282799
v -12.498320 3.450000 0.382800
v -12.498320 3.450000 0.182799
v -12.427608 3.379289 0.282799
v -12.498320 3.450000 2.382800
v -12.498320 3.450000 2.182799
v -12.427608 3.379289 2.282799
v -11.498320 3.450000 2.182799
v -11.498320 3.450000 2.382800
v -11.569031 3.379289 2.282799
v -11.498320 3.450000 0.182799
v -11.498320 3.450000 0.382800
v -11.569031 3.379289 0.282799
v -11.648319 4.000000 2.182799
v -12.348320 4.000000 2.182799
v -12.348320 3.900000 2.282799
v -11.648319 3.900000 2.282799
v -12.348320 4.000000 2.382800
v -11.648319 4.000000 2.382800
v -11.648319 4.000000 0.182799
v -12.348320 4.000000 0.182799
v -12.348320 3.900000 0.282799
v -11.648319 3.900000 0.282799
v -12.348320 4.000000 0.382800
v -11.648319 4.000000 0.382800
v -11.748320 1.000000 2.282799
v -11.748320 1.200000 2.282799
v -11.748320 1.000000 0.282799
v -11.748320 1.200000 0.282799
v -11.254089 1.011539 2.282799
v -11.257696 1.190625 2.282799
v -11.257696 1.009376 0.282799
v -11.254089 1.188461 0.282799
v -11.254545 1.010481 0.611730
v -11.257187 1.010228 0.997839
v -11.299936 1.007863 0.889374
v -11.254622 1.189700 1.011955
v -11.257048 1.189537 0.641321
v -11.301020 1.192186 0.878239
v -11.748320 2.500000 0.282799
v -11.748320 2.700000 0.282799
v -11.748320 2.500000 2.282799
v -11.748320 2.700000 2.282799
v -11.254089 2.511539 0.282799
v -11.257696 2.690625 0.282799
v -11.257696 2.509376 2.282799
v -11.254089 2.688461 2.282799
v -11.254551 2.510483 1.765937
v -11.257187 2.510229 1.379688
v -11.299940 2.507844 1.488111
v -11.254627 2.689699 1.365507
v -11.257046 2.689537 1.736211
v -11.301031 2.692206 1.499349
v -11.748320 0.750000 2.082799
v -11.748320 1.000000 2.082799
v -11.748320 0.750000 1.882800
v -11.748320 1.000000 1.882800
v -11.748320 0.750000 0.682799
v -11.748320 1.000000 0.682799
v -11.748320 0.750000 0.482800
v -11.748320 1.000000 0.482800
v -11.625633 0.749764 2.079081
v -11.398722 0.999856 2.059254
v -11.623840 0.749856 1.883604
v -11.399305 1.000185 1.906665
v -11.625633 0.749764 0.679081
v -11.398722 0.999856 0.659254
v -11.623840 0.749856 0.483603
v -11.399305 1.000185 0.506665
v -11.703510 1.264949 1.220135
v -11.702009 1.691371 1.448566
v -11.702677 1.213191 1.321916
v -11.704010 1.642266 1.551569
v -11.412931 1.272534 1.226960
v -11.421373 1.687953 1.448872
v -11.421373 1.218394 1.321804
v -11.412931 1.633813 1.543716
v -11.403320 1.720857 1.414412
v -11.403320 1.279383 1.179677
v -11.403320 1.185489 1.356266
v -11.403320 1.626962 1.591002
v -11.745647 1.280179 1.183656
v -11.743343 1.189259 1.354110
v -11.743145 1.717705 1.416735
v -11.745872 1.625403 1.586508
v -11.579941 1.216000 0.504725
v -11.579941 1.696000 0.504725
v -11.557007 1.211000 0.616412
v -11.557007 1.701000 0.616412
v -11.305662 1.218874 0.445291
v -11.297571 1.693875 0.441687
v -11.273594 1.222150 0.549974
v -11.282427 1.689333 0.550207
v -11.298061 1.706000 0.396583
v -11.298061 1.206000 0.396583
v -11.254400 1.206000 0.591758
v -11.254400 1.706000 0.591758
v -11.631447 1.208571 0.474379
v -11.587023 1.208317 0.662400
v -11.628920 1.704307 0.474213
v -11.589397 1.702515 0.663380
v -11.339064 1.216000 0.655785
v -11.339064 1.696000 0.655785
v -11.312225 1.211000 0.766599
v -11.312225 1.701000 0.766598
v -11.612524 1.218874 0.718879
v -11.621380 1.693875 0.719067
v -11.596933 1.222150 0.827249
v -11.588842 1.689333 0.823696
v -11.640154 1.706000 0.678052
v -11.640154 1.206000 0.678052
v -11.596493 1.206000 0.873229
v -11.596493 1.706000 0.873229
v -11.305397 1.208572 0.606386
v -11.265476 1.208318 0.795416
v -11.307755 1.704307 0.607313
v -11.262911 1.702515 0.795290
v -11.429211 2.857500 0.425877
v -11.255987 2.856000 0.877553
v -11.429235 2.743334 0.428121
v -11.252317 2.742000 0.881494
v -11.692385 2.854163 0.538643
v -11.531780 2.874961 0.996788
v -11.694117 2.745000 0.535116
v -11.523750 2.745838 0.974315
v -11.711414 2.899999 0.528408
v -11.711414 2.699999 0.528408
v -11.530931 2.699999 0.994697
v -11.390768 2.894310 0.407221
v -11.393482 2.703674 0.407832
v -11.214903 2.898077 0.870684
v -11.212732 2.703237 0.867795
v -11.514383 2.850000 0.961484
v -11.298315 1.193299 2.238940
v -11.305292 1.373167 2.246549
v -11.711456 1.193227 2.317217
v -11.702524 1.373180 2.320676
v -11.415632 1.193260 1.621155
v -11.424232 1.373228 1.616928
v -11.828773 1.193256 1.699427
v -11.821207 1.373118 1.692447
v -11.791889 1.373220 1.731993
v -11.689068 1.373220 2.273562
v -11.335197 1.373220 2.206378
v -11.438019 1.373220 1.664809
v -11.805706 1.193125 1.900591
v -11.763716 1.193125 2.121760
v -11.786259 1.371854 2.124234
v -11.831989 1.371971 1.906684
v -11.321379 1.193125 2.037780
v -11.363369 1.193125 1.816610
v -11.338428 1.371083 1.813276
v -11.296650 1.372163 2.031734
v -11.853329 1.371047 1.770971
v -11.388563 1.193125 1.683909
v -11.830902 1.193125 1.767890
v -11.368769 1.371484 1.678745
v -11.738522 1.193125 2.254462
v -11.272367 1.370789 2.166949
v -11.761780 1.370678 2.259866
v -11.296185 1.193125 2.170480
v -11.380621 1.549164 2.252082
v -11.681837 1.486644 2.312443
v -11.751247 1.541557 1.687430
v -11.891932 1.373220 1.687821
v -11.361126 1.373220 1.587044
v -11.885349 1.495804 1.683010
v -11.370487 1.496737 1.584531
v -11.235155 1.373220 2.250551
v -11.765961 1.373220 2.351327
v -11.756590 1.496747 2.353839
v -11.241726 1.495789 2.255357
v -11.874355 1.508770 1.785187
v -11.855835 1.495038 1.901301
v -11.270901 1.494319 2.038194
v -11.252806 1.508759 2.152388
v -11.337502 1.502627 1.683519
v -11.316435 1.491722 1.799694
v -11.783726 1.499718 2.255272
v -11.815424 1.493524 2.143745
v -11.697908 1.677437 2.130063
v -11.680336 1.677437 2.222620
v -11.626358 1.621062 2.328141
v -11.765093 1.677437 1.776191
v -11.756094 1.625734 1.656503
v -11.739407 1.628387 1.750722
v -11.647102 1.628387 2.236902
v -11.747520 1.677437 1.868750
v -11.672222 1.628387 2.104593
v -11.714287 1.628387 1.883033
v -11.489725 1.558230 1.630366
v -11.379566 1.677437 2.069623
v -11.361994 1.677437 2.162179
v -11.446753 1.677437 1.715753
v -11.429178 1.677437 1.808310
v -11.387680 1.628387 2.187649
v -11.412800 1.628387 2.055339
v -11.378307 1.632975 2.282610
v -11.493309 1.636735 1.612139
v -11.479984 1.628387 1.701469
v -11.454865 1.628387 1.833778
v -11.611380 2.839897 1.018917
v -11.452253 2.839935 1.433941
v -11.739355 2.839898 1.305995
v -11.406223 2.841542 1.049425
v -11.708847 2.841542 1.100836
v -11.657427 2.841568 1.403453
v -11.354818 2.841568 1.352041
v -11.592560 3.061726 1.198813
v -11.559458 3.061726 1.287175
v -11.504198 3.061726 1.165711
v -11.471096 3.061726 1.254073
v -11.602362 3.172233 1.194354
v -11.592012 3.143859 1.199062
v -11.476322 3.136049 1.171567
v -11.465343 3.154408 1.256691
v -11.547281 3.142873 1.287763
v -11.498322 3.172185 1.152792
v -11.565336 3.172185 1.300095
v -11.470644 3.202955 1.254279
v -11.558306 3.207626 1.284644
v -11.592455 3.208155 1.198861
v -11.505350 3.207626 1.168243
v -11.617624 3.103455 1.187410
v -11.569435 3.117653 1.309994
v -11.451815 3.128444 1.262847
v -11.523651 3.127610 1.142919
v -11.388054 2.694577 1.172584
v -11.585690 2.694577 1.082671
v -11.477968 2.694577 1.370216
v -11.675602 2.694577 1.280303
v -11.437607 2.694577 1.105220
v -11.653051 2.694577 1.132223
v -11.626049 2.694577 1.347667
v -11.410604 2.694577 1.320664
v -11.324331 2.839936 1.146867
v -11.440517 3.059011 0.578332
v -11.678556 3.059012 0.633749
v -11.385099 3.059011 0.816373
v -11.623140 3.059012 0.871789
v -11.543386 3.034003 0.537433
v -11.719456 3.034003 0.736619
v -11.520267 3.034031 0.912672
v -11.344217 3.034031 0.713500
v -11.588285 3.119881 0.738649
v -11.518240 3.119881 0.781518
v -11.545416 3.119881 0.668604
v -11.475372 3.119881 0.711473
v -11.594276 3.238668 0.740093
v -11.587776 3.191362 0.738528
v -11.540670 3.196064 0.662407
v -11.475882 3.191363 0.711594
v -11.517731 3.196671 0.787769
v -11.514957 3.247038 0.779164
v -11.468689 3.236787 0.709862
v -11.548700 3.247038 0.670957
v -11.611584 3.156196 0.744258
v -11.515015 3.167663 0.802504
v -11.453079 3.158142 0.704512
v -11.554966 3.170648 0.650114
v -11.462078 2.890629 0.611092
v -11.645798 2.890629 0.655312
v -11.417858 2.890629 0.794810
v -11.601578 2.890629 0.839030
v -11.532154 2.890629 0.591438
v -11.665449 2.890629 0.725388
v -11.531502 2.890629 0.858683
v -11.398207 2.890629 0.724734
v -11.432749 2.989211 0.563169
v -11.693720 2.989211 0.625982
v -11.630907 2.989211 0.886953
v -11.369936 2.989211 0.824140
v -11.703510 2.706250 1.669849
v -11.702009 3.189999 1.671349
v -11.702677 2.708333 1.784016
v -11.704010 3.194999 1.785349
v -11.421602 2.716666 1.674016
v -11.412691 3.187875 1.671474
v -11.412691 2.712125 1.783225
v -11.421602 3.183333 1.780683
v -11.403320 3.199999 1.627352
v -11.403320 2.700000 1.627352
v -11.403320 2.700000 1.827351
v -11.403320 3.199999 1.827351
v -11.745647 2.702572 1.630492
v -11.743341 2.702318 1.823677
v -11.743145 3.198307 1.630882
v -11.745871 3.196514 1.824114
v -11.421974 2.710921 2.092613
v -11.421974 3.141189 1.863427
v -11.422808 2.766432 2.192397
v -11.422808 3.193022 1.965170
v -11.712555 2.720818 2.090134
v -11.703884 3.133954 1.872002
v -11.704113 2.769246 2.188018
v -11.716942 3.200233 1.970609
v -11.722162 3.126725 1.822979
v -11.722162 2.685425 2.058042
v -11.722162 2.779450 2.234561
v -11.382677 2.687719 2.058999
v -11.379137 2.779959 2.227635
v -11.379389 3.126992 1.829283
v -11.382509 3.217916 1.998749
v -11.208714 1.356836 0.331721
v -11.209391 1.201944 0.331939
v -11.277018 1.199875 0.335268
v -11.136955 1.356902 1.107244
v -11.203930 1.199875 1.115935
v -11.134935 1.202806 1.105220
v -11.208954 1.510272 0.332151
v -11.277018 1.513508 0.335268
v -11.136997 1.511446 1.106754
v -11.203930 1.513508 1.115935
v -11.644474 1.357078 0.395795
v -11.644068 1.201390 0.395807
v -11.639627 1.199875 0.467653
v -11.276463 1.356970 0.361331
v -11.267881 1.199875 0.432850
v -11.278435 1.203397 0.359519
v -11.643169 1.511260 0.394179
v -11.639627 1.513508 0.467655
v -11.277069 1.511074 0.361170
v -11.267881 1.513508 0.432850
v -11.208220 1.357078 1.090209
v -11.208847 1.202304 1.090596
v -11.213066 1.199875 1.018352
v -11.576229 1.356970 1.124675
v -11.584810 1.199875 1.053155
v -11.574572 1.202135 1.126108
v -11.209764 1.509953 1.092258
v -11.213066 1.513508 1.018352
v -11.575911 1.512011 1.124489
v -11.584810 1.513508 1.053155
v -11.639627 1.199875 0.467653
v -11.267881 1.199875 0.432850
v -11.213066 1.199875 1.018352
v -11.584810 1.199875 1.053155
v -11.267881 1.239079 0.432850
v -11.639627 1.239079 0.467653
v -11.584810 1.239079 1.053155
v -11.213066 1.239079 1.018352
v -11.240473 1.199875 0.725602
v -11.166124 1.368754 0.718640
v -11.177597 1.509917 0.635546
v -11.161572 1.508134 0.800913
v -11.170963 1.431063 0.719094
v -11.232794 1.513508 0.807626
v -11.248152 1.513508 0.643576
v -11.240473 1.431124 0.725602
v -11.715738 1.356902 0.378762
v -11.648762 1.513508 0.370070
v -11.715698 1.511446 0.379252
v -11.643980 1.356837 1.154284
v -11.575674 1.513508 1.150738
v -11.643152 1.511446 1.154141
v -11.717758 1.202806 0.380786
v -11.648762 1.199875 0.370070
v -11.575674 1.199875 1.150738
v -11.643305 1.201944 1.154066
v -11.612219 1.199875 0.760405
v -11.686569 1.368754 0.767365
v -11.675774 1.508133 0.849055
v -11.691124 1.508133 0.685091
v -11.681730 1.431064 0.766912
v -11.619898 1.513508 0.678380
v -11.604540 1.513508 0.842431
v -11.612219 1.431124 0.760405
v -11.748320 2.250000 2.082799
v -11.748320 2.500000 2.082799
v -11.748320 2.250000 1.882800
v -11.748320 2.500000 1.882800
v -11.748320 2.250000 0.682799
v -11.748320 2.500000 0.682799
v -11.748320 2.250000 0.482800
v -11.748320 2.500000 0.482800
v -11.625633 2.249764 2.079082
v -11.398722 2.499856 2.059254
v -11.623840 2.249856 1.883604
v -11.399305 2.500185 1.906665
v -11.625633 2.249764 0.679081
v -11.398722 2.499856 0.659254
v -11.623840 2.249856 0.483603
v -11.399305 2.500185 0.506665
v -6.004396 0.500000 -6.946063
v -6.004396 0.500000 -6.446063
v -6.004396 -0.000000 -6.196063
v -2.004395 -0.000000 -6.196063
v -2.004395 0.000000 -7.196063
v -6.004396 0.000000 -7.196063
v -6.004396 0.250000 -6.196063
v -2.004395 0.250000 -6.196063
v -2.004395 0.250000 -7.196063
v -6.004396 0.250000 -7.196063
v -2.004395 0.500000 -6.946063
v -2.004395 0.500000 -6.446063
v -4.904396 -0.000000 -6.196063
v -5.104395 -0.000000 -6.196063
v -5.004396 -0.000000 -6.266774
v -2.904394 -0.000000 -6.196063
v -3.104395 -0.000000 -6.196063
v -3.004395 -0.000000 -6.266774
v -3.104395 0.000000 -7.196063
v -2.904394 0.000000 -7.196063
v -3.004395 0.000000 -7.125351
v -5.104395 0.000000 -7.196063
v -4.904396 0.000000 -7.196063
v -5.004396 0.000000 -7.125351
v -5.104395 0.250000 -6.196063
v -4.904396 0.250000 -6.196063
v -5.004396 0.320711 -6.266774
v -3.104395 0.250000 -6.196063
v -2.904394 0.250000 -6.196063
v -3.004395 0.320711 -6.266774
v -2.904394 0.250000 -7.196063
v -3.104395 0.250000 -7.196063
v -3.004395 0.320711 -7.125351
v -4.904396 0.250000 -7.196063
v -5.104395 0.250000 -7.196063
v -5.004396 0.320711 -7.125351
v -2.965008 2.640867 -6.934865
v -3.023974 2.699834 -6.934865
v -3.488897 2.699834 -6.934865
v -3.547864 2.640867 -6.934865
v -3.547864 2.454244 -6.934865
v -3.488897 2.395278 -6.934865
v -3.023974 2.395278 -6.934865
v -2.965008 2.454244 -6.934865
v -3.014922 2.445192 -7.025866
v -3.014922 2.649919 -7.025866
v -3.497950 2.445192 -7.025866
v -3.497950 2.649919 -7.025866
v -4.613871 2.416399 -7.030883
v -4.602230 2.208868 -7.025867
v -5.085257 2.413594 -7.025867
v -5.085257 2.208868 -7.025867
v -5.135172 2.217920 -6.934866
v -5.076206 2.158953 -6.934866
v -4.611282 2.158953 -6.934866
v -4.552315 2.217920 -6.934866
v -4.552315 2.404542 -6.934866
v -4.611282 2.463509 -6.934866
v -5.076204 2.463509 -6.934866
v -5.135172 2.404542 -6.934866
v -4.765465 2.399584 -7.019779
v -4.750235 2.448836 -6.961616
v -3.065730 1.259213 -7.031447
v -3.074364 1.466141 -7.025866
v -2.591336 1.261414 -7.025867
v -2.591336 1.466141 -7.025866
v -2.541422 1.457089 -6.934865
v -2.600389 1.516055 -6.934865
v -3.065310 1.516055 -6.934865
v -3.124277 1.457089 -6.934865
v -3.124277 1.270466 -6.934865
v -3.065310 1.211500 -6.934865
v -2.600389 1.211500 -6.934865
v -2.541422 1.270466 -6.934865
v -2.911130 1.275424 -7.019778
v -2.926358 1.226173 -6.961615
v -2.595966 2.958415 -6.934865
v -2.654932 3.017381 -6.934865
v -3.119855 3.017381 -6.934865
v -3.178823 2.958415 -6.934865
v -3.178823 2.771792 -6.934865
v -3.119855 2.712826 -6.934865
v -2.654932 2.712826 -6.934865
v -2.595966 2.771792 -6.934865
v -2.645880 2.762740 -7.025866
v -2.645880 2.967467 -7.025866
v -3.128907 2.762740 -7.025866
v -3.128907 2.967467 -7.025866
v -5.059107 2.906921 -6.934866
v -5.118073 2.965887 -6.934866
v -5.582996 2.965887 -6.934866
v -5.641964 2.906921 -6.934866
v -5.641964 2.720298 -6.934866
v -5.582996 2.661332 -6.934866
v -5.118073 2.661332 -6.934866
v -5.059107 2.720298 -6.934866
v -5.109022 2.711246 -7.025867
v -5.109022 2.915973 -7.025867
v -5.592049 2.711246 -7.025867
v -5.592049 2.915973 -7.025867
v -4.796047 2.083013 -6.934866
v -4.855013 2.141979 -6.934866
v -5.319937 2.141979 -6.934866
v -5.378904 2.083013 -6.934866
v -5.378904 1.896390 -6.934866
v -5.319937 1.837424 -6.934866
v -4.855013 1.837424 -6.934866
v -4.796047 1.896390 -6.934866
v -4.845961 1.887338 -7.025867
v -4.845961 2.092065 -7.025867
v -5.328989 1.887338 -7.025867
v -5.328989 2.092065 -7.025867
v -4.311703 2.083013 -6.934866
v -4.370668 2.141979 -6.934866
v -4.699011 2.141979 -6.934866
v -4.757977 2.083013 -6.934866
v -4.757977 1.896390 -6.934866
v -4.699011 1.837424 -6.934866
v -4.370668 1.837424 -6.934866
v -4.311703 1.896390 -6.934866
v -4.361618 1.887338 -7.025867
v -4.361618 2.092065 -7.025867
v -4.708063 1.887338 -7.025867
v -4.708063 2.092065 -7.025867
v -4.767305 1.319182 -6.934866
v -4.826271 1.378148 -6.934866
v -5.291195 1.378148 -6.934866
v -5.350161 1.319182 -6.934866
v -5.350161 1.132559 -6.934866
v -5.291195 1.073593 -6.934866
v -4.826271 1.073593 -6.934866
v -4.767305 1.132559 -6.934866
v -4.817219 1.123507 -7.025867
v -4.817219 1.328234 -7.025867
v -5.300247 1.123507 -7.025867
v -5.300247 1.328234 -7.025867
v -4.389681 0.975887 -6.934865
v -4.448647 1.034853 -6.934865
v -4.913570 1.034853 -6.934865
v -4.972536 0.975887 -6.934865
v -4.972536 0.789264 -6.934865
v -4.913570 0.730298 -6.934865
v -4.448647 0.730298 -6.934865
v -4.389681 0.789264 -6.934865
v -4.439596 0.780212 -7.025868
v -4.439596 0.984939 -7.025868
v -4.922623 0.780212 -7.025868
v -4.922623 0.984939 -7.025867
v -3.166693 1.456500 -6.934865
v -3.225659 1.515466 -6.934865
v -3.690582 1.515466 -6.934865
v -3.749548 1.456500 -6.934865
v -3.749548 1.269877 -6.934865
v -3.690582 1.210911 -6.934865
v -3.225659 1.210911 -6.934865
v -3.166693 1.269877 -6.934865
v -3.216607 1.260825 -7.025866
v -3.216607 1.465552 -7.025866
v -3.699635 1.260825 -7.025866
v -3.699635 1.465552 -7.025866
v -2.793360 1.134661 -6.934865
v -2.852325 1.193627 -6.934865
v -3.317248 1.193627 -6.934865
v -3.376215 1.134661 -6.934865
v -3.376215 0.948038 -6.934865
v -3.317248 0.889072 -6.934865
v -2.852325 0.889072 -6.934865
v -2.793360 0.948038 -6.934865
v -2.843274 0.938986 -7.025867
v -2.843274 1.143713 -7.025867
v -3.326301 0.938986 -7.025867
v -3.326301 1.143713 -7.025866
v -5.043783 2.640867 -6.457260
v -4.984816 2.699834 -6.457260
v -4.519894 2.699834 -6.457260
v -4.460926 2.640867 -6.457260
v -4.460926 2.454244 -6.457260
v -4.519894 2.395278 -6.457260
v -4.984816 2.395278 -6.457260
v -5.043783 2.454244 -6.457260
v -4.993868 2.445192 -6.366258
v -4.993868 2.649919 -6.366258
v -4.510841 2.445192 -6.366258
v -4.510841 2.649919 -6.366258
v -3.394921 2.416398 -6.361241
v -3.406560 2.208868 -6.366257
v -2.923534 2.413594 -6.366257
v -2.923534 2.208868 -6.366257
v -2.873619 2.217920 -6.457259
v -2.932586 2.158953 -6.457259
v -3.397509 2.158953 -6.457259
v -3.456475 2.217920 -6.457259
v -3.456475 2.404542 -6.457259
v -3.397510 2.463509 -6.457259
v -2.932585 2.463509 -6.457259
v -2.873619 2.404542 -6.457259
v -3.243326 2.399584 -6.372345
v -3.258556 2.448836 -6.430508
v -4.943062 1.259213 -6.360678
v -4.934429 1.466141 -6.366258
v -5.417454 1.261414 -6.366258
v -5.417454 1.466141 -6.366258
v -5.467369 1.457089 -6.457260
v -5.408403 1.516055 -6.457260
v -4.943480 1.516055 -6.457260
v -4.884514 1.457089 -6.457260
v -4.884514 1.270466 -6.457260
v -4.943480 1.211500 -6.457260
v -5.408403 1.211500 -6.457260
v -5.467369 1.270466 -6.457260
v -5.097664 1.275424 -6.372347
v -5.082432 1.226173 -6.430509
v -5.412825 2.958415 -6.457260
v -5.353859 3.017381 -6.457260
v -4.888935 3.017381 -6.457260
v -4.829967 2.958415 -6.457260
v -4.829967 2.771792 -6.457260
v -4.888935 2.712826 -6.457260
v -5.353859 2.712826 -6.457260
v -5.412825 2.771792 -6.457260
v -5.362909 2.762740 -6.366258
v -5.362909 2.967467 -6.366258
v -4.879883 2.762740 -6.366258
v -4.879883 2.967467 -6.366258
v -2.949683 2.906921 -6.457259
v -2.890718 2.965887 -6.457259
v -2.425795 2.965887 -6.457259
v -2.366827 2.906921 -6.457258
v -2.366827 2.720298 -6.457258
v -2.425795 2.661332 -6.457259
v -2.890718 2.661332 -6.457259
v -2.949683 2.720298 -6.457259
v -2.899769 2.711246 -6.366257
v -2.899769 2.915973 -6.366257
v -2.416742 2.711246 -6.366256
v -2.416742 2.915973 -6.366256
v -3.212744 2.083013 -6.457259
v -3.153777 2.141979 -6.457259
v -2.688854 2.141979 -6.457259
v -2.629889 2.083013 -6.457259
v -2.629889 1.896390 -6.457259
v -2.688854 1.837424 -6.457259
v -3.153777 1.837424 -6.457259
v -3.212744 1.896390 -6.457259
v -3.162829 1.887338 -6.366257
v -3.162829 2.092065 -6.366257
v -2.679802 1.887338 -6.366257
v -2.679802 2.092065 -6.366257
v -3.697088 2.083013 -6.457259
v -3.638122 2.141979 -6.457259
v -3.309780 2.141979 -6.457259
v -3.250813 2.083013 -6.457259
v -3.250813 1.896390 -6.457259
v -3.309780 1.837424 -6.457259
v -3.638122 1.837424 -6.457259
v -3.697088 1.896390 -6.457259
v -3.647173 1.887338 -6.366257
v -3.647173 2.092065 -6.366257
v -3.300729 1.887338 -6.366257
v -3.300728 2.092065 -6.366257
v -3.241486 1.319182 -6.457259
v -3.182519 1.378148 -6.457259
v -2.717596 1.378148 -6.457259
v -2.658630 1.319182 -6.457259
v -2.658630 1.132559 -6.457259
v -2.717596 1.073593 -6.457259
v -3.182520 1.073593 -6.457259
v -3.241486 1.132559 -6.457259
v -3.191571 1.123507 -6.366257
v -3.191571 1.328234 -6.366257
v -2.708545 1.123507 -6.366257
v -2.708545 1.328234 -6.366257
v -3.619110 0.975887 -6.457259
v -3.560143 1.034853 -6.457259
v -3.095222 1.034853 -6.457259
v -3.036255 0.975887 -6.457259
v -3.036255 0.789264 -6.457259
v -3.095222 0.730298 -6.457259
v -3.560143 0.730298 -6.457259
v -3.619110 0.789264 -6.457259
v -3.569196 0.780212 -6.366257
v -3.569196 0.984939 -6.366257
v -3.086169 0.780212 -6.366257
v -3.086169 0.984939 -6.366257
v -4.842098 1.456500 -6.457260
v -4.783131 1.515466 -6.457260
v -4.318209 1.515466 -6.457260
v -4.259243 1.456500 -6.457260
v -4.259243 1.269877 -6.457260
v -4.318209 1.210911 -6.457260
v -4.783131 1.210911 -6.457260
v -4.842098 1.269877 -6.457260
v -4.792183 1.260825 -6.366258
v -4.792183 1.465552 -6.366258
v -4.309158 1.260825 -6.366258
v -4.309156 1.465552 -6.366258
v -5.215431 1.134661 -6.457260
v -5.156466 1.193627 -6.457260
v -4.691542 1.193627 -6.457260
v -4.632576 1.134661 -6.457260
v -4.632576 0.948038 -6.457260
v -4.691542 0.889072 -6.457260
v -5.156466 0.889072 -6.457260
v -5.215431 0.948038 -6.457260
v -5.165518 0.938986 -6.366258
v -5.165518 1.143713 -6.366258
v -4.682491 0.938986 -6.366258
v -4.682491 1.143713 -6.366258
v -2.004395 3.200000 -6.446063
v -2.004395 3.200000 -6.946063
v -6.004395 3.200000 -6.446063
v -6.004395 3.200000 -6.946063
v -6.004395 4.000000 -6.196063
v -2.004395 4.000000 -6.196063
v -2.004395 4.000000 -7.196063
v -6.004395 4.000000 -7.196063
v -6.004395 3.450000 -6.196063
v -2.004395 3.450000 -6.196063
v -2.004395 3.450000 -7.196063
v -6.004395 3.450000 -7.196063
v -2.904395 4.000000 -6.196063
v -3.104395 4.000000 -6.196063
v -3.004395 4.000000 -6.266774
v -4.904396 4.000000 -6.196063
v -5.104395 4.000000 -6.196063
v -5.004395 4.000000 -6.266773
v -5.104395 4.000000 -7.196063
v -4.904396 4.000000 -7.196063
v -5.004395 4.000000 -7.125351
v -3.104395 4.000000 -7.196063
v -2.904395 4.000000 -7.196063
v -3.004395 4.000000 -7.125351
v -4.904396 3.450000 -6.196063
v -5.104395 3.450000 -6.196063
v -5.004395 3.379289 -6.266774
v -2.904395 3.450000 -6.196063
v -3.104395 3.450000 -6.196063
v -3.004395 3.379289 -6.266774
v -3.104395 3.450000 -7.196063
v -2.904395 3.450000 -7.196063
v -3.004395 3.379289 -7.125351
v -5.104395 3.450000 -7.196063
v -4.904396 3.450000 -7.196063
v -5.004395 3.379289 -7.125351
v -3.104395 4.000000 -7.046062
v -3.104395 4.000000 -6.346062
v -3.004395 3.900000 -6.346062
v -3.004395 3.900000 -7.046062
v -2.904395 4.000000 -6.346062
v -2.904395 4.000000 -7.046062
v -5.104395 4.000000 -7.046062
v -5.104395 4.000000 -6.346062
v -5.004395 3.900000 -6.346062
v -5.004395 3.900000 -7.046062
v -4.904396 4.000000 -6.346062
v -4.904396 4.000000 -7.046062
v -2.000000 0.500000 -6.446063
v -2.000000 3.200000 -6.446063
v -1.089776 0.500000 -6.946063
v -0.999999 0.500000 -6.846062
v 1.000001 0.500000 -6.846061
v 1.089778 0.500000 -6.946062
v -1.000000 0.500000 -6.546063
v -0.655227 2.836239 -6.946220
v -0.524776 2.726505 -6.840952
v -0.806798 2.556798 -6.846062
v -0.913609 2.645241 -6.946063
v -0.982636 2.273153 -6.847740
v -1.063562 2.377642 -6.945962
v 1.065621 2.372278 -6.945994
v 0.984235 2.255315 -6.847526
v 0.806798 2.556798 -6.846062
v 0.913610 2.645241 -6.946062
v 0.527515 2.731555 -6.850029
v 0.631200 2.847887 -6.946263
v 0.655203 2.836203 -6.445937
v 0.524775 2.726504 -6.551174
v 0.806798 2.556798 -6.546062
v 0.913610 2.645241 -6.446062
v 0.976467 2.284099 -6.548200
v 1.063510 2.377784 -6.446156
v -1.065621 2.372279 -6.446130
v -0.978458 2.266839 -6.548006
v -0.806798 2.556798 -6.546062
v -0.913609 2.645241 -6.446063
v -0.527516 2.731555 -6.542096
v -0.631251 2.847945 -6.445813
v -1.999999 -0.000000 -6.196063
v 2.000001 -0.000000 -6.196062
v 2.000001 0.000000 -7.196062
v -1.999999 0.000000 -7.196063
v -1.999999 0.250000 -6.196063
v 2.000001 0.250000 -6.196062
v 2.000001 0.250000 -7.196062
v -1.999999 0.250000 -7.196063
v 2.000000 3.200000 -6.446062
v 2.000001 0.500000 -6.946062
v -1.999999 0.500000 -6.946063
v 2.000000 0.500000 -6.446062
v -1.099999 -0.000000 -6.196063
v -0.999999 -0.000000 -6.266774
v 1.100001 -0.000000 -6.196062
v 1.000001 -0.000000 -6.266773
v 1.100001 0.000000 -7.196062
v 1.000001 0.000000 -7.125350
v -1.099999 0.000000 -7.196063
v -0.999999 0.000000 -7.125351
v -1.099999 0.250000 -6.196063
v -0.996555 0.359638 -6.289959
v 1.100001 0.250000 -6.196062
v 0.997025 0.359554 -6.289767
v 1.100001 0.250000 -7.196062
v 0.995904 0.359754 -7.101902
v -1.099999 0.250000 -7.196063
v -0.996554 0.359637 -7.102168
v -1.089777 0.500000 -6.446063
v 1.089777 0.500000 -6.446062
v 1.000000 0.500000 -6.546062
v 1.527569 0.948393 -7.031448
v 1.536201 0.741465 -7.025867
v 1.200362 0.946192 -7.025867
v 1.200362 0.741465 -7.025867
v 1.150447 0.750517 -6.934865
v 1.209414 0.691550 -6.934865
v 1.527150 0.691550 -6.934865
v 1.586116 0.750517 -6.934865
v 1.586116 0.937140 -6.934865
v 1.527150 0.996106 -6.934865
v 1.209414 0.996106 -6.934865
v 1.150447 0.937140 -6.934865
v 1.372968 0.932182 -7.019779
v 1.388198 0.981433 -6.961616
v 1.171392 1.894935 -6.934865
v 1.171392 2.081558 -6.934865
v 1.230358 2.140525 -6.934865
v 1.366547 2.140525 -6.934865
v 1.425512 2.081558 -6.934865
v 1.157176 2.430786 -7.025866
v 1.157176 2.226059 -7.025866
v 1.520041 2.430786 -7.025866
v 1.520041 2.226059 -7.025867
v 1.569954 2.235111 -6.934865
v 1.510988 2.176145 -6.934865
v 1.166228 2.176145 -6.934865
v 1.107262 2.235111 -6.934865
v 1.107263 2.421734 -6.934865
v 1.166228 2.480700 -6.934865
v 1.510988 2.480700 -6.934865
v 1.569954 2.421734 -6.934865
v -1.214432 1.307249 -6.934865
v -1.273399 1.366215 -6.934865
v -1.439112 1.366215 -6.934865
v -1.498077 1.307249 -6.934865
v -1.498077 1.120626 -6.934865
v -1.439112 1.061660 -6.934865
v -1.273399 1.061660 -6.934865
v -1.214432 1.120626 -6.934865
v -1.264347 1.111574 -7.025867
v -1.264347 1.316301 -7.025867
v -1.448164 1.111574 -7.025867
v -1.448164 1.316301 -7.025867
v -1.594447 1.672481 -7.025867
v -1.594447 1.467754 -7.025867
v -1.286270 1.672481 -7.025867
v -1.286270 1.467754 -7.025867
v -1.236356 1.476806 -6.934865
v -1.295321 1.417840 -6.934865
v -1.585395 1.417840 -6.934865
v -1.644361 1.476806 -6.934865
v -1.644361 1.663429 -6.934865
v -1.585395 1.722396 -6.934865
v -1.295321 1.722396 -6.934865
v -1.236356 1.663429 -6.934865
v -1.455593 2.012308 -7.025867
v -1.455593 1.807581 -7.025867
v -1.278962 2.012308 -7.025867
v -1.278962 1.807581 -7.025867
v -1.229048 1.816633 -6.934865
v -1.288013 1.757667 -6.934865
v -1.446541 1.757667 -6.934865
v -1.505507 1.816633 -6.934865
v -1.505507 2.003256 -6.934865
v -1.446541 2.062222 -6.934865
v -1.288013 2.062222 -6.934865
v -1.229048 2.003256 -6.934865
v 1.230358 1.835969 -6.934865
v 1.366547 1.835969 -6.934865
v 1.425512 1.894935 -6.934865
v 1.375598 1.885883 -7.025867
v 1.375598 2.090611 -7.025867
v 1.221306 1.885883 -7.025867
v 1.221306 2.090611 -7.025866
v 1.383320 1.076428 -6.934865
v 1.383320 1.263051 -6.934865
v 1.442287 1.322018 -6.934865
v 1.600401 1.322018 -6.934865
v 1.659369 1.263051 -6.934865
v 1.442287 1.017462 -6.934865
v 1.600401 1.017462 -6.934865
v 1.659369 1.076428 -6.934865
v 1.609453 1.067376 -7.025867
v 1.609453 1.272103 -7.025867
v 1.433235 1.067376 -7.025867
v 1.433235 1.272103 -7.025867
v -1.524562 0.948996 -6.361241
v -1.536201 0.741465 -6.366257
v -1.200361 0.946192 -6.366257
v -1.200361 0.741465 -6.366257
v -1.150447 0.750517 -6.457259
v -1.209414 0.691550 -6.457259
v -1.527150 0.691550 -6.457259
v -1.586116 0.750517 -6.457259
v -1.586116 0.937140 -6.457259
v -1.527150 0.996106 -6.457259
v -1.209413 0.996106 -6.457259
v -1.150447 0.937140 -6.457259
v -1.372968 0.932181 -6.372345
v -1.388198 0.981433 -6.430508
v -1.171391 1.894935 -6.457259
v -1.171391 2.081558 -6.457259
v -1.230358 2.140525 -6.457259
v -1.366545 2.140525 -6.457259
v -1.425512 2.081558 -6.457259
v -1.157176 2.430786 -6.366257
v -1.157176 2.226059 -6.366257
v -1.520040 2.430786 -6.366257
v -1.520040 2.226059 -6.366257
v -1.569954 2.235111 -6.457259
v -1.510988 2.176145 -6.457259
v -1.166228 2.176145 -6.457259
v -1.107262 2.235111 -6.457259
v -1.107262 2.421734 -6.457259
v -1.166227 2.480700 -6.457259
v -1.510988 2.480700 -6.457259
v -1.569954 2.421734 -6.457259
v 1.214432 1.307249 -6.457259
v 1.273399 1.366215 -6.457259
v 1.439112 1.366215 -6.457259
v 1.498078 1.307249 -6.457259
v 1.498078 1.120626 -6.457259
v 1.439112 1.061660 -6.457259
v 1.273399 1.061660 -6.457259
v 1.214432 1.120626 -6.457259
v 1.264347 1.111574 -6.366257
v 1.264347 1.316301 -6.366257
v 1.448164 1.111574 -6.366257
v 1.448164 1.316301 -6.366257
v 1.594447 1.672481 -6.366257
v 1.594447 1.467754 -6.366257
v 1.286270 1.672481 -6.366257
v 1.286270 1.467754 -6.366257
v 1.236356 1.476806 -6.457259
v 1.295322 1.417840 -6.457259
v 1.585395 1.417840 -6.457259
v 1.644361 1.476806 -6.457259
v 1.644361 1.663429 -6.457259
v 1.585395 1.722396 -6.457259
v 1.295322 1.722396 -6.457259
v 1.236356 1.663429 -6.457259
v 1.455593 2.012308 -6.366257
v 1.455593 1.807581 -6.366257
v 1.278962 2.012308 -6.366257
v 1.278962 1.807581 -6.366257
v 1.229048 1.816633 -6.457259
v 1.288014 1.757667 -6.457259
v 1.446541 1.757667 -6.457259
v 1.505507 1.816633 -6.457259
v 1.505507 2.003256 -6.457259
v 1.446541 2.062222 -6.457259
v 1.288014 2.062222 -6.457259
v 1.229048 2.003256 -6.457259
v -1.230358 1.835969 -6.457259
v -1.366545 1.835969 -6.457259
v -1.425512 1.894935 -6.457259
v -1.375597 1.885883 -6.366257
v -1.375597 2.090611 -6.366257
v -1.221306 1.885883 -6.366257
v -1.221306 2.090611 -6.366257
v -1.383320 1.076428 -6.457259
v -1.383320 1.263051 -6.457259
v -1.442286 1.322018 -6.457259
v -1.600401 1.322018 -6.457259
v -1.659367 1.263051 -6.457259
v -1.442286 1.017462 -6.457259
v -1.600401 1.017462 -6.457259
v -1.659367 1.076428 -6.457259
v -1.609453 1.067376 -6.366257
v -1.609453 1.272103 -6.366257
v -1.433235 1.067376 -6.366257
v -1.433235 1.272103 -6.366257
v -1.999999 0.400000 -7.046062
v -2.000000 3.300000 -7.046062
v -1.749999 0.500000 -6.946063
v -1.750000 3.200000 -6.946063
v -2.000000 3.200000 -6.946063
v -1.999999 0.500000 -6.946063
v -1.772577 0.400457 -7.046337
v -1.773726 3.299762 -7.046210
v -1.793188 2.261085 -6.946063
v -0.786093 3.268186 -6.946063
v -1.793188 2.602506 -6.946063
v -1.127514 3.268186 -6.946063
v -1.793705 2.602376 -6.973484
v -1.792915 2.261150 -6.972335
v -0.786222 3.267669 -6.973484
v -1.127449 3.268459 -6.972335
v -2.000000 0.400000 -6.346062
v -2.000000 3.300000 -6.346062
v -1.750000 0.500000 -6.446063
v -1.750000 3.200000 -6.446063
v -2.000000 3.200000 -6.446063
v -2.000000 0.500000 -6.446063
v -1.773727 0.400240 -6.345918
v -1.772576 3.299546 -6.345781
v -1.793188 2.261085 -6.446063
v -0.786093 3.268186 -6.446063
v -1.793188 2.602506 -6.446063
v -1.127514 3.268186 -6.446063
v -1.793705 2.602376 -6.418641
v -1.792915 2.261150 -6.419789
v -0.786222 3.267670 -6.418642
v -1.127449 3.268459 -6.419789
v 2.000001 0.400000 -7.046062
v 2.000000 3.300000 -7.046061
v 1.750001 0.500000 -6.946062
v 1.750000 3.200000 -6.946062
v 2.000000 3.200000 -6.946062
v 2.000001 0.500000 -6.946062
v 1.773728 0.400240 -7.046206
v 1.772577 3.299546 -7.046342
v 1.793188 2.261085 -6.946062
v 0.786093 3.268186 -6.946063
v 1.793188 2.602506 -6.946062
v 1.127514 3.268186 -6.946062
v 1.793705 2.602376 -6.973483
v 1.792915 2.261149 -6.972334
v 0.786222 3.267670 -6.973485
v 1.127449 3.268460 -6.972334
v 2.000000 0.400000 -6.346061
v 2.000000 3.300000 -6.346061
v 1.750000 0.500000 -6.446062
v 1.750000 3.200000 -6.446062
v 2.000000 3.200000 -6.446062
v 2.000000 0.500000 -6.446062
v 1.772578 0.400457 -6.345788
v 1.773727 3.299761 -6.345913
v 1.793188 2.261085 -6.446062
v 0.786093 3.268186 -6.446063
v 1.793188 2.602506 -6.446062
v 1.127514 3.268186 -6.446062
v 1.793705 2.602376 -6.418640
v 1.792915 2.261149 -6.419789
v 0.786222 3.267670 -6.418641
v 1.127449 3.268460 -6.419788
v -2.000000 3.200000 -6.946063
v -2.000000 4.000000 -6.196063
v 2.000000 4.000000 -6.196062
v 2.000000 4.000000 -7.196062
v -2.000000 4.000000 -7.196063
v -2.000000 3.450000 -6.196063
v 2.000000 3.450000 -6.196062
v 2.000000 3.450000 -7.196062
v -2.000000 3.450000 -7.196063
v 2.000000 3.200000 -6.946062
v 1.100000 4.000000 -6.196062
v 0.900001 4.000000 -6.196063
v 1.000000 4.000000 -6.266773
v -0.900000 4.000000 -6.196063
v -1.099999 4.000000 -6.196063
v -1.000000 4.000000 -6.266773
v -1.099999 4.000000 -7.196063
v -0.900000 4.000000 -7.196063
v -1.000000 4.000000 -7.125351
v 0.900001 4.000000 -7.196063
v 1.100000 4.000000 -7.196062
v 1.000000 4.000000 -7.125350
v -0.900000 3.450000 -6.196063
v -1.099999 3.450000 -6.196063
v -1.000000 3.379289 -6.266774
v 1.100000 3.450000 -6.196062
v 0.900001 3.450000 -6.196063
v 1.000000 3.379289 -6.266773
v 0.900001 3.450000 -7.196063
v 1.100000 3.450000 -7.196062
v 1.000000 3.379289 -7.125350
v -1.099999 3.450000 -7.196063
v -0.900000 3.450000 -7.196063
v -1.000000 3.379289 -7.125351
v 0.900001 4.000000 -7.046062
v 0.900001 4.000000 -6.346062
v 1.000000 3.900000 -6.346061
v 1.000000 3.900000 -7.046061
v 1.100000 4.000000 -6.346061
v 1.100000 4.000000 -7.046061
v -1.099999 4.000000 -7.046062
v -1.099999 4.000000 -6.346062
v -1.000000 3.900000 -6.346062
v -1.000000 3.900000 -7.046062
v -0.900000 4.000000 -6.346062
v -0.900000 4.000000 -7.046062
v 1.952513 0.500000 -6.946062
v 1.952512 0.500000 -6.446062
v 1.952513 -0.000000 -6.196062
v 5.952512 -0.000000 -6.196062
v 5.952512 0.000000 -7.196062
v 1.952513 0.000000 -7.196062
v 1.952513 0.250000 -6.196062
v 5.952512 0.250000 -6.196062
v 5.952512 0.250000 -7.196062
v 1.952513 0.250000 -7.196062
v 5.952512 0.500000 -6.946062
v 5.952512 0.500000 -6.446062
v 3.052513 -0.000000 -6.196062
v 2.852512 -0.000000 -6.196062
v 2.952513 -0.000000 -6.266773
v 5.052512 -0.000000 -6.196062
v 4.852512 -0.000000 -6.196062
v 4.952512 -0.000000 -6.266773
v 4.852512 0.000000 -7.196062
v 5.052512 0.000000 -7.196062
v 4.952512 0.000000 -7.125350
v 2.852512 0.000000 -7.196062
v 3.052513 0.000000 -7.196062
v 2.952513 0.000000 -7.125350
v 2.852512 0.250000 -6.196062
v 3.052513 0.250000 -6.196062
v 2.952512 0.320711 -6.266773
v 4.852512 0.250000 -6.196062
v 5.052512 0.250000 -6.196062
v 4.952512 0.320711 -6.266773
v 5.052512 0.250000 -7.196062
v 4.852512 0.250000 -7.196062
v 4.952512 0.320711 -7.125350
v 3.052513 0.250000 -7.196062
v 2.852512 0.250000 -7.196062
v 2.952513 0.320711 -7.125350
v 4.991899 2.640867 -6.934865
v 4.932933 2.699834 -6.934865
v 4.468010 2.699834 -6.934865
v 4.409043 2.640867 -6.934865
v 4.409043 2.454244 -6.934865
v 4.468010 2.395278 -6.934865
v 4.932933 2.395278 -6.934865
v 4.991899 2.454244 -6.934865
v 4.941986 2.445192 -7.025865
v 4.941986 2.649919 -7.025865
v 4.458959 2.445192 -7.025865
v 4.458959 2.649919 -7.025865
v 3.343038 2.416398 -7.030882
v 3.354677 2.208868 -7.025866
v 2.871650 2.413594 -7.025866
v 2.871650 2.208868 -7.025866
v 2.821735 2.217920 -6.934865
v 2.880702 2.158953 -6.934865
v 3.345625 2.158953 -6.934865
v 3.404592 2.217920 -6.934865
v 3.404592 2.404542 -6.934865
v 3.345625 2.463509 -6.934865
v 2.880702 2.463509 -6.934865
v 2.821736 2.404542 -6.934865
v 3.191442 2.399584 -7.019778
v 3.206673 2.448836 -6.961615
v 4.891178 1.259213 -7.031446
v 4.882545 1.466141 -7.025865
v 5.365571 1.261414 -7.025866
v 5.365571 1.466141 -7.025865
v 5.415486 1.457089 -6.934865
v 5.356519 1.516055 -6.934865
v 4.891597 1.516055 -6.934865
v 4.832631 1.457089 -6.934865
v 4.832631 1.270466 -6.934865
v 4.891597 1.211500 -6.934865
v 5.356519 1.211500 -6.934865
v 5.415486 1.270466 -6.934865
v 5.045779 1.275424 -7.019777
v 5.030550 1.226173 -6.961614
v 5.360941 2.958415 -6.934865
v 5.301976 3.017381 -6.934865
v 4.837052 3.017381 -6.934865
v 4.778086 2.958415 -6.934865
v 4.778086 2.771792 -6.934865
v 4.837052 2.712826 -6.934865
v 5.301976 2.712826 -6.934865
v 5.360941 2.771792 -6.934865
v 5.311028 2.762740 -7.025865
v 5.311028 2.967467 -7.025865
v 4.828001 2.762740 -7.025865
v 4.828001 2.967467 -7.025865
v 2.897800 2.906921 -6.934865
v 2.838834 2.965887 -6.934865
v 2.373911 2.965887 -6.934865
v 2.314944 2.906921 -6.934865
v 2.314944 2.720298 -6.934865
v 2.373911 2.661332 -6.934865
v 2.838834 2.661332 -6.934865
v 2.897800 2.720298 -6.934865
v 2.847886 2.711246 -7.025866
v 2.847886 2.915973 -7.025866
v 2.364859 2.711246 -7.025866
v 2.364859 2.915973 -7.025866
v 3.160860 2.083013 -6.934865
v 3.101894 2.141979 -6.934865
v 2.636971 2.141979 -6.934865
v 2.578004 2.083013 -6.934865
v 2.578004 1.896390 -6.934865
v 2.636971 1.837424 -6.934865
v 3.101894 1.837424 -6.934865
v 3.160860 1.896390 -6.934865
v 3.110946 1.887338 -7.025866
v 3.110946 2.092065 -7.025866
v 2.627919 1.887338 -7.025866
v 2.627919 2.092065 -7.025866
v 3.645205 2.083013 -6.934865
v 3.586238 2.141979 -6.934865
v 3.257897 2.141979 -6.934865
v 3.198930 2.083013 -6.934865
v 3.198930 1.896390 -6.934865
v 3.257896 1.837424 -6.934865
v 3.586238 1.837424 -6.934865
v 3.645205 1.896390 -6.934865
v 3.595290 1.887338 -7.025866
v 3.595290 2.092065 -7.025866
v 3.248845 1.887338 -7.025866
v 3.248845 2.092065 -7.025866
v 3.189602 1.319182 -6.934865
v 3.130636 1.378148 -6.934865
v 2.665713 1.378148 -6.934865
v 2.606747 1.319182 -6.934865
v 2.606747 1.132559 -6.934865
v 2.665713 1.073593 -6.934865
v 3.130636 1.073593 -6.934865
v 3.189602 1.132559 -6.934865
v 3.139688 1.123507 -7.025866
v 3.139688 1.328234 -7.025866
v 2.656661 1.123507 -7.025866
v 2.656661 1.328234 -7.025866
v 3.567226 0.975887 -6.934865
v 3.508260 1.034853 -6.934865
v 3.043337 1.034853 -6.934865
v 2.984371 0.975887 -6.934865
v 2.984371 0.789264 -6.934865
v 3.043337 0.730298 -6.934865
v 3.508260 0.730298 -6.934865
v 3.567226 0.789264 -6.934865
v 3.517312 0.780212 -7.025867
v 3.517312 0.984939 -7.025867
v 3.034285 0.780212 -7.025867
v 3.034285 0.984939 -7.025866
v 4.790215 1.456500 -6.934865
v 4.731248 1.515466 -6.934865
v 4.266325 1.515466 -6.934865
v 4.207359 1.456500 -6.934865
v 4.207359 1.269877 -6.934865
v 4.266325 1.210911 -6.934865
v 4.731248 1.210911 -6.934865
v 4.790215 1.269877 -6.934865
v 4.740300 1.260825 -7.025865
v 4.740300 1.465552 -7.025865
v 4.257273 1.260825 -7.025865
v 4.257273 1.465552 -7.025865
v 5.163548 1.134661 -6.934865
v 5.104582 1.193627 -6.934865
v 4.639659 1.193627 -6.934865
v 4.580692 1.134661 -6.934865
v 4.580692 0.948038 -6.934865
v 4.639659 0.889072 -6.934865
v 5.104582 0.889072 -6.934865
v 5.163548 0.948038 -6.934865
v 5.113634 0.938986 -7.025866
v 5.113634 1.143713 -7.025866
v 4.630607 0.938986 -7.025866
v 4.630607 1.143713 -7.025865
v 2.913125 2.640867 -6.457259
v 2.972091 2.699834 -6.457259
v 3.437014 2.699834 -6.457259
v 3.495981 2.640867 -6.457259
v 3.495981 2.454244 -6.457259
v 3.437014 2.395278 -6.457259
v 2.972091 2.395278 -6.457259
v 2.913125 2.454244 -6.457259
v 2.963039 2.445192 -6.366257
v 2.963039 2.649919 -6.366257
v 3.446066 2.445192 -6.366257
v 3.446066 2.649919 -6.366257
v 4.561986 2.416398 -6.361240
v 4.550347 2.208868 -6.366256
v 5.033373 2.413594 -6.366256
v 5.033373 2.208868 -6.366256
v 5.083289 2.217920 -6.457258
v 5.024323 2.158953 -6.457258
v 4.559400 2.158953 -6.457258
v 4.500432 2.217920 -6.457258
v 4.500432 2.404542 -6.457258
v 4.559400 2.463509 -6.457258
v 5.024323 2.463509 -6.457258
v 5.083289 2.404542 -6.457258
v 4.713582 2.399583 -6.372344
v 4.698351 2.448836 -6.430507
v 3.013845 1.259213 -6.360677
v 3.022479 1.466141 -6.366257
v 2.539453 1.261414 -6.366257
v 2.539453 1.466141 -6.366257
v 2.489538 1.457089 -6.457259
v 2.548504 1.516055 -6.457259
v 3.013427 1.516055 -6.457259
v 3.072393 1.457089 -6.457259
v 3.072393 1.270466 -6.457259
v 3.013427 1.211500 -6.457259
v 2.548504 1.211500 -6.457259
v 2.489538 1.270466 -6.457259
v 2.859244 1.275424 -6.372346
v 2.874475 1.226173 -6.430508
v 2.544083 2.958415 -6.457259
v 2.603049 3.017381 -6.457259
v 3.067972 3.017381 -6.457259
v 3.126939 2.958415 -6.457259
v 3.126939 2.771792 -6.457259
v 3.067972 2.712826 -6.457259
v 2.603049 2.712826 -6.457259
v 2.544083 2.771792 -6.457259
v 2.593997 2.762740 -6.366257
v 2.593997 2.967467 -6.366257
v 3.077024 2.762740 -6.366257
v 3.077024 2.967467 -6.366257
v 5.007225 2.906921 -6.457258
v 5.066190 2.965887 -6.457258
v 5.531114 2.965887 -6.457258
v 5.590081 2.906921 -6.457257
v 5.590081 2.720298 -6.457257
v 5.531114 2.661332 -6.457258
v 5.066190 2.661332 -6.457258
v 5.007225 2.720298 -6.457258
v 5.057138 2.711246 -6.366256
v 5.057138 2.915973 -6.366256
v 5.540165 2.711246 -6.366255
v 5.540165 2.915973 -6.366255
v 4.744164 2.083013 -6.457258
v 4.803131 2.141979 -6.457258
v 5.268054 2.141979 -6.457258
v 5.327019 2.083013 -6.457258
v 5.327019 1.896390 -6.457258
v 5.268054 1.837424 -6.457258
v 4.803131 1.837424 -6.457258
v 4.744164 1.896390 -6.457258
v 4.794078 1.887338 -6.366256
v 4.794078 2.092065 -6.366256
v 5.277105 1.887338 -6.366256
v 5.277105 2.092065 -6.366256
v 4.259820 2.083013 -6.457258
v 4.318787 2.141979 -6.457258
v 4.647128 2.141979 -6.457258
v 4.706094 2.083013 -6.457258
v 4.706094 1.896390 -6.457258
v 4.647128 1.837424 -6.457258
v 4.318787 1.837424 -6.457258
v 4.259820 1.896390 -6.457258
v 4.309734 1.887338 -6.366256
v 4.309734 2.092065 -6.366256
v 4.656179 1.887338 -6.366256
v 4.656179 2.092065 -6.366256
v 4.715422 1.319182 -6.457258
v 4.774388 1.378148 -6.457258
v 5.239311 1.378148 -6.457258
v 5.298277 1.319182 -6.457258
v 5.298277 1.132559 -6.457258
v 5.239311 1.073593 -6.457258
v 4.774388 1.073593 -6.457258
v 4.715422 1.132559 -6.457258
v 4.765337 1.123507 -6.366256
v 4.765337 1.328234 -6.366256
v 5.248363 1.123507 -6.366256
v 5.248363 1.328234 -6.366256
v 4.337797 0.975887 -6.457258
v 4.396764 1.034853 -6.457258
v 4.861686 1.034853 -6.457258
v 4.920653 0.975887 -6.457258
v 4.920653 0.789264 -6.457258
v 4.861686 0.730298 -6.457258
v 4.396764 0.730298 -6.457258
v 4.337797 0.789264 -6.457258
v 4.387712 0.780212 -6.366256
v 4.387712 0.984939 -6.366256
v 4.870739 0.780212 -6.366256
v 4.870739 0.984939 -6.366256
v 3.114809 1.456500 -6.457259
v 3.173776 1.515466 -6.457259
v 3.638698 1.515466 -6.457259
v 3.697665 1.456500 -6.457259
v 3.697665 1.269877 -6.457259
v 3.638698 1.210911 -6.457259
v 3.173776 1.210911 -6.457259
v 3.114809 1.269877 -6.457259
v 3.164724 1.260825 -6.366257
v 3.164724 1.465552 -6.366257
v 3.647750 1.260825 -6.366257
v 3.647750 1.465552 -6.366257
v 2.741476 1.134661 -6.457259
v 2.800442 1.193627 -6.457259
v 3.265365 1.193627 -6.457259
v 3.324332 1.134661 -6.457259
v 3.324332 0.948038 -6.457259
v 3.265365 0.889072 -6.457259
v 2.800442 0.889072 -6.457259
v 2.741476 0.948038 -6.457259
v 2.791389 0.938986 -6.366257
v 2.791389 1.143713 -6.366257
v 3.274417 0.938986 -6.366257
v 3.274417 1.143713 -6.366257
v 5.952512 3.200000 -6.446062
v 5.952512 3.200000 -6.946062
v 1.952512 3.200000 -6.446062
v 1.952512 3.200000 -6.946062
v 1.952512 4.000000 -6.196062
v 5.952512 4.000000 -6.196062
v 5.952512 4.000000 -7.196062
v 1.952512 4.000000 -7.196062
v 1.952512 3.450000 -6.196062
v 5.952512 3.450000 -6.196062
v 5.952512 3.450000 -7.196062
v 1.952512 3.450000 -7.196062
v 5.052512 4.000000 -6.196062
v 4.852512 4.000000 -6.196062
v 4.952512 4.000000 -6.266773
v 3.052512 4.000000 -6.196062
v 2.852512 4.000000 -6.196062
v 2.952512 4.000000 -6.266772
v 2.852512 4.000000 -7.196062
v 3.052512 4.000000 -7.196062
v 2.952512 4.000000 -7.125350
v 4.852512 4.000000 -7.196062
v 5.052512 4.000000 -7.196062
v 4.952512 4.000000 -7.125350
v 3.052512 3.450000 -6.196062
v 2.852512 3.450000 -6.196062
v 2.952512 3.379289 -6.266773
v 5.052512 3.450000 -6.196062
v 4.852512 3.450000 -6.196062
v 4.952512 3.379289 -6.266773
v 4.852512 3.450000 -7.196062
v 5.052513 3.450000 -7.196062
v 4.952512 3.379289 -7.125350
v 2.852512 3.450000 -7.196062
v 3.052512 3.450000 -7.196062
v 2.952512 3.379289 -7.125350
v 4.852512 4.000000 -7.046061
v 4.852512 4.000000 -6.346061
v 4.952512 3.900000 -6.346061
v 4.952512 3.900000 -7.046061
v 5.052512 4.000000 -6.346061
v 5.052512 4.000000 -7.046061
v 2.852512 4.000000 -7.046061
v 2.852512 4.000000 -6.346061
v 2.952512 3.900000 -6.346061
v 2.952512 3.900000 -7.046061
v 3.052512 4.000000 -6.346061
v 3.052512 4.000000 -7.046061
v -11.750000 3.200000 -6.196063
v -11.750000 3.200000 -4.696063
v -11.750000 0.500000 -4.696063
v -9.999939 0.500000 -6.446063
v -12.250000 0.500000 -4.696063
v -10.000000 0.500000 -6.946063
v -10.000000 3.200000 -6.946063
v -11.500000 0.000000 -6.196032
v -11.500000 0.250000 -6.196032
v -11.750000 0.500000 -6.196063
v -11.499939 0.500000 -6.446063
v -11.500000 0.250000 -4.696063
v -11.500000 0.000000 -4.696063
v -9.999939 0.000000 -6.196093
v -9.999939 0.250000 -6.196093
v -12.500000 -0.000000 -4.696063
v -12.500000 0.250000 -4.696063
v -12.250000 3.200000 -4.696063
v -12.500000 -0.000000 -5.596062
v -12.500000 -0.000000 -5.796063
v -12.429289 -0.000000 -5.696063
v -12.500000 0.250000 -5.796063
v -12.500000 0.250000 -5.596062
v -12.429289 0.320711 -5.696063
v -12.250000 0.500000 -6.696063
v -12.500000 -0.000000 -6.696063
v -12.500000 0.250000 -6.696063
v -12.250000 3.200000 -6.696063
v -10.000000 0.000000 -7.196063
v -10.000000 0.250000 -7.196063
v -11.100000 0.000000 -7.196063
v -10.900000 0.000000 -7.196063
v -11.000000 0.000000 -7.125351
v -10.900000 0.250000 -7.196063
v -11.100000 0.250000 -7.196063
v -11.000000 0.320711 -7.125351
v -12.000000 0.250000 -7.196063
v -12.000000 0.000000 -7.196063
v -12.000000 0.500000 -6.946063
v -12.334822 2.416399 -6.086588
v -12.329805 2.208868 -6.098228
v -12.329803 2.413594 -5.615201
v -12.329803 2.208868 -5.615201
v -12.238804 2.217920 -5.565286
v -12.238804 2.158953 -5.624253
v -12.238804 2.158953 -6.089176
v -12.238804 2.217920 -6.148141
v -12.238804 2.404542 -6.148141
v -12.238804 2.463509 -6.089176
v -12.238804 2.463510 -5.624252
v -12.238804 2.404542 -5.565286
v -12.323717 2.399584 -5.934994
v -12.265554 2.448836 -5.950223
v -12.238804 2.906921 -5.641350
v -12.238804 2.965887 -5.582385
v -12.238804 2.965887 -5.117462
v -12.238804 2.906921 -5.058495
v -12.238804 2.720298 -5.058495
v -12.238804 2.661332 -5.117462
v -12.238804 2.661332 -5.582385
v -12.238804 2.720298 -5.641350
v -12.329805 2.711246 -5.591436
v -12.329805 2.915973 -5.591436
v -12.329805 2.711246 -5.108409
v -12.329805 2.915973 -5.108409
v -12.238804 2.083013 -5.904411
v -12.238804 2.141979 -5.845444
v -12.238804 2.141979 -5.380521
v -12.238804 2.083013 -5.321555
v -12.238804 1.896390 -5.321555
v -12.238804 1.837424 -5.380521
v -12.238804 1.837424 -5.845444
v -12.238804 1.896390 -5.904411
v -12.329805 1.887338 -5.854496
v -12.329805 2.092065 -5.854496
v -12.329803 1.887338 -5.371470
v -12.329803 2.092065 -5.371470
v -12.238804 2.083013 -6.388754
v -12.238804 2.141979 -6.329789
v -12.238804 2.141979 -6.001447
v -12.238804 2.083013 -5.942481
v -12.238804 1.896390 -5.942481
v -12.238804 1.837424 -6.001447
v -12.238804 1.837424 -6.329789
v -12.238804 1.896390 -6.388754
v -12.329805 1.887338 -6.338841
v -12.329805 2.092065 -6.338841
v -12.329803 1.887338 -5.992396
v -12.329803 2.092065 -5.992396
v -12.238804 1.319182 -5.933153
v -12.238804 1.378148 -5.874187
v -12.238804 1.378148 -5.409264
v -12.238804 1.319182 -5.350297
v -12.238804 1.132559 -5.350297
v -12.238804 1.073593 -5.409264
v -12.238804 1.073593 -5.874187
v -12.238804 1.132559 -5.933153
v -12.329805 1.123507 -5.883238
v -12.329805 1.328234 -5.883238
v -12.329803 1.123507 -5.400212
v -12.329803 1.328234 -5.400212
v -12.238804 0.975887 -6.310777
v -12.238804 1.034853 -6.251811
v -12.238804 1.034853 -5.786888
v -12.238804 0.975887 -5.727922
v -12.238804 0.789264 -5.727922
v -12.238804 0.730298 -5.786888
v -12.238804 0.730298 -6.251811
v -12.238804 0.789264 -6.310777
v -12.329803 0.780212 -6.260863
v -12.329803 0.984939 -6.260863
v -12.329803 0.780212 -5.777835
v -12.329803 0.984939 -5.777835
v -10.960613 2.640867 -6.934866
v -11.019581 2.699834 -6.934866
v -11.484503 2.699834 -6.934865
v -11.543468 2.640867 -6.934865
v -11.543468 2.454244 -6.934865
v -11.484503 2.395278 -6.934865
v -11.019581 2.395278 -6.934866
v -10.960613 2.454244 -6.934866
v -11.010529 2.445192 -7.025868
v -11.010529 2.649919 -7.025868
v -11.493553 2.445192 -7.025868
v -11.493553 2.649919 -7.025868
v -11.061335 1.259214 -7.031449
v -11.069967 1.466141 -7.025868
v -10.586941 1.261414 -7.025868
v -10.586941 1.466141 -7.025868
v -10.537025 1.457089 -6.934866
v -10.595993 1.516055 -6.934866
v -11.060917 1.516055 -6.934866
v -11.119883 1.457089 -6.934866
v -11.119883 1.270466 -6.934866
v -11.060917 1.211500 -6.934866
v -10.595993 1.211500 -6.934866
v -10.537025 1.270466 -6.934866
v -10.906734 1.275424 -7.019780
v -10.921965 1.226173 -6.961617
v -10.591572 2.958415 -6.934866
v -10.650537 3.017381 -6.934866
v -11.115459 3.017381 -6.934865
v -11.174427 2.958415 -6.934865
v -11.174427 2.771792 -6.934865
v -11.115459 2.712826 -6.934865
v -10.650537 2.712826 -6.934866
v -10.591572 2.771792 -6.934866
v -10.641485 2.762740 -7.025868
v -10.641485 2.967467 -7.025868
v -11.124512 2.762740 -7.025868
v -11.124512 2.967467 -7.025868
v -11.162296 1.456500 -6.934865
v -11.221264 1.515466 -6.934865
v -11.686188 1.515466 -6.934865
v -11.745153 1.456500 -6.934865
v -11.745153 1.269877 -6.934865
v -11.686188 1.210911 -6.934865
v -11.221264 1.210911 -6.934865
v -11.162296 1.269877 -6.934865
v -11.212212 1.260825 -7.025868
v -11.212212 1.465552 -7.025868
v -11.695238 1.260825 -7.025867
v -11.695238 1.465552 -7.025867
v -10.788963 1.134661 -6.934865
v -10.847931 1.193627 -6.934865
v -11.312853 1.193627 -6.934865
v -11.371820 1.134661 -6.934865
v -11.371820 0.948038 -6.934865
v -11.312853 0.889072 -6.934865
v -10.847931 0.889072 -6.934865
v -10.788963 0.948038 -6.934865
v -10.838879 0.938986 -7.025867
v -10.838879 1.143713 -7.025867
v -11.321905 0.938986 -7.025867
v -11.321905 1.143713 -7.025867
v -11.761196 1.085342 -5.764868
v -11.761196 1.144309 -5.705902
v -11.761196 1.144309 -5.240980
v -11.761196 1.085342 -5.182013
v -11.761196 0.898720 -5.182013
v -11.761196 0.839753 -5.240980
v -11.761196 0.839753 -5.705902
v -11.761196 0.898720 -5.764868
v -11.670195 0.889668 -5.714955
v -11.670195 1.094394 -5.714955
v -11.670195 0.889668 -5.231927
v -11.670195 1.094394 -5.231927
v -11.665178 2.792825 -5.410609
v -11.670195 2.585293 -5.422248
v -11.670195 2.790020 -4.939223
v -11.670195 2.585293 -4.939223
v -11.761196 2.594345 -4.889307
v -11.761196 2.535379 -4.948273
v -11.761196 2.535379 -5.413197
v -11.761196 2.594345 -5.472164
v -11.761196 2.780968 -5.472164
v -11.761196 2.839934 -5.413197
v -11.761196 2.839934 -4.948273
v -11.761196 2.780968 -4.889307
v -11.676283 2.776011 -5.259015
v -11.734446 2.825262 -5.274245
v -11.761196 2.427781 -5.857670
v -11.761196 2.486747 -5.798704
v -11.761196 2.486747 -5.333781
v -11.761196 2.427781 -5.274815
v -11.761196 2.241158 -5.274815
v -11.761196 2.182191 -5.333781
v -11.761196 2.182191 -5.798704
v -11.761196 2.241158 -5.857670
v -11.670195 2.232106 -5.807756
v -11.670195 2.436832 -5.807756
v -11.670195 2.232106 -5.324728
v -11.670195 2.436832 -5.324728
v -11.111311 0.989707 -6.457260
v -11.052343 1.048674 -6.457260
v -10.587421 1.048674 -6.457260
v -10.528456 0.989707 -6.457260
v -10.528456 0.803084 -6.457260
v -10.587421 0.744118 -6.457260
v -11.052343 0.744118 -6.457260
v -11.111311 0.803084 -6.457260
v -11.061396 0.794032 -6.366257
v -11.061396 0.998759 -6.366257
v -10.578369 0.794032 -6.366257
v -10.578369 0.998759 -6.366257
v -10.203382 1.123354 -6.361241
v -10.191744 1.330885 -6.366257
v -10.674770 1.126158 -6.366257
v -10.674770 1.330885 -6.366257
v -10.724686 1.321833 -6.457259
v -10.665720 1.380799 -6.457259
v -10.200796 1.380799 -6.457259
v -10.141829 1.321833 -6.457259
v -10.141829 1.135210 -6.457259
v -10.200796 1.076244 -6.457259
v -10.665720 1.076244 -6.457259
v -10.724686 1.135210 -6.457259
v -10.354980 1.140169 -6.372345
v -10.339748 1.090916 -6.430508
v -11.115561 2.668640 -6.457259
v -11.056595 2.727607 -6.457259
v -10.591673 2.727607 -6.457259
v -10.532705 2.668640 -6.457259
v -10.532705 2.482017 -6.457259
v -10.591673 2.423051 -6.457259
v -11.056595 2.423051 -6.457259
v -11.115561 2.482017 -6.457259
v -11.065645 2.472965 -6.366257
v -11.065645 2.677692 -6.366257
v -10.582621 2.472965 -6.366257
v -10.582621 2.677692 -6.366257
v -9.999939 3.200000 -6.446063
v -12.000000 3.200000 -6.946063
v -11.499939 3.200000 -6.446063
v -11.500000 3.450000 -6.196032
v -11.500000 3.450000 -4.696063
v -11.500000 4.000000 -4.696063
v -11.500000 3.450000 -5.796062
v -11.500000 3.450000 -5.596061
v -11.570711 3.379289 -5.696062
v -11.500000 4.000000 -5.796062
v -11.570711 4.000000 -5.696063
v -10.999937 3.379289 -6.266835
v -11.099937 3.450000 -6.196093
v -10.899939 3.450000 -6.196093
v -11.000000 4.000000 -6.266774
v -11.099937 4.000000 -6.196093
v -9.999939 3.450000 -6.196093
v -12.500000 3.450000 -4.696063
v -12.500000 4.000000 -5.596062
v -12.429289 4.000000 -5.696063
v -12.500000 3.450000 -5.596062
v -12.500000 3.450000 -5.796063
v -12.429289 3.379289 -5.696063
v -12.500000 4.000000 -6.696063
v -12.500000 3.450000 -6.696063
v -10.000000 3.450000 -7.196063
v -11.000000 4.000000 -7.125351
v -11.100000 3.450000 -7.196063
v -10.900000 3.450000 -7.196063
v -11.000000 3.379289 -7.125351
v -12.000000 3.450000 -7.196063
v -12.000000 4.000000 -7.196063
v -12.500000 4.000000 -4.696063
v -12.500000 4.000000 -5.796063
v -11.500000 4.000000 -5.596062
v -11.650000 4.000000 -5.796063
v -12.350000 4.000000 -5.796063
v -12.350000 3.900000 -5.696063
v -11.650000 3.900000 -5.696063
v -12.350000 4.000000 -5.596062
v -11.650000 4.000000 -5.596062
v -11.500000 4.000000 -6.196032
v -10.000000 4.000000 -6.196032
v -10.000000 4.000000 -7.196063
v -10.900000 4.000000 -6.196032
v -11.100000 4.000000 -7.196063
v -10.900000 4.000000 -7.196063
v -11.100000 4.000000 -7.046063
v -11.100000 4.000000 -6.346062
v -11.000000 3.900000 -6.346062
v -11.000000 3.900000 -7.046063
v -10.900000 4.000000 -6.346062
v -10.900000 4.000000 -7.046063
v 11.329140 3.200000 -6.446063
v 9.829140 3.200000 -6.446063
v 9.829140 0.500000 -6.446063
v 11.579140 0.500000 -4.696002
v 9.829140 0.500000 -6.946063
v 12.079140 0.500000 -4.696063
v 12.079140 3.200000 -4.696063
v 11.329108 0.000000 -6.196063
v 11.329108 0.250000 -6.196063
v 11.329140 0.500000 -6.446063
v 11.579140 0.500000 -6.196002
v 9.829140 0.250000 -6.196063
v 9.829140 0.000000 -6.196063
v 11.329170 0.000000 -4.696002
v 11.329170 0.250000 -4.696002
v 9.829140 -0.000000 -7.196063
v 9.829140 0.250000 -7.196063
v 9.829140 3.200000 -6.946063
v 10.729139 -0.000000 -7.196063
v 10.929139 -0.000000 -7.196063
v 10.829140 -0.000000 -7.125351
v 10.929139 0.250000 -7.196063
v 10.729139 0.250000 -7.196063
v 10.829140 0.320711 -7.125351
v 11.829140 0.500000 -6.946063
v 11.829139 -0.000000 -7.196063
v 11.829139 0.250000 -7.196063
v 11.829140 3.200000 -6.946063
v 12.329140 0.000000 -4.696063
v 12.329140 0.250000 -4.696063
v 12.329140 0.000000 -5.796063
v 12.329140 0.000000 -5.596063
v 12.258429 0.000000 -5.696063
v 12.329140 0.250000 -5.596063
v 12.329140 0.250000 -5.796063
v 12.258429 0.320711 -5.696063
v 12.329140 0.250000 -6.696063
v 12.329140 -0.000000 -6.696063
v 12.079140 0.500000 -6.696063
v 11.219665 2.416398 -7.030885
v 11.231304 2.208868 -7.025868
v 10.748278 2.413594 -7.025867
v 10.748278 2.208868 -7.025867
v 10.698363 2.217920 -6.934865
v 10.757329 2.158953 -6.934865
v 11.222252 2.158953 -6.934865
v 11.281219 2.217920 -6.934866
v 11.281219 2.404542 -6.934866
v 11.222254 2.463509 -6.934865
v 10.757329 2.463509 -6.934865
v 10.698363 2.404542 -6.934865
v 11.068070 2.399584 -7.019780
v 11.083301 2.448836 -6.961617
v 10.774427 2.906921 -6.934866
v 10.715462 2.965887 -6.934866
v 10.250538 2.965887 -6.934865
v 10.191571 2.906921 -6.934865
v 10.191571 2.720298 -6.934865
v 10.250538 2.661332 -6.934865
v 10.715462 2.661332 -6.934866
v 10.774427 2.720298 -6.934866
v 10.724512 2.711246 -7.025868
v 10.724512 2.915973 -7.025868
v 10.241487 2.711246 -7.025868
v 10.241487 2.915973 -7.025868
v 11.037487 2.083013 -6.934865
v 10.978521 2.141979 -6.934865
v 10.513598 2.141979 -6.934865
v 10.454631 2.083013 -6.934865
v 10.454631 1.896390 -6.934865
v 10.513598 1.837424 -6.934865
v 10.978521 1.837424 -6.934865
v 11.037487 1.896390 -6.934865
v 10.987573 1.887338 -7.025868
v 10.987573 2.092065 -7.025868
v 10.504546 1.887338 -7.025867
v 10.504546 2.092065 -7.025867
v 11.521832 2.083013 -6.934866
v 11.462865 2.141979 -6.934865
v 11.134524 2.141979 -6.934865
v 11.075558 2.083013 -6.934865
v 11.075557 1.896390 -6.934865
v 11.134524 1.837424 -6.934865
v 11.462865 1.837424 -6.934865
v 11.521832 1.896390 -6.934866
v 11.471917 1.887338 -7.025868
v 11.471917 2.092065 -7.025868
v 11.125472 1.887338 -7.025867
v 11.125472 2.092065 -7.025867
v 11.066229 1.319182 -6.934865
v 11.007263 1.378148 -6.934865
v 10.542340 1.378148 -6.934865
v 10.483375 1.319182 -6.934865
v 10.483375 1.132559 -6.934865
v 10.542340 1.073593 -6.934865
v 11.007263 1.073593 -6.934865
v 11.066229 1.132559 -6.934865
v 11.016315 1.123507 -7.025868
v 11.016315 1.328234 -7.025868
v 10.533288 1.123507 -7.025866
v 10.533288 1.328234 -7.025867
v 11.443854 0.975887 -6.934865
v 11.384888 1.034853 -6.934865
v 10.919964 1.034853 -6.934865
v 10.860998 0.975887 -6.934865
v 10.860998 0.789264 -6.934865
v 10.919964 0.730298 -6.934865
v 11.384888 0.730298 -6.934865
v 11.443854 0.789264 -6.934865
v 11.393939 0.780212 -7.025867
v 11.393939 0.984939 -7.025867
v 10.910913 0.780212 -7.025867
v 10.910913 0.984939 -7.025867
v 12.067944 2.640867 -5.656676
v 12.067944 2.699834 -5.715642
v 12.067943 2.699834 -6.180564
v 12.067943 2.640867 -6.239532
v 12.067943 2.454244 -6.239532
v 12.067943 2.395278 -6.180564
v 12.067944 2.395278 -5.715642
v 12.067944 2.454244 -5.656676
v 12.158944 2.445192 -5.706591
v 12.158944 2.649919 -5.706591
v 12.158944 2.445192 -6.189617
v 12.158944 2.649919 -6.189617
v 12.164525 1.259214 -5.757398
v 12.158944 1.466141 -5.766031
v 12.158944 1.261414 -5.283003
v 12.158944 1.466141 -5.283003
v 12.067944 1.457089 -5.233089
v 12.067944 1.516055 -5.292056
v 12.067944 1.516055 -5.756979
v 12.067944 1.457089 -5.815944
v 12.067944 1.270466 -5.815944
v 12.067944 1.211500 -5.756979
v 12.067944 1.211500 -5.292056
v 12.067944 1.270466 -5.233089
v 12.152856 1.275425 -5.602796
v 12.094693 1.226173 -5.618026
v 12.067944 2.958415 -5.287633
v 12.067944 3.017381 -5.346600
v 12.067943 3.017381 -5.811523
v 12.067943 2.958415 -5.870490
v 12.067943 2.771792 -5.870490
v 12.067943 2.712826 -5.811523
v 12.067944 2.712826 -5.346600
v 12.067944 2.771792 -5.287633
v 12.158944 2.762740 -5.337549
v 12.158944 2.967467 -5.337549
v 12.158944 2.762740 -5.820575
v 12.158944 2.967467 -5.820575
v 12.067943 1.456500 -5.858360
v 12.067943 1.515466 -5.917326
v 12.067943 1.515466 -6.382249
v 12.067943 1.456500 -6.441216
v 12.067943 1.269877 -6.441216
v 12.067943 1.210911 -6.382249
v 12.067943 1.210911 -5.917326
v 12.067943 1.269877 -5.858360
v 12.158944 1.260825 -5.908275
v 12.158944 1.465552 -5.908275
v 12.158943 1.260825 -6.391302
v 12.158943 1.465552 -6.391302
v 12.067943 1.134661 -5.485027
v 12.067943 1.193627 -5.543993
v 12.067943 1.193627 -6.008915
v 12.067943 1.134661 -6.067883
v 12.067943 0.948038 -6.067883
v 12.067943 0.889072 -6.008915
v 12.067943 0.889072 -5.543993
v 12.067943 0.948038 -5.485027
v 12.158943 0.938986 -5.534942
v 12.158943 1.143713 -5.534942
v 12.158943 0.938986 -6.017969
v 12.158943 1.143713 -6.017969
v 10.897945 1.085342 -6.457259
v 10.838978 1.144309 -6.457259
v 10.374056 1.144309 -6.457259
v 10.315089 1.085342 -6.457259
v 10.315089 0.898720 -6.457259
v 10.374056 0.839753 -6.457259
v 10.838978 0.839753 -6.457259
v 10.897945 0.898720 -6.457259
v 10.848031 0.889668 -6.366257
v 10.848031 1.094394 -6.366257
v 10.365005 0.889668 -6.366257
v 10.365005 1.094394 -6.366257
v 10.543686 2.792825 -6.361242
v 10.555326 2.585293 -6.366257
v 10.072299 2.790020 -6.366257
v 10.072299 2.585293 -6.366257
v 10.022385 2.594345 -6.457259
v 10.081350 2.535379 -6.457259
v 10.546273 2.535379 -6.457259
v 10.605240 2.594345 -6.457259
v 10.605240 2.780968 -6.457259
v 10.546273 2.839934 -6.457259
v 10.081350 2.839934 -6.457259
v 10.022385 2.780968 -6.457259
v 10.392091 2.776011 -6.372346
v 10.407321 2.825262 -6.430508
v 10.990747 2.427781 -6.457259
v 10.931780 2.486747 -6.457259
v 10.466857 2.486747 -6.457259
v 10.407891 2.427781 -6.457259
v 10.407891 2.241158 -6.457259
v 10.466857 2.182191 -6.457259
v 10.931780 2.182191 -6.457259
v 10.990747 2.241158 -6.457259
v 10.940832 2.232106 -6.366257
v 10.940832 2.436832 -6.366257
v 10.457806 2.232106 -6.366257
v 10.457806 2.436832 -6.366257
v 11.590337 0.989707 -5.807373
v 11.590337 1.048674 -5.748407
v 11.590337 1.048674 -5.283483
v 11.590337 0.989707 -5.224517
v 11.590337 0.803084 -5.224517
v 11.590337 0.744118 -5.283483
v 11.590337 0.744118 -5.748407
v 11.590337 0.803084 -5.807373
v 11.499334 0.794032 -5.757458
v 11.499334 0.998759 -5.757458
v 11.499334 0.794032 -5.274432
v 11.499334 0.998759 -5.274432
v 11.494318 1.123354 -4.899446
v 11.499334 1.330885 -4.887806
v 11.499334 1.126158 -5.370834
v 11.499334 1.330885 -5.370834
v 11.590336 1.321833 -5.420747
v 11.590336 1.380799 -5.361782
v 11.590336 1.380799 -4.896859
v 11.590336 1.321833 -4.837892
v 11.590336 1.135210 -4.837892
v 11.590336 1.076244 -4.896860
v 11.590336 1.076244 -5.361782
v 11.590336 1.135210 -5.420747
v 11.505423 1.140168 -5.051041
v 11.563585 1.090916 -5.035811
v 11.590336 2.668640 -5.811624
v 11.590335 2.727607 -5.752656
v 11.590336 2.727607 -5.287735
v 11.590336 2.668640 -5.228768
v 11.590336 2.482017 -5.228768
v 11.590336 2.423051 -5.287735
v 11.590335 2.423051 -5.752656
v 11.590336 2.482017 -5.811624
v 11.499334 2.472965 -5.761709
v 11.499334 2.677692 -5.761709
v 11.499334 2.472965 -5.278682
v 11.499334 2.677692 -5.278682
v 11.579140 3.200000 -4.696002
v 12.079140 3.200000 -6.696063
v 11.579140 3.200000 -6.196002
v 11.329108 3.450000 -6.196063
v 9.829140 3.450000 -6.196063
v 9.829140 4.000000 -6.196063
v 10.929138 3.450000 -6.196063
v 10.729138 3.450000 -6.196063
v 10.829138 3.379289 -6.266774
v 10.929138 4.000000 -6.196063
v 10.829140 4.000000 -6.266774
v 11.399911 3.379289 -5.696001
v 11.329170 3.450000 -5.796001
v 11.329170 3.450000 -5.596001
v 11.399850 4.000000 -5.696063
v 11.329170 4.000000 -5.796001
v 11.329170 3.450000 -4.696002
v 9.829139 3.450000 -7.196063
v 10.729139 4.000000 -7.196063
v 10.829140 4.000000 -7.125351
v 10.729139 3.450000 -7.196063
v 10.929139 3.450000 -7.196063
v 10.829140 3.379289 -7.125351
v 11.829139 4.000000 -7.196063
v 11.829139 3.450000 -7.196063
v 12.329140 3.450000 -4.696063
v 12.258429 4.000000 -5.696063
v 12.329140 3.450000 -5.796063
v 12.329140 3.450000 -5.596063
v 12.258429 3.379289 -5.696063
v 12.329140 3.450000 -6.696063
v 12.329140 4.000000 -6.696063
v 9.829140 4.000000 -7.196063
v 10.929139 4.000000 -7.196063
v 10.729139 4.000000 -6.196063
v 10.929139 4.000000 -6.346063
v 10.929139 4.000000 -7.046063
v 10.829140 3.900000 -7.046063
v 10.829140 3.900000 -6.346063
v 10.729139 4.000000 -7.046063
v 10.729139 4.000000 -6.346063
v 11.329108 4.000000 -6.196063
v 11.329108 4.000000 -4.696063
v 12.329140 4.000000 -4.696063
v 11.329108 4.000000 -5.596063
v 12.329140 4.000000 -5.796063
v 12.329140 4.000000 -5.596063
v 12.179139 4.000000 -5.796063
v 11.479139 4.000000 -5.796063
v 11.479139 3.900000 -5.696063
v 12.179139 3.900000 -5.696063
v 11.479139 4.000000 -5.596063
v 12.179139 4.000000 -5.596063
v -11.750000 0.500000 -4.718047
v -11.750000 0.500000 -0.718046
v -11.750000 0.500000 -4.307829
v -11.750000 0.500000 -1.128263
v -11.949955 2.734175 -3.738546
v -11.749887 2.834448 -3.876702
v -11.750000 2.645241 -4.131655
v -11.750078 2.382504 -4.280241
v -11.750055 2.377658 -1.153851
v -11.750000 2.645241 -1.304437
v -11.749767 2.846359 -1.583087
v -11.500000 -0.000000 -0.718046
v -11.500000 -0.000000 -4.718047
v -11.500000 0.250000 -0.718046
v -11.500000 0.250000 -4.718047
v -11.500000 -0.000000 -1.818046
v -11.500000 -0.000000 -1.618046
v -11.570711 -0.000000 -1.718046
v -11.500000 -0.000000 -3.818046
v -11.500000 -0.000000 -3.618046
v -11.570711 -0.000000 -3.718047
v -11.500000 0.250000 -1.618046
v -11.500000 0.250000 -1.818046
v -11.570711 0.320711 -1.718046
v -11.500000 0.250000 -3.618046
v -11.500000 0.250000 -3.818046
v -11.570711 0.320711 -3.718047
v -11.761194 3.078568 -4.005216
v -11.761194 3.137535 -4.064182
v -11.761194 3.137535 -4.175071
v -11.761194 3.078568 -4.234037
v -11.761194 2.891945 -4.234037
v -11.761194 2.832979 -4.175071
v -11.761194 2.832979 -4.064182
v -11.761194 2.891945 -4.005216
v -11.670195 2.882893 -4.055130
v -11.670193 3.087620 -4.055130
v -11.670195 2.882893 -4.184124
v -11.670195 3.087620 -4.184124
v -11.665176 3.088684 -0.856512
v -11.670193 2.881154 -0.844872
v -11.670193 3.085880 -1.206317
v -11.670193 2.881154 -1.206317
v -11.761194 2.890205 -1.256231
v -11.761194 2.831239 -1.197265
v -11.761194 2.831239 -0.853924
v -11.761194 2.890205 -0.794958
v -11.761194 3.076828 -0.794958
v -11.761194 3.135795 -0.853924
v -11.761194 3.135795 -1.197265
v -11.761194 3.076828 -1.256231
v -11.676281 3.071869 -1.008106
v -11.734444 3.121122 -0.992876
v -11.761194 1.801268 -1.026375
v -11.761194 1.987891 -1.026375
v -11.761194 2.046858 -0.967408
v -11.761194 2.046858 -0.856520
v -11.761194 1.987891 -0.797553
v -11.761194 2.735273 -0.786826
v -11.761194 2.794240 -0.845792
v -11.761194 2.794240 -1.003174
v -11.761194 2.735273 -1.062140
v -11.761194 2.548650 -1.062140
v -11.761194 2.489684 -1.003174
v -11.761194 2.489684 -0.845792
v -11.761194 2.548650 -0.786826
v -11.670193 2.539598 -0.836740
v -11.670193 2.744325 -0.836740
v -11.670193 2.539598 -1.012226
v -11.670193 2.744325 -1.012226
v -11.670193 1.996943 -0.976460
v -11.670193 1.792217 -0.976460
v -11.670193 1.996943 -0.847468
v -11.670193 1.792217 -0.847468
v -11.761194 1.801268 -0.797553
v -11.761194 1.742302 -0.856520
v -11.761194 1.742302 -0.967408
v -11.670195 3.087620 -4.570323
v -11.670195 2.882893 -4.570323
v -11.670195 3.087620 -4.355500
v -11.670195 2.882893 -4.355500
v -11.761196 2.891945 -4.305585
v -11.761196 2.832979 -4.364551
v -11.761196 2.832979 -4.561271
v -11.761196 2.891945 -4.620237
v -11.761196 3.078568 -4.620237
v -11.761196 3.137535 -4.561271
v -11.761196 3.137535 -4.364551
v -11.761196 3.078568 -4.305585
v -11.670195 0.927723 -4.573906
v -11.670195 0.722996 -4.573906
v -11.670195 0.927723 -4.444913
v -11.670195 0.722996 -4.444913
v -11.761196 0.732048 -4.394999
v -11.761196 0.673082 -4.453965
v -11.761196 0.673082 -4.564854
v -11.761196 0.732048 -4.623820
v -11.761196 0.918671 -4.623820
v -11.761196 0.977637 -4.564854
v -11.761196 0.977637 -4.453965
v -11.761196 0.918671 -4.394999
v -11.750000 3.200000 -4.718047
v -11.750000 3.200000 -0.718046
v -11.500000 4.000000 -0.718046
v -11.500000 4.000000 -4.718047
v -11.500000 3.450000 -0.718046
v -11.500000 3.450000 -4.718047
v -11.500000 4.000000 -3.818046
v -11.500000 4.000000 -3.618046
v -11.570711 4.000000 -3.718047
v -11.500000 4.000000 -1.818046
v -11.500000 4.000000 -1.618046
v -11.570711 4.000000 -1.718046
v -11.500000 3.450000 -1.818046
v -11.500000 3.450000 -1.618046
v -11.570711 3.379289 -1.718046
v -11.500000 3.450000 -3.818046
v -11.500000 3.450000 -3.618046
v -11.570711 3.379289 -3.718047
v -11.650000 4.000000 -3.618046
v -11.650000 3.900000 -3.718047
v -11.650000 4.000000 -3.818046
v -11.650000 4.000000 -1.618046
v -11.650000 3.900000 -1.718046
v -11.650000 4.000000 -1.818046
v -12.250000 0.500000 -0.718046
v -12.250000 0.500000 -4.718047
v -12.250000 0.500000 -1.128263
v -12.250000 0.500000 -4.307829
v -12.050043 2.734174 -1.697548
v -12.250145 2.834466 -1.559378
v -12.250000 2.645241 -1.304437
v -12.249926 2.382504 -1.155850
v -12.249947 2.377658 -4.282243
v -12.250000 2.645241 -4.131655
v -12.250187 2.846333 -3.852983
v -12.500000 0.000000 -4.718047
v -12.500000 0.000000 -0.718046
v -12.500000 0.250000 -4.718047
v -12.500000 0.250000 -0.718046
v -12.500000 0.000000 -3.618046
v -12.500000 0.000000 -3.818046
v -12.429289 0.000000 -3.718046
v -12.500000 0.000000 -1.618046
v -12.500000 0.000000 -1.818046
v -12.429291 0.000000 -1.718046
v -12.500000 0.250000 -3.818046
v -12.500000 0.250000 -3.618046
v -12.429289 0.320711 -3.718046
v -12.500000 0.250000 -1.818046
v -12.500000 0.250000 -1.618046
v -12.429291 0.320711 -1.718046
v -12.238804 3.078568 -1.430876
v -12.238804 3.137535 -1.371910
v -12.238804 3.137535 -1.261021
v -12.238804 3.078568 -1.202055
v -12.238804 2.891945 -1.202055
v -12.238804 2.832979 -1.261021
v -12.238804 2.832979 -1.371910
v -12.238804 2.891945 -1.430876
v -12.329805 2.882893 -1.380962
v -12.329805 3.087620 -1.380962
v -12.329805 2.882893 -1.251969
v -12.329805 3.087620 -1.251969
v -12.334822 3.088685 -4.579582
v -12.329805 2.881154 -4.591220
v -12.329805 3.085880 -4.229775
v -12.329805 2.881154 -4.229775
v -12.238804 2.890205 -4.179862
v -12.238804 2.831239 -4.238827
v -12.238804 2.831239 -4.582168
v -12.238804 2.890205 -4.641135
v -12.238804 3.076828 -4.641135
v -12.238804 3.135795 -4.582168
v -12.238804 3.135796 -4.238826
v -12.238804 3.076828 -4.179862
v -12.323717 3.071871 -4.427987
v -12.265554 3.121122 -4.443216
v -12.238806 1.801268 -4.409718
v -12.238806 1.987891 -4.409718
v -12.238806 2.046858 -4.468684
v -12.238806 2.046858 -4.579572
v -12.238806 1.987891 -4.638539
v -12.238804 2.735273 -4.649268
v -12.238804 2.794240 -4.590300
v -12.238804 2.794240 -4.432918
v -12.238804 2.735273 -4.373952
v -12.238804 2.548650 -4.373952
v -12.238804 2.489684 -4.432918
v -12.238804 2.489684 -4.590300
v -12.238804 2.548650 -4.649268
v -12.329805 2.539598 -4.599352
v -12.329805 2.744325 -4.599352
v -12.329805 2.539598 -4.423866
v -12.329805 2.744325 -4.423866
v -12.329805 1.996943 -4.459632
v -12.329805 1.792217 -4.459632
v -12.329805 1.996943 -4.588624
v -12.329805 1.792217 -4.588624
v -12.238806 1.801268 -4.638539
v -12.238806 1.742302 -4.579572
v -12.238806 1.742302 -4.468684
v -12.329805 3.087620 -0.865769
v -12.329805 2.882893 -0.865769
v -12.329805 3.087620 -1.080593
v -12.329805 2.882893 -1.080593
v -12.238804 2.891945 -1.130507
v -12.238804 2.832979 -1.071541
v -12.238804 2.832979 -0.874821
v -12.238804 2.891945 -0.815855
v -12.238804 3.078568 -0.815855
v -12.238804 3.137535 -0.874821
v -12.238804 3.137535 -1.071541
v -12.238804 3.078568 -1.130507
v -12.329805 0.927723 -0.862186
v -12.329805 0.722996 -0.862186
v -12.329805 0.927723 -0.991179
v -12.329805 0.722996 -0.991179
v -12.238804 0.732048 -1.041093
v -12.238804 0.673082 -0.982127
v -12.238804 0.673082 -0.871239
v -12.238804 0.732048 -0.812272
v -12.238804 0.918671 -0.812272
v -12.238804 0.977637 -0.871239
v -12.238804 0.977637 -0.982127
v -12.238804 0.918671 -1.041093
v -12.250000 3.200000 -0.718046
v -12.249998 3.200000 -4.718047
v -12.499998 4.000000 -4.718047
v -12.500000 4.000000 -0.718046
v -12.499998 3.450000 -4.718047
v -12.500000 3.450000 -0.718046
v -12.500000 4.000000 -1.618046
v -12.500000 4.000000 -1.818046
v -12.429289 4.000000 -1.718046
v -12.500000 4.000000 -3.618046
v -12.500000 4.000000 -3.818046
v -12.429289 4.000000 -3.718046
v -12.500000 3.450000 -3.618046
v -12.500000 3.450000 -3.818046
v -12.429289 3.379289 -3.718046
v -12.500000 3.450000 -1.618046
v -12.500000 3.450000 -1.818046
v -12.429289 3.379289 -1.718046
v -12.349998 4.000000 -1.818046
v -12.349998 3.900000 -1.718046
v -12.349998 4.000000 -1.618046
v -12.350000 4.000000 -3.818046
v -12.350000 3.900000 -3.718046
v -12.350000 4.000000 -3.618046
v -11.950075 2.244130 -1.233526
v -11.949999 2.556798 -1.411248
v -11.949793 2.726777 -1.693763
v -11.949999 2.556798 -4.024844
v -11.950087 2.258595 -4.201485
v -11.949999 0.500000 -1.218046
v -11.950001 0.500000 -4.218047
v -12.049923 2.244129 -4.202568
v -12.049999 2.556798 -4.024844
v -12.050205 2.726776 -3.742329
v -12.049999 2.556798 -1.411248
v -12.049911 2.258597 -1.234609
v -12.049999 0.500000 -4.218047
v -12.049999 0.500000 -1.218046
v -12.038803 2.540867 -3.657433
v -12.038803 2.599834 -3.598467
v -12.038803 2.599834 -3.133544
v -12.038803 2.540867 -3.074577
v -12.038803 2.354244 -3.074577
v -12.038803 2.295278 -3.133544
v -12.038803 2.295278 -3.598467
v -12.038803 2.354244 -3.657433
v -12.129805 2.345192 -3.607518
v -12.129805 2.549919 -3.607518
v -12.129805 2.345192 -3.124492
v -12.129805 2.549919 -3.124492
v -12.134821 2.316398 -2.208571
v -12.129805 2.108868 -2.220211
v -12.129805 2.313594 -1.737184
v -12.129805 2.108868 -1.737184
v -12.038803 2.117920 -1.687270
v -12.038803 2.058953 -1.746236
v -12.038803 2.058953 -2.211159
v -12.038803 2.117920 -2.270126
v -12.038803 2.304542 -2.270126
v -12.038803 2.363509 -2.211159
v -12.038803 2.363509 -1.746237
v -12.038803 2.304542 -1.687270
v -12.123716 2.299584 -2.056977
v -12.065554 2.348836 -2.072207
v -12.135386 1.259214 -3.556713
v -12.129805 1.466141 -3.548078
v -12.129805 1.261414 -4.031106
v -12.129805 1.466141 -4.031106
v -12.038803 1.457089 -4.081020
v -12.038803 1.516055 -4.022053
v -12.038803 1.516055 -3.557131
v -12.038803 1.457089 -3.498164
v -12.038803 1.270466 -3.498164
v -12.038803 1.211500 -3.557131
v -12.038803 1.211500 -4.022053
v -12.038803 1.270466 -4.081020
v -12.123716 1.275424 -3.711314
v -12.065554 1.226173 -3.696084
v -12.038803 1.983013 -2.026394
v -12.038803 2.041980 -1.967428
v -12.038803 2.041980 -1.502505
v -12.038803 1.983013 -1.443538
v -12.038803 1.796390 -1.443538
v -12.038803 1.737424 -1.502505
v -12.038803 1.737424 -1.967428
v -12.038803 1.796390 -2.026394
v -12.129805 1.787338 -1.976480
v -12.129805 1.992065 -1.976480
v -12.129805 1.787338 -1.493453
v -12.129805 1.992065 -1.493453
v -12.038803 1.983013 -2.510739
v -12.038803 2.041980 -2.451772
v -12.038803 2.041980 -2.123431
v -12.038803 1.983013 -2.064464
v -12.038803 1.796390 -2.064464
v -12.038803 1.737424 -2.123431
v -12.038803 1.737424 -2.451772
v -12.038803 1.796390 -2.510739
v -12.129805 1.787338 -2.460824
v -12.129805 1.992065 -2.460824
v -12.129805 1.787338 -2.114379
v -12.129805 1.992065 -2.114379
v -12.038803 1.319182 -2.055136
v -12.038803 1.378148 -1.996170
v -12.038803 1.378148 -1.531247
v -12.038803 1.319182 -1.472281
v -12.038803 1.132559 -1.472281
v -12.038803 1.073593 -1.531247
v -12.038803 1.073593 -1.996170
v -12.038803 1.132559 -2.055136
v -12.129805 1.123507 -2.005222
v -12.129805 1.328234 -2.005222
v -12.129805 1.123507 -1.522195
v -12.129805 1.328234 -1.522195
v -12.038803 0.975887 -2.432761
v -12.038803 1.034853 -2.373794
v -12.038803 1.034853 -1.908871
v -12.038803 0.975887 -1.849905
v -12.038803 0.789264 -1.849905
v -12.038803 0.730298 -1.908871
v -12.038803 0.730298 -2.373794
v -12.038803 0.789264 -2.432761
v -12.129805 0.780212 -2.382846
v -12.129805 0.984939 -2.382846
v -12.129805 0.780212 -1.899819
v -12.129805 0.984939 -1.899819
v -12.038803 1.456500 -3.455749
v -12.038803 1.515466 -3.396782
v -12.038803 1.515466 -2.931859
v -12.038803 1.456500 -2.872893
v -12.038803 1.269877 -2.872893
v -12.038803 1.210911 -2.931859
v -12.038803 1.210911 -3.396782
v -12.038803 1.269877 -3.455749
v -12.129805 1.260825 -3.405835
v -12.129805 1.465552 -3.405835
v -12.129805 1.260825 -2.922807
v -12.129805 1.465552 -2.922807
v -12.038803 1.134661 -3.829082
v -12.038803 1.193627 -3.770116
v -12.038803 1.193627 -3.305193
v -12.038803 1.134661 -3.246226
v -12.038803 0.948038 -3.246226
v -12.038803 0.889072 -3.305193
v -12.038803 0.889072 -3.770116
v -12.038803 0.948038 -3.829082
v -12.129805 0.938986 -3.779168
v -12.129805 1.143713 -3.779168
v -12.129805 0.938986 -3.296141
v -12.129805 1.143713 -3.296141
v -11.961197 2.540867 -1.778659
v -11.961197 2.599834 -1.837625
v -11.961197 2.599834 -2.302548
v -11.961197 2.540867 -2.361515
v -11.961197 2.354244 -2.361515
v -11.961197 2.295278 -2.302548
v -11.961197 2.295278 -1.837625
v -11.961197 2.354244 -1.778659
v -11.870195 2.345192 -1.828573
v -11.870195 2.549919 -1.828573
v -11.870195 2.345192 -2.311600
v -11.870195 2.549919 -2.311600
v -11.865179 2.316398 -3.227521
v -11.870195 2.108868 -3.215881
v -11.870195 2.313594 -3.698907
v -11.870195 2.108868 -3.698907
v -11.961195 2.117920 -3.748822
v -11.961195 2.058953 -3.689856
v -11.961195 2.058953 -3.224933
v -11.961195 2.117920 -3.165967
v -11.961195 2.304542 -3.165967
v -11.961195 2.363508 -3.224934
v -11.961195 2.363509 -3.689856
v -11.961195 2.304542 -3.748822
v -11.876284 2.299583 -3.379116
v -11.934446 2.348836 -3.363885
v -11.864614 1.259214 -1.879380
v -11.870195 1.466141 -1.888013
v -11.870195 1.261414 -1.404987
v -11.870195 1.466141 -1.404987
v -11.961197 1.457089 -1.355072
v -11.961197 1.516055 -1.414038
v -11.961197 1.516055 -1.878961
v -11.961197 1.457089 -1.937928
v -11.961197 1.270466 -1.937928
v -11.961197 1.211500 -1.878961
v -11.961197 1.211500 -1.414038
v -11.961197 1.270466 -1.355072
v -11.876284 1.275425 -1.724779
v -11.934446 1.226173 -1.740009
v -11.961195 1.983013 -3.409698
v -11.961195 2.041980 -3.468665
v -11.961195 2.041980 -3.933588
v -11.961195 1.983013 -3.992553
v -11.961195 1.796390 -3.992553
v -11.961195 1.737424 -3.933588
v -11.961195 1.737424 -3.468665
v -11.961195 1.796390 -3.409698
v -11.870195 1.787338 -3.459612
v -11.870195 1.992065 -3.459612
v -11.870195 1.787338 -3.942639
v -11.870195 1.992065 -3.942639
v -11.961195 1.983013 -2.925354
v -11.961195 2.041980 -2.984320
v -11.961195 2.041980 -3.312661
v -11.961195 1.983013 -3.371628
v -11.961195 1.796390 -3.371628
v -11.961195 1.737424 -3.312661
v -11.961195 1.737424 -2.984320
v -11.961195 1.796390 -2.925354
v -11.870195 1.787338 -2.975268
v -11.870195 1.992065 -2.975268
v -11.870195 1.787338 -3.321713
v -11.870195 1.992065 -3.321713
v -11.961195 1.319182 -3.380956
v -11.961195 1.378148 -3.439922
v -11.961195 1.378148 -3.904845
v -11.961195 1.319182 -3.963811
v -11.961195 1.132559 -3.963811
v -11.961195 1.073593 -3.904845
v -11.961195 1.073593 -3.439922
v -11.961195 1.132559 -3.380956
v -11.870195 1.123507 -3.430871
v -11.870195 1.328234 -3.430871
v -11.870195 1.123507 -3.913897
v -11.870195 1.328234 -3.913897
v -11.961195 0.975887 -3.003331
v -11.961195 1.034853 -3.062298
v -11.961195 1.034853 -3.527220
v -11.961195 0.975887 -3.586187
v -11.961197 0.789264 -3.586187
v -11.961197 0.730298 -3.527220
v -11.961195 0.730298 -3.062298
v -11.961195 0.789264 -3.003331
v -11.870195 0.780212 -3.053246
v -11.870195 0.984939 -3.053246
v -11.870195 0.780212 -3.536273
v -11.870195 0.984939 -3.536273
v -11.961197 1.456500 -1.980343
v -11.961197 1.515466 -2.039310
v -11.961197 1.515466 -2.504232
v -11.961197 1.456500 -2.563199
v -11.961197 1.269877 -2.563199
v -11.961197 1.210911 -2.504232
v -11.961197 1.210911 -2.039310
v -11.961197 1.269877 -1.980343
v -11.870195 1.260825 -2.030258
v -11.870195 1.465552 -2.030258
v -11.870195 1.260825 -2.513284
v -11.870195 1.465552 -2.513284
v -11.961197 1.134661 -1.607010
v -11.961197 1.193627 -1.665976
v -11.961197 1.193627 -2.130899
v -11.961197 1.134661 -2.189866
v -11.961197 0.948038 -2.189866
v -11.961197 0.889072 -2.130899
v -11.961197 0.889072 -1.665976
v -11.961197 0.948038 -1.607010
v -11.870195 0.938986 -1.656924
v -11.870195 1.143713 -1.656924
v -11.870195 0.938986 -2.139951
v -11.870195 1.143713 -2.139951
v 11.582342 0.500000 -0.696063
v 12.082342 0.500000 -0.696063
v 12.332342 -0.000000 -0.696063
v 12.332342 -0.000000 -4.696063
v 11.332342 0.000000 -4.696063
v 11.332342 0.000000 -0.696063
v 12.332342 0.250000 -0.696063
v 12.332342 0.250000 -4.696063
v 11.332342 0.250000 -4.696063
v 11.332342 0.250000 -0.696063
v 11.582342 0.500000 -4.696063
v 12.082342 0.500000 -4.696063
v 12.332342 -0.000000 -1.796062
v 12.332342 -0.000000 -1.596063
v 12.261632 -0.000000 -1.696063
v 12.332342 -0.000000 -3.796063
v 12.332342 -0.000000 -3.596062
v 12.261631 -0.000000 -3.696063
v 11.332342 0.000000 -3.596062
v 11.332342 0.000000 -3.796063
v 11.403053 0.000000 -3.696063
v 11.332342 0.000000 -1.596063
v 11.332342 0.000000 -1.796062
v 11.403053 0.000000 -1.696063
v 12.332342 0.250000 -1.596063
v 12.332342 0.250000 -1.796062
v 12.261632 0.320711 -1.696063
v 12.332342 0.250000 -3.596062
v 12.332342 0.250000 -3.796063
v 12.261631 0.320711 -3.696063
v 11.332342 0.250000 -3.796063
v 11.332342 0.250000 -3.596062
v 11.403053 0.320711 -3.696063
v 11.332342 0.250000 -1.796062
v 11.332342 0.250000 -1.596063
v 11.403053 0.320711 -1.696063
v 11.593539 2.640867 -3.735449
v 11.593539 2.699834 -3.676484
v 11.593539 2.699834 -3.211561
v 11.593539 2.640867 -3.152593
v 11.593539 2.454244 -3.152593
v 11.593539 2.395278 -3.211561
v 11.593539 2.395278 -3.676484
v 11.593539 2.454244 -3.735449
v 11.502539 2.445192 -3.685536
v 11.502539 2.649919 -3.685536
v 11.502539 2.445192 -3.202508
v 11.502539 2.649919 -3.202508
v 11.496957 2.415795 -2.089594
v 11.502538 2.208868 -2.098228
v 11.502538 2.413594 -1.615201
v 11.502538 2.208868 -1.615201
v 11.593538 2.217920 -1.565287
v 11.593538 2.158953 -1.624253
v 11.593538 2.158953 -2.089176
v 11.593538 2.217920 -2.148142
v 11.593538 2.404542 -2.148142
v 11.593538 2.463509 -2.089176
v 11.593538 2.463509 -1.624253
v 11.593538 2.404542 -1.565287
v 11.508626 2.399584 -1.934993
v 11.566789 2.448836 -1.950223
v 11.497522 1.258610 -3.637734
v 11.502539 1.466141 -3.626094
v 11.502539 1.261414 -4.109122
v 11.502539 1.466141 -4.109122
v 11.593539 1.457089 -4.159036
v 11.593539 1.516055 -4.100070
v 11.593539 1.516055 -3.635148
v 11.593539 1.457089 -3.576181
v 11.593539 1.270466 -3.576181
v 11.593539 1.211500 -3.635148
v 11.593539 1.211500 -4.100070
v 11.593539 1.270466 -4.159036
v 11.508627 1.275425 -3.789330
v 11.566790 1.226173 -3.774100
v 11.593539 2.958415 -4.104492
v 11.593539 3.017381 -4.045526
v 11.593539 3.017381 -3.580602
v 11.593539 2.958415 -3.521636
v 11.593539 2.771792 -3.521636
v 11.593539 2.712826 -3.580602
v 11.593539 2.712826 -4.045526
v 11.593539 2.771792 -4.104492
v 11.502539 2.762740 -4.054577
v 11.502539 2.967467 -4.054577
v 11.502539 2.762740 -3.571551
v 11.502539 2.967467 -3.571551
v 11.593538 2.906921 -1.641350
v 11.593539 2.965887 -1.582385
v 11.593539 2.965887 -1.117462
v 11.593539 2.906921 -1.058495
v 11.593538 2.720298 -1.058495
v 11.593538 2.661332 -1.117462
v 11.593538 2.661332 -1.582385
v 11.593538 2.720298 -1.641350
v 11.502538 2.711246 -1.591436
v 11.502538 2.915973 -1.591436
v 11.502538 2.711246 -1.108409
v 11.502538 2.915973 -1.108409
v 11.593538 2.083013 -1.904410
v 11.593538 2.141979 -1.845445
v 11.593538 2.141979 -1.380521
v 11.593538 2.083013 -1.321555
v 11.593538 1.896390 -1.321555
v 11.593538 1.837424 -1.380521
v 11.593538 1.837424 -1.845445
v 11.593538 1.896390 -1.904410
v 11.502538 1.887338 -1.854496
v 11.502538 2.092065 -1.854496
v 11.502538 1.887338 -1.371469
v 11.502538 2.092065 -1.371469
v 11.593538 2.083013 -2.388755
v 11.593538 2.141979 -2.329789
v 11.593538 2.141979 -2.001448
v 11.593538 2.083013 -1.942481
v 11.593538 1.896390 -1.942481
v 11.593538 1.837424 -2.001448
v 11.593538 1.837424 -2.329789
v 11.593538 1.896390 -2.388755
v 11.502538 1.887338 -2.338840
v 11.502538 2.092065 -2.338840
v 11.502538 1.887338 -1.992395
v 11.502538 2.092065 -1.992395
v 11.593538 1.319182 -1.933153
v 11.593538 1.378148 -1.874187
v 11.593538 1.378148 -1.409264
v 11.593538 1.319182 -1.350297
v 11.593538 1.132559 -1.350297
v 11.593538 1.073593 -1.409264
v 11.593538 1.073593 -1.874187
v 11.593538 1.132559 -1.933153
v 11.502538 1.123507 -1.883238
v 11.502538 1.328234 -1.883238
v 11.502538 1.123507 -1.400212
v 11.502538 1.328234 -1.400212
v 11.593539 0.975887 -2.310778
v 11.593539 1.034853 -2.251811
v 11.593539 1.034853 -1.786888
v 11.593539 0.975887 -1.727921
v 11.593539 0.789264 -1.727921
v 11.593539 0.730298 -1.786888
v 11.593539 0.730298 -2.251811
v 11.593539 0.789264 -2.310778
v 11.502538 0.780212 -2.260862
v 11.502538 0.984939 -2.260862
v 11.502538 0.780212 -1.777835
v 11.502538 0.984939 -1.777835
v 11.593539 1.456500 -3.533765
v 11.593539 1.515466 -3.474799
v 11.593539 1.515466 -3.009876
v 11.593539 1.456500 -2.950909
v 11.593539 1.269877 -2.950909
v 11.593539 1.210911 -3.009876
v 11.593539 1.210911 -3.474799
v 11.593539 1.269877 -3.533765
v 11.502539 1.260825 -3.483851
v 11.502539 1.465552 -3.483851
v 11.502539 1.260825 -3.000823
v 11.502539 1.465552 -3.000823
v 11.593539 1.134661 -3.907098
v 11.593539 1.193627 -3.848133
v 11.593539 1.193627 -3.383210
v 11.593539 1.134661 -3.324243
v 11.593539 0.948038 -3.324243
v 11.593539 0.889072 -3.383210
v 11.593539 0.889072 -3.848133
v 11.593539 0.948038 -3.907098
v 11.502539 0.938986 -3.857184
v 11.502539 1.143713 -3.857184
v 11.502539 0.938986 -3.374157
v 11.502539 1.143713 -3.374157
v 12.071146 2.640867 -1.656676
v 12.071146 2.699834 -1.715641
v 12.071146 2.699834 -2.180564
v 12.071146 2.640867 -2.239532
v 12.071146 2.454244 -2.239532
v 12.071146 2.395278 -2.180564
v 12.071146 2.395278 -1.715641
v 12.071146 2.454244 -1.656676
v 12.162147 2.445192 -1.706590
v 12.162147 2.649919 -1.706590
v 12.162147 2.445192 -2.189617
v 12.162147 2.649919 -2.189617
v 12.167728 2.415794 -3.302531
v 12.162148 2.208868 -3.293897
v 12.162148 2.413594 -3.776924
v 12.162148 2.208868 -3.776924
v 12.071147 2.217920 -3.826839
v 12.071147 2.158953 -3.767872
v 12.071147 2.158953 -3.302949
v 12.071147 2.217920 -3.243983
v 12.071147 2.404542 -3.243983
v 12.071147 2.463509 -3.302949
v 12.071147 2.463509 -3.767872
v 12.071147 2.404542 -3.826839
v 12.156059 2.399584 -3.457132
v 12.097897 2.448836 -3.441902
v 12.167727 1.259214 -1.757396
v 12.162147 1.466141 -1.766029
v 12.162147 1.261414 -1.283003
v 12.162147 1.466141 -1.283003
v 12.071146 1.457089 -1.233088
v 12.071146 1.516055 -1.292055
v 12.071146 1.516055 -1.756978
v 12.071146 1.457089 -1.815945
v 12.071146 1.270466 -1.815945
v 12.071146 1.211500 -1.756978
v 12.071146 1.211500 -1.292055
v 12.071146 1.270466 -1.233088
v 12.156058 1.275424 -1.602796
v 12.097896 1.226173 -1.618025
v 12.071146 2.958415 -1.287633
v 12.071146 3.017381 -1.346600
v 12.071146 3.017381 -1.811522
v 12.071146 2.958415 -1.870490
v 12.071146 2.771792 -1.870490
v 12.071146 2.712826 -1.811522
v 12.071146 2.712826 -1.346600
v 12.071146 2.771792 -1.287633
v 12.162147 2.762740 -1.337548
v 12.162147 2.967467 -1.337548
v 12.162147 2.762740 -1.820575
v 12.162147 2.967467 -1.820575
v 12.071147 2.906921 -3.750775
v 12.071147 2.965887 -3.809741
v 12.071147 2.965887 -4.274663
v 12.071148 2.906921 -4.333631
v 12.071148 2.720298 -4.333631
v 12.071147 2.661332 -4.274663
v 12.071147 2.661332 -3.809741
v 12.071147 2.720298 -3.750775
v 12.162148 2.711246 -3.800688
v 12.162148 2.915973 -3.800688
v 12.162148 2.711246 -4.283716
v 12.162148 2.915973 -4.283716
v 12.071147 2.083013 -3.487714
v 12.071147 2.141979 -3.546681
v 12.071147 2.141979 -4.011604
v 12.071147 2.083013 -4.070570
v 12.071147 1.896390 -4.070570
v 12.071147 1.837424 -4.011604
v 12.071147 1.837424 -3.546681
v 12.071147 1.896390 -3.487714
v 12.162148 1.887338 -3.537629
v 12.162148 2.092065 -3.537629
v 12.162148 1.887338 -4.020655
v 12.162148 2.092065 -4.020655
v 12.071147 2.083013 -3.003370
v 12.071147 2.141979 -3.062336
v 12.071147 2.141979 -3.390678
v 12.071147 2.083013 -3.449645
v 12.071147 1.896390 -3.449645
v 12.071147 1.837424 -3.390678
v 12.071147 1.837424 -3.062336
v 12.071147 1.896390 -3.003370
v 12.162148 1.887338 -3.053284
v 12.162148 2.092065 -3.053284
v 12.162148 1.887338 -3.399729
v 12.162148 2.092065 -3.399729
v 12.071147 1.319182 -3.458972
v 12.071147 1.378148 -3.517938
v 12.071147 1.378148 -3.982862
v 12.071147 1.319182 -4.041828
v 12.071147 1.132559 -4.041828
v 12.071147 1.073593 -3.982862
v 12.071147 1.073593 -3.517938
v 12.071147 1.132559 -3.458972
v 12.162148 1.123507 -3.508887
v 12.162148 1.328234 -3.508887
v 12.162148 1.123507 -3.991913
v 12.162148 1.328234 -3.991913
v 12.071147 0.975887 -3.081348
v 12.071147 1.034853 -3.140315
v 12.071147 1.034853 -3.605237
v 12.071146 0.975887 -3.664203
v 12.071147 0.789264 -3.664203
v 12.071147 0.730298 -3.605237
v 12.071147 0.730298 -3.140315
v 12.071147 0.789264 -3.081348
v 12.162148 0.780212 -3.131262
v 12.162148 0.984939 -3.131262
v 12.162148 0.780212 -3.614289
v 12.162148 0.984939 -3.614289
v 12.071146 1.456500 -1.858360
v 12.071146 1.515466 -1.917326
v 12.071146 1.515466 -2.382248
v 12.071146 1.456500 -2.441216
v 12.071146 1.269877 -2.441216
v 12.071146 1.210911 -2.382248
v 12.071146 1.210911 -1.917326
v 12.071146 1.269877 -1.858360
v 12.162147 1.260825 -1.908275
v 12.162147 1.465552 -1.908275
v 12.162147 1.260825 -2.391301
v 12.162147 1.465552 -2.391301
v 12.071146 1.134661 -1.485027
v 12.071146 1.193627 -1.543993
v 12.071146 1.193627 -2.008915
v 12.071146 1.134661 -2.067883
v 12.071146 0.948038 -2.067883
v 12.071146 0.889072 -2.008915
v 12.071146 0.889072 -1.543993
v 12.071146 0.948038 -1.485027
v 12.162147 0.938986 -1.534941
v 12.162147 1.143713 -1.534941
v 12.162147 0.938986 -2.017968
v 12.162147 1.143713 -2.017968
v 12.082342 3.200000 -4.696063
v 11.582343 3.200000 -4.696063
v 12.082343 3.200000 -0.696063
v 11.582343 3.200000 -0.696063
v 12.332343 4.000000 -0.696063
v 12.332343 4.000000 -4.696063
v 11.332343 4.000000 -4.696063
v 11.332343 4.000000 -0.696063
v 12.332343 3.450000 -0.696063
v 12.332343 3.450000 -4.696063
v 11.332343 3.450000 -4.696063
v 11.332343 3.450000 -0.696063
v 12.332343 4.000000 -3.796063
v 12.332343 4.000000 -3.596062
v 12.261632 4.000000 -3.696063
v 12.332343 4.000000 -1.796062
v 12.332343 4.000000 -1.596063
v 12.261632 4.000000 -1.696063
v 11.332343 4.000000 -1.596063
v 11.332343 4.000000 -1.796062
v 11.403054 4.000000 -1.696063
v 11.332343 4.000000 -3.596062
v 11.332343 4.000000 -3.796063
v 11.403053 4.000000 -3.696063
v 12.332343 3.450000 -1.796062
v 12.332343 3.450000 -1.596063
v 12.261632 3.379289 -1.696063
v 12.332343 3.450000 -3.796063
v 12.332343 3.450000 -3.596062
v 12.261632 3.379289 -3.696063
v 11.332343 3.450000 -3.596062
v 11.332343 3.450000 -3.796063
v 11.403053 3.379289 -3.696063
v 11.332343 3.450000 -1.596063
v 11.332343 3.450000 -1.796062
v 11.403053 3.379289 -1.696063
v 11.482343 4.000000 -3.596062
v 12.182343 4.000000 -3.596062
v 12.182343 3.900000 -3.696063
v 11.482343 3.900000 -3.696063
v 12.182343 4.000000 -3.796063
v 11.482343 4.000000 -3.796063
v 11.482343 4.000000 -1.596063
v 12.182343 4.000000 -1.596063
v 12.182343 3.900000 -1.696063
v 11.482343 3.900000 -1.696063
v 12.182343 4.000000 -1.796062
v 11.482343 4.000000 -1.796062
v 9.898814 0.500000 -6.946063
v 9.898814 0.500000 -6.446063
v 5.898814 0.500000 -6.446063
v 8.988597 0.500000 -6.946063
v 8.988597 0.500000 -6.446063
v 5.898814 0.500000 -6.946063
v 9.898814 3.200000 -6.446063
v 8.988591 1.050000 -6.446063
v 6.898814 1.050000 -6.546062
v 6.809037 1.050000 -6.446063
v 6.809037 1.050000 -6.946063
v 8.988591 1.050000 -6.946063
v 8.898814 1.050000 -6.846062
v 9.898814 3.200000 -6.946063
v 7.243613 2.836203 -6.946188
v 7.374039 2.726505 -6.840951
v 7.092016 2.556798 -6.846062
v 6.985205 2.645241 -6.946063
v 6.922361 2.284115 -6.843908
v 6.835261 2.377667 -6.945962
v 8.964426 2.372304 -6.945995
v 8.877271 2.266844 -6.844121
v 8.705612 2.556798 -6.846062
v 8.812424 2.645241 -6.946063
v 8.426329 2.731555 -6.850029
v 8.530066 2.847944 -6.946312
v 8.554043 2.836240 -6.445905
v 8.423589 2.726505 -6.551174
v 8.705612 2.556798 -6.546062
v 8.812424 2.645241 -6.446063
v 8.881454 2.273162 -6.544366
v 8.962307 2.377828 -6.446157
v 6.833201 2.372303 -6.446130
v 6.914580 2.255316 -6.544597
v 7.092016 2.556798 -6.546062
v 6.985205 2.645241 -6.446063
v 7.371299 2.731555 -6.542096
v 7.267613 2.847888 -6.445862
v 6.898814 1.050000 -6.846062
v 8.898814 1.050000 -6.546063
v 8.988594 0.725000 -6.946063
v 6.809034 0.725000 -6.946063
v 8.988594 0.725000 -6.446063
v 6.809034 0.725000 -6.446063
v 6.909037 1.050000 -7.146062
v 8.888592 1.050000 -6.246063
v 8.888592 1.050000 -7.146062
v 6.909037 1.050000 -6.246063
v 8.888594 0.825000 -6.246063
v 6.909034 0.825000 -6.246063
v 8.888594 0.825000 -7.146062
v 6.909034 0.825000 -7.146062
v 5.898814 -0.000000 -6.196063
v 9.898814 -0.000000 -6.196063
v 9.898814 0.000000 -7.196063
v 5.898814 0.000000 -7.196063
v 5.898814 0.250000 -6.196063
v 9.898814 0.250000 -6.196063
v 9.898814 0.250000 -7.196063
v 5.898814 0.250000 -7.196063
v 5.898815 3.200000 -6.446063
v 6.998814 -0.000000 -6.196063
v 6.798814 -0.000000 -6.196063
v 6.898814 -0.000000 -6.266774
v 8.998814 -0.000000 -6.196063
v 8.798815 -0.000000 -6.196063
v 8.898814 -0.000000 -6.266774
v 8.798815 0.000000 -7.196063
v 8.998814 0.000000 -7.196063
v 8.898814 0.000000 -7.125351
v 6.798814 0.000000 -7.196063
v 6.998814 0.000000 -7.196063
v 6.898814 0.000000 -7.125351
v 6.798814 0.250000 -6.196063
v 6.998814 0.250000 -6.196063
v 6.898814 0.320711 -6.266774
v 8.798815 0.250000 -6.196063
v 8.998814 0.250000 -6.196063
v 8.898814 0.320711 -6.266774
v 8.998814 0.250000 -7.196063
v 8.798815 0.250000 -7.196063
v 8.898814 0.320711 -7.125351
v 6.998814 0.250000 -7.196063
v 6.798814 0.250000 -7.196063
v 6.898814 0.320711 -7.125351
v 6.179992 2.451339 -6.457260
v 6.238959 2.510306 -6.457260
v 6.703883 2.510306 -6.457260
v 6.762848 2.451339 -6.457260
v 6.762848 2.264717 -6.457260
v 6.703882 2.205750 -6.457260
v 6.238959 2.205750 -6.457260
v 6.179992 2.264717 -6.457260
v 6.229908 2.255665 -6.366258
v 6.229908 2.460392 -6.366258
v 6.712934 2.255665 -6.366258
v 6.712934 2.460392 -6.366258
v 9.273549 1.286386 -6.361242
v 9.261910 1.078855 -6.366257
v 9.744938 1.283582 -6.366257
v 9.744938 1.078855 -6.366257
v 9.794852 1.087907 -6.457259
v 9.735886 1.028941 -6.457259
v 9.270962 1.028941 -6.457259
v 9.211996 1.087907 -6.457259
v 9.211996 1.274530 -6.457259
v 9.270962 1.333496 -6.457259
v 9.735885 1.333496 -6.457259
v 9.794852 1.274530 -6.457259
v 9.425145 1.269572 -6.372346
v 9.409914 1.318824 -6.430508
v 6.696095 0.675724 -6.361242
v 6.707735 0.883255 -6.366258
v 6.224708 0.678528 -6.366258
v 6.224708 0.883255 -6.366258
v 6.174793 0.874203 -6.457260
v 6.233759 0.933169 -6.457260
v 6.698682 0.933169 -6.457260
v 6.757649 0.874203 -6.457260
v 6.757649 0.687580 -6.457260
v 6.698682 0.628614 -6.457260
v 6.233759 0.628614 -6.457260
v 6.174793 0.687580 -6.457260
v 6.544499 0.692538 -6.372346
v 6.559730 0.643286 -6.430509
v 6.004051 2.768887 -6.457260
v 6.063017 2.827854 -6.457260
v 6.527940 2.827854 -6.457260
v 6.586906 2.768887 -6.457260
v 6.586906 2.582264 -6.457260
v 6.527940 2.523298 -6.457260
v 6.063017 2.523298 -6.457260
v 6.004051 2.582264 -6.457260
v 6.053966 2.573213 -6.366258
v 6.053966 2.777939 -6.366258
v 6.536993 2.573213 -6.366258
v 6.536993 2.777939 -6.366258
v 9.182389 2.588658 -6.457259
v 9.241356 2.647624 -6.457259
v 9.706278 2.647624 -6.457259
v 9.765245 2.588658 -6.457258
v 9.765245 2.402035 -6.457258
v 9.706278 2.343069 -6.457259
v 9.241356 2.343069 -6.457259
v 9.182389 2.402035 -6.457259
v 9.232305 2.392983 -6.366257
v 9.232305 2.597710 -6.366257
v 9.715331 2.392983 -6.366256
v 9.715331 2.597710 -6.366256
v 9.625931 2.976764 -6.366256
v 9.625931 2.772038 -6.366256
v 9.411108 2.976764 -6.366256
v 9.411108 2.772038 -6.366256
v 9.361195 2.781090 -6.457259
v 9.420160 2.722123 -6.457259
v 9.616879 2.722123 -6.457258
v 9.675845 2.781090 -6.457258
v 9.675845 2.967712 -6.457258
v 9.616879 3.026679 -6.457258
v 9.420160 3.026679 -6.457259
v 9.361195 2.967712 -6.457259
v 9.143030 0.935120 -6.457259
v 9.201996 0.994087 -6.457259
v 9.530338 0.994087 -6.457259
v 9.589304 0.935120 -6.457259
v 9.589304 0.748497 -6.457259
v 9.530338 0.689531 -6.457259
v 9.201996 0.689531 -6.457259
v 9.143030 0.748497 -6.457259
v 9.192944 0.739446 -6.366257
v 9.192945 0.944172 -6.366257
v 9.539391 0.739446 -6.366257
v 9.539391 0.944172 -6.366257
v 9.617636 2.451339 -6.934865
v 9.558669 2.510306 -6.934865
v 9.093746 2.510306 -6.934865
v 9.034781 2.451339 -6.934865
v 9.034781 2.264717 -6.934865
v 9.093746 2.205750 -6.934865
v 9.558669 2.205750 -6.934865
v 9.617636 2.264717 -6.934865
v 9.567721 2.255665 -7.025865
v 9.567721 2.460392 -7.025865
v 9.084696 2.255665 -7.025866
v 9.084695 2.460392 -7.025866
v 6.524079 1.286386 -7.030886
v 6.535718 1.078855 -7.025869
v 6.052691 1.283582 -7.025868
v 6.052691 1.078855 -7.025869
v 6.002776 1.087907 -6.934867
v 6.061743 1.028941 -6.934867
v 6.526666 1.028941 -6.934866
v 6.585632 1.087907 -6.934866
v 6.585632 1.274530 -6.934866
v 6.526666 1.333496 -6.934866
v 6.061743 1.333496 -6.934867
v 6.002776 1.274530 -6.934867
v 6.372484 1.269570 -7.019781
v 6.387714 1.318824 -6.961617
v 9.101534 0.675724 -7.030882
v 9.089894 0.883255 -7.025867
v 9.572922 0.678528 -7.025866
v 9.572922 0.883255 -7.025865
v 9.622835 0.874203 -6.934865
v 9.563869 0.933169 -6.934865
v 9.098947 0.933169 -6.934865
v 9.039980 0.874203 -6.934865
v 9.039979 0.687580 -6.934865
v 9.098948 0.628614 -6.934865
v 9.563869 0.628614 -6.934865
v 9.622835 0.687580 -6.934865
v 9.253128 0.692537 -7.019777
v 9.237898 0.643286 -6.961614
v 9.793578 2.768887 -6.934865
v 9.734612 2.827854 -6.934865
v 9.269690 2.827854 -6.934865
v 9.210722 2.768887 -6.934865
v 9.210722 2.582264 -6.934865
v 9.269690 2.523298 -6.934865
v 9.734612 2.523298 -6.934865
v 9.793578 2.582264 -6.934865
v 9.743663 2.573213 -7.025865
v 9.743663 2.777939 -7.025865
v 9.260636 2.573213 -7.025865
v 9.260636 2.777939 -7.025865
v 6.615240 2.588658 -6.934867
v 6.556273 2.647624 -6.934867
v 6.091351 2.647624 -6.934867
v 6.032383 2.588658 -6.934867
v 6.032383 2.402035 -6.934867
v 6.091350 2.343069 -6.934867
v 6.556273 2.343069 -6.934867
v 6.615240 2.402035 -6.934867
v 6.565324 2.392983 -7.025868
v 6.565324 2.597710 -7.025868
v 6.082298 2.392983 -7.025868
v 6.082298 2.597710 -7.025868
v 6.171698 2.976764 -7.025868
v 6.171698 2.772038 -7.025868
v 6.386520 2.976764 -7.025868
v 6.386520 2.772038 -7.025868
v 6.436435 2.781090 -6.934867
v 6.377469 2.722123 -6.934867
v 6.180749 2.722123 -6.934867
v 6.121784 2.781090 -6.934867
v 6.121784 2.967712 -6.934867
v 6.180749 3.026679 -6.934867
v 6.377469 3.026679 -6.934867
v 6.436435 2.967712 -6.934867
v 6.654598 0.935120 -6.934866
v 6.595632 0.994087 -6.934866
v 6.267291 0.994087 -6.934866
v 6.208324 0.935120 -6.934866
v 6.208324 0.748497 -6.934866
v 6.267290 0.689531 -6.934866
v 6.595632 0.689531 -6.934866
v 6.654598 0.748497 -6.934866
v 6.604684 0.739446 -7.025867
v 6.604684 0.944172 -7.025867
v 6.258238 0.739446 -7.025869
v 6.258238 0.944172 -7.025869
v 6.688094 2.426181 -6.696062
v 9.109538 2.420381 -6.696062
v 6.688093 2.327567 -6.749647
v 9.109538 2.324667 -6.754671
v 6.688093 2.319129 -6.644913
v 9.109538 2.333895 -6.636388
v 9.109538 1.892344 -6.637455
v 6.688093 1.889444 -6.642478
v 9.109538 1.796631 -6.696063
v 6.688093 1.804365 -6.664804
v 6.688093 1.833896 -6.755736
v 9.109538 1.883115 -6.755736
v 6.688093 1.912646 -6.727320
v 6.688093 1.422490 -6.687537
v 9.109538 1.397881 -6.644914
v 9.109538 1.383115 -6.755736
v 6.688093 1.333896 -6.755736
v 9.109538 1.294522 -6.687538
v 6.688093 1.319130 -6.644914
v 7.179750 0.873736 -6.642480
v 7.185999 2.843319 -6.631657
v 7.081142 0.873724 -6.696063
v 7.080820 2.843332 -6.696063
v 7.188184 0.873731 -6.747211
v 7.175861 2.843327 -6.761637
v 7.708313 2.843309 -6.661711
v 7.673426 0.873732 -6.636393
v 7.682811 2.843332 -6.754947
v 7.682650 0.873724 -6.754669
v 7.589316 2.843309 -6.730413
v 7.586943 0.873736 -6.696063
v 7.605547 2.843327 -6.639853
v 8.173426 0.873732 -6.636393
v 8.114817 2.843332 -6.637179
v 8.094674 0.873715 -6.664805
v 8.117878 0.873736 -6.749645
v 8.089316 2.843309 -6.730413
v 8.182811 2.843332 -6.754947
v 8.202954 0.873715 -6.727320
v 8.208312 2.843309 -6.661711
v 8.708312 2.843309 -6.661711
v 8.679750 0.873736 -6.642481
v 8.682811 2.843332 -6.754947
v 8.702954 0.873715 -6.727320
v 8.609444 0.873731 -6.747212
v 8.589316 2.843309 -6.730413
v 8.605547 2.843327 -6.639854
v 8.594674 0.873715 -6.664805
v 6.856021 0.483732 -6.906500
v 6.920583 0.538993 -6.995052
v 7.017513 0.560302 -6.831487
v 7.015061 0.583790 -6.951167
v 7.168990 0.471812 -6.914480
v 7.103680 0.532020 -6.999719
v 7.101117 0.340552 -7.040784
v 7.063972 0.455229 -7.073612
v 6.907691 0.347918 -7.035855
v 6.950812 0.459539 -7.070727
v 7.110785 0.488005 -6.907748
v 7.147528 0.519916 -7.007920
v 7.230627 0.505850 -6.882173
v 7.246703 0.525038 -6.993017
v 7.294339 0.419482 -6.944772
v 7.213874 0.348259 -7.009035
v 7.215132 0.451461 -7.048330
v 7.100431 0.390608 -6.986151
v 6.572439 0.421594 -6.979880
v 6.651041 0.492159 -7.044074
v 6.688270 0.448232 -6.945120
v 6.763636 0.373537 -7.009757
v 6.728447 0.449086 -7.071895
v 6.694384 0.300735 -7.084464
v 6.687932 0.406495 -7.115601
v 6.576218 0.330436 -7.065999
v 6.618802 0.423871 -7.104799
v 8.110458 0.458311 -6.875342
v 8.153984 0.535995 -6.959804
v 8.285141 0.522509 -6.821173
v 8.256180 0.573553 -6.928114
v 8.413651 0.463523 -6.954101
v 8.331362 0.539044 -7.005882
v 8.318392 0.362869 -7.090422
v 8.275631 0.480159 -7.085634
v 8.131007 0.359648 -7.041747
v 8.166006 0.478275 -7.057156
v 8.277552 0.361360 -7.020404
v 8.350857 0.453647 -7.054652
v 8.308928 0.479198 -6.869742
v 8.369212 0.522586 -6.966508
v 8.498924 0.475513 -6.830355
v 8.480366 0.520431 -6.943467
v 8.584973 0.355397 -6.956676
v 8.530707 0.450159 -7.017368
v 8.448157 0.284847 -7.074132
v 8.450666 0.408885 -7.086084
v 7.851306 0.483732 -6.485625
v 7.915868 0.538993 -6.397073
v 8.012798 0.560302 -6.560638
v 8.010346 0.583790 -6.440959
v 8.164276 0.471812 -6.477645
v 8.098965 0.532020 -6.392406
v 8.096402 0.340552 -6.351341
v 8.059258 0.455229 -6.318513
v 7.902977 0.347918 -6.356271
v 7.946097 0.459539 -6.321398
v 9.481465 0.488005 -6.484378
v 9.561793 0.545507 -6.410086
v 9.601307 0.505850 -6.509952
v 9.665019 0.419482 -6.447353
v 9.632886 0.493129 -6.381391
v 9.584555 0.348259 -6.383090
v 9.585812 0.451461 -6.343795
v 9.471111 0.390608 -6.405974
v 9.519445 0.476237 -6.357184
v 7.567724 0.421594 -6.412245
v 7.606277 0.463864 -6.318409
v 7.683555 0.448232 -6.447005
v 7.704189 0.477866 -6.339261
v 7.758921 0.373537 -6.382369
v 7.689670 0.300735 -6.307662
v 7.683217 0.406495 -6.276523
v 7.571504 0.330436 -6.326127
v 9.101035 0.474137 -6.512337
v 9.151613 0.541941 -6.423412
v 9.276611 0.534454 -6.568056
v 9.254332 0.577228 -6.456008
v 9.406841 0.457967 -6.446180
v 9.330519 0.532481 -6.384708
v 9.311751 0.350380 -6.315137
v 9.274889 0.469539 -6.308044
v 9.122753 0.360373 -6.356025
v 9.164319 0.475386 -6.331965
v 9.272837 0.361360 -6.371721
v 9.346142 0.453647 -6.337473
v 9.304213 0.479198 -6.522383
v 9.364497 0.522586 -6.425616
v 9.494209 0.475513 -6.561770
v 9.475651 0.520431 -6.448658
v 9.580258 0.355397 -6.435450
v 9.525992 0.450159 -6.374756
v 9.443443 0.284847 -6.317992
v 9.445951 0.408885 -6.306040
v 5.898815 3.200000 -6.946063
v 5.898814 4.000000 -6.196063
v 9.898814 4.000000 -6.196063
v 9.898814 4.000000 -7.196063
v 5.898814 4.000000 -7.196063
v 5.898814 3.450000 -6.196063
v 9.898814 3.450000 -6.196063
v 9.898814 3.450000 -7.196063
v 5.898815 3.450000 -7.196063
v 8.998815 4.000000 -6.196063
v 8.798815 4.000000 -6.196063
v 8.898814 4.000000 -6.266774
v 6.998814 4.000000 -6.196063
v 6.798814 4.000000 -6.196063
v 6.898814 4.000000 -6.266773
v 6.798814 4.000000 -7.196063
v 6.998814 4.000000 -7.196063
v 6.898814 4.000000 -7.125351
v 8.798815 4.000000 -7.196063
v 8.998815 4.000000 -7.196063
v 8.898814 4.000000 -7.125351
v 6.998814 3.450000 -6.196063
v 6.798814 3.450000 -6.196063
v 6.898815 3.379289 -6.266774
v 8.998815 3.450000 -6.196063
v 8.798814 3.450000 -6.196063
v 8.898814 3.379289 -6.266774
v 8.798814 3.450000 -7.196063
v 8.998815 3.450000 -7.196063
v 8.898814 3.379289 -7.125351
v 6.798814 3.450000 -7.196063
v 6.998815 3.450000 -7.196063
v 6.898815 3.379289 -7.125351
v 8.798815 4.000000 -7.046062
v 8.798815 4.000000 -6.346062
v 8.898814 3.900000 -6.346062
v 8.898814 3.900000 -7.046062
v 8.998815 4.000000 -6.346062
v 8.998815 4.000000 -7.046062
v 6.798814 4.000000 -7.046062
v 6.798814 4.000000 -6.346062
v 6.898814 3.900000 -6.346062
v 6.898815 3.900000 -7.046062
v 6.998814 4.000000 -6.346062
v 6.998814 4.000000 -7.046062
v -6.000000 7.200000 -6.946063
v -3.650000 4.500000 -6.146062
v -6.000000 4.500000 -6.946063
v -3.650000 4.500000 -7.246063
v -3.350925 7.200001 -6.946063
v -3.650000 7.200001 -6.146062
v -4.649075 7.200000 -6.446063
v -4.650000 4.500000 -6.946063
v -4.350000 7.200000 -6.146062
v -2.000000 4.500000 -6.446063
v -4.350000 7.200000 -7.246063
v -3.650000 5.750000 -7.246063
v -3.650000 5.950001 -7.246063
v -3.579288 5.850000 -7.175352
v -4.350000 5.950000 -7.246063
v -4.350000 5.750000 -7.246063
v -4.420712 5.850000 -7.175352
v -3.650000 5.950001 -6.146062
v -3.650000 5.750000 -6.146062
v -3.579288 5.850000 -6.216774
v -4.350000 5.750000 -6.146062
v -4.350000 5.950000 -6.146062
v -4.420712 5.850000 -6.216774
v -3.350000 4.000000 -6.196063
v -3.350000 4.000000 -7.196063
v -3.350000 4.250000 -6.196063
v -3.350000 4.250000 -7.196063
v -3.350000 4.500000 -6.946063
v -3.350000 4.500000 -6.446063
v -6.000000 7.200000 -6.446063
v -3.650000 4.000000 -5.946063
v -3.650000 4.250000 -5.946063
v -3.650000 4.000000 -7.446063
v -3.650000 4.250000 -7.446063
v -6.000000 4.500000 -6.446063
v -3.650000 7.200001 -7.246063
v -3.349999 8.000001 -6.196063
v -3.349999 8.000001 -7.196063
v -3.350925 7.450001 -6.196063
v -3.350925 7.450001 -7.196063
v -3.350925 7.200001 -6.446063
v -6.000000 4.250000 -7.196063
v -6.000000 4.250000 -6.196063
v -3.650000 8.000001 -5.946063
v -3.650000 7.450001 -5.946063
v -3.650000 8.000001 -7.446063
v -6.000000 4.000000 -7.196063
v -3.650000 7.450001 -7.446063
v -6.000000 4.000000 -6.196063
v -4.650000 4.000000 -6.196063
v -4.650000 4.000000 -7.196063
v -4.650000 4.250000 -6.196063
v -4.650000 4.250000 -7.196063
v -4.650000 4.500000 -6.446063
v -4.350000 4.000000 -5.946063
v -4.350000 4.250000 -5.946063
v -2.000000 7.200000 -6.946063
v -4.350000 4.500000 -6.146062
v -4.350000 4.000000 -7.446063
v -4.350000 4.250000 -7.446063
v -4.350000 4.500000 -7.246063
v -4.650000 8.000001 -6.196063
v -4.650000 8.000001 -7.196063
v -4.649075 7.450000 -6.196063
v -4.649075 7.450000 -7.196063
v -4.649075 7.200000 -6.946063
v -4.350000 8.000001 -5.946063
v -2.000000 4.500000 -6.946063
v -4.350000 7.450000 -5.946063
v -2.000000 4.250000 -7.196063
v -2.000000 4.250000 -6.196063
v -2.000000 4.000000 -7.196063
v -2.000000 4.000000 -6.196063
v -4.350000 8.000001 -7.446063
v -4.350000 7.450000 -7.446063
v -4.900002 4.250000 -7.196063
v -5.100000 4.250000 -7.196063
v -5.000002 4.320711 -7.125351
v -5.100000 4.000000 -7.196063
v -4.900002 4.000000 -7.196063
v -5.000002 4.000000 -7.125351
v -4.900002 4.000000 -6.196063
v -5.100000 4.000000 -6.196063
v -5.000002 4.000000 -6.266774
v -5.100000 4.250000 -6.196063
v -4.900002 4.250000 -6.196063
v -5.000002 4.320711 -6.266774
v -3.099999 4.000000 -7.196063
v -2.899999 4.000000 -7.196063
v -2.999999 4.000000 -7.125351
v -2.899999 4.250000 -7.196063
v -3.099999 4.250000 -7.196063
v -2.999999 4.320712 -7.125351
v -3.099999 4.250000 -6.196063
v -2.899999 4.250000 -6.196063
v -2.999999 4.320711 -6.266774
v -2.899999 4.000000 -6.196063
v -3.099999 4.000000 -6.196063
v -2.999999 4.000000 -6.266774
v -5.028961 6.928377 -6.934866
v -5.087927 6.987343 -6.934866
v -5.415535 6.987343 -6.934866
v -5.474503 6.928377 -6.934866
v -5.474503 6.741754 -6.934866
v -5.415535 6.682787 -6.934866
v -5.087927 6.682787 -6.934866
v -5.028961 6.741754 -6.934866
v -5.078875 6.732702 -7.025867
v -5.078875 6.937428 -7.025867
v -5.424587 6.732702 -7.025867
v -5.424587 6.937428 -7.025867
v -2.588325 6.433564 -7.030883
v -2.576685 6.226032 -7.025867
v -3.059711 6.430759 -7.025867
v -3.059711 6.226032 -7.025867
v -3.109627 6.235085 -6.934866
v -3.050660 6.176118 -6.934866
v -2.585737 6.176118 -6.934866
v -2.526771 6.235085 -6.934866
v -2.526771 6.421707 -6.934866
v -2.585737 6.480674 -6.934866
v -3.050660 6.480674 -6.934866
v -3.109627 6.421707 -6.934866
v -2.739919 6.416749 -7.019779
v -2.724689 6.466002 -6.961616
v -3.149179 5.117002 -7.030884
v -3.160817 5.324533 -7.025868
v -2.677791 5.119805 -7.025868
v -2.677791 5.324533 -7.025868
v -2.627876 5.315480 -6.934866
v -2.686842 5.374446 -6.934866
v -3.151765 5.374446 -6.934866
v -3.210732 5.315480 -6.934866
v -3.210732 5.128858 -6.934866
v -3.151765 5.069891 -6.934866
v -2.686842 5.069891 -6.934866
v -2.627876 5.128858 -6.934866
v -2.997582 5.133815 -7.019780
v -3.012813 5.084563 -6.961617
v -5.296066 6.613794 -7.030883
v -5.284426 6.406262 -7.025867
v -5.767450 6.610989 -7.025867
v -5.767450 6.406262 -7.025867
v -5.817366 6.415314 -6.934866
v -5.758398 6.356349 -6.934866
v -5.293476 6.356348 -6.934866
v -5.234510 6.415314 -6.934866
v -5.234510 6.601937 -6.934866
v -5.293476 6.660903 -6.934866
v -5.758398 6.660903 -6.934866
v -5.817366 6.601937 -6.934866
v -5.447660 6.596979 -7.019779
v -5.432428 6.646230 -6.961616
v -5.264977 5.310599 -6.934865
v -5.323942 5.369566 -6.934865
v -5.651552 5.369566 -6.934865
v -5.710518 5.310599 -6.934865
v -5.710518 5.123976 -6.934865
v -5.651552 5.065010 -6.934865
v -5.323942 5.065010 -6.934865
v -5.264977 5.123976 -6.934865
v -5.314890 5.114924 -7.025867
v -5.314890 5.319651 -7.025867
v -5.660604 5.114924 -7.025867
v -5.660604 5.319651 -7.025867
v -4.896645 4.992336 -6.934865
v -4.955610 5.051303 -6.934865
v -5.390505 5.051303 -6.934865
v -5.449471 4.992336 -6.934865
v -5.449471 4.805713 -6.934865
v -5.390505 4.746747 -6.934865
v -4.955610 4.746747 -6.934865
v -4.896645 4.805713 -6.934865
v -4.946558 4.796661 -7.025868
v -4.946558 5.001388 -7.025867
v -5.399557 4.796661 -7.025867
v -5.399557 5.001388 -7.025867
v -2.318356 4.970881 -6.934865
v -2.377323 5.029847 -6.934865
v -2.812216 5.029847 -6.934865
v -2.871183 4.970881 -6.934865
v -2.871183 4.784257 -6.934865
v -2.812216 4.725291 -6.934865
v -2.377323 4.725291 -6.934865
v -2.318356 4.784257 -6.934865
v -2.368271 4.775206 -7.025868
v -2.368271 4.979932 -7.025868
v -2.821268 4.775206 -7.025868
v -2.821268 4.979932 -7.025868
v -2.168165 6.751723 -6.934866
v -2.227131 6.810689 -6.934866
v -2.662024 6.810689 -6.934866
v -2.720991 6.751723 -6.934866
v -2.720991 6.565101 -6.934866
v -2.662024 6.506135 -6.934866
v -2.227131 6.506134 -6.934866
v -2.168165 6.565100 -6.934866
v -2.218079 6.556048 -7.025867
v -2.218079 6.760776 -7.025867
v -2.671077 6.556048 -7.025867
v -2.671077 6.760776 -7.025867
v -2.971039 6.928377 -6.457260
v -2.912071 6.987344 -6.457260
v -2.584463 6.987344 -6.457260
v -2.525496 6.928377 -6.457260
v -2.525496 6.741755 -6.457260
v -2.584463 6.682787 -6.457260
v -2.912071 6.682787 -6.457260
v -2.971039 6.741755 -6.457260
v -2.921124 6.732702 -6.366258
v -2.921124 6.937428 -6.366258
v -2.575411 6.732702 -6.366258
v -2.575411 6.937428 -6.366258
v -5.411676 6.433563 -6.361241
v -5.423315 6.226032 -6.366257
v -4.940289 6.430759 -6.366257
v -4.940289 6.226032 -6.366257
v -4.890373 6.235084 -6.457259
v -4.949339 6.176118 -6.457259
v -5.414263 6.176118 -6.457259
v -5.473228 6.235084 -6.457259
v -5.473228 6.421707 -6.457259
v -5.414265 6.480673 -6.457259
v -4.949339 6.480673 -6.457259
v -4.890373 6.421707 -6.457259
v -5.260080 6.416749 -6.372345
v -5.275311 6.466001 -6.430508
v -4.847816 5.117605 -6.360676
v -4.839182 5.324532 -6.366257
v -5.322208 5.119805 -6.366257
v -5.322208 5.324532 -6.366257
v -5.372124 5.315480 -6.457259
v -5.313156 5.374446 -6.457259
v -4.848234 5.374446 -6.457259
v -4.789268 5.315480 -6.457259
v -4.789268 5.128857 -6.457259
v -4.848234 5.069891 -6.457259
v -5.313156 5.069891 -6.457259
v -5.372124 5.128857 -6.457259
v -5.002417 5.133816 -6.372345
v -4.987186 5.084563 -6.430508
v -2.703936 6.613794 -6.361243
v -2.715574 6.406262 -6.366258
v -2.232549 6.610990 -6.366258
v -2.232549 6.406262 -6.366258
v -2.182633 6.415314 -6.457260
v -2.241600 6.356348 -6.457260
v -2.706523 6.356349 -6.457260
v -2.765490 6.415315 -6.457259
v -2.765490 6.601937 -6.457259
v -2.706523 6.660903 -6.457260
v -2.241600 6.660903 -6.457260
v -2.182633 6.601937 -6.457260
v -2.552341 6.596980 -6.372347
v -2.567571 6.646231 -6.430509
v -2.735023 5.310599 -6.457260
v -2.676057 5.369566 -6.457260
v -2.348448 5.369566 -6.457260
v -2.289482 5.310599 -6.457260
v -2.289482 5.123976 -6.457260
v -2.348448 5.065010 -6.457260
v -2.676057 5.065010 -6.457260
v -2.735023 5.123976 -6.457260
v -2.685109 5.114924 -6.366258
v -2.685109 5.319652 -6.366258
v -2.339396 5.114924 -6.366258
v -2.339396 5.319652 -6.366258
v -3.103355 4.992336 -6.457260
v -3.044389 5.051303 -6.457260
v -2.609495 5.051303 -6.457260
v -2.550529 4.992336 -6.457260
v -2.550529 4.805713 -6.457260
v -2.609495 4.746747 -6.457260
v -3.044389 4.746747 -6.457260
v -3.103355 4.805714 -6.457260
v -3.053441 4.796661 -6.366258
v -3.053441 5.001389 -6.366258
v -2.600443 4.796661 -6.366258
v -2.600443 5.001389 -6.366258
v -5.681644 4.970880 -6.457259
v -5.622677 5.029847 -6.457259
v -5.187784 5.029847 -6.457259
v -5.128817 4.970880 -6.457259
v -5.128817 4.784257 -6.457259
v -5.187784 4.725291 -6.457259
v -5.622677 4.725291 -6.457259
v -5.681644 4.784257 -6.457259
v -5.631729 4.775205 -6.366257
v -5.631729 4.979932 -6.366257
v -5.178732 4.775205 -6.366257
v -5.178732 4.979932 -6.366257
v -5.831835 6.751723 -6.457259
v -5.772869 6.810689 -6.457259
v -5.337975 6.810689 -6.457259
v -5.279009 6.751723 -6.457259
v -5.279009 6.565100 -6.457259
v -5.337975 6.506134 -6.457259
v -5.772869 6.506135 -6.457259
v -5.831835 6.565100 -6.457259
v -5.781921 6.556048 -6.366257
v -5.781921 6.760775 -6.366257
v -5.328922 6.556048 -6.366257
v -5.328922 6.760775 -6.366257
v -2.000000 7.200000 -6.446063
v -6.000000 8.000001 -6.196063
v -2.000000 8.000000 -6.196063
v -2.000000 8.000000 -7.196063
v -6.000000 8.000001 -7.196063
v -6.000000 7.450000 -6.196063
v -2.000000 7.450000 -6.196063
v -2.000000 7.450000 -7.196063
v -6.000000 7.450000 -7.196063
v -2.900000 8.000001 -6.196063
v -3.099999 8.000001 -6.196063
v -3.000000 8.000001 -6.266774
v -4.900000 8.000001 -6.196063
v -5.100000 8.000001 -6.196063
v -5.000000 8.000001 -6.266773
v -5.100000 8.000001 -7.196063
v -4.900000 8.000001 -7.196063
v -5.000000 8.000001 -7.125351
v -3.099999 8.000001 -7.196063
v -2.900000 8.000001 -7.196063
v -3.000000 8.000001 -7.125351
v -4.900000 7.450000 -6.196063
v -5.100000 7.450000 -6.196063
v -5.000000 7.379289 -6.266774
v -2.900000 7.450001 -6.196063
v -3.099999 7.450001 -6.196063
v -3.000000 7.379290 -6.266774
v -3.099999 7.450001 -7.196063
v -2.900000 7.450001 -7.196063
v -3.000000 7.379290 -7.125351
v -5.100000 7.450000 -7.196063
v -4.900000 7.450000 -7.196063
v -5.000000 7.379289 -7.125351
v -3.099999 8.000001 -7.046062
v -3.099999 8.000001 -6.346062
v -3.000000 7.900001 -6.346062
v -3.000000 7.900001 -7.046062
v -2.900000 8.000001 -6.346062
v -2.900000 8.000001 -7.046062
v -5.100000 8.000001 -7.046062
v -5.100000 8.000001 -6.346062
v -5.000000 7.900000 -6.346062
v -5.000000 7.900000 -7.046062
v -4.900000 8.000001 -6.346062
v -4.900000 8.000001 -7.046062
v -1.999510 4.500000 -6.946063
v -1.999510 4.500000 -6.446063
v -1.999510 4.000000 -6.196063
v 2.000490 4.000000 -6.196062
v 2.000490 4.000000 -7.196062
v -1.999510 4.000000 -7.196063
v -1.999510 4.250000 -6.196063
v 2.000490 4.250000 -6.196062
v 2.000490 4.250000 -7.196062
v -1.999510 4.250000 -7.196063
v 2.000490 4.500000 -6.946062
v 2.000490 4.500000 -6.446062
v -0.899509 4.000000 -6.196063
v -1.099510 4.000000 -6.196063
v -0.999510 4.000000 -6.266774
v 1.100491 4.000000 -6.196062
v 0.900490 4.000000 -6.196063
v 1.000490 4.000000 -6.266773
v 0.900490 4.000000 -7.196063
v 1.100491 4.000000 -7.196062
v 1.000490 4.000000 -7.125350
v -1.099510 4.000000 -7.196063
v -0.899509 4.000000 -7.196063
v -0.999510 4.000000 -7.125351
v -1.099510 4.250000 -6.196063
v -0.899509 4.250000 -6.196063
v -0.999510 4.320711 -6.266774
v 0.900490 4.250000 -6.196063
v 1.100491 4.250000 -6.196062
v 1.000490 4.320711 -6.266773
v 1.100491 4.250000 -7.196062
v 0.900490 4.250000 -7.196063
v 1.000490 4.320711 -7.125350
v -0.899509 4.250000 -7.196063
v -1.099510 4.250000 -7.196063
v -0.999510 4.320711 -7.125351
v 1.039877 6.640867 -6.934865
v 0.980911 6.699834 -6.934865
v 0.515988 6.699834 -6.934865
v 0.457022 6.640867 -6.934865
v 0.457022 6.454244 -6.934865
v 0.515988 6.395278 -6.934865
v 0.980911 6.395278 -6.934865
v 1.039877 6.454244 -6.934865
v 0.989964 6.445192 -7.025865
v 0.989964 6.649919 -7.025865
v 0.506936 6.445192 -7.025866
v 0.506936 6.649919 -7.025866
v -0.608984 6.416399 -7.030883
v -0.597344 6.208868 -7.025867
v -1.080372 6.413594 -7.025867
v -1.080372 6.208868 -7.025867
v -1.130285 6.217920 -6.934866
v -1.071320 6.158953 -6.934866
v -0.606397 6.158953 -6.934866
v -0.547430 6.217920 -6.934866
v -0.547430 6.404542 -6.934866
v -0.606397 6.463509 -6.934866
v -1.071321 6.463510 -6.934866
v -1.130285 6.404542 -6.934866
v -0.760579 6.399585 -7.019779
v -0.745349 6.448836 -6.961616
v 0.942161 5.258610 -7.030881
v 0.930522 5.466141 -7.025865
v 1.413549 5.261414 -7.025866
v 1.413549 5.466141 -7.025865
v 1.463465 5.457089 -6.934865
v 1.404497 5.516055 -6.934865
v 0.939575 5.516055 -6.934865
v 0.880609 5.457089 -6.934865
v 0.880609 5.270466 -6.934865
v 0.939575 5.211500 -6.934865
v 1.404497 5.211500 -6.934865
v 1.463465 5.270466 -6.934865
v 1.093757 5.275424 -7.019777
v 1.078527 5.226173 -6.961614
v 1.408919 6.958415 -6.934865
v 1.349954 7.017381 -6.934865
v 0.885031 7.017381 -6.934865
v 0.826063 6.958415 -6.934865
v 0.826063 6.771792 -6.934865
v 0.885031 6.712826 -6.934865
v 1.349954 6.712826 -6.934865
v 1.408919 6.771792 -6.934865
v 1.359005 6.762740 -7.025865
v 1.359005 6.967467 -7.025865
v 0.875978 6.762740 -7.025866
v 0.875978 6.967467 -7.025866
v -1.054222 6.906921 -6.934866
v -1.113188 6.965887 -6.934866
v -1.578111 6.965887 -6.934866
v -1.637077 6.906921 -6.934866
v -1.637077 6.720298 -6.934866
v -1.578111 6.661332 -6.934866
v -1.113188 6.661332 -6.934866
v -1.054222 6.720298 -6.934866
v -1.104136 6.711246 -7.025867
v -1.104136 6.915973 -7.025867
v -1.587163 6.711246 -7.025867
v -1.587163 6.915973 -7.025867
v -0.791162 6.083013 -6.934866
v -0.850127 6.141979 -6.934866
v -1.315051 6.141979 -6.934866
v -1.374018 6.083013 -6.934866
v -1.374018 5.896390 -6.934866
v -1.315051 5.837424 -6.934866
v -0.850128 5.837424 -6.934866
v -0.791162 5.896390 -6.934866
v -0.841076 5.887338 -7.025867
v -0.841076 6.092065 -7.025867
v -1.324102 5.887338 -7.025867
v -1.324102 6.092065 -7.025867
v -0.306817 6.083013 -6.934866
v -0.365784 6.141979 -6.934866
v -0.694124 6.141979 -6.934866
v -0.753092 6.083013 -6.934866
v -0.753092 5.896390 -6.934866
v -0.694124 5.837424 -6.934866
v -0.365784 5.837424 -6.934866
v -0.306817 5.896390 -6.934866
v -0.356731 5.887338 -7.025867
v -0.356731 6.092065 -7.025867
v -0.703176 5.887338 -7.025867
v -0.703176 6.092065 -7.025867
v -0.762420 5.319182 -6.934866
v -0.821385 5.378148 -6.934866
v -1.286308 5.378148 -6.934866
v -1.345275 5.319182 -6.934866
v -1.345275 5.132559 -6.934866
v -1.286308 5.073593 -6.934866
v -0.821385 5.073593 -6.934866
v -0.762420 5.132559 -6.934866
v -0.812334 5.123507 -7.025867
v -0.812334 5.328234 -7.025867
v -1.295361 5.123507 -7.025867
v -1.295361 5.328234 -7.025867
v -0.384795 4.975887 -6.934865
v -0.443762 5.034853 -6.934865
v -0.908685 5.034853 -6.934865
v -0.967650 4.975887 -6.934865
v -0.967650 4.789264 -6.934865
v -0.908685 4.730298 -6.934865
v -0.443762 4.730298 -6.934865
v -0.384795 4.789264 -6.934865
v -0.434710 4.780212 -7.025868
v -0.434710 4.984939 -7.025868
v -0.917737 4.780212 -7.025868
v -0.917737 4.984939 -7.025867
v 0.838193 5.456500 -6.934865
v 0.779226 5.515466 -6.934865
v 0.314303 5.515466 -6.934865
v 0.255338 5.456500 -6.934865
v 0.255338 5.269877 -6.934865
v 0.314303 5.210911 -6.934865
v 0.779226 5.210911 -6.934865
v 0.838193 5.269877 -6.934865
v 0.788279 5.260825 -7.025866
v 0.788279 5.465552 -7.025866
v 0.305251 5.260825 -7.025866
v 0.305251 5.465552 -7.025866
v 1.211526 5.134661 -6.934865
v 1.152560 5.193627 -6.934865
v 0.687637 5.193627 -6.934865
v 0.628671 5.134661 -6.934865
v 0.628671 4.948038 -6.934865
v 0.687637 4.889072 -6.934865
v 1.152560 4.889072 -6.934865
v 1.211526 4.948038 -6.934865
v 1.161612 4.938986 -7.025866
v 1.161612 5.143713 -7.025866
v 0.678585 4.938986 -7.025867
v 0.678585 5.143713 -7.025866
v -1.038897 6.640867 -6.457260
v -0.979931 6.699834 -6.457260
v -0.515008 6.699834 -6.457260
v -0.456040 6.640867 -6.457260
v -0.456040 6.454244 -6.457260
v -0.515008 6.395278 -6.457260
v -0.979931 6.395278 -6.457260
v -1.038897 6.454244 -6.457260
v -0.988982 6.445192 -6.366258
v -0.988982 6.649919 -6.366258
v -0.505956 6.445192 -6.366258
v -0.505956 6.649919 -6.366258
v 0.609964 6.416399 -6.361241
v 0.598326 6.208868 -6.366257
v 1.081351 6.413594 -6.366256
v 1.081351 6.208868 -6.366256
v 1.131267 6.217920 -6.457258
v 1.072300 6.158953 -6.457258
v 0.607377 6.158953 -6.457259
v 0.548410 6.217920 -6.457259
v 0.548410 6.404542 -6.457259
v 0.607377 6.463510 -6.457259
v 1.072300 6.463509 -6.457258
v 1.131267 6.404542 -6.457258
v 0.761559 6.399584 -6.372345
v 0.746329 6.448836 -6.430508
v -0.938176 5.259213 -6.360678
v -0.929543 5.466141 -6.366258
v -1.412569 5.261414 -6.366258
v -1.412569 5.466141 -6.366258
v -1.462483 5.457089 -6.457260
v -1.403518 5.516055 -6.457260
v -0.938595 5.516055 -6.457260
v -0.879627 5.457089 -6.457260
v -0.879627 5.270466 -6.457260
v -0.938595 5.211500 -6.457260
v -1.403518 5.211501 -6.457260
v -1.462483 5.270466 -6.457260
v -1.092777 5.275424 -6.372347
v -1.077547 5.226173 -6.430509
v -1.407939 6.958415 -6.457260
v -1.348972 7.017381 -6.457260
v -0.884049 7.017381 -6.457260
v -0.825083 6.958415 -6.457260
v -0.825083 6.771792 -6.457260
v -0.884049 6.712826 -6.457260
v -1.348972 6.712826 -6.457260
v -1.407939 6.771792 -6.457260
v -1.358025 6.762740 -6.366258
v -1.358025 6.967467 -6.366258
v -0.874998 6.762740 -6.366258
v -0.874997 6.967467 -6.366258
v 1.055202 6.906921 -6.457258
v 1.114168 6.965887 -6.457258
v 1.579091 6.965887 -6.457258
v 1.638059 6.906920 -6.457257
v 1.638059 6.720298 -6.457257
v 1.579091 6.661332 -6.457258
v 1.114168 6.661332 -6.457258
v 1.055202 6.720298 -6.457258
v 1.105117 6.711246 -6.366256
v 1.105117 6.915973 -6.366256
v 1.588143 6.711246 -6.366255
v 1.588143 6.915973 -6.366255
v 0.792143 6.083013 -6.457259
v 0.851109 6.141979 -6.457259
v 1.316031 6.141979 -6.457258
v 1.374997 6.083013 -6.457258
v 1.374997 5.896390 -6.457258
v 1.316031 5.837424 -6.457258
v 0.851109 5.837424 -6.457259
v 0.792142 5.896390 -6.457259
v 0.842056 5.887338 -6.366257
v 0.842056 6.092065 -6.366257
v 1.325083 5.887338 -6.366256
v 1.325083 6.092065 -6.366256
v 0.307797 6.083013 -6.457259
v 0.366764 6.141979 -6.457259
v 0.695106 6.141979 -6.457259
v 0.754072 6.083013 -6.457259
v 0.754072 5.896390 -6.457259
v 0.695106 5.837424 -6.457259
v 0.366764 5.837424 -6.457259
v 0.307797 5.896390 -6.457259
v 0.357713 5.887338 -6.366257
v 0.357713 6.092065 -6.366257
v 0.704157 5.887338 -6.366257
v 0.704157 6.092065 -6.366257
v 0.763400 5.319182 -6.457259
v 0.822367 5.378148 -6.457259
v 1.287290 5.378148 -6.457258
v 1.346255 5.319182 -6.457258
v 1.346255 5.132559 -6.457258
v 1.287290 5.073593 -6.457258
v 0.822367 5.073593 -6.457259
v 0.763400 5.132559 -6.457259
v 0.813314 5.123507 -6.366257
v 0.813314 5.328234 -6.366257
v 1.296341 5.123507 -6.366256
v 1.296341 5.328234 -6.366256
v 0.385776 4.975887 -6.457259
v 0.444742 5.034853 -6.457259
v 0.909664 5.034853 -6.457259
v 0.968632 4.975887 -6.457258
v 0.968632 4.789264 -6.457258
v 0.909664 4.730298 -6.457259
v 0.444742 4.730298 -6.457259
v 0.385776 4.789264 -6.457259
v 0.435690 4.780212 -6.366257
v 0.435690 4.984939 -6.366257
v 0.918716 4.780212 -6.366256
v 0.918716 4.984939 -6.366256
v -0.837213 5.456500 -6.457260
v -0.778246 5.515466 -6.457260
v -0.313324 5.515466 -6.457260
v -0.254356 5.456500 -6.457260
v -0.254356 5.269877 -6.457260
v -0.313324 5.210911 -6.457260
v -0.778246 5.210911 -6.457260
v -0.837213 5.269877 -6.457260
v -0.787297 5.260825 -6.366258
v -0.787297 5.465552 -6.366258
v -0.304272 5.260825 -6.366258
v -0.304272 5.465552 -6.366258
v -1.210546 5.134661 -6.457260
v -1.151580 5.193627 -6.457260
v -0.686657 5.193627 -6.457260
v -0.627689 5.134661 -6.457260
v -0.627689 4.948038 -6.457260
v -0.686657 4.889072 -6.457260
v -1.151580 4.889072 -6.457260
v -1.210546 4.948038 -6.457260
v -1.160631 4.938986 -6.366258
v -1.160631 5.143713 -6.366258
v -0.677605 4.938986 -6.366258
v -0.677605 5.143713 -6.366258
v 2.000490 7.200000 -6.446062
v 2.000490 7.200000 -6.946062
v -1.999510 7.200000 -6.446063
v -1.999510 7.200000 -6.946063
v -1.999510 8.000000 -6.196063
v 2.000490 8.000000 -6.196062
v 2.000490 8.000000 -7.196062
v -1.999510 8.000000 -7.196063
v -1.999510 7.450000 -6.196063
v 2.000490 7.450000 -6.196062
v 2.000490 7.450000 -7.196062
v -1.999510 7.450000 -7.196063
v 1.100491 8.000000 -6.196062
v 0.900491 8.000000 -6.196063
v 1.000490 8.000000 -6.266773
v -0.899509 8.000000 -6.196063
v -1.099509 8.000000 -6.196063
v -0.999510 8.000000 -6.266773
v -1.099509 8.000000 -7.196063
v -0.899509 8.000000 -7.196063
v -0.999510 8.000000 -7.125351
v 0.900491 8.000000 -7.196063
v 1.100491 8.000000 -7.196062
v 1.000490 8.000000 -7.125350
v -0.899509 7.450000 -6.196063
v -1.099509 7.450000 -6.196063
v -0.999510 7.379289 -6.266774
v 1.100491 7.450000 -6.196062
v 0.900491 7.450000 -6.196063
v 1.000490 7.379289 -6.266773
v 0.900491 7.450000 -7.196063
v 1.100491 7.450000 -7.196062
v 1.000490 7.379289 -7.125350
v -1.099509 7.450000 -7.196063
v -0.899509 7.450000 -7.196063
v -0.999510 7.379289 -7.125351
v 0.900491 8.000000 -7.046062
v 0.900491 8.000000 -6.346062
v 1.000490 7.900000 -6.346061
v 1.000490 7.900000 -7.046061
v 1.100491 8.000000 -6.346061
v 1.100491 8.000000 -7.046061
v -1.099509 8.000000 -7.046062
v -1.099509 8.000000 -6.346062
v -0.999510 7.900000 -6.346062
v -0.999510 7.900000 -7.046062
v -0.899509 8.000000 -6.346062
v -0.899509 8.000000 -7.046062
v -7.395807 6.605208 -6.446063
v -8.801569 5.026126 -6.946063
v -8.801569 5.026126 -6.446063
v -7.395807 6.605209 -6.946063
v -9.240711 6.284338 -6.946063
v -9.240711 6.284338 -6.446063
v -10.000000 4.500000 -6.946063
v -6.000000 7.200000 -6.946063
v -7.544153 5.087179 -6.946063
v -7.143349 5.660423 -6.946063
v -8.696028 5.188710 -6.696062
v -7.143349 5.660423 -6.446063
v -7.544153 5.087179 -6.446063
v -9.056126 6.166085 -6.701204
v -7.494066 6.378463 -6.746268
v -7.494066 6.549000 -6.645856
v -7.323019 5.692104 -6.645857
v -7.323019 5.692104 -6.746269
v -7.834124 5.244855 -6.703431
v -7.515911 5.446048 -6.698301
v -7.580715 5.153383 -6.835519
v -7.580715 5.153383 -6.556606
v -8.476460 6.225169 -6.946063
v -8.476460 6.225169 -6.446063
v -8.489243 6.063369 -6.746268
v -8.467182 6.145734 -6.645856
v -8.260345 5.081261 -6.746268
v -8.260345 5.081261 -6.645856
v -8.085960 6.784021 -6.796490
v -8.085960 6.784021 -6.595633
v -7.917746 6.968946 -6.946063
v -7.853666 6.672146 -6.946063
v -8.451664 6.432698 -6.946063
v -8.744200 7.019100 -6.946063
v -8.744200 7.019099 -6.446063
v -8.451664 6.432697 -6.446063
v -7.853666 6.672145 -6.446063
v -7.917747 6.968946 -6.446063
v -8.377131 6.686768 -6.605104
v -8.377131 6.686768 -6.787019
v -8.585449 6.895729 -6.800053
v -8.585449 6.895729 -6.592071
v -10.000000 4.000000 -6.196063
v -6.000000 4.000000 -6.196063
v -6.000000 4.000000 -7.196063
v -10.000000 4.000000 -7.196063
v -10.000000 4.250000 -6.196063
v -6.000000 4.250000 -6.196063
v -6.000000 4.250000 -7.196063
v -10.000000 4.250000 -7.196063
v -6.000000 7.200000 -6.446063
v -6.000000 4.500000 -6.946063
v -6.000000 4.500000 -6.446063
v -10.000000 4.500000 -6.446063
v -10.000000 7.200000 -6.446063
v -8.900000 4.000000 -6.196063
v -9.100000 4.000000 -6.196063
v -9.000000 4.000000 -6.266774
v -6.900000 4.000000 -6.196063
v -7.100000 4.000000 -6.196063
v -7.000000 4.000000 -6.266774
v -7.100000 4.000000 -7.196063
v -6.900000 4.000000 -7.196063
v -7.000000 4.000000 -7.125351
v -9.100000 4.000000 -7.196063
v -8.900000 4.000000 -7.196063
v -9.000000 4.000000 -7.125351
v -9.100000 4.250000 -6.196063
v -8.900000 4.250000 -6.196063
v -9.000000 4.320711 -6.266774
v -7.100000 4.250000 -6.196063
v -6.900000 4.250000 -6.196063
v -7.000000 4.320711 -6.266774
v -6.900000 4.250000 -7.196063
v -7.100000 4.250000 -7.196063
v -7.000000 4.320711 -7.125351
v -8.900000 4.250000 -7.196063
v -9.100000 4.250000 -7.196063
v -9.000000 4.320711 -7.125351
v -9.028961 6.928377 -6.934866
v -9.087927 6.987343 -6.934866
v -9.415535 6.987343 -6.934866
v -9.474503 6.928377 -6.934866
v -9.474503 6.741754 -6.934866
v -9.415535 6.682787 -6.934866
v -9.087927 6.682787 -6.934866
v -9.028961 6.741754 -6.934866
v -9.078875 6.732702 -7.025867
v -9.078875 6.937428 -7.025867
v -9.424587 6.732702 -7.025867
v -9.424587 6.937428 -7.025867
v -6.588326 6.433563 -7.030883
v -6.576685 6.226032 -7.025867
v -7.059711 6.430759 -7.025867
v -7.059711 6.226032 -7.025867
v -7.109627 6.235084 -6.934866
v -7.050659 6.176118 -6.934866
v -6.585737 6.176118 -6.934866
v -6.526772 6.235084 -6.934866
v -6.526772 6.421707 -6.934866
v -6.585737 6.480673 -6.934866
v -7.050659 6.480673 -6.934866
v -7.109627 6.421707 -6.934866
v -6.739922 6.416749 -7.019779
v -6.724689 6.466001 -6.961616
v -7.149178 5.117001 -7.030884
v -7.160816 5.324532 -7.025868
v -6.677792 5.119805 -7.025868
v -6.677792 5.324532 -7.025868
v -6.627876 5.315480 -6.934866
v -6.686842 5.374446 -6.934866
v -7.151766 5.374446 -6.934866
v -7.210732 5.315480 -6.934866
v -7.210732 5.128857 -6.934866
v -7.151766 5.069891 -6.934866
v -6.686842 5.069891 -6.934866
v -6.627876 5.128857 -6.934866
v -6.997583 5.133815 -7.019780
v -7.012814 5.084563 -6.961617
v -9.296066 6.613794 -7.030883
v -9.284426 6.406262 -7.025867
v -9.767450 6.610989 -7.025867
v -9.767450 6.406262 -7.025867
v -9.817366 6.415314 -6.934866
v -9.758398 6.356349 -6.934866
v -9.293476 6.356348 -6.934866
v -9.234510 6.415314 -6.934866
v -9.234510 6.601937 -6.934866
v -9.293476 6.660903 -6.934866
v -9.758398 6.660903 -6.934866
v -9.817366 6.601937 -6.934866
v -9.447660 6.596979 -7.019779
v -9.432428 6.646230 -6.961616
v -9.264977 5.310599 -6.934865
v -9.323942 5.369566 -6.934865
v -9.651552 5.369566 -6.934865
v -9.710518 5.310599 -6.934865
v -9.710518 5.123976 -6.934865
v -9.651552 5.065010 -6.934865
v -9.323942 5.065010 -6.934865
v -9.264977 5.123976 -6.934865
v -9.314890 5.114924 -7.025867
v -9.314890 5.319651 -7.025867
v -9.660604 5.114924 -7.025867
v -9.660604 5.319651 -7.025867
v -8.896645 4.992336 -6.934865
v -8.955610 5.051303 -6.934865
v -9.390505 5.051303 -6.934865
v -9.449471 4.992336 -6.934865
v -9.449471 4.805713 -6.934865
v -9.390505 4.746747 -6.934865
v -8.955610 4.746747 -6.934865
v -8.896645 4.805713 -6.934865
v -8.946558 4.796661 -7.025868
v -8.946558 5.001388 -7.025867
v -9.399557 4.796661 -7.025867
v -9.399557 5.001388 -7.025867
v -6.318356 4.970880 -6.934865
v -6.377323 5.029847 -6.934865
v -6.812216 5.029847 -6.934865
v -6.871183 4.970880 -6.934865
v -6.871183 4.784257 -6.934865
v -6.812216 4.725291 -6.934865
v -6.377323 4.725291 -6.934865
v -6.318356 4.784257 -6.934865
v -6.368271 4.775205 -7.025868
v -6.368271 4.979932 -7.025868
v -6.821268 4.775205 -7.025868
v -6.821268 4.979932 -7.025868
v -6.168165 6.751723 -6.934866
v -6.227131 6.810688 -6.934866
v -6.662025 6.810689 -6.934866
v -6.720991 6.751723 -6.934866
v -6.720991 6.565100 -6.934866
v -6.662025 6.506134 -6.934866
v -6.227131 6.506134 -6.934866
v -6.168165 6.565100 -6.934866
v -6.218079 6.556048 -7.025867
v -6.218079 6.760775 -7.025867
v -6.671076 6.556048 -7.025867
v -6.671076 6.760775 -7.025867
v -7.128382 6.924801 -6.457260
v -7.069416 6.983767 -6.457260
v -6.741806 6.983767 -6.457260
v -6.682840 6.924801 -6.457260
v -6.682840 6.738178 -6.457260
v -6.741806 6.679211 -6.457260
v -7.069416 6.679211 -6.457260
v -7.128382 6.738178 -6.457260
v -7.078468 6.729126 -6.366258
v -7.078468 6.933852 -6.366258
v -6.732756 6.729126 -6.366258
v -6.732756 6.933852 -6.366258
v -9.586899 6.894866 -6.361241
v -9.598537 6.687335 -6.366257
v -9.151278 6.892062 -6.366257
v -9.151278 6.687335 -6.366257
v -9.101362 6.696387 -6.457259
v -9.160330 6.637421 -6.457259
v -9.589485 6.637421 -6.457259
v -9.648453 6.696387 -6.457259
v -9.648453 6.883010 -6.457259
v -9.589485 6.941976 -6.457259
v -9.160330 6.941976 -6.457259
v -9.101362 6.883010 -6.457259
v -9.435303 6.878051 -6.372345
v -9.450533 6.927304 -6.430508
v -9.362188 5.142033 -6.361241
v -9.350550 5.349564 -6.366257
v -9.833576 5.144837 -6.366257
v -9.833576 5.349564 -6.366257
v -9.883490 5.340512 -6.457259
v -9.824524 5.399478 -6.457259
v -9.359600 5.399478 -6.457259
v -9.300634 5.340512 -6.457259
v -9.300634 5.153889 -6.457259
v -9.359602 5.094923 -6.457259
v -9.824524 5.094923 -6.457259
v -9.883490 5.153889 -6.457259
v -9.513786 5.158848 -6.372345
v -9.498552 5.109595 -6.430508
v -6.861280 6.610218 -6.361243
v -6.872919 6.402686 -6.366258
v -6.389893 6.607413 -6.366258
v -6.389893 6.402686 -6.366258
v -6.339977 6.411738 -6.457260
v -6.398943 6.352772 -6.457260
v -6.863867 6.352772 -6.457260
v -6.922832 6.411738 -6.457259
v -6.922832 6.598361 -6.457259
v -6.863867 6.657327 -6.457260
v -6.398943 6.657327 -6.457260
v -6.339977 6.598361 -6.457260
v -6.709684 6.593403 -6.372347
v -6.724915 6.642654 -6.430509
v -7.017527 5.435759 -6.457260
v -6.958559 5.494725 -6.457260
v -6.630951 5.494725 -6.457260
v -6.571985 5.435759 -6.457260
v -6.571985 5.249136 -6.457260
v -6.630951 5.190170 -6.457260
v -6.958559 5.190170 -6.457260
v -7.017527 5.249136 -6.457260
v -6.967611 5.240084 -6.366258
v -6.967611 5.444811 -6.366258
v -6.621899 5.240084 -6.366258
v -6.621899 5.444811 -6.366258
v -7.342947 5.096040 -6.457260
v -7.283979 5.155006 -6.457260
v -6.849087 5.155006 -6.457260
v -6.790119 5.096040 -6.457260
v -6.790119 4.909417 -6.457260
v -6.849087 4.850451 -6.457260
v -7.283979 4.850451 -6.457260
v -7.342947 4.909417 -6.457260
v -7.293032 4.900365 -6.366258
v -7.293032 5.105092 -6.366258
v -6.840034 4.900365 -6.366258
v -6.840034 5.105092 -6.366258
v -9.570787 4.995912 -6.457259
v -9.511822 5.054879 -6.457259
v -9.076927 5.054879 -6.457259
v -9.017962 4.995912 -6.457259
v -9.017962 4.809289 -6.457259
v -9.076927 4.750323 -6.457259
v -9.511822 4.750323 -6.457259
v -9.570787 4.809289 -6.457259
v -9.520874 4.800237 -6.366257
v -9.520874 5.004964 -6.366257
v -9.067877 4.800237 -6.366257
v -9.067877 5.004964 -6.366257
v -6.713568 5.096040 -6.457260
v -6.654600 5.155006 -6.457260
v -6.377056 5.155006 -6.457260
v -6.318090 5.096040 -6.457260
v -6.318090 4.909417 -6.457260
v -6.377056 4.850451 -6.457260
v -6.654600 4.850451 -6.457260
v -6.713568 4.909417 -6.457260
v -6.663652 4.900365 -6.366258
v -6.663652 5.105092 -6.366258
v -6.368004 4.900365 -6.366258
v -6.368004 5.105092 -6.366258
v -9.060066 4.483732 -6.485624
v -8.995504 4.538993 -6.397073
v -8.898575 4.560302 -6.560638
v -8.901026 4.583790 -6.440958
v -8.747095 4.471812 -6.477645
v -8.812407 4.532020 -6.392405
v -8.814968 4.340552 -6.351341
v -8.852114 4.455229 -6.318513
v -9.008394 4.347918 -6.356270
v -8.965275 4.459539 -6.321398
v -8.805302 4.488005 -6.484377
v -8.769337 4.519053 -6.385277
v -8.685459 4.505850 -6.509951
v -8.669384 4.525037 -6.399107
v -8.621748 4.419482 -6.447353
v -8.702213 4.348259 -6.383090
v -8.700954 4.451461 -6.343795
v -8.815657 4.390608 -6.405974
v -9.343649 4.421594 -6.412244
v -9.305096 4.463864 -6.318408
v -9.227818 4.448232 -6.447005
v -9.207184 4.477867 -6.339261
v -9.152451 4.373537 -6.382368
v -9.221703 4.300735 -6.307661
v -9.228153 4.406495 -6.276522
v -9.339869 4.330436 -6.326126
v -7.815067 4.468842 -6.505270
v -7.761787 4.539660 -6.420360
v -7.643894 4.531856 -6.570836
v -7.661648 4.576525 -6.458719
v -7.506088 4.460944 -6.454024
v -7.581026 4.535040 -6.390379
v -7.592093 4.354105 -6.316264
v -7.631342 4.472535 -6.309786
v -7.783052 4.358986 -6.347935
v -7.743059 4.475391 -6.328315
v -7.638535 4.361360 -6.371721
v -7.565231 4.453647 -6.337473
v -7.607159 4.479198 -6.522383
v -7.546875 4.522586 -6.425617
v -7.417164 4.475513 -6.561771
v -7.435720 4.520431 -6.448658
v -7.331114 4.355397 -6.435449
v -7.385380 4.450159 -6.374757
v -7.467930 4.284847 -6.317993
v -7.465422 4.408885 -6.306041
v -8.064781 4.483732 -6.906500
v -8.000219 4.538993 -6.995052
v -7.903290 4.560302 -6.831487
v -7.905741 4.583790 -6.951167
v -7.751812 4.471812 -6.914480
v -7.817122 4.532020 -6.999719
v -7.819685 4.340552 -7.040784
v -7.856831 4.455229 -7.073612
v -8.013109 4.347918 -7.035854
v -7.969990 4.459539 -7.070727
v -6.434622 4.488005 -6.907748
v -6.397881 4.519915 -7.007921
v -6.314779 4.505850 -6.882175
v -6.298704 4.525037 -6.993018
v -6.251068 4.419482 -6.944773
v -6.331533 4.348259 -7.009035
v -6.330275 4.451461 -7.048331
v -6.444977 4.390608 -6.986151
v -8.348364 4.421594 -6.979880
v -8.269762 4.492159 -7.044074
v -8.232533 4.448232 -6.945120
v -8.157166 4.373537 -7.009757
v -8.192356 4.449086 -7.071895
v -8.226418 4.300735 -7.084464
v -8.232870 4.406495 -7.115601
v -8.344584 4.330436 -7.065999
v -8.302000 4.423871 -7.104799
v -6.810345 4.458311 -6.875343
v -6.766817 4.535995 -6.959806
v -6.635660 4.522509 -6.821174
v -6.664623 4.573553 -6.928115
v -6.507153 4.463523 -6.954103
v -6.589441 4.539044 -7.005883
v -6.602411 4.362869 -7.090424
v -6.645170 4.480159 -7.085635
v -6.789793 4.359648 -7.041748
v -6.754797 4.478275 -7.057158
v -6.643250 4.361360 -7.020405
v -6.569946 4.453647 -7.054653
v -6.611876 4.479198 -6.869743
v -6.551590 4.522586 -6.966509
v -6.421879 4.475513 -6.830357
v -6.440435 4.520431 -6.943468
v -6.335829 4.355397 -6.956677
v -6.390095 4.450159 -7.017369
v -6.472645 4.284847 -7.074133
v -6.470137 4.408885 -7.086085
v -8.864428 5.101417 -6.719078
v -8.812508 5.220404 -6.785244
v -8.701708 5.136183 -6.652960
v -8.717310 5.240743 -6.746563
v -8.582411 5.086760 -6.777773
v -8.647518 5.211829 -6.819583
v -8.671400 5.021449 -6.921030
v -8.699579 5.173620 -6.903392
v -8.845697 5.030508 -6.884754
v -8.801550 5.178920 -6.882169
v -8.668964 5.064880 -6.741518
v -8.585432 5.182450 -6.773803
v -8.538761 5.096155 -6.678337
v -8.432981 5.053282 -6.773430
v -8.484837 5.158609 -6.814270
v -8.497810 4.995510 -6.895383
v -8.522764 5.124811 -6.885618
v -8.643656 5.002678 -6.875660
v -8.608088 5.129004 -6.874078
v -8.060381 5.033314 -6.662705
v -7.988152 5.244661 -6.712211
v -7.836460 5.102325 -6.548609
v -7.856794 5.270877 -6.647398
v -7.661089 5.046671 -6.731398
v -7.754196 5.238319 -6.754336
v -7.777233 4.967464 -6.906868
v -7.822144 5.191980 -6.885239
v -8.024385 4.974165 -6.910656
v -7.966736 5.195900 -6.859207
v -8.090715 5.116514 -6.676612
v -8.080883 5.216187 -6.745588
v -7.948757 5.149021 -6.690425
v -7.982882 5.230976 -6.791117
v -7.908220 5.107595 -6.825272
v -8.025126 5.049486 -6.894800
v -8.042513 5.176973 -6.873233
v -8.137915 5.054998 -6.802923
v -8.108498 5.180198 -6.819482
v -7.561415 5.190024 -6.701703
v -7.595818 5.268485 -6.781407
v -7.452055 5.213737 -6.791994
v -7.538151 5.270225 -6.871822
v -7.483232 5.145434 -6.915129
v -7.611860 5.079508 -6.900941
v -7.625328 5.203829 -6.897968
v -7.660181 5.107066 -6.769037
v -7.653597 5.219952 -6.820799
v -7.411930 5.120215 -6.786314
v -7.480650 5.408633 -6.712903
v -7.690361 5.095792 -6.856091
v -7.620443 5.440481 -6.760698
v -7.805206 5.105767 -6.668904
v -7.710730 5.400180 -6.644213
v -7.661636 5.008753 -6.464154
v -7.626738 5.343425 -6.524428
v -7.418579 5.017683 -6.536717
v -7.484541 5.348648 -6.566881
v -7.686558 5.117128 -6.657979
v -7.717630 5.255748 -6.650649
v -7.812084 5.145845 -6.734416
v -7.791067 5.272548 -6.695366
v -7.922588 5.138807 -6.629447
v -7.855717 5.268431 -6.633956
v -7.865360 5.050531 -6.488137
v -7.822235 5.249086 -6.551285
v -7.719484 5.092342 -6.505769
v -7.736893 5.241247 -6.561601
v -8.233360 5.040349 -6.766335
v -8.312819 5.262951 -6.695297
v -8.456678 4.961106 -6.877022
v -8.443464 5.296341 -6.760051
v -8.634226 5.005683 -6.705827
v -8.547337 5.242671 -6.659897
v -8.520641 4.891911 -6.489336
v -8.480885 5.176111 -6.533244
v -8.272894 4.913335 -6.526733
v -8.335945 5.188644 -6.555122
v -8.203878 5.058187 -6.742576
v -8.211067 5.181056 -6.681021
v -8.362551 5.089435 -6.707227
v -8.303894 5.199337 -6.660341
v -8.381697 5.064654 -6.544116
v -8.315096 5.184839 -6.564914
v -8.234858 5.018090 -6.478654
v -8.229191 5.157598 -6.526618
v -8.124958 5.014093 -6.601310
v -8.164896 5.155259 -6.598376
v -8.545029 5.137476 -6.788050
v -8.620796 5.255996 -6.777482
v -8.680765 5.153225 -6.832795
v -8.765060 5.144970 -6.716063
v -8.709822 5.249357 -6.717023
v -8.681421 5.124119 -6.599177
v -8.660891 5.237159 -6.648640
v -8.545435 5.119488 -6.643667
v -8.581333 5.234449 -6.674670
v -10.000000 7.200000 -6.946063
v -10.000000 8.000000 -6.196063
v -6.000000 8.000000 -6.196063
v -6.000000 8.000000 -7.196063
v -10.000000 8.000000 -7.196063
v -10.000000 7.450000 -6.196063
v -6.000000 7.450000 -6.196063
v -6.000000 7.450000 -7.196063
v -10.000000 7.450000 -7.196063
v -6.900000 8.000001 -6.196063
v -7.100000 8.000001 -6.196063
v -7.000000 8.000001 -6.266774
v -8.900000 8.000000 -6.196063
v -9.100000 8.000000 -6.196063
v -9.000000 8.000000 -6.266773
v -9.100000 8.000000 -7.196063
v -8.900000 8.000000 -7.196063
v -9.000000 8.000000 -7.125351
v -7.100000 8.000001 -7.196063
v -6.900000 8.000001 -7.196063
v -7.000000 8.000001 -7.125351
v -8.900000 7.450000 -6.196063
v -9.100000 7.450000 -6.196063
v -9.000000 7.379289 -6.266774
v -6.900000 7.450000 -6.196063
v -7.100000 7.450000 -6.196063
v -7.000000 7.379289 -6.266774
v -7.100000 7.450000 -7.196063
v -6.900000 7.450000 -7.196063
v -7.000000 7.379289 -7.125351
v -9.100000 7.450000 -7.196063
v -8.900000 7.450000 -7.196063
v -9.000000 7.379289 -7.125351
v -7.100000 8.000001 -7.046062
v -7.100000 8.000001 -6.346062
v -7.000000 7.900000 -6.346062
v -7.000000 7.900000 -7.046062
v -6.900000 8.000001 -6.346062
v -6.900000 8.000001 -7.046062
v -9.100000 8.000000 -7.046062
v -9.100000 8.000000 -6.346062
v -9.000000 7.900000 -6.346062
v -9.000000 7.900000 -7.046062
v -8.900000 8.000000 -6.346062
v -8.900000 8.000000 -7.046062
v 11.582342 0.500000 3.138947
v 12.082342 0.500000 3.138947
v 12.332342 -0.000000 3.138947
v 12.332342 -0.000000 -0.861053
v 11.332342 0.000000 -0.861053
v 11.332342 0.000000 3.138947
v 12.332342 0.250000 3.138947
v 12.332342 0.250000 -0.861053
v 11.332342 0.250000 -0.861053
v 11.332342 0.250000 3.138947
v 11.582342 0.500000 -0.861053
v 12.082342 0.500000 -0.861053
v 12.332342 -0.000000 2.038947
v 12.332342 -0.000000 2.238947
v 12.261631 -0.000000 2.138947
v 12.332342 -0.000000 0.038947
v 12.332342 -0.000000 0.238947
v 12.261631 -0.000000 0.138947
v 11.332342 0.000000 0.238947
v 11.332342 0.000000 0.038947
v 11.403053 0.000000 0.138947
v 11.332342 0.000000 2.238947
v 11.332342 0.000000 2.038947
v 11.403053 0.000000 2.138947
v 12.332342 0.250000 2.238947
v 12.332342 0.250000 2.038947
v 12.261631 0.320711 2.138947
v 12.332342 0.250000 0.238947
v 12.332342 0.250000 0.038947
v 12.261631 0.320711 0.138947
v 11.332342 0.250000 0.038947
v 11.332342 0.250000 0.238947
v 11.403053 0.320711 0.138947
v 11.332342 0.250000 2.038947
v 11.332342 0.250000 2.238947
v 11.403053 0.320711 2.138947
v 11.593539 2.640867 0.099560
v 11.593539 2.699834 0.158526
v 11.593539 2.699834 0.623449
v 11.593539 2.640867 0.682416
v 11.593539 2.454244 0.682416
v 11.593539 2.395278 0.623449
v 11.593539 2.395278 0.158526
v 11.593539 2.454244 0.099560
v 11.502539 2.445192 0.149474
v 11.502539 2.649919 0.149474
v 11.502539 2.445192 0.632501
v 11.502539 2.649919 0.632501
v 11.497521 2.416399 1.748421
v 11.502538 2.208868 1.736782
v 11.502538 2.413594 2.219809
v 11.502538 2.208868 2.219809
v 11.593538 2.217920 2.269723
v 11.593538 2.158953 2.210757
v 11.593538 2.158953 1.745834
v 11.593538 2.217920 1.686867
v 11.593538 2.404542 1.686867
v 11.593538 2.463509 1.745834
v 11.593538 2.463509 2.210757
v 11.593538 2.404542 2.269723
v 11.508626 2.399584 1.900016
v 11.566789 2.448836 1.884786
v 11.496958 1.259214 0.200282
v 11.502539 1.466141 0.208915
v 11.502539 1.261414 -0.274112
v 11.502539 1.466141 -0.274112
v 11.593539 1.457089 -0.324027
v 11.593539 1.516055 -0.265060
v 11.593539 1.516055 0.199862
v 11.593539 1.457089 0.258829
v 11.593539 1.270466 0.258829
v 11.593539 1.211500 0.199862
v 11.593539 1.211500 -0.265060
v 11.593539 1.270466 -0.324027
v 11.508627 1.275425 0.045680
v 11.566790 1.226173 0.060910
v 11.593539 2.958415 -0.269482
v 11.593539 3.017381 -0.210516
v 11.593539 3.017381 0.254407
v 11.593539 2.958415 0.313374
v 11.593539 2.771792 0.313374
v 11.593539 2.712826 0.254407
v 11.593539 2.712826 -0.210516
v 11.593539 2.771792 -0.269482
v 11.502539 2.762740 -0.219568
v 11.502539 2.967467 -0.219568
v 11.502539 2.762740 0.263459
v 11.502539 2.967467 0.263459
v 11.593538 2.906921 2.193659
v 11.593538 2.965887 2.252625
v 11.593538 2.965887 2.717548
v 11.593538 2.906921 2.776515
v 11.593538 2.720298 2.776515
v 11.593538 2.661332 2.717548
v 11.593538 2.661332 2.252625
v 11.593538 2.720298 2.193659
v 11.502538 2.711246 2.243573
v 11.502538 2.915973 2.243573
v 11.502538 2.711246 2.726600
v 11.502538 2.915973 2.726600
v 11.593538 2.083013 1.930599
v 11.593538 2.141979 1.989565
v 11.593538 2.141979 2.454488
v 11.593538 2.083013 2.513455
v 11.593538 1.896390 2.513455
v 11.593538 1.837424 2.454488
v 11.593538 1.837424 1.989565
v 11.593538 1.896390 1.930599
v 11.502538 1.887338 1.980513
v 11.502538 2.092065 1.980513
v 11.502538 1.887338 2.463540
v 11.502538 2.092065 2.463540
v 11.593538 2.083013 1.446254
v 11.593538 2.141979 1.505221
v 11.593538 2.141979 1.833562
v 11.593538 2.083013 1.892529
v 11.593538 1.896390 1.892529
v 11.593538 1.837424 1.833562
v 11.593538 1.837424 1.505221
v 11.593538 1.896390 1.446254
v 11.502538 1.887338 1.496169
v 11.502538 2.092065 1.496169
v 11.502538 1.887338 1.842614
v 11.502538 2.092065 1.842614
v 11.593538 1.319182 1.901857
v 11.593538 1.378148 1.960823
v 11.593538 1.378148 2.425746
v 11.593538 1.319182 2.484712
v 11.593538 1.132559 2.484712
v 11.593538 1.073593 2.425746
v 11.593538 1.073593 1.960823
v 11.593538 1.132559 1.901857
v 11.502538 1.123507 1.951771
v 11.502538 1.328234 1.951771
v 11.502538 1.123507 2.434798
v 11.502538 1.328234 2.434798
v 11.593539 0.975887 1.524232
v 11.593539 1.034853 1.583199
v 11.593539 1.034853 2.048122
v 11.593539 0.975887 2.107088
v 11.593539 0.789264 2.107088
v 11.593539 0.730298 2.048122
v 11.593539 0.730298 1.583199
v 11.593539 0.789264 1.524232
v 11.502538 0.780212 1.574147
v 11.502538 0.984939 1.574147
v 11.502538 0.780212 2.057174
v 11.502538 0.984939 2.057174
v 11.593539 1.456500 0.301244
v 11.593539 1.515466 0.360211
v 11.593539 1.515466 0.825134
v 11.593539 1.456500 0.884100
v 11.593539 1.269877 0.884100
v 11.593539 1.210911 0.825134
v 11.593539 1.210911 0.360211
v 11.593539 1.269877 0.301244
v 11.502539 1.260825 0.351159
v 11.502539 1.465552 0.351159
v 11.502539 1.260825 0.834186
v 11.502539 1.465552 0.834186
v 11.593539 1.134661 -0.072089
v 11.593539 1.193627 -0.013123
v 11.593539 1.193627 0.451800
v 11.593539 1.134661 0.510767
v 11.593539 0.948038 0.510767
v 11.593539 0.889072 0.451800
v 11.593539 0.889072 -0.013123
v 11.593539 0.948038 -0.072089
v 11.502539 0.938986 -0.022174
v 11.502539 1.143713 -0.022174
v 11.502539 0.938986 0.460852
v 11.502539 1.143713 0.460852
v 12.071146 2.640867 2.178334
v 12.071146 2.699834 2.119368
v 12.071146 2.699834 1.654445
v 12.071146 2.640867 1.595478
v 12.071146 2.454244 1.595478
v 12.071145 2.395278 1.654445
v 12.071146 2.395278 2.119368
v 12.071146 2.454244 2.178334
v 12.162147 2.445192 2.128420
v 12.162147 2.649919 2.128420
v 12.162147 2.445192 1.645393
v 12.162147 2.649919 1.645393
v 12.167164 2.416399 0.529472
v 12.162148 2.208868 0.541112
v 12.162148 2.413594 0.058086
v 12.162148 2.208868 0.058086
v 12.071146 2.217920 0.008171
v 12.071146 2.158953 0.067137
v 12.071146 2.158953 0.532060
v 12.071146 2.217920 0.591027
v 12.071146 2.404542 0.591027
v 12.071147 2.463509 0.532060
v 12.071146 2.463509 0.067137
v 12.071146 2.404542 0.008171
v 12.156059 2.399584 0.377877
v 12.097897 2.448836 0.393108
v 12.167727 1.259214 2.077613
v 12.162147 1.466141 2.068980
v 12.162147 1.261414 2.552006
v 12.162147 1.466141 2.552006
v 12.071145 1.457089 2.601921
v 12.071145 1.516055 2.542955
v 12.071145 1.516055 2.078032
v 12.071145 1.457089 2.019065
v 12.071145 1.270466 2.019065
v 12.071145 1.211500 2.078032
v 12.071145 1.211500 2.542955
v 12.071145 1.270466 2.601921
v 12.156058 1.275424 2.232214
v 12.097896 1.226173 2.216984
v 12.071146 2.958415 2.547376
v 12.071146 3.017381 2.488410
v 12.071146 3.017381 2.023487
v 12.071146 2.958415 1.964520
v 12.071146 2.771792 1.964520
v 12.071146 2.712826 2.023487
v 12.071146 2.712826 2.488410
v 12.071146 2.771792 2.547376
v 12.162147 2.762740 2.497462
v 12.162147 2.967467 2.497462
v 12.162147 2.762740 2.014435
v 12.162147 2.967467 2.014435
v 12.071146 2.906921 0.084235
v 12.071146 2.965887 0.025269
v 12.071146 2.965887 -0.439654
v 12.071148 2.906921 -0.498621
v 12.071148 2.720298 -0.498621
v 12.071146 2.661332 -0.439654
v 12.071146 2.661332 0.025269
v 12.071146 2.720298 0.084235
v 12.162148 2.711246 0.034321
v 12.162148 2.915973 0.034321
v 12.162148 2.711246 -0.448706
v 12.162148 2.915973 -0.448706
v 12.071146 2.083013 0.347295
v 12.071146 2.141979 0.288329
v 12.071146 2.141979 -0.176594
v 12.071146 2.083013 -0.235560
v 12.071146 1.896390 -0.235560
v 12.071146 1.837424 -0.176594
v 12.071146 1.837424 0.288329
v 12.071146 1.896390 0.347295
v 12.162148 1.887338 0.297381
v 12.162148 2.092065 0.297381
v 12.162148 1.887338 -0.185646
v 12.162148 2.092065 -0.185646
v 12.071146 2.083013 0.831640
v 12.071146 2.141979 0.772673
v 12.071146 2.141979 0.444332
v 12.071146 2.083013 0.385365
v 12.071146 1.896390 0.385365
v 12.071146 1.837424 0.444332
v 12.071146 1.837424 0.772673
v 12.071146 1.896390 0.831640
v 12.162148 1.887338 0.781725
v 12.162148 2.092065 0.781725
v 12.162148 1.887338 0.435280
v 12.162148 2.092065 0.435280
v 12.071146 1.319182 0.376037
v 12.071146 1.378148 0.317071
v 12.071146 1.378148 -0.147852
v 12.071146 1.319182 -0.206818
v 12.071146 1.132559 -0.206818
v 12.071146 1.073593 -0.147852
v 12.071146 1.073593 0.317071
v 12.071146 1.132559 0.376037
v 12.162148 1.123507 0.326123
v 12.162148 1.328234 0.326123
v 12.162148 1.123507 -0.156904
v 12.162148 1.328234 -0.156904
v 12.071146 0.975887 0.753662
v 12.071146 1.034853 0.694695
v 12.071146 1.034853 0.229773
v 12.071146 0.975887 0.170806
v 12.071146 0.789264 0.170806
v 12.071146 0.730298 0.229773
v 12.071146 0.730298 0.694695
v 12.071146 0.789264 0.753662
v 12.162148 0.780212 0.703747
v 12.162148 0.984939 0.703747
v 12.162148 0.780212 0.220721
v 12.162148 0.984939 0.220721
v 12.071145 1.456500 1.976650
v 12.071145 1.515466 1.917683
v 12.071145 1.515466 1.452761
v 12.071145 1.456500 1.393794
v 12.071145 1.269877 1.393794
v 12.071145 1.210911 1.452761
v 12.071145 1.210911 1.917683
v 12.071145 1.269877 1.976650
v 12.162147 1.260825 1.926735
v 12.162147 1.465552 1.926735
v 12.162147 1.260825 1.443709
v 12.162147 1.465552 1.443709
v 12.071145 1.134661 2.349983
v 12.071145 1.193627 2.291017
v 12.071145 1.193627 1.826094
v 12.071145 1.134661 1.767127
v 12.071145 0.948038 1.767127
v 12.071145 0.889072 1.826094
v 12.071145 0.889072 2.291017
v 12.071145 0.948038 2.349983
v 12.162147 0.938986 2.300069
v 12.162147 1.143713 2.300069
v 12.162147 0.938986 1.817042
v 12.162147 1.143713 1.817042
v 12.082342 3.200000 -0.861053
v 11.582342 3.200000 -0.861053
v 12.082343 3.200000 3.138947
v 11.582343 3.200000 3.138947
v 12.332343 4.000000 3.138947
v 12.332342 4.000000 -0.861053
v 11.332342 4.000000 -0.861053
v 11.332343 4.000000 3.138947
v 12.332343 3.450000 3.138947
v 12.332342 3.450000 -0.861053
v 11.332342 3.450000 -0.861053
v 11.332343 3.450000 3.138947
v 12.332342 4.000000 0.038947
v 12.332342 4.000000 0.238947
v 12.261632 4.000000 0.138947
v 12.332342 4.000000 2.038947
v 12.332343 4.000000 2.238947
v 12.261632 4.000000 2.138947
v 11.332343 4.000000 2.238947
v 11.332343 4.000000 2.038947
v 11.403053 4.000000 2.138947
v 11.332342 4.000000 0.238947
v 11.332342 4.000000 0.038947
v 11.403053 4.000000 0.138947
v 12.332342 3.450000 2.038947
v 12.332342 3.450000 2.238947
v 12.261632 3.379289 2.138947
v 12.332342 3.450000 0.038947
v 12.332342 3.450000 0.238947
v 12.261632 3.379289 0.138947
v 11.332342 3.450000 0.238947
v 11.332342 3.450000 0.038947
v 11.403053 3.379289 0.138947
v 11.332343 3.450000 2.238947
v 11.332342 3.450000 2.038947
v 11.403053 3.379289 2.138947
v 11.482343 4.000000 0.238947
v 12.182343 4.000000 0.238947
v 12.182343 3.900000 0.138947
v 11.482343 3.900000 0.138947
v 12.182343 4.000000 0.038947
v 11.482343 4.000000 0.038947
v 11.482343 4.000000 2.238947
v 12.182343 4.000000 2.238947
v 12.182343 3.900000 2.138947
v 11.482343 3.900000 2.138947
v 12.182343 4.000000 2.038947
v 11.482343 4.000000 2.038947
v 1.941708 7.200000 -6.946062
v 4.291707 4.500000 -6.146061
v 1.941708 4.500000 -6.946062
v 4.291707 4.500000 -7.246062
v 4.590781 7.200000 -6.946062
v 4.291708 7.200000 -6.146061
v 3.292633 7.200000 -6.446062
v 3.291707 4.500000 -6.946062
v 3.591707 7.200000 -6.146061
v 5.941707 4.500000 -6.446062
v 3.591707 7.200000 -7.246062
v 4.291707 5.750000 -7.246062
v 4.291707 5.950000 -7.246062
v 4.362418 5.850000 -7.175351
v 3.591707 5.950000 -7.246062
v 3.591707 5.750000 -7.246062
v 3.520996 5.850000 -7.175351
v 4.291708 5.950000 -6.146061
v 4.291707 5.750000 -6.146061
v 4.362418 5.850000 -6.216773
v 3.591707 5.750000 -6.146061
v 3.591707 5.950000 -6.146061
v 3.520996 5.850000 -6.216773
v 4.591707 4.000000 -6.196062
v 4.591707 4.000000 -7.196062
v 4.591707 4.250000 -6.196062
v 4.591707 4.250000 -7.196062
v 4.591707 4.500000 -6.946062
v 4.591707 4.500000 -6.446062
v 1.941708 7.200000 -6.446062
v 4.291707 4.000000 -5.946062
v 4.291707 4.250000 -5.946062
v 4.291708 4.000000 -7.446062
v 4.291707 4.250000 -7.446062
v 1.941708 4.500000 -6.446062
v 4.291708 7.200000 -7.246062
v 4.591707 8.000000 -6.196062
v 4.591707 8.000000 -7.196062
v 4.590781 7.450000 -6.196062
v 4.590781 7.450000 -7.196062
v 4.590781 7.200000 -6.446062
v 1.941708 4.250000 -7.196062
v 1.941708 4.250000 -6.196062
v 4.291708 8.000000 -5.946062
v 4.291708 7.450000 -5.946062
v 4.291708 8.000000 -7.446062
v 1.941708 4.000000 -7.196062
v 4.291708 7.450000 -7.446062
v 1.941708 4.000000 -6.196062
v 3.291707 4.000000 -6.196062
v 3.291707 4.000000 -7.196062
v 3.291707 4.250000 -6.196062
v 3.291707 4.250000 -7.196062
v 3.291707 4.500000 -6.446062
v 3.591707 4.000000 -5.946062
v 3.591707 4.250000 -5.946062
v 5.941708 7.200000 -6.946062
v 3.591707 4.500000 -6.146061
v 3.591707 4.000000 -7.446062
v 3.591707 4.250000 -7.446062
v 3.591707 4.500000 -7.246062
v 3.291707 8.000000 -6.196062
v 3.291707 8.000000 -7.196062
v 3.292633 7.450000 -6.196062
v 3.292633 7.450000 -7.196062
v 3.292633 7.200000 -6.946062
v 3.591707 8.000000 -5.946062
v 5.941707 4.500000 -6.946062
v 3.591707 7.450000 -5.946062
v 5.941707 4.250000 -7.196062
v 5.941707 4.250000 -6.196062
v 5.941707 4.000000 -7.196062
v 5.941707 4.000000 -6.196062
v 3.591707 8.000000 -7.446062
v 3.591707 7.450000 -7.446062
v 3.041706 4.250000 -7.196062
v 2.841706 4.250000 -7.196062
v 2.941706 4.320711 -7.125350
v 2.841706 4.000000 -7.196062
v 3.041706 4.000000 -7.196062
v 2.941706 4.000000 -7.125350
v 3.041706 4.000000 -6.196062
v 2.841706 4.000000 -6.196062
v 2.941706 4.000000 -6.266773
v 2.841706 4.250000 -6.196062
v 3.041706 4.250000 -6.196062
v 2.941706 4.320711 -6.266773
v 4.841708 4.000000 -7.196062
v 5.041708 4.000000 -7.196062
v 4.941708 4.000000 -7.125350
v 5.041708 4.250000 -7.196062
v 4.841708 4.250000 -7.196062
v 4.941708 4.320711 -7.125350
v 4.841708 4.250000 -6.196062
v 5.041708 4.250000 -6.196062
v 4.941708 4.320711 -6.266773
v 5.041708 4.000000 -6.196062
v 4.841708 4.000000 -6.196062
v 4.941708 4.000000 -6.266773
v 2.912746 6.928377 -6.934865
v 2.853781 6.987343 -6.934865
v 2.526172 6.987343 -6.934865
v 2.467204 6.928377 -6.934865
v 2.467204 6.741754 -6.934865
v 2.526172 6.682787 -6.934865
v 2.853781 6.682787 -6.934865
v 2.912746 6.741754 -6.934865
v 2.862832 6.732702 -7.025866
v 2.862832 6.937428 -7.025866
v 2.517119 6.732702 -7.025866
v 2.517119 6.937428 -7.025866
v 5.356389 6.432960 -7.031447
v 5.365022 6.226032 -7.025866
v 4.881995 6.430759 -7.025866
v 4.881995 6.226032 -7.025866
v 4.832080 6.235084 -6.934865
v 4.891047 6.176118 -6.934865
v 5.355970 6.176118 -6.934865
v 5.414936 6.235084 -6.934865
v 5.414937 6.421707 -6.934865
v 5.355970 6.480673 -6.934865
v 4.891047 6.480673 -6.934865
v 4.832080 6.421707 -6.934865
v 5.201788 6.416749 -7.019778
v 5.217018 6.466001 -6.961615
v 4.789523 5.117605 -7.031448
v 4.780890 5.324532 -7.025867
v 5.263916 5.119805 -7.025867
v 5.263916 5.324532 -7.025867
v 5.313831 5.315480 -6.934865
v 5.254865 5.374446 -6.934865
v 4.789942 5.374446 -6.934865
v 4.730975 5.315480 -6.934865
v 4.730975 5.128857 -6.934865
v 4.789942 5.069891 -6.934865
v 5.254865 5.069891 -6.934865
v 5.313831 5.128857 -6.934865
v 4.944125 5.133815 -7.019779
v 4.928894 5.084563 -6.961616
v 2.645641 6.613793 -7.030882
v 2.657282 6.406262 -7.025866
v 2.174256 6.610989 -7.025866
v 2.174256 6.406261 -7.025866
v 2.124341 6.415314 -6.934865
v 2.183309 6.356348 -6.934865
v 2.648231 6.356348 -6.934865
v 2.707197 6.415314 -6.934865
v 2.707197 6.601937 -6.934865
v 2.648231 6.660903 -6.934865
v 2.183309 6.660903 -6.934865
v 2.124341 6.601937 -6.934865
v 2.494047 6.596979 -7.019778
v 2.509278 6.646230 -6.961615
v 2.676731 5.310599 -6.934865
v 2.617764 5.369566 -6.934865
v 2.290155 5.369565 -6.934865
v 2.231190 5.310598 -6.934865
v 2.231190 5.123976 -6.934865
v 2.290155 5.065010 -6.934865
v 2.617764 5.065010 -6.934865
v 2.676731 5.123976 -6.934865
v 2.626816 5.114924 -7.025866
v 2.626816 5.319651 -7.025866
v 2.281103 5.114923 -7.025866
v 2.281103 5.319651 -7.025866
v 3.045062 4.992336 -6.934865
v 2.986096 5.051303 -6.934865
v 2.551203 5.051303 -6.934865
v 2.492236 4.992336 -6.934865
v 2.492236 4.805713 -6.934865
v 2.551203 4.746747 -6.934865
v 2.986096 4.746747 -6.934865
v 3.045062 4.805713 -6.934865
v 2.995148 4.796661 -7.025867
v 2.995148 5.001388 -7.025866
v 2.542150 4.796661 -7.025866
v 2.542150 5.001388 -7.025866
v 5.623351 4.970880 -6.934865
v 5.564384 5.029847 -6.934865
v 5.129491 5.029847 -6.934865
v 5.070524 4.970880 -6.934865
v 5.070524 4.784257 -6.934865
v 5.129491 4.725291 -6.934865
v 5.564384 4.725291 -6.934865
v 5.623351 4.784257 -6.934865
v 5.573436 4.775205 -7.025867
v 5.573436 4.979932 -7.025867
v 5.120439 4.775205 -7.025867
v 5.120440 4.979932 -7.025867
v 5.773542 6.751723 -6.934865
v 5.714576 6.810688 -6.934865
v 5.279682 6.810689 -6.934865
v 5.220716 6.751723 -6.934865
v 5.220716 6.565100 -6.934865
v 5.279682 6.506134 -6.934865
v 5.714576 6.506134 -6.934865
v 5.773542 6.565100 -6.934865
v 5.723629 6.556048 -7.025866
v 5.723629 6.760775 -7.025866
v 5.270630 6.556048 -7.025866
v 5.270630 6.760775 -7.025866
v 4.970668 6.928377 -6.457259
v 5.029635 6.987343 -6.457259
v 5.357244 6.987343 -6.457259
v 5.416210 6.928377 -6.457259
v 5.416210 6.741754 -6.457259
v 5.357244 6.682787 -6.457259
v 5.029635 6.682787 -6.457259
v 4.970668 6.741754 -6.457259
v 5.020583 6.732702 -6.366257
v 5.020583 6.937428 -6.366257
v 5.366296 6.732702 -6.366257
v 5.366296 6.937428 -6.366257
v 2.530031 6.433563 -6.361240
v 2.518393 6.226032 -6.366256
v 3.001419 6.430759 -6.366256
v 3.001419 6.226032 -6.366256
v 3.051334 6.235084 -6.457258
v 2.992368 6.176118 -6.457258
v 2.527444 6.176118 -6.457258
v 2.468478 6.235084 -6.457258
v 2.468478 6.421707 -6.457258
v 2.527445 6.480673 -6.457258
v 2.992368 6.480673 -6.457258
v 3.051334 6.421707 -6.457258
v 2.681627 6.416749 -6.372344
v 2.666396 6.466001 -6.430507
v 3.090885 5.117001 -6.361240
v 3.102526 5.324532 -6.366256
v 2.619498 5.119805 -6.366256
v 2.619498 5.324532 -6.366256
v 2.569583 5.315480 -6.457258
v 2.628551 5.374446 -6.457258
v 3.093472 5.374446 -6.457258
v 3.152439 5.315480 -6.457258
v 3.152439 5.128857 -6.457258
v 3.093472 5.069891 -6.457258
v 2.628551 5.069891 -6.457258
v 2.569583 5.128857 -6.457258
v 2.939289 5.133815 -6.372344
v 2.954520 5.084563 -6.430507
v 5.234765 6.613190 -6.360677
v 5.226132 6.406262 -6.366257
v 5.709158 6.610989 -6.366257
v 5.709158 6.406262 -6.366257
v 5.759073 6.415314 -6.457259
v 5.700107 6.356348 -6.457259
v 5.235184 6.356348 -6.457259
v 5.176217 6.415314 -6.457258
v 5.176217 6.601937 -6.457258
v 5.235187 6.660903 -6.457259
v 5.700108 6.660903 -6.457259
v 5.759073 6.601937 -6.457259
v 5.389367 6.596980 -6.372346
v 5.374136 6.646230 -6.430508
v 5.206684 5.310599 -6.457259
v 5.265650 5.369566 -6.457259
v 5.593259 5.369566 -6.457259
v 5.652225 5.310599 -6.457259
v 5.652225 5.123976 -6.457259
v 5.593259 5.065010 -6.457259
v 5.265650 5.065010 -6.457259
v 5.206684 5.123976 -6.457259
v 5.256598 5.114924 -6.366257
v 5.256598 5.319651 -6.366257
v 5.602311 5.114924 -6.366257
v 5.602311 5.319651 -6.366257
v 4.838352 4.992336 -6.457259
v 4.897318 5.051303 -6.457259
v 5.332212 5.051303 -6.457259
v 5.391178 4.992336 -6.457259
v 5.391178 4.805713 -6.457259
v 5.332212 4.746747 -6.457259
v 4.897318 4.746747 -6.457259
v 4.838352 4.805713 -6.457259
v 4.888266 4.796661 -6.366257
v 4.888266 5.001388 -6.366257
v 5.341264 4.796661 -6.366257
v 5.341264 5.001388 -6.366257
v 2.260063 4.970880 -6.457258
v 2.319031 5.029847 -6.457258
v 2.753923 5.029847 -6.457258
v 2.812890 4.970880 -6.457258
v 2.812890 4.784257 -6.457258
v 2.753923 4.725291 -6.457258
v 2.319030 4.725291 -6.457258
v 2.260063 4.784256 -6.457258
v 2.309978 4.775205 -6.366256
v 2.309978 4.979932 -6.366256
v 2.762975 4.775205 -6.366256
v 2.762976 4.979932 -6.366256
v 2.109873 6.751723 -6.457258
v 2.168839 6.810689 -6.457258
v 2.603732 6.810689 -6.457258
v 2.662699 6.751723 -6.457258
v 2.662699 6.565100 -6.457258
v 2.603732 6.506134 -6.457258
v 2.168839 6.506134 -6.457258
v 2.109873 6.565100 -6.457258
v 2.159786 6.556047 -6.366256
v 2.159786 6.760775 -6.366256
v 2.612784 6.556048 -6.366256
v 2.612784 6.760775 -6.366256
v 5.941708 7.200000 -6.446062
v 1.941708 7.999999 -6.196062
v 5.941708 8.000000 -6.196062
v 5.941708 8.000000 -7.196062
v 1.941708 7.999999 -7.196062
v 1.941708 7.450000 -6.196062
v 5.941708 7.450000 -6.196062
v 5.941708 7.450000 -7.196062
v 1.941708 7.450000 -7.196062
v 5.041708 8.000000 -6.196062
v 4.841707 8.000000 -6.196062
v 4.941708 8.000000 -6.266773
v 3.041707 8.000000 -6.196062
v 2.841707 8.000000 -6.196062
v 2.941708 8.000000 -6.266772
v 2.841707 8.000000 -7.196062
v 3.041707 8.000000 -7.196062
v 2.941708 8.000000 -7.125350
v 4.841707 8.000000 -7.196062
v 5.041708 8.000000 -7.196062
v 4.941708 8.000000 -7.125350
v 3.041707 7.450000 -6.196062
v 2.841707 7.450000 -6.196062
v 2.941708 7.379289 -6.266773
v 5.041708 7.450000 -6.196062
v 4.841707 7.450000 -6.196062
v 4.941708 7.379289 -6.266773
v 4.841707 7.450000 -7.196062
v 5.041708 7.450000 -7.196062
v 4.941708 7.379289 -7.125350
v 2.841707 7.450000 -7.196062
v 3.041707 7.450000 -7.196062
v 2.941708 7.379289 -7.125350
v 4.841707 8.000000 -7.046061
v 4.841707 8.000000 -6.346061
v 4.941708 7.900000 -6.346061
v 4.941708 7.900000 -7.046061
v 5.041708 8.000000 -6.346061
v 5.041708 8.000000 -7.046061
v 2.841707 8.000000 -7.046061
v 2.841707 8.000000 -6.346061
v 2.941708 7.900000 -6.346061
v 2.941708 7.900000 -7.046061
v 3.041707 8.000000 -6.346061
v 3.041707 8.000000 -7.046061
v 5.921925 4.500000 -6.946063
v 5.921925 4.500000 -6.446063
v 5.921925 4.000000 -6.196063
v 9.921925 4.000000 -6.196063
v 9.921925 4.000000 -7.196063
v 5.921925 4.000000 -7.196063
v 5.921925 4.250000 -6.196063
v 9.921925 4.250000 -6.196063
v 9.921925 4.250000 -7.196063
v 5.921925 4.250000 -7.196063
v 9.921925 4.500000 -6.946063
v 9.921925 4.500000 -6.446063
v 7.021924 4.000000 -6.196063
v 6.821925 4.000000 -6.196063
v 6.921925 4.000000 -6.266774
v 9.021925 4.000000 -6.196063
v 8.821925 4.000000 -6.196063
v 8.921925 4.000000 -6.266774
v 8.821925 4.000000 -7.196063
v 9.021925 4.000000 -7.196063
v 8.921925 4.000000 -7.125351
v 6.821925 4.000000 -7.196063
v 7.021924 4.000000 -7.196063
v 6.921925 4.000000 -7.125351
v 6.821925 4.250000 -6.196063
v 7.021924 4.250000 -6.196063
v 6.921925 4.320711 -6.266774
v 8.821925 4.250000 -6.196063
v 9.021925 4.250000 -6.196063
v 8.921925 4.320711 -6.266774
v 9.021925 4.250000 -7.196063
v 8.821925 4.250000 -7.196063
v 8.921925 4.320712 -7.125351
v 7.021924 4.250000 -7.196063
v 6.821925 4.250000 -7.196063
v 6.921925 4.320711 -7.125351
v 8.961311 6.640867 -6.934865
v 8.902346 6.699835 -6.934865
v 8.437423 6.699834 -6.934865
v 8.378456 6.640867 -6.934865
v 8.378456 6.454244 -6.934865
v 8.437423 6.395278 -6.934865
v 8.902346 6.395278 -6.934865
v 8.961311 6.454245 -6.934865
v 8.911398 6.445192 -7.025866
v 8.911398 6.649920 -7.025866
v 8.428370 6.445192 -7.025866
v 8.428370 6.649919 -7.025866
v 7.312451 6.416399 -7.030883
v 7.324090 6.208868 -7.025867
v 6.841063 6.413594 -7.025867
v 6.841063 6.208868 -7.025867
v 6.791149 6.217920 -6.934866
v 6.850115 6.158953 -6.934866
v 7.315038 6.158953 -6.934866
v 7.374005 6.217920 -6.934866
v 7.374005 6.404542 -6.934866
v 7.315038 6.463509 -6.934866
v 6.850115 6.463509 -6.934866
v 6.791149 6.404542 -6.934866
v 7.160856 6.399584 -7.019779
v 7.176086 6.448836 -6.961616
v 8.863597 5.258610 -7.030883
v 8.851957 5.466141 -7.025867
v 9.334984 5.261415 -7.025867
v 9.334984 5.466141 -7.025867
v 9.384899 5.457089 -6.934865
v 9.325932 5.516055 -6.934865
v 8.861010 5.516055 -6.934865
v 8.802043 5.457089 -6.934865
v 8.802043 5.270466 -6.934865
v 8.861010 5.211500 -6.934865
v 9.325932 5.211500 -6.934865
v 9.384899 5.270466 -6.934865
v 9.015192 5.275425 -7.019779
v 8.999962 5.226173 -6.961615
v 9.330354 6.958416 -6.934865
v 9.271388 7.017382 -6.934865
v 8.806465 7.017382 -6.934865
v 8.747498 6.958416 -6.934865
v 8.747498 6.771792 -6.934865
v 8.806465 6.712827 -6.934865
v 9.271388 6.712827 -6.934865
v 9.330354 6.771792 -6.934865
v 9.280439 6.762740 -7.025866
v 9.280439 6.967467 -7.025866
v 8.797413 6.762740 -7.025866
v 8.797413 6.967467 -7.025866
v 6.867213 6.906921 -6.934866
v 6.808247 6.965887 -6.934866
v 6.343324 6.965887 -6.934866
v 6.284357 6.906921 -6.934866
v 6.284357 6.720298 -6.934866
v 6.343324 6.661332 -6.934866
v 6.808247 6.661332 -6.934866
v 6.867213 6.720298 -6.934866
v 6.817299 6.711246 -7.025867
v 6.817299 6.915973 -7.025867
v 6.334272 6.711246 -7.025867
v 6.334272 6.915973 -7.025867
v 7.130273 6.083013 -6.934866
v 7.071307 6.141979 -6.934866
v 6.606384 6.141979 -6.934866
v 6.547417 6.083013 -6.934866
v 6.547417 5.896390 -6.934866
v 6.606384 5.837424 -6.934866
v 7.071307 5.837424 -6.934866
v 7.130273 5.896390 -6.934866
v 7.080359 5.887338 -7.025867
v 7.080359 6.092065 -7.025867
v 6.597332 5.887338 -7.025867
v 6.597332 6.092065 -7.025867
v 7.614618 6.083013 -6.934866
v 7.555651 6.141979 -6.934866
v 7.227310 6.141979 -6.934866
v 7.168343 6.083013 -6.934866
v 7.168343 5.896390 -6.934866
v 7.227310 5.837424 -6.934866
v 7.555651 5.837424 -6.934866
v 7.614618 5.896390 -6.934866
v 7.564703 5.887338 -7.025867
v 7.564703 6.092065 -7.025867
v 7.218258 5.887338 -7.025867
v 7.218258 6.092065 -7.025867
v 7.159015 5.319182 -6.934866
v 7.100049 5.378148 -6.934866
v 6.635126 5.378148 -6.934866
v 6.576159 5.319182 -6.934866
v 6.576159 5.132559 -6.934866
v 6.635126 5.073593 -6.934866
v 7.100049 5.073593 -6.934866
v 7.159015 5.132559 -6.934866
v 7.109101 5.123507 -7.025867
v 7.109101 5.328234 -7.025867
v 6.626074 5.123507 -7.025867
v 6.626074 5.328234 -7.025867
v 7.536640 4.975887 -6.934865
v 7.477673 5.034853 -6.934865
v 7.012750 5.034853 -6.934865
v 6.953784 4.975887 -6.934865
v 6.953784 4.789264 -6.934865
v 7.012750 4.730298 -6.934865
v 7.477673 4.730298 -6.934865
v 7.536640 4.789264 -6.934865
v 7.486725 4.780212 -7.025867
v 7.486725 4.984939 -7.025867
v 7.003697 4.780212 -7.025867
v 7.003697 4.984939 -7.025867
v 8.759628 5.456501 -6.934865
v 8.700661 5.515467 -6.934865
v 8.235738 5.515466 -6.934865
v 8.176771 5.456500 -6.934865
v 8.176772 5.269877 -6.934865
v 8.235738 5.210911 -6.934865
v 8.700661 5.210912 -6.934865
v 8.759628 5.269877 -6.934865
v 8.709713 5.260826 -7.025867
v 8.709713 5.465552 -7.025866
v 8.226686 5.260825 -7.025866
v 8.226686 5.465552 -7.025866
v 9.132961 5.134661 -6.934865
v 9.073995 5.193627 -6.934865
v 8.609072 5.193627 -6.934865
v 8.550105 5.134661 -6.934865
v 8.550105 4.948038 -6.934865
v 8.609072 4.889072 -6.934865
v 9.073995 4.889072 -6.934865
v 9.132961 4.948038 -6.934865
v 9.083046 4.938986 -7.025867
v 9.083046 5.143713 -7.025867
v 8.600019 4.938986 -7.025867
v 8.600019 5.143713 -7.025867
v 6.882538 6.640867 -6.457260
v 6.941504 6.699834 -6.457260
v 7.406427 6.699834 -6.457260
v 7.465394 6.640867 -6.457260
v 7.465394 6.454244 -6.457260
v 7.406427 6.395278 -6.457260
v 6.941504 6.395278 -6.457260
v 6.882538 6.454244 -6.457260
v 6.932452 6.445192 -6.366258
v 6.932452 6.649919 -6.366258
v 7.415479 6.445192 -6.366258
v 7.415479 6.649919 -6.366258
v 8.531399 6.416399 -6.361242
v 8.519760 6.208868 -6.366257
v 9.002786 6.413594 -6.366257
v 9.002786 6.208869 -6.366257
v 9.052701 6.217920 -6.457259
v 8.993734 6.158954 -6.457259
v 8.528811 6.158953 -6.457259
v 8.469845 6.217920 -6.457259
v 8.469845 6.404542 -6.457259
v 8.528811 6.463509 -6.457259
v 8.993734 6.463509 -6.457259
v 9.052701 6.404542 -6.457259
v 8.682994 6.399585 -6.372346
v 8.667764 6.448836 -6.430508
v 6.980252 5.258610 -6.361242
v 6.991892 5.466141 -6.366258
v 6.508866 5.261414 -6.366258
v 6.508866 5.466141 -6.366258
v 6.458951 5.457089 -6.457260
v 6.517917 5.516055 -6.457260
v 6.982840 5.516055 -6.457260
v 7.041807 5.457089 -6.457260
v 7.041807 5.270466 -6.457260
v 6.982840 5.211500 -6.457260
v 6.517917 5.211500 -6.457260
v 6.458951 5.270466 -6.457260
v 6.828657 5.275425 -6.372346
v 6.843888 5.226173 -6.430509
v 6.513496 6.958415 -6.457260
v 6.572462 7.017381 -6.457260
v 7.037385 7.017381 -6.457260
v 7.096352 6.958415 -6.457260
v 7.096352 6.771792 -6.457260
v 7.037385 6.712826 -6.457260
v 6.572462 6.712826 -6.457260
v 6.513496 6.771792 -6.457260
v 6.563410 6.762740 -6.366258
v 6.563410 6.967467 -6.366258
v 7.046437 6.762740 -6.366258
v 7.046437 6.967467 -6.366258
v 8.976637 6.906921 -6.457259
v 9.035603 6.965888 -6.457259
v 9.500526 6.965888 -6.457259
v 9.559493 6.906921 -6.457258
v 9.559493 6.720298 -6.457258
v 9.500526 6.661332 -6.457259
v 9.035603 6.661332 -6.457259
v 8.976637 6.720299 -6.457259
v 9.026550 6.711246 -6.366257
v 9.026550 6.915974 -6.366257
v 9.509578 6.711246 -6.366256
v 9.509578 6.915973 -6.366256
v 8.713577 6.083014 -6.457259
v 8.772543 6.141979 -6.457259
v 9.237466 6.141979 -6.457259
v 9.296432 6.083014 -6.457259
v 9.296432 5.896390 -6.457259
v 9.237466 5.837424 -6.457259
v 8.772543 5.837424 -6.457259
v 8.713577 5.896390 -6.457259
v 8.763491 5.887339 -6.366257
v 8.763491 6.092066 -6.366257
v 9.246517 5.887339 -6.366257
v 9.246517 6.092066 -6.366257
v 8.229232 6.083013 -6.457259
v 8.288198 6.141979 -6.457259
v 8.616540 6.141979 -6.457259
v 8.675507 6.083014 -6.457259
v 8.675507 5.896390 -6.457259
v 8.616540 5.837424 -6.457259
v 8.288198 5.837424 -6.457259
v 8.229232 5.896390 -6.457259
v 8.279146 5.887338 -6.366257
v 8.279146 6.092065 -6.366257
v 8.625591 5.887338 -6.366257
v 8.625591 6.092065 -6.366257
v 8.684834 5.319182 -6.457259
v 8.743801 5.378148 -6.457259
v 9.208723 5.378148 -6.457259
v 9.267690 5.319182 -6.457259
v 9.267690 5.132559 -6.457259
v 9.208724 5.073593 -6.457259
v 8.743801 5.073593 -6.457259
v 8.684835 5.132559 -6.457259
v 8.734749 5.123507 -6.366257
v 8.734749 5.328234 -6.366257
v 9.217775 5.123507 -6.366257
v 9.217775 5.328234 -6.366257
v 8.307210 4.975887 -6.457259
v 8.366177 5.034853 -6.457259
v 8.831099 5.034853 -6.457259
v 8.890066 4.975887 -6.457259
v 8.890066 4.789265 -6.457259
v 8.831099 4.730299 -6.457259
v 8.366177 4.730298 -6.457259
v 8.307210 4.789264 -6.457259
v 8.357124 4.780212 -6.366257
v 8.357124 4.984939 -6.366257
v 8.840151 4.780212 -6.366257
v 8.840151 4.984940 -6.366257
v 7.084222 5.456500 -6.457260
v 7.143188 5.515466 -6.457260
v 7.608111 5.515466 -6.457260
v 7.667078 5.456500 -6.457260
v 7.667078 5.269877 -6.457260
v 7.608110 5.210911 -6.457260
v 7.143188 5.210911 -6.457260
v 7.084222 5.269877 -6.457260
v 7.134137 5.260825 -6.366258
v 7.134137 5.465552 -6.366258
v 7.617163 5.260825 -6.366258
v 7.617163 5.465552 -6.366258
v 6.710889 5.134661 -6.457260
v 6.769855 5.193627 -6.457260
v 7.234777 5.193627 -6.457260
v 7.293745 5.134661 -6.457260
v 7.293745 4.948038 -6.457260
v 7.234777 4.889072 -6.457260
v 6.769855 4.889072 -6.457260
v 6.710889 4.948038 -6.457260
v 6.760803 4.938986 -6.366258
v 6.760803 5.143713 -6.366258
v 7.243830 4.938986 -6.366258
v 7.243830 5.143713 -6.366258
v 9.921925 7.200000 -6.446063
v 9.921925 7.200000 -6.946063
v 5.921925 7.200000 -6.446063
v 5.921925 7.200000 -6.946063
v 5.921925 8.000000 -6.196063
v 9.921925 8.000000 -6.196063
v 9.921925 8.000000 -7.196063
v 5.921925 8.000000 -7.196063
v 5.921925 7.450000 -6.196063
v 9.921925 7.450000 -6.196063
v 9.921925 7.450000 -7.196063
v 5.921925 7.450000 -7.196063
v 9.021925 8.000000 -6.196063
v 8.821925 8.000000 -6.196063
v 8.921925 8.000000 -6.266774
v 7.021925 8.000000 -6.196063
v 6.821925 8.000000 -6.196063
v 6.921925 8.000000 -6.266773
v 6.821925 8.000000 -7.196063
v 7.021925 8.000000 -7.196063
v 6.921925 8.000000 -7.125351
v 8.821925 8.000000 -7.196063
v 9.021925 8.000000 -7.196063
v 8.921925 8.000000 -7.125351
v 7.021925 7.450000 -6.196063
v 6.821925 7.450000 -6.196063
v 6.921925 7.379289 -6.266774
v 9.021925 7.450001 -6.196063
v 8.821924 7.450001 -6.196063
v 8.921925 7.379290 -6.266774
v 8.821924 7.450001 -7.196063
v 9.021925 7.450001 -7.196063
v 8.921925 7.379290 -7.125351
v 6.821925 7.450000 -7.196063
v 7.021925 7.450000 -7.196063
v 6.921925 7.379289 -7.125351
v 8.821925 8.000000 -7.046062
v 8.821925 8.000000 -6.346062
v 8.921925 7.900001 -6.346062
v 8.921925 7.900001 -7.046062
v 9.021925 8.000000 -6.346062
v 9.021925 8.000000 -7.046062
v 6.821925 8.000000 -7.046062
v 6.821925 8.000000 -6.346062
v 6.921925 7.900000 -6.346062
v 6.921925 7.900000 -7.046062
v 7.021925 8.000000 -6.346062
v 7.021925 8.000000 -7.046062
v 11.329139 7.200000 -6.446063
v 9.829139 7.200000 -6.446063
v 9.829139 4.500000 -6.446063
v 11.579139 4.500000 -4.696002
v 9.829139 4.500000 -6.946063
v 12.079139 4.500000 -4.696063
v 12.079139 7.200000 -4.696063
v 11.329108 4.000000 -6.196063
v 11.329108 4.250000 -6.196063
v 11.329139 4.500000 -6.446063
v 11.579139 4.500000 -6.196002
v 9.829139 4.250000 -6.196063
v 9.829139 4.000000 -6.196063
v 11.329170 4.000000 -4.696002
v 11.329170 4.250000 -4.696002
v 9.829139 4.000000 -7.196063
v 9.829139 4.250000 -7.196063
v 9.829139 7.200000 -6.946063
v 10.729139 4.000000 -7.196063
v 10.929139 4.000000 -7.196063
v 10.829139 4.000000 -7.125351
v 10.929139 4.250000 -7.196063
v 10.729139 4.250000 -7.196063
v 10.829139 4.320711 -7.125351
v 11.829139 4.500000 -6.946063
v 11.829139 4.000000 -7.196063
v 11.829139 4.250000 -7.196063
v 11.829139 7.200000 -6.946063
v 12.329139 4.000000 -4.696063
v 12.329139 4.250000 -4.696063
v 12.329139 4.000000 -5.796063
v 12.329139 4.000000 -5.596063
v 12.258428 4.000000 -5.696063
v 12.329139 4.250000 -5.596063
v 12.329139 4.250000 -5.796063
v 12.258428 4.320711 -5.696063
v 12.329139 4.250000 -6.696063
v 12.329139 4.000000 -6.696063
v 12.079139 4.500000 -6.696063
v 11.219665 6.416399 -7.030885
v 11.231304 6.208868 -7.025868
v 10.748277 6.413594 -7.025867
v 10.748277 6.208868 -7.025867
v 10.698362 6.217920 -6.934865
v 10.757329 6.158953 -6.934865
v 11.222252 6.158953 -6.934865
v 11.281218 6.217920 -6.934866
v 11.281218 6.404542 -6.934866
v 11.222254 6.463509 -6.934865
v 10.757329 6.463509 -6.934865
v 10.698363 6.404542 -6.934865
v 11.068069 6.399585 -7.019780
v 11.083300 6.448836 -6.961617
v 10.774427 6.906921 -6.934866
v 10.715461 6.965887 -6.934866
v 10.250538 6.965887 -6.934865
v 10.191571 6.906921 -6.934865
v 10.191571 6.720298 -6.934865
v 10.250538 6.661332 -6.934865
v 10.715461 6.661332 -6.934866
v 10.774427 6.720298 -6.934866
v 10.724512 6.711246 -7.025868
v 10.724512 6.915973 -7.025868
v 10.241486 6.711246 -7.025868
v 10.241486 6.915973 -7.025868
v 11.037487 6.083013 -6.934865
v 10.978521 6.141979 -6.934865
v 10.513597 6.141979 -6.934865
v 10.454631 6.083013 -6.934865
v 10.454631 5.896390 -6.934865
v 10.513597 5.837424 -6.934865
v 10.978521 5.837424 -6.934865
v 11.037487 5.896390 -6.934865
v 10.987572 5.887338 -7.025868
v 10.987572 6.092065 -7.025868
v 10.504546 5.887338 -7.025867
v 10.504546 6.092065 -7.025867
v 11.521831 6.083013 -6.934866
v 11.462865 6.141979 -6.934865
v 11.134524 6.141979 -6.934865
v 11.075557 6.083013 -6.934865
v 11.075557 5.896390 -6.934865
v 11.134523 5.837424 -6.934865
v 11.462865 5.837424 -6.934865
v 11.521831 5.896390 -6.934866
v 11.471917 5.887338 -7.025868
v 11.471917 6.092065 -7.025868
v 11.125472 5.887338 -7.025867
v 11.125472 6.092065 -7.025867
v 11.066229 5.319182 -6.934865
v 11.007263 5.378148 -6.934865
v 10.542340 5.378148 -6.934865
v 10.483374 5.319182 -6.934865
v 10.483374 5.132559 -6.934865
v 10.542340 5.073593 -6.934865
v 11.007263 5.073593 -6.934865
v 11.066229 5.132559 -6.934865
v 11.016315 5.123507 -7.025868
v 11.016315 5.328234 -7.025868
v 10.533288 5.123507 -7.025866
v 10.533288 5.328234 -7.025867
v 11.443854 4.975887 -6.934865
v 11.384887 5.034853 -6.934865
v 10.919964 5.034853 -6.934865
v 10.860998 4.975887 -6.934865
v 10.860998 4.789264 -6.934865
v 10.919964 4.730298 -6.934865
v 11.384887 4.730298 -6.934865
v 11.443854 4.789264 -6.934865
v 11.393939 4.780212 -7.025867
v 11.393939 4.984939 -7.025867
v 10.910912 4.780212 -7.025867
v 10.910912 4.984939 -7.025867
v 12.067943 6.640867 -5.656676
v 12.067943 6.699834 -5.715642
v 12.067942 6.699834 -6.180564
v 12.067942 6.640867 -6.239532
v 12.067942 6.454244 -6.239532
v 12.067942 6.395278 -6.180564
v 12.067943 6.395278 -5.715642
v 12.067943 6.454244 -5.656676
v 12.158944 6.445192 -5.706591
v 12.158944 6.649919 -5.706591
v 12.158944 6.445192 -6.189617
v 12.158944 6.649919 -6.189617
v 12.164525 5.259213 -5.757398
v 12.158944 5.466141 -5.766031
v 12.158944 5.261414 -5.283003
v 12.158944 5.466141 -5.283003
v 12.067944 5.457089 -5.233089
v 12.067944 5.516055 -5.292056
v 12.067943 5.516055 -5.756979
v 12.067943 5.457089 -5.815944
v 12.067943 5.270466 -5.815944
v 12.067943 5.211500 -5.756979
v 12.067943 5.211500 -5.292056
v 12.067944 5.270466 -5.233089
v 12.152856 5.275424 -5.602796
v 12.094693 5.226173 -5.618026
v 12.067943 6.958415 -5.287633
v 12.067943 7.017381 -5.346600
v 12.067942 7.017381 -5.811523
v 12.067942 6.958415 -5.870490
v 12.067942 6.771792 -5.870490
v 12.067942 6.712826 -5.811523
v 12.067944 6.712826 -5.346600
v 12.067943 6.771792 -5.287633
v 12.158944 6.762740 -5.337549
v 12.158944 6.967467 -5.337549
v 12.158944 6.762740 -5.820575
v 12.158944 6.967467 -5.820575
v 12.067942 5.456500 -5.858360
v 12.067942 5.515466 -5.917326
v 12.067942 5.515466 -6.382249
v 12.067942 5.456500 -6.441216
v 12.067942 5.269877 -6.441216
v 12.067942 5.210911 -6.382249
v 12.067942 5.210911 -5.917326
v 12.067942 5.269877 -5.858360
v 12.158944 5.260825 -5.908275
v 12.158944 5.465552 -5.908275
v 12.158943 5.260825 -6.391302
v 12.158943 5.465552 -6.391302
v 12.067942 5.134661 -5.485027
v 12.067942 5.193627 -5.543993
v 12.067942 5.193627 -6.008915
v 12.067942 5.134661 -6.067883
v 12.067942 4.948038 -6.067883
v 12.067942 4.889072 -6.008915
v 12.067942 4.889072 -5.543993
v 12.067942 4.948038 -5.485027
v 12.158943 4.938986 -5.534942
v 12.158943 5.143713 -5.534942
v 12.158943 4.938986 -6.017969
v 12.158943 5.143713 -6.017969
v 10.897945 5.085342 -6.457259
v 10.838978 5.144309 -6.457259
v 10.374056 5.144309 -6.457259
v 10.315089 5.085342 -6.457259
v 10.315089 4.898720 -6.457259
v 10.374056 4.839753 -6.457259
v 10.838978 4.839753 -6.457259
v 10.897945 4.898720 -6.457259
v 10.848031 4.889668 -6.366257
v 10.848031 5.094394 -6.366257
v 10.365004 4.889668 -6.366257
v 10.365004 5.094394 -6.366257
v 10.543686 6.792825 -6.361242
v 10.555325 6.585293 -6.366257
v 10.072299 6.790020 -6.366257
v 10.072299 6.585293 -6.366257
v 10.022384 6.594345 -6.457259
v 10.081350 6.535379 -6.457259
v 10.546273 6.535379 -6.457259
v 10.605240 6.594345 -6.457259
v 10.605240 6.780968 -6.457259
v 10.546273 6.839934 -6.457259
v 10.081350 6.839934 -6.457259
v 10.022384 6.780968 -6.457259
v 10.392091 6.776011 -6.372346
v 10.407321 6.825262 -6.430508
v 10.990747 6.427781 -6.457259
v 10.931780 6.486747 -6.457259
v 10.466857 6.486747 -6.457259
v 10.407891 6.427781 -6.457259
v 10.407891 6.241158 -6.457259
v 10.466857 6.182191 -6.457259
v 10.931780 6.182191 -6.457259
v 10.990747 6.241158 -6.457259
v 10.940832 6.232106 -6.366257
v 10.940832 6.436832 -6.366257
v 10.457805 6.232106 -6.366257
v 10.457805 6.436832 -6.366257
v 11.590336 4.989707 -5.807373
v 11.590336 5.048674 -5.748407
v 11.590336 5.048674 -5.283483
v 11.590336 4.989707 -5.224517
v 11.590336 4.803084 -5.224517
v 11.590336 4.744118 -5.283483
v 11.590336 4.744118 -5.748407
v 11.590336 4.803084 -5.807373
v 11.499334 4.794032 -5.757458
v 11.499334 4.998759 -5.757458
v 11.499334 4.794032 -5.274432
v 11.499334 4.998759 -5.274432
v 11.494318 5.123354 -4.899446
v 11.499334 5.330885 -4.887806
v 11.499334 5.126158 -5.370834
v 11.499334 5.330885 -5.370834
v 11.590335 5.321833 -5.420747
v 11.590335 5.380799 -5.361782
v 11.590335 5.380799 -4.896859
v 11.590335 5.321833 -4.837892
v 11.590335 5.135210 -4.837892
v 11.590335 5.076244 -4.896859
v 11.590335 5.076244 -5.361782
v 11.590335 5.135210 -5.420747
v 11.505423 5.140168 -5.051041
v 11.563585 5.090916 -5.035811
v 11.590335 6.668640 -5.811624
v 11.590335 6.727607 -5.752656
v 11.590335 6.727607 -5.287735
v 11.590335 6.668640 -5.228768
v 11.590335 6.482017 -5.228768
v 11.590335 6.423051 -5.287735
v 11.590335 6.423051 -5.752656
v 11.590335 6.482017 -5.811624
v 11.499334 6.472965 -5.761709
v 11.499334 6.677692 -5.761709
v 11.499334 6.472965 -5.278682
v 11.499334 6.677692 -5.278682
v 11.579139 7.200000 -4.696002
v 12.079139 7.200000 -6.696063
v 11.579139 7.200000 -6.196002
v 11.329108 7.450000 -6.196063
v 9.829139 7.450000 -6.196063
v 9.829139 8.000000 -6.196063
v 10.929138 7.450000 -6.196063
v 10.729138 7.450000 -6.196063
v 10.829138 7.379289 -6.266774
v 10.929138 8.000000 -6.196063
v 10.829139 8.000000 -6.266774
v 11.399911 7.379289 -5.696001
v 11.329170 7.450000 -5.796001
v 11.329170 7.450000 -5.596001
v 11.399850 8.000000 -5.696063
v 11.329170 8.000000 -5.796001
v 11.329170 7.450000 -4.696002
v 9.829139 7.450000 -7.196063
v 10.729139 8.000000 -7.196063
v 10.829139 8.000000 -7.125351
v 10.729139 7.450000 -7.196063
v 10.929139 7.450000 -7.196063
v 10.829139 7.379289 -7.125351
v 11.829139 8.000000 -7.196063
v 11.829139 7.450000 -7.196063
v 12.329139 7.450000 -4.696063
v 12.258428 8.000000 -5.696063
v 12.329139 7.450000 -5.796063
v 12.329139 7.450000 -5.596063
v 12.258428 7.379289 -5.696063
v 12.329139 7.450000 -6.696063
v 12.329139 8.000000 -6.696063
v 9.829139 8.000000 -7.196063
v 10.929139 8.000000 -7.196063
v 10.729139 8.000000 -6.196063
v 10.929139 8.000000 -6.346063
v 10.929139 8.000000 -7.046063
v 10.829139 7.900000 -7.046063
v 10.829139 7.900000 -6.346063
v 10.729139 8.000000 -7.046063
v 10.729139 8.000000 -6.346063
v 11.329108 8.000000 -6.196063
v 11.329108 8.000000 -4.696063
v 12.329139 8.000000 -4.696063
v 11.329108 8.000000 -5.596063
v 12.329139 8.000000 -5.796063
v 12.329139 8.000000 -5.596063
v 12.179139 8.000000 -5.796063
v 11.479139 8.000000 -5.796063
v 11.479139 7.900000 -5.696063
v 12.179139 7.900000 -5.696063
v 11.479139 8.000000 -5.596063
v 12.179139 8.000000 -5.596063
v -11.750000 7.200000 -6.196063
v -11.750000 7.200000 -4.696063
v -11.750000 4.500000 -4.696063
v -9.999939 4.500000 -6.446063
v -12.250000 4.500000 -4.696063
v -10.000000 4.500000 -6.946063
v -10.000000 7.200000 -6.946063
v -11.500000 4.000000 -6.196032
v -11.500000 4.250000 -6.196032
v -11.750000 4.500000 -6.196063
v -11.499939 4.500000 -6.446063
v -11.500000 4.250000 -4.696063
v -11.500000 4.000000 -4.696063
v -9.999939 4.000000 -6.196093
v -9.999939 4.250000 -6.196093
v -12.500000 4.000000 -4.696063
v -12.500000 4.250000 -4.696063
v -12.250000 7.200000 -4.696063
v -12.500000 4.000000 -5.596062
v -12.500000 4.000000 -5.796063
v -12.429289 4.000000 -5.696063
v -12.500000 4.250000 -5.796063
v -12.500000 4.250000 -5.596062
v -12.429289 4.320711 -5.696063
v -12.250000 4.500000 -6.696063
v -12.500000 4.000000 -6.696063
v -12.500000 4.250000 -6.696063
v -12.250000 7.200000 -6.696063
v -10.000000 4.000000 -7.196063
v -10.000000 4.250000 -7.196063
v -11.100000 4.000000 -7.196063
v -10.900000 4.000000 -7.196063
v -11.000000 4.000000 -7.125351
v -10.900000 4.250000 -7.196063
v -11.100000 4.250000 -7.196063
v -11.000000 4.320711 -7.125351
v -12.000000 4.250000 -7.196063
v -12.000000 4.000000 -7.196063
v -12.000000 4.500000 -6.946063
v -12.334822 6.416399 -6.086588
v -12.329805 6.208868 -6.098228
v -12.329803 6.413594 -5.615201
v -12.329803 6.208868 -5.615201
v -12.238804 6.217920 -5.565286
v -12.238804 6.158953 -5.624253
v -12.238804 6.158953 -6.089176
v -12.238804 6.217920 -6.148141
v -12.238804 6.404542 -6.148141
v -12.238804 6.463510 -6.089177
v -12.238804 6.463509 -5.624253
v -12.238804 6.404542 -5.565286
v -12.323717 6.399585 -5.934994
v -12.265554 6.448836 -5.950223
v -12.238804 6.906921 -5.641350
v -12.238804 6.965887 -5.582385
v -12.238804 6.965887 -5.117462
v -12.238804 6.906921 -5.058495
v -12.238804 6.720298 -5.058495
v -12.238804 6.661332 -5.117462
v -12.238804 6.661332 -5.582385
v -12.238804 6.720298 -5.641350
v -12.329805 6.711246 -5.591436
v -12.329805 6.915973 -5.591436
v -12.329805 6.711246 -5.108409
v -12.329805 6.915973 -5.108409
v -12.238804 6.083013 -5.904411
v -12.238804 6.141979 -5.845444
v -12.238804 6.141979 -5.380521
v -12.238804 6.083013 -5.321555
v -12.238804 5.896390 -5.321555
v -12.238804 5.837424 -5.380521
v -12.238804 5.837424 -5.845444
v -12.238804 5.896390 -5.904411
v -12.329805 5.887338 -5.854496
v -12.329805 6.092065 -5.854496
v -12.329803 5.887338 -5.371470
v -12.329803 6.092065 -5.371470
v -12.238804 6.083013 -6.388754
v -12.238804 6.141979 -6.329789
v -12.238804 6.141979 -6.001447
v -12.238804 6.083013 -5.942481
v -12.238804 5.896390 -5.942481
v -12.238804 5.837424 -6.001447
v -12.238804 5.837424 -6.329789
v -12.238804 5.896390 -6.388754
v -12.329805 5.887338 -6.338841
v -12.329805 6.092065 -6.338841
v -12.329803 5.887338 -5.992396
v -12.329803 6.092065 -5.992396
v -12.238804 5.319182 -5.933153
v -12.238804 5.378148 -5.874187
v -12.238804 5.378148 -5.409264
v -12.238804 5.319182 -5.350297
v -12.238804 5.132559 -5.350297
v -12.238804 5.073593 -5.409264
v -12.238804 5.073593 -5.874187
v -12.238804 5.132559 -5.933153
v -12.329805 5.123507 -5.883238
v -12.329805 5.328234 -5.883238
v -12.329803 5.123507 -5.400212
v -12.329803 5.328234 -5.400212
v -12.238804 4.975887 -6.310777
v -12.238804 5.034853 -6.251811
v -12.238804 5.034853 -5.786888
v -12.238804 4.975887 -5.727922
v -12.238804 4.789264 -5.727922
v -12.238804 4.730298 -5.786888
v -12.238804 4.730298 -6.251811
v -12.238804 4.789264 -6.310777
v -12.329803 4.780212 -6.260863
v -12.329803 4.984939 -6.260863
v -12.329803 4.780212 -5.777835
v -12.329803 4.984939 -5.777835
v -10.960613 6.640867 -6.934866
v -11.019581 6.699834 -6.934866
v -11.484503 6.699834 -6.934865
v -11.543468 6.640867 -6.934865
v -11.543468 6.454244 -6.934865
v -11.484503 6.395278 -6.934865
v -11.019581 6.395278 -6.934866
v -10.960613 6.454244 -6.934866
v -11.010529 6.445192 -7.025868
v -11.010529 6.649919 -7.025868
v -11.493553 6.445192 -7.025868
v -11.493553 6.649919 -7.025868
v -11.058327 5.258609 -7.030884
v -11.069967 5.466141 -7.025868
v -10.586941 5.261414 -7.025868
v -10.586941 5.466141 -7.025868
v -10.537025 5.457089 -6.934866
v -10.595993 5.516055 -6.934866
v -11.060917 5.516055 -6.934866
v -11.119883 5.457089 -6.934866
v -11.119883 5.270466 -6.934866
v -11.060917 5.211500 -6.934866
v -10.595993 5.211500 -6.934866
v -10.537025 5.270466 -6.934866
v -10.906734 5.275424 -7.019780
v -10.921965 5.226173 -6.961617
v -10.591572 6.958415 -6.934866
v -10.650537 7.017381 -6.934866
v -11.115459 7.017381 -6.934865
v -11.174427 6.958415 -6.934865
v -11.174427 6.771792 -6.934865
v -11.115459 6.712826 -6.934865
v -10.650537 6.712826 -6.934866
v -10.591572 6.771792 -6.934866
v -10.641485 6.762740 -7.025868
v -10.641485 6.967467 -7.025868
v -11.124512 6.762740 -7.025868
v -11.124512 6.967467 -7.025868
v -11.162296 5.456500 -6.934865
v -11.221264 5.515466 -6.934865
v -11.686188 5.515466 -6.934865
v -11.745153 5.456500 -6.934865
v -11.745153 5.269877 -6.934865
v -11.686188 5.210911 -6.934865
v -11.221264 5.210911 -6.934865
v -11.162296 5.269877 -6.934865
v -11.212212 5.260825 -7.025868
v -11.212212 5.465552 -7.025868
v -11.695238 5.260825 -7.025867
v -11.695238 5.465552 -7.025867
v -10.788963 5.134661 -6.934865
v -10.847931 5.193627 -6.934865
v -11.312853 5.193627 -6.934865
v -11.371820 5.134661 -6.934865
v -11.371820 4.948038 -6.934865
v -11.312853 4.889072 -6.934865
v -10.847931 4.889072 -6.934865
v -10.788963 4.948038 -6.934865
v -10.838879 4.938986 -7.025867
v -10.838879 5.143713 -7.025867
v -11.321905 4.938986 -7.025867
v -11.321905 5.143713 -7.025867
v -11.761196 5.085342 -5.764868
v -11.761196 5.144309 -5.705902
v -11.761196 5.144309 -5.240980
v -11.761196 5.085342 -5.182013
v -11.761196 4.898720 -5.182013
v -11.761196 4.839753 -5.240980
v -11.761196 4.839753 -5.705902
v -11.761196 4.898720 -5.764868
v -11.670195 4.889668 -5.714955
v -11.670195 5.094394 -5.714955
v -11.670195 4.889668 -5.231927
v -11.670195 5.094394 -5.231927
v -11.665178 6.792824 -5.410609
v -11.670195 6.585293 -5.422248
v -11.670195 6.790020 -4.939223
v -11.670195 6.585293 -4.939223
v -11.761196 6.594345 -4.889307
v -11.761196 6.535379 -4.948273
v -11.761196 6.535379 -5.413197
v -11.761196 6.594345 -5.472164
v -11.761196 6.780968 -5.472164
v -11.761196 6.839934 -5.413197
v -11.761196 6.839934 -4.948273
v -11.761196 6.780968 -4.889307
v -11.676283 6.776011 -5.259015
v -11.734446 6.825262 -5.274245
v -11.761196 6.427781 -5.857670
v -11.761196 6.486747 -5.798704
v -11.761196 6.486747 -5.333781
v -11.761196 6.427781 -5.274815
v -11.761196 6.241158 -5.274815
v -11.761196 6.182191 -5.333781
v -11.761196 6.182191 -5.798704
v -11.761196 6.241158 -5.857670
v -11.670195 6.232106 -5.807756
v -11.670195 6.436832 -5.807756
v -11.670195 6.232106 -5.324728
v -11.670195 6.436832 -5.324728
v -11.111311 4.989707 -6.457260
v -11.052343 5.048674 -6.457260
v -10.587421 5.048674 -6.457260
v -10.528456 4.989707 -6.457260
v -10.528456 4.803084 -6.457260
v -10.587421 4.744118 -6.457260
v -11.052343 4.744118 -6.457260
v -11.111311 4.803084 -6.457260
v -11.061396 4.794032 -6.366257
v -11.061396 4.998759 -6.366257
v -10.578369 4.794032 -6.366257
v -10.578369 4.998759 -6.366257
v -10.203382 5.123354 -6.361241
v -10.191744 5.330885 -6.366257
v -10.674770 5.126158 -6.366257
v -10.674770 5.330885 -6.366257
v -10.724686 5.321833 -6.457259
v -10.665720 5.380799 -6.457259
v -10.200796 5.380800 -6.457259
v -10.141829 5.321834 -6.457259
v -10.141829 5.135211 -6.457259
v -10.200796 5.076244 -6.457259
v -10.665720 5.076244 -6.457259
v -10.724686 5.135210 -6.457259
v -10.354980 5.140169 -6.372345
v -10.339748 5.090916 -6.430508
v -11.115561 6.668640 -6.457259
v -11.056595 6.727607 -6.457259
v -10.591673 6.727607 -6.457259
v -10.532705 6.668640 -6.457259
v -10.532705 6.482017 -6.457259
v -10.591673 6.423051 -6.457259
v -11.056595 6.423051 -6.457259
v -11.115561 6.482017 -6.457259
v -11.065645 6.472965 -6.366257
v -11.065645 6.677692 -6.366257
v -10.582621 6.472965 -6.366257
v -10.582621 6.677692 -6.366257
v -9.999939 7.200000 -6.446063
v -12.000000 7.200000 -6.946063
v -11.499939 7.200000 -6.446063
v -11.500000 7.450000 -6.196032
v -11.500000 7.450000 -4.696063
v -11.500000 8.000000 -4.696063
v -11.500000 7.450000 -5.796062
v -11.500000 7.450000 -5.596061
v -11.570711 7.379289 -5.696062
v -11.500000 8.000000 -5.796062
v -11.570711 8.000000 -5.696063
v -10.999937 7.379289 -6.266835
v -11.099937 7.450000 -6.196093
v -10.899939 7.450000 -6.196093
v -11.000000 8.000000 -6.266774
v -11.099937 8.000000 -6.196093
v -9.999939 7.450000 -6.196093
v -12.500000 7.450000 -4.696063
v -12.500000 8.000000 -5.596062
v -12.429289 8.000000 -5.696063
v -12.500000 7.450000 -5.596062
v -12.500000 7.450000 -5.796063
v -12.429289 7.379289 -5.696063
v -12.500000 8.000000 -6.696063
v -12.500000 7.450000 -6.696063
v -10.000000 7.450000 -7.196063
v -11.000000 8.000000 -7.125351
v -11.100000 7.450000 -7.196063
v -10.900000 7.450000 -7.196063
v -11.000000 7.379289 -7.125351
v -12.000000 7.450000 -7.196063
v -12.000000 8.000000 -7.196063
v -12.500000 8.000000 -4.696063
v -12.500000 8.000000 -5.796063
v -11.500000 8.000000 -5.596062
v -11.650000 8.000000 -5.796063
v -12.350000 8.000000 -5.796063
v -12.350000 7.900000 -5.696063
v -11.650000 7.900000 -5.696063
v -12.350000 8.000000 -5.596062
v -11.650000 8.000000 -5.596062
v -11.500000 8.000000 -6.196032
v -10.000000 8.000000 -6.196032
v -10.000000 8.000000 -7.196063
v -10.900000 8.000000 -6.196032
v -11.100000 8.000000 -7.196063
v -10.900000 8.000000 -7.196063
v -11.100000 8.000000 -7.046063
v -11.100000 8.000000 -6.346062
v -11.000000 7.900000 -6.346062
v -11.000000 7.900000 -7.046063
v -10.900000 8.000000 -6.346062
v -10.900000 8.000000 -7.046063
v -10.003336 0.500000 -6.946063
v -10.003336 0.500000 -6.446063
v -10.003336 -0.000000 -6.196063
v -6.003336 -0.000000 -6.196063
v -6.003336 0.000000 -7.196063
v -10.003336 0.000000 -7.196063
v -10.003336 0.250000 -6.196063
v -6.003336 0.250000 -6.196063
v -6.003336 0.250000 -7.196063
v -10.003336 0.250000 -7.196063
v -6.003336 0.500000 -6.946063
v -6.003336 0.500000 -6.446063
v -8.903336 -0.000000 -6.196063
v -9.103336 -0.000000 -6.196063
v -9.003336 -0.000000 -6.266774
v -6.903336 -0.000000 -6.196063
v -7.103336 -0.000000 -6.196063
v -7.003336 -0.000000 -6.266774
v -7.103336 0.000000 -7.196063
v -6.903336 0.000000 -7.196063
v -7.003336 0.000000 -7.125351
v -9.103336 0.000000 -7.196063
v -8.903336 0.000000 -7.196063
v -9.003336 0.000000 -7.125351
v -9.103336 0.250000 -6.196063
v -8.903336 0.250000 -6.196063
v -9.003336 0.320711 -6.266774
v -7.103336 0.250000 -6.196063
v -6.903336 0.250000 -6.196063
v -7.003336 0.320711 -6.266774
v -6.903336 0.250000 -7.196063
v -7.103336 0.250000 -7.196063
v -7.003336 0.320711 -7.125351
v -8.903336 0.250000 -7.196063
v -9.103336 0.250000 -7.196063
v -9.003336 0.320711 -7.125351
v -6.963949 2.640867 -6.934865
v -7.022915 2.699834 -6.934865
v -7.487837 2.699834 -6.934865
v -7.546804 2.640867 -6.934865
v -7.546804 2.454244 -6.934865
v -7.487837 2.395278 -6.934865
v -7.022915 2.395278 -6.934865
v -6.963949 2.454244 -6.934865
v -7.013863 2.445192 -7.025866
v -7.013863 2.649919 -7.025866
v -7.496889 2.445192 -7.025866
v -7.496889 2.649919 -7.025866
v -8.612812 2.416399 -7.030883
v -8.601171 2.208868 -7.025867
v -9.084198 2.413594 -7.025867
v -9.084198 2.208868 -7.025867
v -9.134111 2.217920 -6.934866
v -9.075146 2.158953 -6.934866
v -8.610222 2.158953 -6.934866
v -8.551256 2.217920 -6.934866
v -8.551256 2.404542 -6.934866
v -8.610222 2.463509 -6.934866
v -9.075146 2.463509 -6.934866
v -9.134111 2.404542 -6.934866
v -8.764406 2.399584 -7.019779
v -8.749174 2.448836 -6.961616
v -7.064671 1.259213 -7.031447
v -7.073303 1.466141 -7.025866
v -6.590277 1.261414 -7.025867
v -6.590277 1.466141 -7.025866
v -6.540361 1.457089 -6.934865
v -6.599329 1.516055 -6.934865
v -7.064251 1.516055 -6.934865
v -7.123219 1.457089 -6.934865
v -7.123219 1.270466 -6.934865
v -7.064251 1.211500 -6.934865
v -6.599329 1.211500 -6.934865
v -6.540361 1.270466 -6.934865
v -6.910070 1.275424 -7.019778
v -6.925299 1.226173 -6.961615
v -6.594906 2.958415 -6.934865
v -6.653873 3.017381 -6.934865
v -7.118795 3.017381 -6.934865
v -7.177763 2.958415 -6.934865
v -7.177763 2.771792 -6.934865
v -7.118795 2.712826 -6.934865
v -6.653873 2.712826 -6.934865
v -6.594906 2.771792 -6.934865
v -6.644821 2.762740 -7.025866
v -6.644821 2.967467 -7.025866
v -7.127848 2.762740 -7.025866
v -7.127848 2.967467 -7.025866
v -9.058048 2.906921 -6.934866
v -9.117014 2.965887 -6.934866
v -9.581936 2.965887 -6.934866
v -9.640903 2.906921 -6.934866
v -9.640903 2.720298 -6.934866
v -9.581936 2.661332 -6.934866
v -9.117014 2.661332 -6.934866
v -9.058048 2.720298 -6.934866
v -9.107962 2.711246 -7.025867
v -9.107962 2.915973 -7.025867
v -9.590988 2.711246 -7.025867
v -9.590988 2.915973 -7.025867
v -8.794989 2.083013 -6.934866
v -8.853954 2.141979 -6.934866
v -9.318876 2.141979 -6.934866
v -9.377844 2.083013 -6.934866
v -9.377844 1.896390 -6.934866
v -9.318876 1.837424 -6.934866
v -8.853954 1.837424 -6.934866
v -8.794989 1.896390 -6.934866
v -8.844902 1.887338 -7.025867
v -8.844902 2.092065 -7.025867
v -9.327929 1.887338 -7.025867
v -9.327929 2.092065 -7.025867
v -8.310642 2.083013 -6.934866
v -8.369610 2.141979 -6.934866
v -8.697950 2.141979 -6.934866
v -8.756918 2.083013 -6.934866
v -8.756918 1.896390 -6.934866
v -8.697950 1.837424 -6.934866
v -8.369610 1.837424 -6.934866
v -8.310642 1.896390 -6.934866
v -8.360558 1.887338 -7.025867
v -8.360558 2.092065 -7.025867
v -8.707003 1.887338 -7.025867
v -8.707003 2.092065 -7.025867
v -8.766245 1.319182 -6.934866
v -8.825212 1.378148 -6.934866
v -9.290134 1.378148 -6.934866
v -9.349100 1.319182 -6.934866
v -9.349100 1.132559 -6.934866
v -9.290134 1.073593 -6.934866
v -8.825212 1.073593 -6.934866
v -8.766247 1.132559 -6.934866
v -8.816160 1.123507 -7.025867
v -8.816160 1.328234 -7.025867
v -9.299187 1.123507 -7.025867
v -9.299187 1.328234 -7.025867
v -8.388620 0.975887 -6.934865
v -8.447588 1.034853 -6.934865
v -8.912512 1.034853 -6.934865
v -8.971478 0.975887 -6.934865
v -8.971478 0.789264 -6.934865
v -8.912512 0.730298 -6.934865
v -8.447588 0.730298 -6.934865
v -8.388620 0.789264 -6.934865
v -8.438536 0.780212 -7.025868
v -8.438536 0.984939 -7.025868
v -8.921562 0.780212 -7.025868
v -8.921562 0.984939 -7.025867
v -7.165632 1.456500 -6.934865
v -7.224600 1.515466 -6.934865
v -7.689524 1.515466 -6.934865
v -7.748489 1.456500 -6.934865
v -7.748489 1.269877 -6.934865
v -7.689524 1.210911 -6.934865
v -7.224600 1.210911 -6.934865
v -7.165632 1.269877 -6.934865
v -7.215548 1.260825 -7.025866
v -7.215548 1.465552 -7.025866
v -7.698574 1.260825 -7.025866
v -7.698574 1.465552 -7.025866
v -6.792299 1.134661 -6.934865
v -6.851265 1.193627 -6.934865
v -7.316189 1.193627 -6.934865
v -7.375156 1.134661 -6.934865
v -7.375156 0.948038 -6.934865
v -7.316189 0.889072 -6.934865
v -6.851265 0.889072 -6.934865
v -6.792299 0.948038 -6.934865
v -6.842215 0.938986 -7.025867
v -6.842215 1.143713 -7.025867
v -7.325241 0.938986 -7.025867
v -7.325241 1.143713 -7.025866
v -9.042723 2.640867 -6.457260
v -8.983757 2.699834 -6.457260
v -8.518833 2.699834 -6.457260
v -8.459867 2.640867 -6.457260
v -8.459867 2.454244 -6.457260
v -8.518833 2.395278 -6.457260
v -8.983757 2.395278 -6.457260
v -9.042723 2.454244 -6.457260
v -8.992809 2.445192 -6.366258
v -8.992809 2.649919 -6.366258
v -8.509781 2.445192 -6.366258
v -8.509781 2.649919 -6.366258
v -7.393864 2.416398 -6.361241
v -7.405500 2.208868 -6.366257
v -6.922474 2.413594 -6.366257
v -6.922476 2.208868 -6.366257
v -6.872561 2.217920 -6.457259
v -6.931526 2.158953 -6.457259
v -7.396448 2.158953 -6.457259
v -7.455416 2.217920 -6.457259
v -7.455416 2.404542 -6.457259
v -7.396448 2.463509 -6.457259
v -6.931526 2.463509 -6.457259
v -6.872561 2.404542 -6.457259
v -7.242268 2.399583 -6.372345
v -7.257496 2.448836 -6.430508
v -8.942001 1.259214 -6.360678
v -8.933369 1.466141 -6.366258
v -9.416395 1.261414 -6.366258
v -9.416395 1.466141 -6.366258
v -9.466311 1.457089 -6.457260
v -9.407343 1.516055 -6.457260
v -8.942421 1.516055 -6.457260
v -8.883453 1.457089 -6.457260
v -8.883453 1.270466 -6.457260
v -8.942421 1.211500 -6.457260
v -9.407343 1.211500 -6.457260
v -9.466311 1.270466 -6.457260
v -9.096603 1.275424 -6.372347
v -9.081373 1.226173 -6.430509
v -9.411764 2.958415 -6.457260
v -9.352798 3.017381 -6.457260
v -8.887877 3.017381 -6.457260
v -8.828909 2.958415 -6.457260
v -8.828909 2.771792 -6.457260
v -8.887877 2.712826 -6.457260
v -9.352798 2.712826 -6.457260
v -9.411764 2.771792 -6.457260
v -9.361851 2.762740 -6.366258
v -9.361851 2.967467 -6.366258
v -8.878824 2.762740 -6.366258
v -8.878824 2.967467 -6.366258
v -6.948624 2.906921 -6.457259
v -6.889658 2.965887 -6.457259
v -6.424734 2.965887 -6.457259
v -6.365768 2.906921 -6.457258
v -6.365768 2.720298 -6.457258
v -6.424734 2.661332 -6.457259
v -6.889658 2.661332 -6.457259
v -6.948624 2.720298 -6.457259
v -6.898710 2.711246 -6.366257
v -6.898710 2.915973 -6.366257
v -6.415682 2.711246 -6.366256
v -6.415682 2.915973 -6.366256
v -7.211683 2.083013 -6.457259
v -7.152718 2.141979 -6.457259
v -6.687796 2.141979 -6.457259
v -6.628828 2.083013 -6.457259
v -6.628828 1.896390 -6.457259
v -6.687796 1.837424 -6.457259
v -7.152718 1.837424 -6.457259
v -7.211683 1.896390 -6.457259
v -7.161770 1.887338 -6.366257
v -7.161770 2.092065 -6.366257
v -6.678743 1.887338 -6.366257
v -6.678743 2.092065 -6.366257
v -7.696030 2.083013 -6.457259
v -7.637062 2.141979 -6.457259
v -7.308722 2.141979 -6.457259
v -7.249754 2.083013 -6.457259
v -7.249754 1.896390 -6.457259
v -7.308722 1.837424 -6.457259
v -7.637062 1.837424 -6.457259
v -7.696030 1.896390 -6.457259
v -7.646114 1.887338 -6.366257
v -7.646114 2.092065 -6.366257
v -7.299669 1.887338 -6.366257
v -7.299669 2.092065 -6.366257
v -7.240425 1.319182 -6.457259
v -7.181459 1.378148 -6.457259
v -6.716537 1.378148 -6.457259
v -6.657572 1.319182 -6.457259
v -6.657572 1.132559 -6.457259
v -6.716537 1.073593 -6.457259
v -7.181459 1.073593 -6.457259
v -7.240425 1.132559 -6.457259
v -7.190512 1.123507 -6.366257
v -7.190512 1.328234 -6.366257
v -6.707485 1.123507 -6.366257
v -6.707485 1.328234 -6.366257
v -7.618052 0.975887 -6.457259
v -7.559084 1.034853 -6.457259
v -7.094162 1.034853 -6.457259
v -7.035194 0.975887 -6.457259
v -7.035194 0.789264 -6.457259
v -7.094162 0.730298 -6.457259
v -7.559084 0.730298 -6.457259
v -7.618052 0.789264 -6.457259
v -7.568136 0.780212 -6.366257
v -7.568136 0.984939 -6.366257
v -7.085110 0.780212 -6.366257
v -7.085110 0.984939 -6.366257
v -8.841040 1.456500 -6.457260
v -8.782072 1.515466 -6.457260
v -8.317150 1.515466 -6.457260
v -8.258183 1.456500 -6.457260
v -8.258183 1.269877 -6.457260
v -8.317150 1.210911 -6.457260
v -8.782072 1.210911 -6.457260
v -8.841040 1.269877 -6.457260
v -8.791124 1.260825 -6.366258
v -8.791124 1.465552 -6.366258
v -8.308098 1.260825 -6.366258
v -8.308098 1.465552 -6.366258
v -9.214373 1.134661 -6.457260
v -9.155405 1.193627 -6.457260
v -8.690483 1.193627 -6.457260
v -8.631516 1.134661 -6.457260
v -8.631516 0.948038 -6.457260
v -8.690483 0.889072 -6.457260
v -9.155405 0.889072 -6.457260
v -9.214373 0.948038 -6.457260
v -9.164457 0.938986 -6.366258
v -9.164457 1.143713 -6.366258
v -8.681431 0.938986 -6.366258
v -8.681431 1.143713 -6.366258
v -6.003336 3.200000 -6.446063
v -6.003336 3.200000 -6.946063
v -10.003336 3.200000 -6.446063
v -10.003336 3.200000 -6.946063
v -10.003336 4.000000 -6.196063
v -6.003336 4.000000 -6.196063
v -6.003336 4.000000 -7.196063
v -10.003336 4.000000 -7.196063
v -10.003336 3.450000 -6.196063
v -6.003336 3.450000 -6.196063
v -6.003336 3.450000 -7.196063
v -10.003336 3.450000 -7.196063
v -6.903336 4.000000 -6.196063
v -7.103336 4.000000 -6.196063
v -7.003336 4.000000 -6.266774
v -8.903336 4.000000 -6.196063
v -9.103336 4.000000 -6.196063
v -9.003336 4.000000 -6.266773
v -9.103336 4.000000 -7.196063
v -8.903336 4.000000 -7.196063
v -9.003336 4.000000 -7.125351
v -7.103336 4.000000 -7.196063
v -6.903336 4.000000 -7.196063
v -7.003336 4.000000 -7.125351
v -8.903336 3.450000 -6.196063
v -9.103336 3.450000 -6.196063
v -9.003336 3.379289 -6.266774
v -6.903336 3.450000 -6.196063
v -7.103336 3.450000 -6.196063
v -7.003336 3.379289 -6.266774
v -7.103336 3.450000 -7.196063
v -6.903336 3.450000 -7.196063
v -7.003336 3.379289 -7.125351
v -9.103336 3.450000 -7.196063
v -8.903336 3.450000 -7.196063
v -9.003336 3.379289 -7.125351
v -7.103336 4.000000 -7.046062
v -7.103336 4.000000 -6.346062
v -7.003336 3.900000 -6.346062
v -7.003336 3.900000 -7.046062
v -6.903336 4.000000 -6.346062
v -6.903336 4.000000 -7.046062
v -9.103336 4.000000 -7.046062
v -9.103336 4.000000 -6.346062
v -9.003336 3.900000 -6.346062
v -9.003336 3.900000 -7.046062
v -8.903336 4.000000 -6.346062
v -8.903336 4.000000 -7.046062
v 12.058822 4.500000 -4.704376
v 12.058822 4.500000 -0.704376
v 12.058822 4.500000 -4.294159
v 12.058822 4.500000 -1.114593
v 11.858857 6.725134 -3.745467
v 12.058822 6.861264 -3.701396
v 12.058783 6.752266 -4.012403
v 12.058745 6.382504 -4.266572
v 12.058769 6.377660 -1.140181
v 12.058822 6.645241 -1.290767
v 12.058954 6.838709 -1.554336
v 12.308822 4.000000 -0.704376
v 12.308822 4.000000 -4.704376
v 12.308822 4.250000 -0.704376
v 12.308822 4.250000 -4.704376
v 12.308822 4.000000 -1.804376
v 12.308822 4.000000 -1.604376
v 12.238111 4.000000 -1.704376
v 12.308822 4.000000 -3.804376
v 12.308822 4.000000 -3.604376
v 12.238111 4.000000 -3.704376
v 12.308822 4.250000 -1.604376
v 12.308822 4.250000 -1.804376
v 12.238111 4.320711 -1.704376
v 12.308822 4.250000 -3.604376
v 12.308822 4.250000 -3.804376
v 12.238111 4.320711 -3.704376
v 12.047626 7.078568 -3.991546
v 12.047626 7.137535 -4.050512
v 12.047626 7.137535 -4.161401
v 12.047626 7.078568 -4.220367
v 12.047626 6.891945 -4.220367
v 12.047626 6.832979 -4.161401
v 12.047626 6.832979 -4.050512
v 12.047626 6.891945 -3.991546
v 12.138628 6.882893 -4.041461
v 12.138628 7.087620 -4.041461
v 12.138628 6.882893 -4.170454
v 12.138628 7.087620 -4.170454
v 12.143644 7.088686 -0.842842
v 12.138628 6.881154 -0.831202
v 12.138629 7.085880 -1.192647
v 12.138629 6.881154 -1.192647
v 12.047627 6.890205 -1.242561
v 12.047627 6.831239 -1.183595
v 12.047627 6.831239 -0.840254
v 12.047627 6.890205 -0.781288
v 12.047627 7.076828 -0.781288
v 12.047627 7.135795 -0.840254
v 12.047627 7.135795 -1.183595
v 12.047627 7.076828 -1.242561
v 12.132540 7.071870 -0.994436
v 12.074377 7.121122 -0.979206
v 12.047628 5.801268 -1.012705
v 12.047628 5.987891 -1.012705
v 12.047628 6.046858 -0.953738
v 12.047626 6.046858 -0.842850
v 12.047626 5.987891 -0.783883
v 12.047628 6.735273 -0.773156
v 12.047628 6.794240 -0.832122
v 12.047628 6.794240 -0.989504
v 12.047628 6.735273 -1.048470
v 12.047628 6.548650 -1.048470
v 12.047628 6.489684 -0.989504
v 12.047628 6.489684 -0.832122
v 12.047628 6.548650 -0.773156
v 12.138629 6.539598 -0.823070
v 12.138629 6.744325 -0.823070
v 12.138629 6.539598 -0.998556
v 12.138629 6.744325 -0.998556
v 12.138629 5.996943 -0.962790
v 12.138629 5.792217 -0.962790
v 12.138629 5.996943 -0.833798
v 12.138629 5.792217 -0.833798
v 12.047626 5.801268 -0.783883
v 12.047626 5.742302 -0.842850
v 12.047628 5.742302 -0.953738
v 12.138628 7.087620 -4.556653
v 12.138628 6.882893 -4.556653
v 12.138628 7.087620 -4.341831
v 12.138628 6.882893 -4.341831
v 12.047626 6.891945 -4.291915
v 12.047626 6.832979 -4.350881
v 12.047626 6.832979 -4.547601
v 12.047626 6.891945 -4.606567
v 12.047626 7.078568 -4.606567
v 12.047626 7.137535 -4.547601
v 12.047626 7.137535 -4.350881
v 12.047626 7.078568 -4.291915
v 12.138627 4.927723 -4.560236
v 12.138627 4.722996 -4.560236
v 12.138627 4.927723 -4.431243
v 12.138627 4.722996 -4.431243
v 12.047626 4.732048 -4.381329
v 12.047626 4.673082 -4.440296
v 12.047626 4.673082 -4.551184
v 12.047626 4.732048 -4.610150
v 12.047626 4.918671 -4.610150
v 12.047626 4.977637 -4.551184
v 12.047626 4.977637 -4.440296
v 12.047626 4.918671 -4.381329
v 12.058822 7.200000 -4.704376
v 12.058822 7.200000 -0.704376
v 12.308822 8.000000 -0.704376
v 12.308822 8.000000 -4.704376
v 12.308822 7.450000 -0.704376
v 12.308822 7.450000 -4.704376
v 12.308822 8.000000 -3.804376
v 12.308822 8.000000 -3.604376
v 12.238111 8.000000 -3.704376
v 12.308822 8.000000 -1.804376
v 12.308822 8.000000 -1.604376
v 12.238111 8.000000 -1.704376
v 12.308822 7.450000 -1.804376
v 12.308822 7.450000 -1.604376
v 12.238111 7.379289 -1.704376
v 12.308822 7.450000 -3.804376
v 12.308822 7.450000 -3.604376
v 12.238111 7.379289 -3.704376
v 12.158822 8.000000 -3.604376
v 12.158822 7.900000 -3.704376
v 12.158822 8.000000 -3.804376
v 12.158822 8.000000 -1.604376
v 12.158822 7.900000 -1.704376
v 12.158822 8.000000 -1.804376
v 11.558821 4.500000 -0.704376
v 11.558823 4.500000 -4.704376
v 11.558821 4.500000 -1.114593
v 11.558823 4.500000 -4.294159
v 11.758786 6.725134 -1.663284
v 11.558822 6.861264 -1.707356
v 11.558861 6.752268 -1.396352
v 11.558897 6.382504 -1.142181
v 11.558875 6.377660 -4.268572
v 11.558822 6.645241 -4.117985
v 11.558689 6.838709 -3.854416
v 11.308823 4.000000 -4.704376
v 11.308821 4.000000 -0.704376
v 11.308823 4.250000 -4.704376
v 11.308821 4.250000 -0.704376
v 11.308822 4.000000 -3.604376
v 11.308822 4.000000 -3.804376
v 11.379533 4.000000 -3.704376
v 11.308822 4.000000 -1.604376
v 11.308822 4.000000 -1.804376
v 11.379532 4.000000 -1.704376
v 11.308822 4.250000 -3.804376
v 11.308822 4.250000 -3.604376
v 11.379533 4.320711 -3.704376
v 11.308822 4.250000 -1.804376
v 11.308822 4.250000 -1.604376
v 11.379532 4.320711 -1.704376
v 11.570017 7.078568 -1.417206
v 11.570017 7.137535 -1.358240
v 11.570017 7.137535 -1.247351
v 11.570017 7.078568 -1.188385
v 11.570017 6.891945 -1.188385
v 11.570017 6.832979 -1.247351
v 11.570017 6.832979 -1.358240
v 11.570017 6.891945 -1.417206
v 11.479016 6.882893 -1.367292
v 11.479016 7.087620 -1.367292
v 11.479016 6.882893 -1.238299
v 11.479016 7.087620 -1.238299
v 11.474000 7.088685 -4.565912
v 11.479016 6.881154 -4.577550
v 11.479016 7.085880 -4.216105
v 11.479016 6.881154 -4.216105
v 11.570017 6.890205 -4.166192
v 11.570017 6.831239 -4.225157
v 11.570017 6.831239 -4.568498
v 11.570017 6.890205 -4.627466
v 11.570017 7.076828 -4.627466
v 11.570017 7.135795 -4.568498
v 11.570017 7.135795 -4.225157
v 11.570017 7.076828 -4.166192
v 11.485105 7.071870 -4.414316
v 11.543267 7.121122 -4.429546
v 11.570017 5.801268 -4.396048
v 11.570017 5.987891 -4.396048
v 11.570017 6.046858 -4.455015
v 11.570017 6.046858 -4.565902
v 11.570017 5.987891 -4.624869
v 11.570017 6.735273 -4.635597
v 11.570017 6.794240 -4.576630
v 11.570017 6.794240 -4.419248
v 11.570017 6.735273 -4.360282
v 11.570017 6.548650 -4.360282
v 11.570017 6.489684 -4.419248
v 11.570017 6.489684 -4.576630
v 11.570017 6.548650 -4.635597
v 11.479015 6.539598 -4.585682
v 11.479015 6.744325 -4.585682
v 11.479015 6.539598 -4.410196
v 11.479016 6.744325 -4.410196
v 11.479015 5.996943 -4.445962
v 11.479015 5.792217 -4.445962
v 11.479015 5.996943 -4.574955
v 11.479015 5.792217 -4.574955
v 11.570017 5.801268 -4.624869
v 11.570017 5.742302 -4.565902
v 11.570017 5.742302 -4.455015
v 11.479016 7.087620 -0.852099
v 11.479016 6.882893 -0.852099
v 11.479016 7.087620 -1.066923
v 11.479016 6.882893 -1.066923
v 11.570017 6.891945 -1.116837
v 11.570017 6.832979 -1.057871
v 11.570017 6.832979 -0.861151
v 11.570017 6.891945 -0.802185
v 11.570017 7.078568 -0.802185
v 11.570017 7.137535 -0.861151
v 11.570017 7.137535 -1.057871
v 11.570017 7.078568 -1.116837
v 11.479016 4.927723 -0.848516
v 11.479016 4.722996 -0.848516
v 11.479016 4.927723 -0.977509
v 11.479016 4.722996 -0.977509
v 11.570017 4.732048 -1.027423
v 11.570017 4.673082 -0.968457
v 11.570017 4.673082 -0.857569
v 11.570017 4.732048 -0.798602
v 11.570017 4.918671 -0.798602
v 11.570017 4.977637 -0.857569
v 11.570017 4.977637 -0.968457
v 11.570017 4.918671 -1.027423
v 11.558821 7.200000 -0.704376
v 11.558823 7.200000 -4.704376
v 11.308823 8.000000 -4.704376
v 11.308821 8.000000 -0.704376
v 11.308823 7.450000 -4.704376
v 11.308821 7.450000 -0.704376
v 11.308822 8.000000 -1.604376
v 11.308822 8.000000 -1.804376
v 11.379532 8.000000 -1.704376
v 11.308822 8.000000 -3.604376
v 11.308822 8.000000 -3.804376
v 11.379533 8.000000 -3.704376
v 11.308822 7.450000 -3.604376
v 11.308822 7.450000 -3.804376
v 11.379533 7.379289 -3.704376
v 11.308822 7.450000 -1.604376
v 11.308822 7.450000 -1.804376
v 11.379532 7.379289 -1.704376
v 11.458822 8.000000 -1.804376
v 11.458822 7.900000 -1.704376
v 11.458822 8.000000 -1.604376
v 11.458822 8.000000 -3.804376
v 11.458822 7.900000 -3.704376
v 11.458822 8.000000 -3.604376
v 11.858746 6.244132 -1.219856
v 11.858822 6.556798 -1.397578
v 11.859091 6.735055 -1.700644
v 11.858822 6.556798 -4.011175
v 11.858734 6.258597 -4.187813
v 11.858822 4.500000 -1.204376
v 11.858822 4.500000 -4.204376
v 11.758898 6.244132 -4.188896
v 11.758821 6.556798 -4.011175
v 11.758554 6.735055 -3.708108
v 11.758822 6.556798 -1.397578
v 11.758910 6.258598 -1.220939
v 11.758822 4.500000 -4.204376
v 11.758821 4.500000 -1.204376
v 11.770019 6.540867 -3.643763
v 11.770019 6.599834 -3.584797
v 11.770019 6.599834 -3.119874
v 11.770019 6.540867 -3.060907
v 11.770019 6.354244 -3.060907
v 11.770019 6.295278 -3.119874
v 11.770019 6.295278 -3.584797
v 11.770019 6.354244 -3.643763
v 11.679018 6.345192 -3.593849
v 11.679018 6.549919 -3.593849
v 11.679018 6.345192 -3.110822
v 11.679018 6.549919 -3.110822
v 11.673436 6.315794 -2.197908
v 11.679017 6.108868 -2.206541
v 11.679017 6.313594 -1.723514
v 11.679017 6.108868 -1.723514
v 11.770018 6.117920 -1.673600
v 11.770018 6.058953 -1.732566
v 11.770018 6.058953 -2.197489
v 11.770018 6.117920 -2.256456
v 11.770018 6.304542 -2.256456
v 11.770018 6.363510 -2.197490
v 11.770018 6.363509 -1.732566
v 11.770018 6.304542 -1.673600
v 11.685105 6.299583 -2.043307
v 11.743268 6.348836 -2.058537
v 11.674002 5.258609 -3.546048
v 11.679018 5.466141 -3.534408
v 11.679018 5.261414 -4.017436
v 11.679018 5.466141 -4.017436
v 11.770019 5.457089 -4.067350
v 11.770019 5.516055 -4.008383
v 11.770019 5.516055 -3.543461
v 11.770019 5.457089 -3.484495
v 11.770019 5.270466 -3.484495
v 11.770019 5.211500 -3.543461
v 11.770019 5.211500 -4.008383
v 11.770019 5.270466 -4.067350
v 11.685106 5.275424 -3.697644
v 11.743269 5.226173 -3.682414
v 11.770018 5.983013 -2.012724
v 11.770018 6.041980 -1.953758
v 11.770018 6.041980 -1.488835
v 11.770018 5.983013 -1.429868
v 11.770018 5.796390 -1.429868
v 11.770018 5.737424 -1.488835
v 11.770018 5.737424 -1.953758
v 11.770018 5.796390 -2.012724
v 11.679017 5.787338 -1.962810
v 11.679017 5.992065 -1.962810
v 11.679017 5.787338 -1.479783
v 11.679017 5.992065 -1.479783
v 11.770018 5.983013 -2.497069
v 11.770018 6.041980 -2.438102
v 11.770018 6.041980 -2.109761
v 11.770018 5.983013 -2.050794
v 11.770018 5.796390 -2.050794
v 11.770018 5.737424 -2.109761
v 11.770018 5.737424 -2.438102
v 11.770018 5.796390 -2.497069
v 11.679017 5.787338 -2.447154
v 11.679017 5.992065 -2.447154
v 11.679017 5.787338 -2.100709
v 11.679017 5.992065 -2.100709
v 11.770018 5.319182 -2.041466
v 11.770018 5.378148 -1.982500
v 11.770018 5.378148 -1.517577
v 11.770018 5.319182 -1.458611
v 11.770018 5.132559 -1.458611
v 11.770018 5.073593 -1.517577
v 11.770018 5.073593 -1.982500
v 11.770018 5.132559 -2.041466
v 11.679017 5.123507 -1.991552
v 11.679017 5.328234 -1.991552
v 11.679017 5.123507 -1.508525
v 11.679017 5.328234 -1.508525
v 11.770019 4.975887 -2.419091
v 11.770019 5.034853 -2.360124
v 11.770019 5.034853 -1.895201
v 11.770019 4.975887 -1.836235
v 11.770019 4.789264 -1.836235
v 11.770019 4.730298 -1.895201
v 11.770019 4.730298 -2.360124
v 11.770019 4.789264 -2.419091
v 11.679017 4.780212 -2.369176
v 11.679017 4.984939 -2.369176
v 11.679017 4.780212 -1.886149
v 11.679017 4.984939 -1.886149
v 11.770019 5.456500 -3.442079
v 11.770019 5.515466 -3.383112
v 11.770019 5.515466 -2.918190
v 11.770019 5.456500 -2.859223
v 11.770019 5.269877 -2.859223
v 11.770019 5.210911 -2.918190
v 11.770019 5.210911 -3.383112
v 11.770019 5.269877 -3.442079
v 11.679018 5.260825 -3.392164
v 11.679018 5.465552 -3.392164
v 11.679018 5.260825 -2.909137
v 11.679018 5.465552 -2.909137
v 11.770019 5.134661 -3.815412
v 11.770019 5.193627 -3.756446
v 11.770019 5.193627 -3.291523
v 11.770019 5.134661 -3.232556
v 11.770019 4.948038 -3.232556
v 11.770019 4.889072 -3.291523
v 11.770019 4.889072 -3.756446
v 11.770019 4.948038 -3.815412
v 11.679018 4.938986 -3.765497
v 11.679018 5.143713 -3.765497
v 11.679018 4.938986 -3.282471
v 11.679018 5.143713 -3.282471
v 11.847625 6.540867 -1.764989
v 11.847625 6.599834 -1.823955
v 11.847625 6.599834 -2.288878
v 11.847625 6.540867 -2.347845
v 11.847625 6.354244 -2.347845
v 11.847625 6.295278 -2.288878
v 11.847625 6.295278 -1.823955
v 11.847625 6.354244 -1.764989
v 11.938626 6.345192 -1.814903
v 11.938626 6.549919 -1.814903
v 11.938626 6.345192 -2.297930
v 11.938626 6.549919 -2.297930
v 11.944207 6.315794 -3.210845
v 11.938627 6.108868 -3.202211
v 11.938627 6.313594 -3.685237
v 11.938627 6.108868 -3.685237
v 11.847626 6.117920 -3.735153
v 11.847626 6.058953 -3.676186
v 11.847626 6.058953 -3.211263
v 11.847626 6.117920 -3.152297
v 11.847626 6.304542 -3.152297
v 11.847626 6.363509 -3.211263
v 11.847626 6.363509 -3.676186
v 11.847626 6.304542 -3.735153
v 11.932539 6.299583 -3.365446
v 11.874376 6.348836 -3.350215
v 11.943642 5.258610 -1.862704
v 11.938626 5.466141 -1.874343
v 11.938626 5.261414 -1.391317
v 11.938626 5.466141 -1.391317
v 11.847625 5.457089 -1.341402
v 11.847625 5.516055 -1.400368
v 11.847625 5.516055 -1.865291
v 11.847625 5.457089 -1.924258
v 11.847625 5.270466 -1.924258
v 11.847625 5.211500 -1.865291
v 11.847625 5.211500 -1.400369
v 11.847625 5.270466 -1.341402
v 11.932537 5.275424 -1.711110
v 11.874374 5.226173 -1.726339
v 11.847626 5.983013 -3.396028
v 11.847626 6.041980 -3.454994
v 11.847626 6.041980 -3.919918
v 11.847626 5.983013 -3.978883
v 11.847626 5.796390 -3.978883
v 11.847626 5.737424 -3.919918
v 11.847626 5.737424 -3.454994
v 11.847626 5.796390 -3.396028
v 11.938627 5.787338 -3.445942
v 11.938627 5.992065 -3.445942
v 11.938627 5.787338 -3.928969
v 11.938627 5.992065 -3.928969
v 11.847626 5.983013 -2.911684
v 11.847626 6.041980 -2.970650
v 11.847626 6.041980 -3.298992
v 11.847626 5.983013 -3.357958
v 11.847626 5.796390 -3.357958
v 11.847626 5.737424 -3.298992
v 11.847626 5.737424 -2.970650
v 11.847626 5.796390 -2.911684
v 11.938627 5.787338 -2.961598
v 11.938627 5.992065 -2.961598
v 11.938627 5.787338 -3.308043
v 11.938627 5.992065 -3.308043
v 11.847626 5.319182 -3.367286
v 11.847626 5.378148 -3.426252
v 11.847626 5.378148 -3.891176
v 11.847626 5.319182 -3.950141
v 11.847626 5.132559 -3.950141
v 11.847626 5.073593 -3.891176
v 11.847626 5.073593 -3.426252
v 11.847626 5.132559 -3.367286
v 11.938627 5.123507 -3.417201
v 11.938627 5.328234 -3.417201
v 11.938626 5.123507 -3.900227
v 11.938626 5.328234 -3.900227
v 11.847626 4.975887 -2.989662
v 11.847626 5.034853 -3.048628
v 11.847626 5.034853 -3.513550
v 11.847626 4.975887 -3.572517
v 11.847626 4.789264 -3.572517
v 11.847626 4.730298 -3.513550
v 11.847626 4.730298 -3.048628
v 11.847626 4.789264 -2.989662
v 11.938627 4.780212 -3.039576
v 11.938627 4.984939 -3.039576
v 11.938626 4.780212 -3.522603
v 11.938626 4.984939 -3.522603
v 11.847625 5.456500 -1.966673
v 11.847625 5.515466 -2.025640
v 11.847625 5.515466 -2.490562
v 11.847625 5.456500 -2.549529
v 11.847625 5.269877 -2.549529
v 11.847625 5.210911 -2.490562
v 11.847625 5.210911 -2.025640
v 11.847625 5.269877 -1.966673
v 11.938626 5.260825 -2.016588
v 11.938626 5.465552 -2.016588
v 11.938626 5.260825 -2.499614
v 11.938626 5.465552 -2.499614
v 11.847625 5.134661 -1.593340
v 11.847625 5.193627 -1.652306
v 11.847625 5.193627 -2.117229
v 11.847625 5.134661 -2.176196
v 11.847625 4.948038 -2.176196
v 11.847625 4.889072 -2.117229
v 11.847625 4.889072 -1.652306
v 11.847625 4.948038 -1.593340
v 11.938626 4.938986 -1.643254
v 11.938626 5.143713 -1.643254
v 11.938626 4.938986 -2.126281
v 11.938626 5.143713 -2.126281
v 11.550686 4.500447 3.138947
v 12.050686 4.500447 3.138947
v 12.300686 4.000447 3.138947
v 12.300686 4.000447 -0.861053
v 11.300686 4.000447 -0.861053
v 11.300686 4.000447 3.138947
v 12.300686 4.250447 3.138947
v 12.300686 4.250447 -0.861053
v 11.300686 4.250447 -0.861053
v 11.300686 4.250447 3.138947
v 11.550686 4.500447 -0.861053
v 12.050686 4.500447 -0.861053
v 12.300686 4.000447 2.038947
v 12.300686 4.000447 2.238947
v 12.229975 4.000447 2.138947
v 12.300686 4.000447 0.038947
v 12.300686 4.000447 0.238947
v 12.229975 4.000447 0.138947
v 11.300686 4.000447 0.238947
v 11.300686 4.000447 0.038947
v 11.371397 4.000447 0.138947
v 11.300686 4.000447 2.238947
v 11.300686 4.000447 2.038947
v 11.371397 4.000447 2.138947
v 12.300686 4.250447 2.238947
v 12.300686 4.250447 2.038947
v 12.229975 4.321158 2.138947
v 12.300686 4.250447 0.238947
v 12.300686 4.250447 0.038947
v 12.229975 4.321158 0.138947
v 11.300686 4.250447 0.038947
v 11.300686 4.250447 0.238947
v 11.371397 4.321158 0.138947
v 11.300686 4.250447 2.038947
v 11.300686 4.250447 2.238947
v 11.371397 4.321158 2.138947
v 11.561883 6.641315 0.099560
v 11.561883 6.700281 0.158526
v 11.561883 6.700281 0.623449
v 11.561883 6.641315 0.682416
v 11.561883 6.454691 0.682416
v 11.561883 6.395725 0.623449
v 11.561883 6.395725 0.158526
v 11.561883 6.454691 0.099560
v 11.470881 6.445640 0.149474
v 11.470881 6.650366 0.149474
v 11.470881 6.445640 0.632501
v 11.470882 6.650366 0.632501
v 11.465301 6.416242 1.745415
v 11.470881 6.209315 1.736782
v 11.470881 6.414042 2.219809
v 11.470881 6.209315 2.219809
v 11.561882 6.218368 2.269723
v 11.561882 6.159400 2.210757
v 11.561882 6.159400 1.745834
v 11.561882 6.218368 1.686867
v 11.561882 6.404989 1.686867
v 11.561882 6.463957 1.745833
v 11.561882 6.463956 2.210757
v 11.561882 6.404989 2.269723
v 11.476970 6.400032 1.900017
v 11.535132 6.449284 1.884786
v 11.465865 5.259057 0.197276
v 11.470881 5.466588 0.208915
v 11.470881 5.261861 -0.274112
v 11.470881 5.466588 -0.274112
v 11.561883 5.457536 -0.324027
v 11.561883 5.516502 -0.265060
v 11.561883 5.516502 0.199862
v 11.561883 5.457536 0.258829
v 11.561883 5.270913 0.258829
v 11.561883 5.211947 0.199862
v 11.561883 5.211947 -0.265060
v 11.561883 5.270913 -0.324027
v 11.476971 5.275872 0.045680
v 11.535132 5.226620 0.060910
v 11.561883 6.958862 -0.269482
v 11.561883 7.017828 -0.210516
v 11.561883 7.017828 0.254407
v 11.561883 6.958862 0.313374
v 11.561883 6.772239 0.313374
v 11.561883 6.713273 0.254407
v 11.561883 6.713273 -0.210516
v 11.561883 6.772239 -0.269482
v 11.470881 6.763187 -0.219568
v 11.470881 6.967915 -0.219568
v 11.470881 6.763187 0.263459
v 11.470882 6.967915 0.263459
v 11.561882 6.907368 2.193659
v 11.561882 6.966334 2.252625
v 11.561882 6.966334 2.717548
v 11.561882 6.907368 2.776515
v 11.561882 6.720745 2.776515
v 11.561882 6.661779 2.717548
v 11.561882 6.661779 2.252625
v 11.561882 6.720745 2.193659
v 11.470881 6.711693 2.243573
v 11.470881 6.916420 2.243573
v 11.470881 6.711693 2.726600
v 11.470881 6.916420 2.726600
v 11.561882 6.083460 1.930599
v 11.561882 6.142426 1.989565
v 11.561882 6.142426 2.454488
v 11.561882 6.083460 2.513455
v 11.561882 5.896837 2.513455
v 11.561882 5.837872 2.454488
v 11.561882 5.837872 1.989565
v 11.561882 5.896837 1.930599
v 11.470881 5.887785 1.980513
v 11.470881 6.092512 1.980513
v 11.470881 5.887785 2.463540
v 11.470881 6.092512 2.463540
v 11.561882 6.083460 1.446254
v 11.561882 6.142426 1.505221
v 11.561882 6.142426 1.833562
v 11.561882 6.083460 1.892529
v 11.561882 5.896837 1.892529
v 11.561882 5.837872 1.833562
v 11.561882 5.837872 1.505221
v 11.561882 5.896837 1.446254
v 11.470881 5.887785 1.496169
v 11.470881 6.092512 1.496169
v 11.470881 5.887785 1.842614
v 11.470881 6.092512 1.842614
v 11.561882 5.319629 1.901857
v 11.561882 5.378595 1.960823
v 11.561882 5.378595 2.425746
v 11.561882 5.319629 2.484712
v 11.561882 5.133006 2.484712
v 11.561882 5.074040 2.425746
v 11.561882 5.074040 1.960823
v 11.561882 5.133006 1.901857
v 11.470881 5.123954 1.951771
v 11.470881 5.328681 1.951771
v 11.470881 5.123954 2.434798
v 11.470881 5.328681 2.434798
v 11.561883 4.976335 1.524232
v 11.561883 5.035300 1.583199
v 11.561883 5.035300 2.048122
v 11.561883 4.976335 2.107088
v 11.561883 4.789711 2.107088
v 11.561883 4.730745 2.048122
v 11.561883 4.730745 1.583199
v 11.561883 4.789711 1.524232
v 11.470881 4.780659 1.574147
v 11.470881 4.985386 1.574147
v 11.470881 4.780659 2.057174
v 11.470881 4.985386 2.057174
v 11.561883 5.456947 0.301244
v 11.561883 5.515913 0.360211
v 11.561883 5.515913 0.825134
v 11.561883 5.456947 0.884100
v 11.561883 5.270324 0.884100
v 11.561883 5.211358 0.825134
v 11.561883 5.211358 0.360211
v 11.561883 5.270324 0.301244
v 11.470881 5.261272 0.351159
v 11.470881 5.465999 0.351159
v 11.470881 5.261272 0.834186
v 11.470881 5.465999 0.834186
v 11.561883 5.135108 -0.072089
v 11.561883 5.194074 -0.013123
v 11.561883 5.194074 0.451800
v 11.561883 5.135108 0.510767
v 11.561883 4.948485 0.510767
v 11.561883 4.889519 0.451800
v 11.561883 4.889519 -0.013123
v 11.561883 4.948485 -0.072089
v 11.470881 4.939433 -0.022174
v 11.470881 5.144160 -0.022174
v 11.470881 4.939433 0.460852
v 11.470881 5.144160 0.460852
v 12.039489 6.641315 2.178334
v 12.039489 6.700281 2.119368
v 12.039489 6.700281 1.654445
v 12.039489 6.641315 1.595478
v 12.039489 6.454691 1.595478
v 12.039489 6.395725 1.654445
v 12.039489 6.395725 2.119368
v 12.039489 6.454691 2.178334
v 12.130490 6.445640 2.128420
v 12.130490 6.650366 2.128420
v 12.130490 6.445640 1.645393
v 12.130490 6.650366 1.645393
v 12.135507 6.416846 0.529472
v 12.130491 6.209315 0.541112
v 12.130491 6.414042 0.058086
v 12.130491 6.209315 0.058086
v 12.039490 6.218368 0.008171
v 12.039490 6.159400 0.067137
v 12.039490 6.159400 0.532060
v 12.039490 6.218368 0.591027
v 12.039490 6.404989 0.591027
v 12.039490 6.463956 0.532060
v 12.039490 6.463957 0.067137
v 12.039490 6.404989 0.008171
v 12.124403 6.400032 0.377877
v 12.066240 6.449284 0.393108
v 12.135506 5.259057 2.080619
v 12.130490 5.466588 2.068980
v 12.130490 5.261861 2.552006
v 12.130490 5.466588 2.552006
v 12.039489 5.457536 2.601921
v 12.039489 5.516502 2.542955
v 12.039489 5.516502 2.078032
v 12.039489 5.457536 2.019065
v 12.039489 5.270913 2.019065
v 12.039489 5.211947 2.078032
v 12.039489 5.211947 2.542955
v 12.039489 5.270913 2.601921
v 12.124401 5.275872 2.232214
v 12.066238 5.226620 2.216984
v 12.039489 6.958862 2.547376
v 12.039489 7.017828 2.488410
v 12.039489 7.017828 2.023487
v 12.039489 6.958862 1.964520
v 12.039489 6.772239 1.964520
v 12.039489 6.713273 2.023487
v 12.039489 6.713273 2.488410
v 12.039489 6.772239 2.547376
v 12.130490 6.763187 2.497462
v 12.130490 6.967915 2.497462
v 12.130490 6.763187 2.014435
v 12.130490 6.967915 2.014435
v 12.039490 6.907368 0.084235
v 12.039490 6.966334 0.025269
v 12.039490 6.966334 -0.439654
v 12.039491 6.907368 -0.498621
v 12.039491 6.720745 -0.498621
v 12.039490 6.661779 -0.439654
v 12.039490 6.661779 0.025269
v 12.039490 6.720745 0.084235
v 12.130491 6.711693 0.034321
v 12.130491 6.916420 0.034321
v 12.130492 6.711693 -0.448706
v 12.130492 6.916420 -0.448706
v 12.039490 6.083460 0.347295
v 12.039490 6.142426 0.288329
v 12.039490 6.142426 -0.176594
v 12.039490 6.083460 -0.235560
v 12.039490 5.896837 -0.235560
v 12.039490 5.837872 -0.176594
v 12.039490 5.837872 0.288329
v 12.039490 5.896837 0.347295
v 12.130491 5.887785 0.297381
v 12.130491 6.092512 0.297381
v 12.130491 5.887785 -0.185646
v 12.130491 6.092512 -0.185646
v 12.039490 6.083460 0.831640
v 12.039490 6.142426 0.772673
v 12.039490 6.142426 0.444332
v 12.039490 6.083460 0.385365
v 12.039490 5.896837 0.385365
v 12.039490 5.837872 0.444332
v 12.039490 5.837872 0.772673
v 12.039490 5.896837 0.831640
v 12.130491 5.887785 0.781725
v 12.130491 6.092512 0.781725
v 12.130491 5.887785 0.435280
v 12.130491 6.092512 0.435280
v 12.039490 5.319629 0.376037
v 12.039490 5.378595 0.317071
v 12.039490 5.378595 -0.147852
v 12.039490 5.319629 -0.206818
v 12.039490 5.133006 -0.206818
v 12.039490 5.074040 -0.147852
v 12.039490 5.074040 0.317071
v 12.039490 5.133006 0.376037
v 12.130491 5.123954 0.326123
v 12.130491 5.328681 0.326123
v 12.130491 5.123954 -0.156904
v 12.130491 5.328681 -0.156904
v 12.039490 4.976334 0.753662
v 12.039490 5.035300 0.694695
v 12.039490 5.035300 0.229773
v 12.039490 4.976334 0.170806
v 12.039490 4.789711 0.170806
v 12.039490 4.730745 0.229773
v 12.039490 4.730745 0.694695
v 12.039490 4.789711 0.753662
v 12.130491 4.780659 0.703747
v 12.130491 4.985386 0.703747
v 12.130490 4.780659 0.220721
v 12.130491 4.985386 0.220721
v 12.039489 5.456947 1.976650
v 12.039489 5.515913 1.917683
v 12.039489 5.515913 1.452761
v 12.039489 5.456947 1.393794
v 12.039489 5.270324 1.393794
v 12.039489 5.211358 1.452761
v 12.039489 5.211358 1.917683
v 12.039489 5.270324 1.976650
v 12.130490 5.261272 1.926735
v 12.130490 5.465999 1.926735
v 12.130490 5.261272 1.443709
v 12.130490 5.465999 1.443709
v 12.039489 5.135108 2.349983
v 12.039489 5.194074 2.291017
v 12.039489 5.194074 1.826094
v 12.039489 5.135108 1.767127
v 12.039489 4.948485 1.767127
v 12.039489 4.889519 1.826094
v 12.039489 4.889519 2.291017
v 12.039489 4.948485 2.349983
v 12.130490 4.939433 2.300069
v 12.130490 5.144160 2.300069
v 12.130490 4.939433 1.817042
v 12.130490 5.144160 1.817042
v 12.050686 7.200447 -0.861053
v 11.550686 7.200447 -0.861053
v 12.050686 7.200447 3.138947
v 11.550686 7.200447 3.138947
v 12.300686 8.000447 3.138947
v 12.300686 8.000447 -0.861053
v 11.300686 8.000447 -0.861053
v 11.300686 8.000447 3.138947
v 12.300686 7.450447 3.138947
v 12.300686 7.450447 -0.861053
v 11.300686 7.450447 -0.861053
v 11.300686 7.450447 3.138947
v 12.300686 8.000447 0.038947
v 12.300686 8.000447 0.238947
v 12.229975 8.000447 0.138947
v 12.300686 8.000447 2.038947
v 12.300686 8.000447 2.238947
v 12.229975 8.000447 2.138947
v 11.300686 8.000447 2.238947
v 11.300686 8.000447 2.038947
v 11.371397 8.000447 2.138947
v 11.300686 8.000447 0.238947
v 11.300686 8.000447 0.038947
v 11.371397 8.000447 0.138947
v 12.300686 7.450447 2.038947
v 12.300686 7.450447 2.238947
v 12.229975 7.379736 2.138947
v 12.300686 7.450447 0.038947
v 12.300686 7.450447 0.238947
v 12.229975 7.379736 0.138947
v 11.300686 7.450447 0.238947
v 11.300686 7.450447 0.038947
v 11.371397 7.379736 0.138947
v 11.300686 7.450447 2.238947
v 11.300686 7.450447 2.038947
v 11.371397 7.379736 2.138947
v 11.450686 8.000447 0.238947
v 12.150686 8.000447 0.238947
v 12.150686 7.900447 0.138947
v 11.450686 7.900447 0.138947
v 12.150686 8.000447 0.038947
v 11.450686 8.000447 0.038947
v 11.450686 8.000447 2.238947
v 12.150686 8.000447 2.238947
v 12.150686 7.900447 2.138947
v 11.450686 7.900447 2.138947
v 12.150686 8.000447 2.038947
v 11.450686 8.000447 2.038947
v 12.058822 4.500000 3.134963
v 12.058822 4.500000 7.134963
v 12.058822 4.500000 3.545180
v 12.058822 4.500000 6.724746
v 11.858866 6.734174 4.114463
v 12.058965 6.834465 3.976294
v 12.058822 6.645241 3.721354
v 12.058745 6.382505 3.572768
v 12.058768 6.377659 6.699159
v 12.058822 6.645241 6.548572
v 12.059009 6.846333 6.269899
v 12.308822 4.000000 7.134963
v 12.308822 4.000000 3.134963
v 12.308822 4.250000 7.134963
v 12.308822 4.250000 3.134963
v 12.308822 4.000000 6.034963
v 12.308822 4.000000 6.234962
v 12.238111 4.000000 6.134963
v 12.308822 4.000000 4.034963
v 12.308822 4.000000 4.234962
v 12.238111 4.000000 4.134963
v 12.308822 4.250000 6.234962
v 12.308822 4.250000 6.034963
v 12.238111 4.320711 6.134963
v 12.308822 4.250000 4.234962
v 12.308822 4.250000 4.034963
v 12.238111 4.320711 4.134963
v 12.047626 7.078568 3.847793
v 12.047626 7.137535 3.788826
v 12.047626 7.137535 3.677938
v 12.047626 7.078568 3.618972
v 12.047626 6.891945 3.618972
v 12.047626 6.832979 3.677938
v 12.047626 6.832979 3.788826
v 12.047626 6.891945 3.847793
v 12.138628 6.882893 3.797879
v 12.138628 7.087620 3.797879
v 12.138628 6.882893 3.668886
v 12.138628 7.087620 3.668886
v 12.143643 7.088686 6.996497
v 12.138628 6.881154 7.008137
v 12.138629 7.085880 6.646691
v 12.138629 6.881154 6.646691
v 12.047626 6.890205 6.596777
v 12.047626 6.831239 6.655744
v 12.047626 6.831239 6.999084
v 12.047626 6.890205 7.058051
v 12.047626 7.076828 7.058051
v 12.047626 7.135795 6.999085
v 12.047626 7.135795 6.655744
v 12.047626 7.076828 6.596777
v 12.132539 7.071870 6.844903
v 12.074377 7.121122 6.860133
v 12.047627 5.801268 6.826633
v 12.047627 5.987891 6.826633
v 12.047627 6.046858 6.885601
v 12.047626 6.046858 6.996489
v 12.047626 5.987891 7.055456
v 12.047627 6.735273 7.066183
v 12.047627 6.794240 7.007216
v 12.047627 6.794240 6.849834
v 12.047627 6.735273 6.790869
v 12.047627 6.548650 6.790869
v 12.047627 6.489684 6.849834
v 12.047627 6.489684 7.007216
v 12.047627 6.548650 7.066183
v 12.138629 6.539598 7.016269
v 12.138629 6.744325 7.016269
v 12.138629 6.539598 6.840783
v 12.138629 6.744325 6.840783
v 12.138629 5.996943 6.876549
v 12.138629 5.792217 6.876549
v 12.138629 5.996943 7.005541
v 12.138629 5.792217 7.005541
v 12.047626 5.801268 7.055456
v 12.047626 5.742302 6.996489
v 12.047627 5.742302 6.885601
v 12.138628 7.087620 3.282686
v 12.138627 6.882893 3.282686
v 12.138628 7.087620 3.497509
v 12.138628 6.882893 3.497509
v 12.047626 6.891945 3.547424
v 12.047626 6.832979 3.488458
v 12.047626 6.832979 3.291738
v 12.047626 6.891945 3.232771
v 12.047626 7.078568 3.232771
v 12.047626 7.137535 3.291738
v 12.047626 7.137535 3.488458
v 12.047626 7.078568 3.547424
v 12.138626 4.927723 3.279103
v 12.138626 4.722996 3.279103
v 12.138626 4.927723 3.408096
v 12.138626 4.722996 3.408096
v 12.047626 4.732048 3.458010
v 12.047626 4.673082 3.399044
v 12.047626 4.673082 3.288155
v 12.047626 4.732048 3.229188
v 12.047626 4.918671 3.229188
v 12.047626 4.977637 3.288155
v 12.047626 4.977637 3.399044
v 12.047626 4.918671 3.458010
v 12.058822 7.200000 3.134963
v 12.058822 7.200000 7.134963
v 12.308822 8.000000 7.134963
v 12.308822 8.000000 3.134963
v 12.308822 7.450000 7.134963
v 12.308822 7.450000 3.134963
v 12.308822 8.000000 4.034963
v 12.308822 8.000000 4.234962
v 12.238111 8.000000 4.134963
v 12.308822 8.000000 6.034963
v 12.308822 8.000000 6.234962
v 12.238111 8.000000 6.134963
v 12.308822 7.450000 6.034963
v 12.308822 7.450000 6.234962
v 12.238111 7.379289 6.134963
v 12.308822 7.450000 4.034963
v 12.308822 7.450000 4.234962
v 12.238111 7.379289 4.134963
v 12.158822 8.000000 4.234962
v 12.158822 7.900000 4.134963
v 12.158822 8.000000 4.034963
v 12.158822 8.000000 6.234962
v 12.158822 7.900000 6.134963
v 12.158822 8.000000 6.034963
v 11.558821 4.500000 7.134963
v 11.558823 4.500000 3.134963
v 11.558821 4.500000 6.724746
v 11.558823 4.500000 3.545180
v 11.758777 6.734174 6.155463
v 11.558679 6.834464 6.293632
v 11.558821 6.645241 6.548572
v 11.558897 6.382503 6.697157
v 11.558874 6.377659 3.570766
v 11.558822 6.645241 3.721354
v 11.558635 6.846333 4.000026
v 11.308823 4.000000 3.134963
v 11.308821 4.000000 7.134963
v 11.308823 4.250000 3.134963
v 11.308821 4.250000 7.134963
v 11.308822 4.000000 4.234962
v 11.308822 4.000000 4.034963
v 11.379532 4.000000 4.134963
v 11.308822 4.000000 6.234962
v 11.308822 4.000000 6.034963
v 11.379532 4.000000 6.134963
v 11.308822 4.250000 4.034963
v 11.308822 4.250000 4.234962
v 11.379533 4.320711 4.134963
v 11.308822 4.250000 6.034963
v 11.308822 4.250000 6.234962
v 11.379532 4.320711 6.134963
v 11.570017 7.078568 6.422132
v 11.570017 7.137535 6.481099
v 11.570017 7.137535 6.591988
v 11.570017 7.078568 6.650953
v 11.570017 6.891945 6.650953
v 11.570017 6.832979 6.591988
v 11.570017 6.832979 6.481099
v 11.570017 6.891945 6.422132
v 11.479015 6.882893 6.472047
v 11.479015 7.087620 6.472047
v 11.479015 6.882893 6.601039
v 11.479015 7.087620 6.601039
v 11.473999 7.088685 3.273428
v 11.479015 6.881154 3.261789
v 11.479015 7.085880 3.623234
v 11.479015 6.881154 3.623234
v 11.570017 6.890205 3.673148
v 11.570017 6.831239 3.614182
v 11.570017 6.831239 3.270841
v 11.570017 6.890205 3.211874
v 11.570017 7.076828 3.211874
v 11.570017 7.135795 3.270841
v 11.570017 7.135795 3.614182
v 11.570017 7.076828 3.673148
v 11.485104 7.071870 3.425023
v 11.543266 7.121122 3.409792
v 11.570017 5.801268 3.443291
v 11.570017 5.987891 3.443291
v 11.570017 6.046858 3.384325
v 11.570017 6.046858 3.273437
v 11.570017 5.987891 3.214469
v 11.570017 6.735273 3.203742
v 11.570017 6.794240 3.262709
v 11.570017 6.794240 3.420091
v 11.570017 6.735273 3.479057
v 11.570017 6.548650 3.479057
v 11.570017 6.489684 3.420091
v 11.570017 6.489684 3.262709
v 11.570017 6.548650 3.203742
v 11.479015 6.539598 3.253656
v 11.479015 6.744325 3.253656
v 11.479015 6.539598 3.429142
v 11.479015 6.744325 3.429142
v 11.479015 5.996943 3.393377
v 11.479015 5.792217 3.393377
v 11.479015 5.996943 3.264385
v 11.479015 5.792217 3.264385
v 11.570017 5.801268 3.214469
v 11.570017 5.742302 3.273437
v 11.570017 5.742302 3.384325
v 11.479015 7.087620 6.987240
v 11.479015 6.882893 6.987240
v 11.479015 7.087620 6.772416
v 11.479015 6.882893 6.772416
v 11.570017 6.891945 6.722502
v 11.570017 6.832979 6.781467
v 11.570017 6.832979 6.978188
v 11.570017 6.891945 7.037154
v 11.570017 7.078568 7.037154
v 11.570017 7.137535 6.978188
v 11.570017 7.137535 6.781467
v 11.570017 7.078568 6.722502
v 11.479015 4.927723 6.990823
v 11.479015 4.722996 6.990823
v 11.479015 4.927723 6.861830
v 11.479015 4.722996 6.861830
v 11.570017 4.732048 6.811915
v 11.570017 4.673082 6.870882
v 11.570017 4.673082 6.981770
v 11.570017 4.732048 7.040737
v 11.570017 4.918671 7.040737
v 11.570017 4.977637 6.981770
v 11.570017 4.977637 6.870882
v 11.570017 4.918671 6.811915
v 11.558821 7.200000 7.134963
v 11.558823 7.200000 3.134963
v 11.308823 8.000000 3.134963
v 11.308821 8.000000 7.134963
v 11.308823 7.450000 3.134963
v 11.308821 7.450000 7.134963
v 11.308822 8.000000 6.234962
v 11.308822 8.000000 6.034963
v 11.379532 8.000000 6.134963
v 11.308822 8.000000 4.234962
v 11.308822 8.000000 4.034963
v 11.379533 8.000000 4.134963
v 11.308822 7.450000 4.234962
v 11.308822 7.450000 4.034963
v 11.379533 7.379289 4.134963
v 11.308822 7.450000 6.234962
v 11.308822 7.450000 6.034963
v 11.379532 7.379289 6.134963
v 11.458821 8.000000 6.034963
v 11.458821 7.900000 6.134963
v 11.458821 8.000000 6.234962
v 11.458821 8.000000 4.034963
v 11.458821 7.900000 4.134963
v 11.458821 8.000000 4.234962
v 11.858746 6.244131 6.619483
v 11.858822 6.556798 6.441761
v 11.859027 6.726776 6.159245
v 11.858822 6.556798 3.828165
v 11.858733 6.258598 3.651525
v 11.858822 4.500000 6.634963
v 11.858821 4.500000 3.634963
v 11.758898 6.244131 3.650443
v 11.758821 6.556798 3.828165
v 11.758616 6.726776 4.110680
v 11.758821 6.556798 6.441761
v 11.758909 6.258598 6.618400
v 11.758822 4.500000 3.634963
v 11.758821 4.500000 6.634963
v 11.770019 6.540867 4.195576
v 11.770019 6.599834 4.254541
v 11.770019 6.599834 4.719465
v 11.770019 6.540867 4.778431
v 11.770019 6.354244 4.778431
v 11.770019 6.295278 4.719465
v 11.770019 6.295278 4.254541
v 11.770019 6.354244 4.195576
v 11.679017 6.345192 4.245491
v 11.679017 6.549919 4.245491
v 11.679017 6.345192 4.728517
v 11.679018 6.549919 4.728517
v 11.673436 6.315794 5.641430
v 11.679016 6.108868 5.632798
v 11.679016 6.313594 6.115825
v 11.679016 6.108868 6.115825
v 11.770018 6.117920 6.165739
v 11.770018 6.058953 6.106772
v 11.770018 6.058953 5.641850
v 11.770018 6.117920 5.582882
v 11.770018 6.304542 5.582882
v 11.770018 6.363510 5.641850
v 11.770018 6.363509 6.106772
v 11.770018 6.304542 6.165739
v 11.685104 6.299583 5.796032
v 11.743268 6.348836 5.780802
v 11.674002 5.258610 4.293291
v 11.679017 5.466141 4.304931
v 11.679017 5.261414 3.821904
v 11.679017 5.466141 3.821904
v 11.770019 5.457089 3.771988
v 11.770019 5.516055 3.830956
v 11.770019 5.516055 4.295877
v 11.770019 5.457089 4.354845
v 11.770019 5.270466 4.354845
v 11.770019 5.211500 4.295877
v 11.770019 5.211500 3.830956
v 11.770019 5.270466 3.771988
v 11.685106 5.275424 4.141695
v 11.743268 5.226173 4.156926
v 11.770018 5.983013 5.826614
v 11.770018 6.041980 5.885581
v 11.770018 6.041980 6.350503
v 11.770018 5.983013 6.409471
v 11.770018 5.796390 6.409471
v 11.770018 5.737424 6.350503
v 11.770018 5.737424 5.885581
v 11.770018 5.796390 5.826614
v 11.679016 5.787338 5.876529
v 11.679016 5.992065 5.876529
v 11.679016 5.787338 6.359556
v 11.679016 5.992065 6.359556
v 11.770018 5.983013 5.342269
v 11.770018 6.041980 5.401237
v 11.770018 6.041980 5.729578
v 11.770018 5.983013 5.788545
v 11.770018 5.796390 5.788545
v 11.770018 5.737424 5.729578
v 11.770018 5.737424 5.401237
v 11.770018 5.796390 5.342269
v 11.679016 5.787338 5.392185
v 11.679016 5.992065 5.392185
v 11.679016 5.787338 5.738629
v 11.679016 5.992065 5.738629
v 11.770018 5.319182 5.797873
v 11.770018 5.378148 5.856839
v 11.770018 5.378148 6.321762
v 11.770018 5.319182 6.380728
v 11.770018 5.132559 6.380728
v 11.770018 5.073593 6.321762
v 11.770018 5.073593 5.856839
v 11.770018 5.132559 5.797873
v 11.679016 5.123507 5.847786
v 11.679016 5.328234 5.847786
v 11.679016 5.123507 6.330813
v 11.679016 5.328234 6.330813
v 11.770019 4.975887 5.420248
v 11.770019 5.034853 5.479215
v 11.770019 5.034853 5.944138
v 11.770019 4.975887 6.003104
v 11.770019 4.789264 6.003104
v 11.770019 4.730298 5.944138
v 11.770019 4.730298 5.479215
v 11.770019 4.789264 5.420248
v 11.679016 4.780212 5.470162
v 11.679016 4.984939 5.470162
v 11.679016 4.780212 5.953189
v 11.679016 4.984939 5.953189
v 11.770019 5.456500 4.397260
v 11.770019 5.515466 4.456226
v 11.770019 5.515466 4.921150
v 11.770019 5.456500 4.980115
v 11.770019 5.269877 4.980115
v 11.770019 5.210911 4.921150
v 11.770019 5.210911 4.456226
v 11.770019 5.269877 4.397260
v 11.679017 5.260825 4.447175
v 11.679017 5.465552 4.447175
v 11.679017 5.260825 4.930202
v 11.679017 5.465552 4.930202
v 11.770019 5.134661 4.023927
v 11.770019 5.193627 4.082892
v 11.770019 5.193627 4.547815
v 11.770019 5.134661 4.606782
v 11.770019 4.948038 4.606782
v 11.770019 4.889072 4.547815
v 11.770019 4.889072 4.082892
v 11.770019 4.948038 4.023927
v 11.679017 4.938986 4.073842
v 11.679017 5.143713 4.073842
v 11.679017 4.938986 4.556868
v 11.679017 5.143713 4.556868
v 11.847625 6.540867 6.074349
v 11.847625 6.599834 6.015384
v 11.847625 6.599834 5.550460
v 11.847625 6.540867 5.491494
v 11.847625 6.354244 5.491494
v 11.847625 6.295278 5.550460
v 11.847625 6.295278 6.015384
v 11.847625 6.354244 6.074349
v 11.938625 6.345192 6.024436
v 11.938625 6.549919 6.024436
v 11.938625 6.345192 5.541409
v 11.938625 6.549919 5.541409
v 11.944207 6.315794 4.628495
v 11.938626 6.108868 4.637127
v 11.938626 6.313594 4.154101
v 11.938626 6.108868 4.154101
v 11.847626 6.117920 4.104187
v 11.847626 6.058953 4.163153
v 11.847626 6.058953 4.628076
v 11.847626 6.117920 4.687043
v 11.847626 6.304542 4.687043
v 11.847626 6.363510 4.628076
v 11.847626 6.363509 4.163153
v 11.847626 6.304542 4.104187
v 11.932538 6.299583 4.473893
v 11.874375 6.348836 4.489123
v 11.943642 5.258610 5.976635
v 11.938625 5.466141 5.964995
v 11.938625 5.261414 6.448021
v 11.938625 5.466141 6.448021
v 11.847625 5.457089 6.497937
v 11.847625 5.516055 6.438971
v 11.847625 5.516055 5.974048
v 11.847625 5.457089 5.915081
v 11.847625 5.270466 5.915081
v 11.847625 5.211500 5.974048
v 11.847625 5.211500 6.438971
v 11.847625 5.270466 6.497937
v 11.932537 5.275424 6.128230
v 11.874374 5.226173 6.112999
v 11.847626 5.983013 4.443311
v 11.847626 6.041980 4.384345
v 11.847626 6.041980 3.919422
v 11.847626 5.983013 3.860456
v 11.847626 5.796390 3.860456
v 11.847626 5.737424 3.919422
v 11.847626 5.737424 4.384345
v 11.847626 5.796390 4.443311
v 11.938626 5.787338 4.393396
v 11.938626 5.992065 4.393396
v 11.938626 5.787338 3.910369
v 11.938626 5.992065 3.910369
v 11.847626 5.983013 4.927656
v 11.847626 6.041980 4.868689
v 11.847626 6.041980 4.540348
v 11.847626 5.983013 4.481380
v 11.847626 5.796390 4.481380
v 11.847626 5.737424 4.540348
v 11.847626 5.737424 4.868689
v 11.847626 5.796390 4.927656
v 11.938626 5.787338 4.877740
v 11.938626 5.992065 4.877740
v 11.938626 5.787338 4.531296
v 11.938626 5.992065 4.531296
v 11.847626 5.319182 4.472053
v 11.847626 5.378148 4.413086
v 11.847626 5.378148 3.948164
v 11.847626 5.319182 3.889198
v 11.847626 5.132559 3.889198
v 11.847626 5.073593 3.948164
v 11.847626 5.073593 4.413086
v 11.847626 5.132559 4.472053
v 11.938626 5.123507 4.422139
v 11.938626 5.328234 4.422139
v 11.938626 5.123507 3.939112
v 11.938626 5.328234 3.939112
v 11.847626 4.975887 4.849678
v 11.847626 5.034853 4.790710
v 11.847626 5.034853 4.325788
v 11.847626 4.975887 4.266821
v 11.847626 4.789264 4.266821
v 11.847626 4.730298 4.325788
v 11.847626 4.730298 4.790710
v 11.847626 4.789264 4.849678
v 11.938626 4.780212 4.799763
v 11.938626 4.984939 4.799763
v 11.938626 4.780212 4.316737
v 11.938626 4.984939 4.316737
v 11.847625 5.456500 5.872665
v 11.847625 5.515466 5.813699
v 11.847625 5.515466 5.348776
v 11.847625 5.456500 5.289810
v 11.847625 5.269877 5.289810
v 11.847625 5.210911 5.348776
v 11.847625 5.210911 5.813699
v 11.847625 5.269877 5.872665
v 11.938625 5.260825 5.822751
v 11.938625 5.465552 5.822751
v 11.938625 5.260825 5.339725
v 11.938625 5.465552 5.339725
v 11.847625 5.134661 6.245998
v 11.847625 5.193627 6.187033
v 11.847625 5.193627 5.722110
v 11.847625 5.134661 5.663143
v 11.847625 4.948038 5.663143
v 11.847625 4.889072 5.722110
v 11.847625 4.889072 6.187033
v 11.847625 4.948038 6.245998
v 11.938625 4.938986 6.196084
v 11.938625 5.143713 6.196084
v 11.938625 4.938986 5.713058
v 11.938625 5.143713 5.713058
v -12.243063 4.500000 -4.723600
v -11.743063 4.500000 -4.723600
v -11.743063 7.200000 -0.723600
v -12.243063 7.199998 -4.723601
v -12.243063 4.500000 -2.723600
v -11.743063 4.500000 -3.813383
v -11.743063 4.500000 -0.723600
v -12.243063 7.199998 -0.723600
v -11.743063 7.200000 -4.723601
v -11.743063 5.050000 -3.813377
v -11.843063 5.050000 -1.723600
v -11.743063 5.050000 -1.633823
v -12.243063 5.050000 -1.633823
v -12.243063 5.050000 -3.813377
v -12.143063 5.050000 -3.723600
v -12.243219 6.836239 -2.068373
v -12.137953 6.726504 -2.198824
v -12.143063 6.556798 -1.916802
v -12.243063 6.645241 -1.809991
v -12.140909 6.284117 -1.747147
v -12.242962 6.377667 -1.660048
v -12.242996 6.372304 -3.789212
v -12.141123 6.266845 -3.702056
v -12.143063 6.556798 -3.530398
v -12.243063 6.645241 -3.637209
v -12.147030 6.731555 -3.251116
v -12.243263 6.847888 -3.354800
v -11.743063 6.861264 -3.220620
v -11.845295 6.724450 -3.256315
v -11.743107 6.752494 -3.531996
v -11.843063 6.556798 -3.530398
v -11.841366 6.273163 -3.706240
v -11.743156 6.377828 -3.787092
v -11.743130 6.372303 -1.657988
v -11.841597 6.255319 -1.739366
v -11.843063 6.556798 -1.916802
v -11.743063 6.645241 -1.809991
v -11.841780 6.732885 -2.200604
v -11.742916 6.840459 -2.077570
v -12.143063 5.050000 -1.723600
v -11.843063 5.050000 -3.723600
v -12.243063 4.725000 -3.813380
v -12.243063 4.725000 -1.633820
v -11.743063 4.725000 -3.813380
v -11.743063 4.725000 -1.633820
v -12.443062 5.050000 -1.733823
v -11.543062 5.050000 -3.713377
v -12.443064 5.050000 -3.713377
v -11.543062 5.050000 -1.733823
v -11.543062 4.825000 -3.713380
v -11.543062 4.825000 -1.733820
v -12.443064 4.825000 -3.713379
v -12.443062 4.825000 -1.733820
v -11.493063 4.000000 -0.723600
v -11.493063 4.000000 -4.723600
v -12.493063 4.000000 -4.723600
v -12.493063 4.000000 -0.723600
v -11.493063 4.250000 -0.723600
v -11.493063 4.250000 -4.723600
v -12.493063 4.250000 -4.723600
v -12.493063 4.250000 -0.723600
v -12.243063 4.500000 -0.723600
v -11.493063 4.000000 -1.823600
v -11.493063 4.000000 -1.623600
v -11.563774 4.000000 -1.723600
v -11.493063 4.000000 -3.823600
v -11.493063 4.000000 -3.623600
v -11.563774 4.000000 -3.723600
v -12.493063 4.000000 -3.623600
v -12.493063 4.000000 -3.823600
v -12.422352 4.000000 -3.723600
v -12.493063 4.000000 -1.623600
v -12.493063 4.000000 -1.823600
v -12.422352 4.000000 -1.723600
v -11.493063 4.250000 -1.623600
v -11.493063 4.250000 -1.823600
v -11.563774 4.320711 -1.723600
v -11.493063 4.250000 -3.623600
v -11.493063 4.250000 -3.823600
v -11.563774 4.320711 -3.723600
v -12.493063 4.250000 -3.823600
v -12.493063 4.250000 -3.623600
v -12.422352 4.320711 -3.723600
v -12.493063 4.250000 -1.823600
v -12.493063 4.250000 -1.623600
v -12.422352 4.320711 -1.723600
v -11.754259 6.451339 -1.004778
v -11.754259 6.510306 -1.063745
v -11.754259 6.510306 -1.528668
v -11.754259 6.451339 -1.587634
v -11.754259 6.264717 -1.587634
v -11.754259 6.205750 -1.528668
v -11.754259 6.205750 -1.063745
v -11.754259 6.264717 -1.004778
v -11.663258 6.255665 -1.054693
v -11.663258 6.460392 -1.054693
v -11.663258 6.255665 -1.537720
v -11.663258 6.460392 -1.537720
v -11.658241 5.286386 -4.098336
v -11.663258 5.078855 -4.086696
v -11.663258 5.283582 -4.569723
v -11.663258 5.078855 -4.569723
v -11.754259 5.087907 -4.619638
v -11.754259 5.028941 -4.560671
v -11.754259 5.028941 -4.095747
v -11.754259 5.087907 -4.036782
v -11.754259 5.274530 -4.036782
v -11.754259 5.333496 -4.095747
v -11.754259 5.333496 -4.560672
v -11.754259 5.274530 -4.619638
v -11.669346 5.269571 -4.249932
v -11.727509 5.318824 -4.234700
v -11.658243 4.675725 -1.520881
v -11.663260 4.883255 -1.532520
v -11.663260 4.678528 -1.049494
v -11.663260 4.883255 -1.049494
v -11.754259 4.874203 -0.999579
v -11.754259 4.933169 -1.058545
v -11.754259 4.933169 -1.523468
v -11.754259 4.874203 -1.582435
v -11.754259 4.687580 -1.582435
v -11.754259 4.628614 -1.523468
v -11.754259 4.628614 -1.058545
v -11.754259 4.687580 -0.999579
v -11.669348 4.692539 -1.369285
v -11.727510 4.643286 -1.384516
v -11.754259 6.768887 -0.828836
v -11.754259 6.827854 -0.887803
v -11.754259 6.827854 -1.352726
v -11.754259 6.768887 -1.411692
v -11.754259 6.582264 -1.411692
v -11.754259 6.523298 -1.352726
v -11.754259 6.523298 -0.887803
v -11.754259 6.582264 -0.828836
v -11.663258 6.573213 -0.878751
v -11.663258 6.777939 -0.878751
v -11.663258 6.573213 -1.361778
v -11.663258 6.777939 -1.361778
v -11.754259 6.588658 -4.007175
v -11.754259 6.647624 -4.066142
v -11.754259 6.647624 -4.531064
v -11.754257 6.588658 -4.590031
v -11.754257 6.402035 -4.590031
v -11.754259 6.343069 -4.531064
v -11.754259 6.343069 -4.066142
v -11.754259 6.402035 -4.007175
v -11.663258 6.392983 -4.057090
v -11.663258 6.597710 -4.057090
v -11.663258 6.392983 -4.540117
v -11.663258 6.597710 -4.540117
v -11.663258 6.976764 -4.450716
v -11.663258 6.772038 -4.450716
v -11.663256 6.976764 -4.235894
v -11.663258 6.772038 -4.235894
v -11.754259 6.781090 -4.185980
v -11.754259 6.722123 -4.244946
v -11.754257 6.722123 -4.441665
v -11.754257 6.781090 -4.500631
v -11.754257 6.967712 -4.500631
v -11.754257 7.026679 -4.441665
v -11.754259 7.026679 -4.244946
v -11.754259 6.967712 -4.185980
v -11.754259 4.935120 -3.967816
v -11.754259 4.994087 -4.026782
v -11.754259 4.994087 -4.355124
v -11.754259 4.935120 -4.414090
v -11.754259 4.748497 -4.414090
v -11.754259 4.689531 -4.355124
v -11.754259 4.689531 -4.026782
v -11.754259 4.748497 -3.967816
v -11.663258 4.739446 -4.017730
v -11.663258 4.944172 -4.017730
v -11.663258 4.739446 -4.364176
v -11.663258 4.944172 -4.364176
v -12.231865 6.451339 -4.442421
v -12.231865 6.510306 -4.383455
v -12.231865 6.510306 -3.918532
v -12.231865 6.451339 -3.859566
v -12.231865 6.264717 -3.859566
v -12.231865 6.205750 -3.918532
v -12.231865 6.205750 -4.383455
v -12.231865 6.264717 -4.442421
v -12.322866 6.255665 -4.392507
v -12.322866 6.460392 -4.392507
v -12.322866 6.255665 -3.909481
v -12.322866 6.460392 -3.909481
v -12.327887 5.286386 -1.348865
v -12.322868 5.078855 -1.360504
v -12.322868 5.283582 -0.877477
v -12.322868 5.078855 -0.877477
v -12.231867 5.087907 -0.827562
v -12.231867 5.028941 -0.886529
v -12.231867 5.028941 -1.351452
v -12.231867 5.087907 -1.410418
v -12.231867 5.274530 -1.410418
v -12.231867 5.333496 -1.351452
v -12.231867 5.333497 -0.886528
v -12.231867 5.274530 -0.827562
v -12.316782 5.269570 -1.197268
v -12.258617 5.318824 -1.212500
v -12.327883 4.675724 -3.926320
v -12.322866 4.883255 -3.914680
v -12.322866 4.678528 -4.397707
v -12.322866 4.883255 -4.397707
v -12.231865 4.874203 -4.447621
v -12.231865 4.933169 -4.388655
v -12.231865 4.933169 -3.923732
v -12.231867 4.874203 -3.864765
v -12.231867 4.687580 -3.864765
v -12.231865 4.628614 -3.923732
v -12.231865 4.628614 -4.388655
v -12.231865 4.687580 -4.447621
v -12.316778 4.692538 -4.077915
v -12.258615 4.643286 -4.062684
v -12.231865 6.768887 -4.618364
v -12.231865 6.827854 -4.559397
v -12.231865 6.827854 -4.094475
v -12.231865 6.768887 -4.035508
v -12.231865 6.582264 -4.035508
v -12.231865 6.523298 -4.094475
v -12.231865 6.523298 -4.559397
v -12.231865 6.582264 -4.618364
v -12.322866 6.573213 -4.568449
v -12.322866 6.777939 -4.568449
v -12.322866 6.573213 -4.085422
v -12.322866 6.777939 -4.085422
v -12.231867 6.588658 -1.440025
v -12.231867 6.647624 -1.381059
v -12.231867 6.647624 -0.916136
v -12.231867 6.588658 -0.857169
v -12.231867 6.402035 -0.857169
v -12.231867 6.343069 -0.916136
v -12.231867 6.343069 -1.381059
v -12.231867 6.402035 -1.440025
v -12.322868 6.392983 -1.390110
v -12.322868 6.597710 -1.390110
v -12.322868 6.392983 -0.907084
v -12.322868 6.597710 -0.907084
v -12.322868 6.976764 -0.996483
v -12.322868 6.772038 -0.996483
v -12.322868 6.976764 -1.211306
v -12.322868 6.772038 -1.211306
v -12.231867 6.781090 -1.261221
v -12.231867 6.722123 -1.202254
v -12.231867 6.722123 -1.005535
v -12.231867 6.781090 -0.946569
v -12.231867 6.967712 -0.946569
v -12.231867 7.026679 -1.005535
v -12.231867 7.026679 -1.202254
v -12.231867 6.967712 -1.261221
v -12.231867 4.935120 -1.479384
v -12.231867 4.994087 -1.420418
v -12.231867 4.994087 -1.092076
v -12.231867 4.935120 -1.033110
v -12.231867 4.748497 -1.033110
v -12.231867 4.689531 -1.092076
v -12.231867 4.689531 -1.420418
v -12.231867 4.748497 -1.479384
v -12.322868 4.739446 -1.429470
v -12.322868 4.944172 -1.429470
v -12.322868 4.739446 -1.083024
v -12.322868 4.944172 -1.083024
v -11.984539 6.422490 -1.512879
v -12.001589 6.422490 -3.934324
v -12.055578 6.358505 -1.512879
v -12.055578 6.358506 -3.934324
v -12.001589 6.294522 -1.512879
v -11.984539 6.294522 -3.934324
v -11.930548 6.358505 -1.512879
v -11.930548 6.358506 -3.934324
v -11.930548 5.858506 -3.934324
v -11.930548 5.858505 -1.512879
v -11.984539 5.794522 -3.934324
v -12.001589 5.794522 -1.512879
v -12.055578 5.858506 -3.934324
v -12.055578 5.858505 -1.512879
v -12.001589 5.922490 -3.934324
v -11.984539 5.922490 -1.512879
v -11.984539 5.422490 -1.512879
v -12.001589 5.422490 -3.934324
v -12.055578 5.358505 -1.512879
v -12.055578 5.358506 -3.934324
v -12.001589 5.294522 -1.512879
v -11.984539 5.294522 -3.934324
v -11.930548 5.358505 -1.512879
v -11.930548 5.358506 -3.934324
v -11.941914 4.873732 -2.012970
v -11.927488 6.843327 -2.000648
v -11.993065 4.873724 -1.905928
v -11.993063 6.843332 -1.905606
v -12.046644 4.873736 -2.004536
v -12.057467 6.843319 -2.010785
v -11.927488 6.843327 -2.500648
v -11.941914 4.873732 -2.512970
v -12.049273 6.843327 -2.516867
v -12.024321 4.873715 -2.527740
v -12.044212 4.873732 -2.434229
v -12.002428 6.843327 -2.403287
v -11.961805 4.873715 -2.419460
v -11.941914 4.873732 -3.012970
v -11.927488 6.843327 -3.000648
v -11.993065 4.873724 -2.905928
v -11.993063 6.843332 -2.905607
v -12.046644 4.873736 -3.004536
v -12.057467 6.843319 -3.010785
v -11.934177 6.843332 -3.507596
v -11.934456 4.873724 -3.507436
v -12.049273 6.843327 -3.516867
v -12.052732 4.873732 -3.498211
v -11.993063 6.843319 -3.399231
v -11.993063 4.873736 -3.411729
v -12.203501 4.483732 -1.680807
v -12.292051 4.538993 -1.745369
v -12.128489 4.560302 -1.842299
v -12.248167 4.583790 -1.839847
v -12.211479 4.471812 -1.993776
v -12.296721 4.532020 -1.928466
v -12.337786 4.340552 -1.925903
v -12.370611 4.455229 -1.888758
v -12.332855 4.347918 -1.732477
v -12.367727 4.459539 -1.775598
v -12.204748 4.488005 -1.935571
v -12.304922 4.519916 -1.972314
v -12.179174 4.505850 -2.055413
v -12.290018 4.525037 -2.071489
v -12.241774 4.419482 -2.119125
v -12.306034 4.348259 -2.038660
v -12.345329 4.451461 -2.039918
v -12.283152 4.390608 -1.925217
v -12.276880 4.421594 -1.397225
v -12.341074 4.492159 -1.475827
v -12.242121 4.448232 -1.513056
v -12.306757 4.373537 -1.588422
v -12.368896 4.449086 -1.553233
v -12.381464 4.300735 -1.519170
v -12.412601 4.406495 -1.512718
v -12.362999 4.330436 -1.401004
v -12.401798 4.423871 -1.443588
v -12.172342 4.458311 -2.935244
v -12.256805 4.535995 -2.978770
v -12.118174 4.522509 -3.109927
v -12.225115 4.573553 -3.080965
v -12.251102 4.463523 -3.238436
v -12.302881 4.539044 -3.156147
v -12.387423 4.362869 -3.143177
v -12.382633 4.480159 -3.100417
v -12.338747 4.359648 -2.955793
v -12.354156 4.478275 -2.990792
v -12.317406 4.361360 -3.102338
v -12.351652 4.453647 -3.175642
v -12.166742 4.479198 -3.133713
v -12.263510 4.522586 -3.193998
v -12.127356 4.475513 -3.323710
v -12.240467 4.520431 -3.305151
v -12.253675 4.355397 -3.409759
v -12.314367 4.450159 -3.355493
v -12.371134 4.284847 -3.272943
v -12.383083 4.408885 -3.275452
v -11.782625 4.483732 -2.676092
v -11.694075 4.538993 -2.740654
v -11.857637 4.560302 -2.837584
v -11.737961 4.583790 -2.835132
v -11.774647 4.471812 -2.989062
v -11.689405 4.532020 -2.923751
v -11.648340 4.340552 -2.921188
v -11.615515 4.455229 -2.884043
v -11.653273 4.347918 -2.727763
v -11.618399 4.459539 -2.770883
v -11.781380 4.488005 -4.306251
v -11.707085 4.545507 -4.386580
v -11.806952 4.505850 -4.426093
v -11.744352 4.419482 -4.489805
v -11.678391 4.493129 -4.457672
v -11.680092 4.348259 -4.409340
v -11.640797 4.451461 -4.410598
v -11.702974 4.390608 -4.295897
v -11.654184 4.476237 -4.344231
v -11.709246 4.421594 -2.392510
v -11.615410 4.463864 -2.431064
v -11.744005 4.448232 -2.508341
v -11.636261 4.477866 -2.528975
v -11.679369 4.373537 -2.583707
v -11.604662 4.300735 -2.514456
v -11.573524 4.406495 -2.508003
v -11.623127 4.330436 -2.396290
v -11.809338 4.474137 -3.925821
v -11.720411 4.541941 -3.976399
v -11.865055 4.534454 -4.101397
v -11.753010 4.577228 -4.079117
v -11.743179 4.457967 -4.231627
v -11.681707 4.532481 -4.155304
v -11.612139 4.350380 -4.136537
v -11.605043 4.469539 -4.099675
v -11.653027 4.360373 -3.947539
v -11.628965 4.475386 -3.989105
v -11.668720 4.361360 -4.097622
v -11.634474 4.453647 -4.170927
v -11.819384 4.479198 -4.128998
v -11.722616 4.522586 -4.189283
v -11.858770 4.475513 -4.318995
v -11.745659 4.520431 -4.300436
v -11.732450 4.355397 -4.405044
v -11.671757 4.450159 -4.350778
v -11.614992 4.284847 -4.268229
v -11.603041 4.408885 -4.270737
v -11.493063 8.000000 -0.723600
v -11.493063 8.000000 -4.723600
v -12.493063 8.000000 -4.723600
v -12.493063 8.000000 -0.723600
v -11.493063 7.450000 -0.723600
v -11.493063 7.450000 -4.723600
v -12.493063 7.450000 -4.723600
v -12.493063 7.450000 -0.723600
v -11.493063 8.000000 -3.823600
v -11.493063 8.000000 -3.623600
v -11.563774 8.000000 -3.723600
v -11.493063 8.000000 -1.823600
v -11.493063 8.000000 -1.623600
v -11.563774 8.000000 -1.723600
v -12.493063 8.000000 -1.623600
v -12.493063 8.000000 -1.823600
v -12.422352 8.000000 -1.723600
v -12.493063 8.000000 -3.623600
v -12.493063 8.000000 -3.823600
v -12.422352 8.000000 -3.723600
v -11.493063 7.450000 -1.823600
v -11.493063 7.450000 -1.623600
v -11.563774 7.379289 -1.723600
v -11.493063 7.450000 -3.823600
v -11.493063 7.450000 -3.623600
v -11.563774 7.379289 -3.723600
v -12.493063 7.450000 -3.623600
v -12.493063 7.450000 -3.823600
v -12.422352 7.379289 -3.723600
v -12.493063 7.450000 -1.623600
v -12.493063 7.450000 -1.823600
v -12.422352 7.379289 -1.723600
v -12.343063 8.000000 -3.623600
v -11.643063 8.000000 -3.623600
v -11.643063 7.900000 -3.723600
v -12.343063 7.900000 -3.723600
v -11.643063 8.000000 -3.823600
v -12.343063 8.000000 -3.823600
v -12.343061 8.000000 -1.623600
v -11.643063 8.000000 -1.623600
v -11.643063 7.900000 -1.723600
v -12.343061 7.900000 -1.723600
v -11.643063 8.000000 -1.823600
v -12.343061 8.000000 -1.823600
v -11.750000 4.500000 -0.718046
v -11.750000 4.500000 3.281954
v -11.750000 4.500000 -0.307829
v -11.750000 4.500000 2.871737
v -11.949955 6.734175 0.261454
v -11.749859 6.834465 0.123287
v -11.750000 6.645241 -0.131655
v -11.750078 6.382505 -0.280241
v -11.750055 6.377659 2.846149
v -11.750000 6.645241 2.695563
v -11.749815 6.846333 2.416890
v -11.500000 4.000000 3.281954
v -11.500000 4.000000 -0.718046
v -11.500000 4.250000 3.281954
v -11.500000 4.250000 -0.718046
v -11.500000 4.000000 2.181954
v -11.500000 4.000000 2.381954
v -11.570711 4.000000 2.281954
v -11.500000 4.000000 0.181954
v -11.500000 4.000000 0.381954
v -11.570711 4.000000 0.281954
v -11.500000 4.250000 2.381954
v -11.500000 4.250000 2.181954
v -11.570711 4.320711 2.281954
v -11.500000 4.250000 0.381954
v -11.500000 4.250000 0.181954
v -11.570711 4.320711 0.281954
v -11.761194 7.078568 -0.005216
v -11.761194 7.137535 -0.064182
v -11.761194 7.137535 -0.175071
v -11.761194 7.078568 -0.234037
v -11.761194 6.891945 -0.234037
v -11.761194 6.832979 -0.175071
v -11.761194 6.832979 -0.064182
v -11.761194 6.891945 -0.005216
v -11.670195 6.882893 -0.055130
v -11.670193 7.087620 -0.055130
v -11.670195 6.882893 -0.184123
v -11.670195 7.087620 -0.184123
v -11.665176 7.088685 3.143488
v -11.670193 6.881154 3.155128
v -11.670193 7.085880 2.793683
v -11.670193 6.881154 2.793683
v -11.761194 6.890205 2.743769
v -11.761194 6.831239 2.802735
v -11.761194 6.831239 3.146076
v -11.761194 6.890205 3.205042
v -11.761194 7.076828 3.205042
v -11.761194 7.135795 3.146076
v -11.761194 7.135795 2.802735
v -11.761194 7.076828 2.743769
v -11.676281 7.071870 2.991894
v -11.734444 7.121122 3.007124
v -11.761194 5.801268 2.973625
v -11.761194 5.987891 2.973625
v -11.761194 6.046858 3.032592
v -11.761194 6.046858 3.143480
v -11.761194 5.987891 3.202447
v -11.761194 6.735273 3.213174
v -11.761194 6.794240 3.154208
v -11.761194 6.794240 2.996826
v -11.761194 6.735273 2.937860
v -11.761194 6.548650 2.937860
v -11.761194 6.489684 2.996826
v -11.761194 6.489684 3.154208
v -11.761194 6.548650 3.213174
v -11.670193 6.539598 3.163260
v -11.670193 6.744325 3.163260
v -11.670193 6.539598 2.987774
v -11.670193 6.744325 2.987774
v -11.670193 5.996943 3.023540
v -11.670193 5.792217 3.023540
v -11.670193 5.996943 3.152532
v -11.670193 5.792217 3.152532
v -11.761194 5.801268 3.202447
v -11.761194 5.742302 3.143480
v -11.761194 5.742302 3.032592
v -11.670195 7.087620 -0.570323
v -11.670195 6.882893 -0.570323
v -11.670195 7.087620 -0.355500
v -11.670195 6.882893 -0.355500
v -11.761196 6.891945 -0.305585
v -11.761196 6.832979 -0.364551
v -11.761196 6.832979 -0.561271
v -11.761196 6.891945 -0.620237
v -11.761196 7.078568 -0.620237
v -11.761196 7.137535 -0.561271
v -11.761196 7.137535 -0.364551
v -11.761196 7.078568 -0.305585
v -11.670195 4.927723 -0.573906
v -11.670195 4.722996 -0.573906
v -11.670195 4.927723 -0.444913
v -11.670195 4.722996 -0.444913
v -11.761196 4.732048 -0.394999
v -11.761196 4.673082 -0.453965
v -11.761196 4.673082 -0.564854
v -11.761196 4.732048 -0.623820
v -11.761196 4.918671 -0.623820
v -11.761196 4.977637 -0.564854
v -11.761196 4.977637 -0.453965
v -11.761196 4.918671 -0.394999
v -11.750000 7.200000 -0.718046
v -11.750000 7.200000 3.281954
v -11.500000 8.000000 3.281954
v -11.500000 8.000000 -0.718046
v -11.500000 7.450000 3.281954
v -11.500000 7.450000 -0.718046
v -11.500000 8.000000 0.181954
v -11.500000 8.000000 0.381954
v -11.570711 8.000000 0.281954
v -11.500000 8.000000 2.181954
v -11.500000 8.000000 2.381954
v -11.570711 8.000000 2.281954
v -11.500000 7.450000 2.181954
v -11.500000 7.450000 2.381954
v -11.570711 7.379289 2.281954
v -11.500000 7.450000 0.181954
v -11.500000 7.450000 0.381954
v -11.570711 7.379289 0.281954
v -11.650000 8.000000 0.381954
v -11.650000 7.900000 0.281954
v -11.650000 8.000000 0.181954
v -11.650000 8.000000 2.381954
v -11.650000 7.900000 2.281954
v -11.650000 8.000000 2.181954
v -12.250000 4.500000 3.281954
v -12.250000 4.500000 -0.718046
v -12.250000 4.500000 2.871737
v -12.250000 4.500000 -0.307829
v -12.050066 6.734940 0.278337
v -12.250000 6.861264 2.278974
v -12.249964 6.752269 2.589979
v -12.249926 6.382504 2.844150
v -12.249947 6.377659 -0.282242
v -12.250000 6.645241 -0.131655
v -12.250132 6.838709 0.131914
v -12.500000 4.000000 -0.718046
v -12.500000 4.000000 3.281954
v -12.500000 4.250000 -0.718046
v -12.500000 4.250000 3.281954
v -12.500000 4.000000 0.381954
v -12.500000 4.000000 0.181954
v -12.429289 4.000000 0.281954
v -12.500000 4.000000 2.381954
v -12.500000 4.000000 2.181954
v -12.429291 4.000000 2.281954
v -12.500000 4.250000 0.181954
v -12.500000 4.250000 0.381954
v -12.429289 4.320711 0.281954
v -12.500000 4.250000 2.181954
v -12.500000 4.250000 2.381954
v -12.429291 4.320711 2.281954
v -12.238804 7.078568 2.569124
v -12.238804 7.137535 2.628090
v -12.238804 7.137535 2.738979
v -12.238804 7.078568 2.797945
v -12.238804 6.891945 2.797945
v -12.238804 6.832979 2.738979
v -12.238804 6.832979 2.628090
v -12.238804 6.891945 2.569124
v -12.329805 6.882893 2.619038
v -12.329805 7.087620 2.619038
v -12.329805 6.882893 2.748031
v -12.329805 7.087620 2.748031
v -12.334822 7.088685 -0.579581
v -12.329805 6.881154 -0.591220
v -12.329805 7.085880 -0.229775
v -12.329805 6.881154 -0.229775
v -12.238804 6.890205 -0.179861
v -12.238804 6.831239 -0.238827
v -12.238804 6.831239 -0.582168
v -12.238804 6.890205 -0.641135
v -12.238804 7.076828 -0.641135
v -12.238804 7.135796 -0.582169
v -12.238804 7.135795 -0.238827
v -12.238804 7.076828 -0.179861
v -12.323717 7.071871 -0.427987
v -12.265554 7.121122 -0.443216
v -12.238806 5.801268 -0.409718
v -12.238806 5.987891 -0.409718
v -12.238806 6.046858 -0.468684
v -12.238806 6.046858 -0.579572
v -12.238806 5.987891 -0.638539
v -12.238804 6.735273 -0.649267
v -12.238804 6.794240 -0.590300
v -12.238804 6.794240 -0.432918
v -12.238804 6.735273 -0.373952
v -12.238804 6.548650 -0.373952
v -12.238804 6.489684 -0.432918
v -12.238804 6.489684 -0.590300
v -12.238804 6.548650 -0.649267
v -12.329805 6.539598 -0.599352
v -12.329805 6.744325 -0.599352
v -12.329805 6.539598 -0.423866
v -12.329805 6.744325 -0.423866
v -12.329805 5.996943 -0.459632
v -12.329805 5.792217 -0.459632
v -12.329805 5.996943 -0.588624
v -12.329805 5.792217 -0.588624
v -12.238806 5.801268 -0.638539
v -12.238806 5.742302 -0.579572
v -12.238806 5.742302 -0.468684
v -12.329805 7.087620 3.134231
v -12.329805 6.882893 3.134231
v -12.329805 7.087620 2.919407
v -12.329805 6.882893 2.919407
v -12.238804 6.891945 2.869493
v -12.238804 6.832979 2.928459
v -12.238804 6.832979 3.125179
v -12.238804 6.891945 3.184145
v -12.238804 7.078568 3.184145
v -12.238804 7.137535 3.125179
v -12.238804 7.137535 2.928459
v -12.238804 7.078568 2.869493
v -12.329805 4.927723 3.137814
v -12.329805 4.722996 3.137814
v -12.329805 4.927723 3.008821
v -12.329805 4.722996 3.008821
v -12.238804 4.732048 2.958907
v -12.238804 4.673082 3.017873
v -12.238804 4.673082 3.128761
v -12.238804 4.732048 3.187728
v -12.238804 4.918671 3.187728
v -12.238804 4.977637 3.128761
v -12.238804 4.977637 3.017873
v -12.238804 4.918671 2.958907
v -12.250000 7.200000 3.281954
v -12.249998 7.200000 -0.718046
v -12.499998 8.000000 -0.718046
v -12.500000 8.000000 3.281954
v -12.499998 7.450000 -0.718046
v -12.500000 7.450000 3.281954
v -12.500000 8.000000 2.381954
v -12.500000 8.000000 2.181954
v -12.429289 8.000000 2.281954
v -12.500000 8.000000 0.381954
v -12.500000 8.000000 0.181954
v -12.429289 8.000000 0.281954
v -12.500000 7.450000 0.381954
v -12.500000 7.450000 0.181954
v -12.429289 7.379289 0.281954
v -12.500000 7.450000 2.381954
v -12.500000 7.450000 2.181954
v -12.429289 7.379289 2.281954
v -12.349998 8.000000 2.181954
v -12.349998 7.900000 2.281954
v -12.349998 8.000000 2.381954
v -12.350000 8.000000 0.181954
v -12.350000 7.900000 0.281954
v -12.350000 8.000000 0.381954
v -11.950075 6.244131 2.766474
v -11.949999 6.556798 2.588752
v -11.949793 6.726777 2.306237
v -11.949999 6.556798 -0.024844
v -11.950087 6.258595 -0.201485
v -11.949999 4.500000 2.781954
v -11.950001 4.500000 -0.218046
v -12.049923 6.244130 -0.202566
v -12.049999 6.556798 -0.024844
v -12.050140 6.725194 2.323095
v -12.049999 6.556798 2.588752
v -12.049911 6.258597 2.765391
v -12.049999 4.500000 -0.218046
v -12.049999 4.500000 2.781954
v -12.038803 6.540867 0.342567
v -12.038803 6.599834 0.401533
v -12.038803 6.599834 0.866456
v -12.038803 6.540867 0.925423
v -12.038803 6.354244 0.925423
v -12.038803 6.295278 0.866456
v -12.038803 6.295278 0.401533
v -12.038803 6.354244 0.342567
v -12.129805 6.345192 0.392482
v -12.129805 6.549919 0.392482
v -12.129805 6.345192 0.875508
v -12.129805 6.549919 0.875508
v -12.135386 6.315794 1.788422
v -12.129805 6.108868 1.779789
v -12.129805 6.313594 2.262816
v -12.129805 6.108868 2.262816
v -12.038803 6.117920 2.312730
v -12.038803 6.058953 2.253764
v -12.038803 6.058953 1.788841
v -12.038803 6.117920 1.729874
v -12.038803 6.304542 1.729874
v -12.038803 6.363509 1.788841
v -12.038803 6.363509 2.253763
v -12.038803 6.304542 2.312730
v -12.123716 6.299584 1.943022
v -12.065554 6.348836 1.927793
v -12.134821 5.258610 0.440281
v -12.129805 5.466141 0.451922
v -12.129805 5.261414 -0.031105
v -12.129805 5.466141 -0.031105
v -12.038803 5.457089 -0.081020
v -12.038803 5.516055 -0.022053
v -12.038803 5.516055 0.442869
v -12.038803 5.457089 0.501836
v -12.038803 5.270466 0.501836
v -12.038803 5.211501 0.442869
v -12.038803 5.211500 -0.022053
v -12.038803 5.270466 -0.081020
v -12.123716 5.275424 0.288687
v -12.065554 5.226173 0.303917
v -12.038803 5.983013 1.973606
v -12.038803 6.041980 2.032572
v -12.038803 6.041980 2.497495
v -12.038803 5.983013 2.556462
v -12.038803 5.796390 2.556462
v -12.038803 5.737424 2.497495
v -12.038803 5.737424 2.032572
v -12.038803 5.796390 1.973606
v -12.129805 5.787338 2.023520
v -12.129805 5.992065 2.023520
v -12.129805 5.787338 2.506547
v -12.129805 5.992065 2.506547
v -12.038803 5.983013 1.489261
v -12.038803 6.041980 1.548228
v -12.038803 6.041980 1.876569
v -12.038803 5.983013 1.935536
v -12.038803 5.796390 1.935536
v -12.038803 5.737424 1.876569
v -12.038803 5.737424 1.548228
v -12.038803 5.796390 1.489261
v -12.129805 5.787338 1.539176
v -12.129805 5.992065 1.539176
v -12.129805 5.787338 1.885621
v -12.129805 5.992065 1.885621
v -12.038803 5.319182 1.944864
v -12.038803 5.378148 2.003830
v -12.038803 5.378148 2.468753
v -12.038803 5.319182 2.527719
v -12.038803 5.132559 2.527719
v -12.038803 5.073593 2.468753
v -12.038803 5.073593 2.003830
v -12.038803 5.132559 1.944864
v -12.129805 5.123507 1.994778
v -12.129805 5.328234 1.994778
v -12.129805 5.123507 2.477805
v -12.129805 5.328234 2.477805
v -12.038803 4.975887 1.567239
v -12.038803 5.034853 1.626206
v -12.038803 5.034853 2.091129
v -12.038803 4.975887 2.150095
v -12.038803 4.789264 2.150095
v -12.038803 4.730298 2.091129
v -12.038803 4.730298 1.626206
v -12.038803 4.789264 1.567239
v -12.129805 4.780212 1.617154
v -12.129805 4.984939 1.617154
v -12.129805 4.780212 2.100181
v -12.129805 4.984939 2.100181
v -12.038803 5.456500 0.544251
v -12.038803 5.515466 0.603218
v -12.038803 5.515466 1.068141
v -12.038803 5.456500 1.127107
v -12.038803 5.269877 1.127107
v -12.038803 5.210911 1.068141
v -12.038803 5.210911 0.603218
v -12.038803 5.269877 0.544251
v -12.129805 5.260825 0.594166
v -12.129805 5.465552 0.594166
v -12.129805 5.260825 1.077193
v -12.129805 5.465552 1.077193
v -12.038803 5.134661 0.170918
v -12.038803 5.193627 0.229884
v -12.038803 5.193627 0.694807
v -12.038803 5.134661 0.753774
v -12.038803 4.948038 0.753774
v -12.038803 4.889072 0.694807
v -12.038803 4.889072 0.229884
v -12.038803 4.948038 0.170918
v -12.129805 4.938986 0.220833
v -12.129805 5.143713 0.220833
v -12.129805 4.938986 0.703859
v -12.129805 5.143713 0.703859
v -11.961197 6.540867 2.221341
v -11.961197 6.599834 2.162375
v -11.961197 6.599834 1.697452
v -11.961197 6.540867 1.638485
v -11.961197 6.354244 1.638485
v -11.961197 6.295278 1.697452
v -11.961197 6.295278 2.162375
v -11.961197 6.354244 2.221341
v -11.870195 6.345192 2.171427
v -11.870195 6.549919 2.171427
v -11.870195 6.345192 1.688400
v -11.870195 6.549919 1.688400
v -11.864614 6.315794 0.775485
v -11.870195 6.108868 0.784119
v -11.870195 6.313594 0.301093
v -11.870195 6.108868 0.301093
v -11.961195 6.117920 0.251178
v -11.961195 6.058953 0.310144
v -11.961195 6.058953 0.775067
v -11.961195 6.117920 0.834034
v -11.961195 6.304542 0.834034
v -11.961195 6.363509 0.775066
v -11.961195 6.363509 0.310144
v -11.961195 6.304542 0.251178
v -11.876284 6.299582 0.620884
v -11.934446 6.348836 0.636115
v -11.865179 5.258610 2.123626
v -11.870195 5.466141 2.111987
v -11.870195 5.261414 2.595013
v -11.870195 5.466141 2.595013
v -11.961197 5.457089 2.644928
v -11.961197 5.516055 2.585962
v -11.961197 5.516055 2.121039
v -11.961197 5.457089 2.062072
v -11.961197 5.270466 2.062072
v -11.961197 5.211500 2.121039
v -11.961197 5.211501 2.585961
v -11.961197 5.270466 2.644928
v -11.876284 5.275425 2.275221
v -11.934446 5.226173 2.259991
v -11.961195 5.983013 0.590302
v -11.961195 6.041980 0.531336
v -11.961195 6.041980 0.066413
v -11.961195 5.983013 0.007447
v -11.961195 5.796390 0.007447
v -11.961195 5.737424 0.066413
v -11.961195 5.737424 0.531336
v -11.961195 5.796390 0.590302
v -11.870195 5.787338 0.540388
v -11.870195 5.992065 0.540388
v -11.870195 5.787338 0.057361
v -11.870195 5.992065 0.057361
v -11.961195 5.983013 1.074647
v -11.961195 6.041980 1.015680
v -11.961195 6.041980 0.687339
v -11.961195 5.983013 0.628372
v -11.961195 5.796390 0.628372
v -11.961195 5.737424 0.687339
v -11.961195 5.737424 1.015680
v -11.961195 5.796390 1.074647
v -11.870195 5.787338 1.024732
v -11.870195 5.992065 1.024732
v -11.870195 5.787338 0.678287
v -11.870195 5.992065 0.678287
v -11.961195 5.319182 0.619044
v -11.961195 5.378148 0.560078
v -11.961195 5.378148 0.095155
v -11.961195 5.319182 0.036189
v -11.961195 5.132559 0.036189
v -11.961195 5.073593 0.095155
v -11.961195 5.073593 0.560078
v -11.961195 5.132559 0.619044
v -11.870195 5.123507 0.569130
v -11.870195 5.328234 0.569130
v -11.870195 5.123507 0.086103
v -11.870195 5.328234 0.086103
v -11.961195 4.975887 0.996669
v -11.961195 5.034853 0.937702
v -11.961195 5.034853 0.472780
v -11.961195 4.975887 0.413813
v -11.961197 4.789264 0.413813
v -11.961197 4.730298 0.472780
v -11.961195 4.730298 0.937702
v -11.961195 4.789264 0.996669
v -11.870195 4.780212 0.946754
v -11.870195 4.984939 0.946754
v -11.870195 4.780212 0.463728
v -11.870195 4.984939 0.463728
v -11.961197 5.456500 2.019657
v -11.961197 5.515466 1.960690
v -11.961197 5.515466 1.495768
v -11.961197 5.456500 1.436801
v -11.961197 5.269877 1.436801
v -11.961197 5.210911 1.495768
v -11.961197 5.210911 1.960690
v -11.961197 5.269877 2.019657
v -11.870195 5.260825 1.969742
v -11.870195 5.465552 1.969742
v -11.870195 5.260825 1.486716
v -11.870195 5.465552 1.486716
v -11.961197 5.134661 2.392990
v -11.961197 5.193627 2.334024
v -11.961197 5.193627 1.869101
v -11.961197 5.134661 1.810134
v -11.961197 4.948038 1.810134
v -11.961197 4.889072 1.869101
v -11.961197 4.889072 2.334024
v -11.961197 4.948038 2.392990
v -11.870195 4.938986 2.343076
v -11.870195 5.143713 2.343076
v -11.870195 4.938986 1.860049
v -11.870195 5.143713 1.860049
v -12.249113 0.500000 7.279657
v -11.749113 0.500000 7.279657
v -11.499113 -0.000000 7.279657
v -11.499113 -0.000000 3.279657
v -12.499113 0.000000 3.279657
v -12.499113 0.000000 7.279657
v -11.499113 0.250000 7.279657
v -11.499113 0.250000 3.279657
v -12.499113 0.250000 3.279657
v -12.499113 0.250000 7.279657
v -12.249113 0.500000 3.279657
v -11.749113 0.500000 3.279657
v -11.499113 -0.000000 6.179657
v -11.499113 -0.000000 6.379657
v -11.569824 -0.000000 6.279657
v -11.499113 -0.000000 4.179657
v -11.499113 -0.000000 4.379657
v -11.569824 -0.000000 4.279657
v -12.499113 0.000000 4.379657
v -12.499113 0.000000 4.179657
v -12.428402 0.000000 4.279657
v -12.499113 0.000000 6.379657
v -12.499113 0.000000 6.179657
v -12.428402 0.000000 6.279657
v -11.499113 0.250000 6.379657
v -11.499113 0.250000 6.179657
v -11.569824 0.320711 6.279657
v -11.499113 0.250000 4.379657
v -11.499113 0.250000 4.179657
v -11.569824 0.320711 4.279657
v -12.499113 0.250000 4.179657
v -12.499113 0.250000 4.379657
v -12.428402 0.320711 4.279657
v -12.499113 0.250000 6.179657
v -12.499113 0.250000 6.379657
v -12.428402 0.320711 6.279657
v -12.237915 2.640867 4.240270
v -12.237915 2.699834 4.299236
v -12.237915 2.699834 4.764159
v -12.237915 2.640867 4.823126
v -12.237915 2.454244 4.823126
v -12.237915 2.395278 4.764159
v -12.237915 2.395278 4.299236
v -12.237915 2.454244 4.240270
v -12.328917 2.445192 4.290184
v -12.328917 2.649919 4.290184
v -12.328917 2.445192 4.773211
v -12.328917 2.649919 4.773211
v -12.333937 2.416398 5.889131
v -12.328918 2.208868 5.877492
v -12.328918 2.413594 6.360519
v -12.328918 2.208868 6.360519
v -12.237917 2.217920 6.410433
v -12.237917 2.158953 6.351467
v -12.237917 2.158953 5.886544
v -12.237917 2.217920 5.827577
v -12.237917 2.404542 5.827577
v -12.237917 2.463509 5.886544
v -12.237917 2.463509 6.351468
v -12.237917 2.404542 6.410433
v -12.322832 2.399582 6.040727
v -12.264668 2.448836 6.025496
v -12.334497 1.259214 4.340991
v -12.328917 1.466141 4.349625
v -12.328917 1.261414 3.866598
v -12.328917 1.466141 3.866598
v -12.237917 1.457089 3.816683
v -12.237915 1.516055 3.875650
v -12.237915 1.516055 4.340572
v -12.237915 1.457089 4.399539
v -12.237915 1.270466 4.399539
v -12.237915 1.211501 4.340576
v -12.237917 1.211500 3.875650
v -12.237917 1.270466 3.816683
v -12.322828 1.275424 4.186390
v -12.264666 1.226173 4.201620
v -12.237915 2.958415 3.871228
v -12.237915 3.017381 3.930194
v -12.237915 3.017381 4.395117
v -12.237915 2.958415 4.454084
v -12.237915 2.771792 4.454084
v -12.237915 2.712826 4.395117
v -12.237915 2.712826 3.930194
v -12.237915 2.771792 3.871228
v -12.328917 2.762740 3.921142
v -12.328917 2.967467 3.921142
v -12.328917 2.762740 4.404169
v -12.328917 2.967467 4.404169
v -12.237917 2.906921 6.334369
v -12.237917 2.965887 6.393335
v -12.237917 2.965887 6.858258
v -12.237917 2.906921 6.917225
v -12.237917 2.720298 6.917225
v -12.237917 2.661332 6.858258
v -12.237917 2.661332 6.393335
v -12.237917 2.720298 6.334369
v -12.328918 2.711246 6.384283
v -12.328918 2.915973 6.384283
v -12.328918 2.711246 6.867311
v -12.328917 2.915973 6.867311
v -12.237917 2.083013 6.071309
v -12.237917 2.141979 6.130275
v -12.237917 2.141979 6.595198
v -12.237917 2.083013 6.654165
v -12.237917 1.896390 6.654165
v -12.237917 1.837424 6.595198
v -12.237917 1.837424 6.130275
v -12.237917 1.896390 6.071309
v -12.328918 1.887338 6.121223
v -12.328918 2.092065 6.121223
v -12.328918 1.887338 6.604250
v -12.328918 2.092065 6.604250
v -12.237917 2.083013 5.586964
v -12.237917 2.141979 5.645931
v -12.237917 2.141979 5.974272
v -12.237917 2.083013 6.033239
v -12.237917 1.896390 6.033239
v -12.237917 1.837424 5.974272
v -12.237917 1.837424 5.645931
v -12.237917 1.896390 5.586964
v -12.328918 1.887338 5.636879
v -12.328918 2.092065 5.636879
v -12.328918 1.887338 5.983324
v -12.328918 2.092065 5.983324
v -12.237917 1.319182 6.042567
v -12.237917 1.378148 6.101533
v -12.237917 1.378148 6.566456
v -12.237917 1.319182 6.625422
v -12.237917 1.132559 6.625422
v -12.237917 1.073593 6.566456
v -12.237917 1.073593 6.101533
v -12.237917 1.132559 6.042567
v -12.328918 1.123507 6.092481
v -12.328918 1.328234 6.092481
v -12.328918 1.123507 6.575508
v -12.328918 1.328234 6.575508
v -12.237915 0.975887 5.664942
v -12.237915 1.034853 5.723909
v -12.237915 1.034853 6.188832
v -12.237915 0.975887 6.247798
v -12.237915 0.789264 6.247798
v -12.237915 0.730298 6.188832
v -12.237915 0.730298 5.723909
v -12.237915 0.789264 5.664942
v -12.328918 0.780212 5.714857
v -12.328918 0.984939 5.714857
v -12.328918 0.780212 6.197884
v -12.328918 0.984939 6.197884
v -12.237915 1.456500 4.441954
v -12.237915 1.515466 4.500921
v -12.237915 1.515466 4.965844
v -12.237915 1.456500 5.024810
v -12.237915 1.269877 5.024810
v -12.237915 1.210911 4.965844
v -12.237915 1.210911 4.500921
v -12.237915 1.269877 4.441954
v -12.328917 1.260825 4.491869
v -12.328917 1.465552 4.491869
v -12.328917 1.260825 4.974896
v -12.328917 1.465552 4.974896
v -12.237917 1.134661 4.068621
v -12.237917 1.193627 4.127587
v -12.237915 1.193627 4.592510
v -12.237915 1.134661 4.651477
v -12.237917 0.948038 4.651477
v -12.237917 0.889072 4.592510
v -12.237917 0.889072 4.127587
v -12.237917 0.948038 4.068621
v -12.328917 0.938986 4.118536
v -12.328917 1.143713 4.118536
v -12.328917 0.938986 4.601562
v -12.328917 1.143713 4.601562
v -11.760309 2.640867 6.319044
v -11.760309 2.699834 6.260078
v -11.760309 2.699834 5.795156
v -11.760309 2.640867 5.736188
v -11.760309 2.454244 5.736188
v -11.760309 2.395278 5.795156
v -11.760309 2.395278 6.260078
v -11.760309 2.454244 6.319044
v -11.669308 2.445192 6.269130
v -11.669308 2.649919 6.269130
v -11.669310 2.445192 5.786103
v -11.669308 2.649919 5.786103
v -11.664291 2.416398 4.670183
v -11.669308 2.208868 4.681822
v -11.669308 2.413594 4.198796
v -11.669308 2.208868 4.198796
v -11.760309 2.217920 4.148881
v -11.760309 2.158953 4.207847
v -11.760309 2.158953 4.672771
v -11.760309 2.217920 4.731737
v -11.760309 2.404542 4.731737
v -11.760309 2.463509 4.672770
v -11.760309 2.463509 4.207847
v -11.760309 2.404542 4.148881
v -11.675396 2.399584 4.518588
v -11.733559 2.448836 4.533818
v -11.663729 1.259213 6.218324
v -11.669310 1.466141 6.209690
v -11.669310 1.261414 6.692716
v -11.669310 1.466141 6.692716
v -11.760309 1.457089 6.742631
v -11.760309 1.516055 6.683665
v -11.760309 1.516055 6.218742
v -11.760309 1.457089 6.159775
v -11.760309 1.270466 6.159775
v -11.760309 1.211500 6.218742
v -11.760309 1.211500 6.683665
v -11.760309 1.270466 6.742631
v -11.675398 1.275424 6.372924
v -11.733561 1.226173 6.357694
v -11.760309 2.958415 6.688087
v -11.760309 3.017381 6.629120
v -11.760309 3.017381 6.164197
v -11.760309 2.958415 6.105230
v -11.760309 2.771792 6.105230
v -11.760309 2.712826 6.164197
v -11.760309 2.712826 6.629120
v -11.760309 2.771792 6.688087
v -11.669308 2.762740 6.638172
v -11.669308 2.967467 6.638172
v -11.669308 2.762740 6.155145
v -11.669308 2.967467 6.155145
v -11.760309 2.906921 4.224945
v -11.760309 2.965887 4.165979
v -11.760309 2.965887 3.701056
v -11.760307 2.906921 3.642089
v -11.760307 2.720298 3.642089
v -11.760309 2.661332 3.701056
v -11.760309 2.661332 4.165979
v -11.760309 2.720298 4.224945
v -11.669308 2.711246 4.175031
v -11.669308 2.915973 4.175031
v -11.669308 2.711246 3.692004
v -11.669308 2.915973 3.692004
v -11.760309 2.083013 4.488005
v -11.760309 2.141979 4.429039
v -11.760309 2.141979 3.964116
v -11.760309 2.083013 3.905150
v -11.760309 1.896390 3.905150
v -11.760309 1.837424 3.964116
v -11.760309 1.837424 4.429039
v -11.760309 1.896390 4.488005
v -11.669308 1.887338 4.438091
v -11.669308 2.092065 4.438091
v -11.669308 1.887338 3.955064
v -11.669308 2.092065 3.955064
v -11.760309 2.083013 4.972350
v -11.760309 2.141979 4.913383
v -11.760309 2.141979 4.585042
v -11.760309 2.083013 4.526075
v -11.760309 1.896390 4.526075
v -11.760309 1.837424 4.585042
v -11.760309 1.837424 4.913383
v -11.760309 1.896390 4.972350
v -11.669308 1.887338 4.922435
v -11.669308 2.092065 4.922435
v -11.669308 1.887338 4.575990
v -11.669308 2.092065 4.575990
v -11.760309 1.319182 4.516747
v -11.760309 1.378148 4.457781
v -11.760309 1.378148 3.992858
v -11.760309 1.319182 3.933892
v -11.760309 1.132559 3.933892
v -11.760309 1.073593 3.992858
v -11.760309 1.073593 4.457781
v -11.760309 1.132559 4.516747
v -11.669308 1.123507 4.466833
v -11.669308 1.328234 4.466833
v -11.669308 1.123507 3.983806
v -11.669308 1.328234 3.983806
v -11.760309 0.975887 4.894372
v -11.760309 1.034853 4.835405
v -11.760309 1.034853 4.370483
v -11.760309 0.975887 4.311516
v -11.760309 0.789264 4.311516
v -11.760309 0.730298 4.370483
v -11.760309 0.730298 4.835405
v -11.760309 0.789264 4.894372
v -11.669308 0.780212 4.844457
v -11.669308 0.984939 4.844457
v -11.669308 0.780212 4.361431
v -11.669308 0.984939 4.361431
v -11.760309 1.456500 6.117360
v -11.760309 1.515466 6.058393
v -11.760309 1.515466 5.593471
v -11.760309 1.456500 5.534504
v -11.760309 1.269877 5.534504
v -11.760309 1.210911 5.593471
v -11.760309 1.210911 6.058393
v -11.760309 1.269877 6.117360
v -11.669310 1.260825 6.067445
v -11.669310 1.465552 6.067445
v -11.669310 1.260825 5.584419
v -11.669310 1.465552 5.584419
v -11.760309 1.134661 6.490693
v -11.760309 1.193627 6.431727
v -11.760309 1.193627 5.966805
v -11.760309 1.134661 5.907837
v -11.760309 0.948038 5.907837
v -11.760309 0.889072 5.966805
v -11.760309 0.889072 6.431727
v -11.760309 0.948038 6.490693
v -11.669310 0.938986 6.440779
v -11.669310 1.143713 6.440779
v -11.669310 0.938986 5.957752
v -11.669310 1.143713 5.957752
v -11.749113 3.200000 3.279657
v -12.249113 3.200000 3.279657
v -11.749113 3.200000 7.279657
v -12.249113 3.200000 7.279657
v -11.499113 4.000000 7.279657
v -11.499113 4.000000 3.279657
v -12.499113 4.000000 3.279657
v -12.499113 4.000000 7.279657
v -11.499113 3.450000 7.279657
v -11.499113 3.450000 3.279657
v -12.499113 3.450000 3.279657
v -12.499113 3.450000 7.279657
v -11.499113 4.000000 4.179657
v -11.499113 4.000000 4.379657
v -11.569824 4.000000 4.279657
v -11.499113 4.000000 6.179657
v -11.499113 4.000000 6.379657
v -11.569824 4.000000 6.279657
v -12.499113 4.000000 6.379657
v -12.499113 4.000000 6.179657
v -12.428402 4.000000 6.279657
v -12.499113 4.000000 4.379657
v -12.499113 4.000000 4.179657
v -12.428402 4.000000 4.279657
v -11.499113 3.450000 6.179657
v -11.499113 3.450000 6.379657
v -11.569824 3.379289 6.279657
v -11.499113 3.450000 4.179657
v -11.499113 3.450000 4.379657
v -11.569824 3.379289 4.279657
v -12.499113 3.450000 4.379657
v -12.499113 3.450000 4.179657
v -12.428402 3.379289 4.279657
v -12.499113 3.450000 6.379657
v -12.499113 3.450000 6.179657
v -12.428402 3.379289 6.279657
v -12.349113 4.000000 4.379657
v -11.649113 4.000000 4.379657
v -11.649113 3.900000 4.279657
v -12.349113 3.900000 4.279657
v -11.649113 4.000000 4.179657
v -12.349113 4.000000 4.179657
v -12.349112 4.000000 6.379657
v -11.649113 4.000000 6.379657
v -11.649113 3.900000 6.279657
v -12.349112 3.900000 6.279657
v -11.649113 4.000000 6.179657
v -12.349112 4.000000 6.179657
v -12.259417 4.500000 7.283440
v -11.759417 4.500000 7.283440
v -11.509417 4.000000 7.283440
v -11.509417 4.000000 3.283440
v -12.509417 4.000000 3.283440
v -12.509417 4.000000 7.283440
v -11.509417 4.250000 7.283440
v -11.509417 4.250000 3.283440
v -12.509417 4.250000 3.283440
v -12.509417 4.250000 7.283440
v -12.259417 4.500000 3.283440
v -11.759417 4.500000 3.283440
v -11.509417 4.000000 6.183439
v -11.509417 4.000000 6.383440
v -11.580128 4.000000 6.283440
v -11.509417 4.000000 4.183440
v -11.509417 4.000000 4.383440
v -11.580128 4.000000 4.283440
v -12.509417 4.000000 4.383440
v -12.509417 4.000000 4.183439
v -12.438705 4.000000 4.283440
v -12.509417 4.000000 6.383440
v -12.509417 4.000000 6.183440
v -12.438705 4.000000 6.283440
v -11.509417 4.250000 6.383440
v -11.509417 4.250000 6.183439
v -11.580128 4.320711 6.283440
v -11.509417 4.250000 4.383440
v -11.509417 4.250000 4.183440
v -11.580128 4.320711 4.283440
v -12.509417 4.250000 4.183439
v -12.509417 4.250000 4.383440
v -12.438705 4.320711 4.283440
v -12.509417 4.250000 6.183440
v -12.509417 4.250000 6.383440
v -12.438705 4.320711 6.283440
v -12.248219 6.640867 4.244052
v -12.248219 6.699834 4.303019
v -12.248219 6.699834 4.767941
v -12.248219 6.640867 4.826909
v -12.248219 6.454244 4.826909
v -12.248219 6.395278 4.767941
v -12.248219 6.395278 4.303019
v -12.248219 6.454244 4.244052
v -12.339220 6.445192 4.293966
v -12.339220 6.649919 4.293966
v -12.339220 6.445192 4.776994
v -12.339220 6.649919 4.776994
v -12.344238 6.416399 5.892914
v -12.339222 6.208868 5.881275
v -12.339222 6.413594 6.364302
v -12.339222 6.208868 6.364302
v -12.248220 6.217920 6.414216
v -12.248220 6.158953 6.355249
v -12.248220 6.158953 5.890326
v -12.248220 6.217920 5.831359
v -12.248220 6.404542 5.831359
v -12.248220 6.463509 5.890326
v -12.248220 6.463509 6.355249
v -12.248220 6.404542 6.414216
v -12.333134 6.399585 6.044508
v -12.274971 6.448836 6.029279
v -12.344236 5.258610 4.341767
v -12.339220 5.466141 4.353407
v -12.339220 5.261414 3.870380
v -12.339220 5.466141 3.870380
v -12.248220 5.457089 3.820466
v -12.248219 5.516055 3.879433
v -12.248219 5.516055 4.344355
v -12.248219 5.457089 4.403321
v -12.248219 5.270466 4.403321
v -12.248219 5.211501 4.344358
v -12.248220 5.211500 3.879433
v -12.248220 5.270466 3.820466
v -12.333132 5.275424 4.190173
v -12.274969 5.226173 4.205402
v -12.248219 6.958415 3.875010
v -12.248219 7.017381 3.933977
v -12.248219 7.017381 4.398900
v -12.248219 6.958415 4.457867
v -12.248219 6.771792 4.457867
v -12.248219 6.712826 4.398900
v -12.248219 6.712826 3.933977
v -12.248219 6.771792 3.875010
v -12.339220 6.762740 3.924924
v -12.339220 6.967467 3.924924
v -12.339220 6.762740 4.407951
v -12.339220 6.967467 4.407951
v -12.248220 6.906921 6.338151
v -12.248220 6.965887 6.397118
v -12.248220 6.965887 6.862041
v -12.248220 6.906921 6.921008
v -12.248220 6.720298 6.921008
v -12.248220 6.661332 6.862041
v -12.248220 6.661332 6.397118
v -12.248220 6.720298 6.338151
v -12.339222 6.711246 6.388065
v -12.339222 6.915973 6.388065
v -12.339222 6.711246 6.871093
v -12.339220 6.915973 6.871093
v -12.248220 6.083013 6.075091
v -12.248220 6.141979 6.134058
v -12.248220 6.141979 6.598980
v -12.248220 6.083013 6.657948
v -12.248220 5.896390 6.657948
v -12.248220 5.837424 6.598980
v -12.248220 5.837424 6.134058
v -12.248220 5.896390 6.075091
v -12.339222 5.887338 6.125006
v -12.339222 6.092065 6.125006
v -12.339222 5.887338 6.608032
v -12.339222 6.092065 6.608032
v -12.248220 6.083013 5.590746
v -12.248220 6.141979 5.649714
v -12.248220 6.141979 5.978055
v -12.248220 6.083013 6.037022
v -12.248220 5.896390 6.037022
v -12.248220 5.837424 5.978055
v -12.248220 5.837424 5.649714
v -12.248220 5.896390 5.590746
v -12.339222 5.887338 5.640662
v -12.339222 6.092065 5.640662
v -12.339222 5.887338 5.987106
v -12.339222 6.092065 5.987106
v -12.248220 5.319182 6.046350
v -12.248220 5.378148 6.105316
v -12.248220 5.378148 6.570239
v -12.248220 5.319182 6.629205
v -12.248220 5.132559 6.629205
v -12.248220 5.073593 6.570239
v -12.248220 5.073593 6.105316
v -12.248220 5.132559 6.046350
v -12.339222 5.123507 6.096263
v -12.339222 5.328234 6.096263
v -12.339222 5.123507 6.579290
v -12.339222 5.328234 6.579290
v -12.248219 4.975887 5.668725
v -12.248219 5.034853 5.727692
v -12.248219 5.034853 6.192615
v -12.248219 4.975887 6.251581
v -12.248219 4.789264 6.251581
v -12.248219 4.730298 6.192615
v -12.248219 4.730298 5.727692
v -12.248219 4.789264 5.668725
v -12.339222 4.780212 5.718639
v -12.339222 4.984939 5.718639
v -12.339222 4.780212 6.201666
v -12.339222 4.984939 6.201666
v -12.248219 5.456500 4.445736
v -12.248219 5.515466 4.504704
v -12.248219 5.515466 4.969626
v -12.248219 5.456500 5.028593
v -12.248219 5.269877 5.028593
v -12.248219 5.210911 4.969626
v -12.248219 5.210911 4.504704
v -12.248219 5.269877 4.445736
v -12.339220 5.260825 4.495652
v -12.339220 5.465552 4.495652
v -12.339220 5.260825 4.978679
v -12.339220 5.465552 4.978679
v -12.248220 5.134661 4.072403
v -12.248220 5.193627 4.131370
v -12.248219 5.193627 4.596292
v -12.248219 5.134661 4.655260
v -12.248220 4.948038 4.655260
v -12.248220 4.889072 4.596292
v -12.248220 4.889072 4.131370
v -12.248220 4.948038 4.072403
v -12.339220 4.938986 4.122318
v -12.339220 5.143713 4.122318
v -12.339220 4.938986 4.605345
v -12.339220 5.143713 4.605345
v -11.770613 6.640867 6.322826
v -11.770613 6.699834 6.263861
v -11.770613 6.699834 5.798938
v -11.770613 6.640867 5.739971
v -11.770613 6.454244 5.739971
v -11.770613 6.395278 5.798938
v -11.770613 6.395278 6.263861
v -11.770613 6.454244 6.322826
v -11.679611 6.445192 6.272913
v -11.679611 6.649919 6.272913
v -11.679613 6.445192 5.789886
v -11.679611 6.649919 5.789886
v -11.674597 6.416399 4.673966
v -11.679611 6.208868 4.685605
v -11.679611 6.413594 4.202579
v -11.679611 6.208868 4.202579
v -11.770613 6.217920 4.152664
v -11.770613 6.158953 4.211629
v -11.770613 6.158953 4.676553
v -11.770613 6.217920 4.735519
v -11.770613 6.404542 4.735519
v -11.770613 6.463509 4.676552
v -11.770613 6.463509 4.211629
v -11.770613 6.404542 4.152664
v -11.685701 6.399586 4.522370
v -11.743862 6.448836 4.537601
v -11.674597 5.258610 6.225112
v -11.679613 5.466141 6.213472
v -11.679613 5.261414 6.696498
v -11.679613 5.466141 6.696498
v -11.770613 5.457089 6.746413
v -11.770613 5.516055 6.687448
v -11.770613 5.516055 6.222525
v -11.770613 5.457089 6.163558
v -11.770613 5.270466 6.163558
v -11.770613 5.211500 6.222525
v -11.770613 5.211501 6.687447
v -11.770613 5.270466 6.746413
v -11.685701 5.275425 6.376707
v -11.743864 5.226173 6.361476
v -11.770613 6.958415 6.691869
v -11.770613 7.017381 6.632903
v -11.770613 7.017381 6.167980
v -11.770613 6.958415 6.109013
v -11.770613 6.771792 6.109013
v -11.770613 6.712826 6.167980
v -11.770613 6.712826 6.632903
v -11.770613 6.771792 6.691869
v -11.679611 6.762740 6.641954
v -11.679611 6.967467 6.641954
v -11.679611 6.762740 6.158927
v -11.679611 6.967467 6.158927
v -11.770613 6.906921 4.228727
v -11.770613 6.965887 4.169762
v -11.770613 6.965887 3.704839
v -11.770611 6.906921 3.645872
v -11.770611 6.720298 3.645872
v -11.770613 6.661332 3.704839
v -11.770613 6.661332 4.169762
v -11.770613 6.720298 4.228727
v -11.679611 6.711246 4.178813
v -11.679611 6.915973 4.178813
v -11.679611 6.711246 3.695786
v -11.679611 6.915973 3.695786
v -11.770613 6.083013 4.491787
v -11.770613 6.141979 4.432822
v -11.770613 6.141979 3.967898
v -11.770613 6.083013 3.908933
v -11.770613 5.896390 3.908933
v -11.770613 5.837424 3.967898
v -11.770613 5.837424 4.432822
v -11.770613 5.896390 4.491787
v -11.679611 5.887338 4.441874
v -11.679611 6.092065 4.441874
v -11.679611 5.887338 3.958847
v -11.679611 6.092065 3.958847
v -11.770613 6.083013 4.976132
v -11.770613 6.141979 4.917166
v -11.770613 6.141979 4.588825
v -11.770613 6.083013 4.529858
v -11.770613 5.896390 4.529858
v -11.770613 5.837424 4.588825
v -11.770613 5.837424 4.917166
v -11.770613 5.896390 4.976132
v -11.679611 5.887338 4.926218
v -11.679611 6.092065 4.926218
v -11.679611 5.887338 4.579772
v -11.679611 6.092065 4.579772
v -11.770613 5.319182 4.520530
v -11.770613 5.378148 4.461564
v -11.770613 5.378148 3.996641
v -11.770613 5.319182 3.937675
v -11.770613 5.132559 3.937675
v -11.770613 5.073593 3.996641
v -11.770613 5.073593 4.461564
v -11.770613 5.132559 4.520530
v -11.679611 5.123507 4.470615
v -11.679611 5.328234 4.470615
v -11.679611 5.123507 3.987588
v -11.679611 5.328234 3.987588
v -11.770613 4.975887 4.898155
v -11.770613 5.034853 4.839188
v -11.770613 5.034853 4.374266
v -11.770613 4.975887 4.315299
v -11.770613 4.789264 4.315299
v -11.770613 4.730298 4.374266
v -11.770613 4.730298 4.839188
v -11.770613 4.789264 4.898155
v -11.679611 4.780212 4.848239
v -11.679611 4.984939 4.848239
v -11.679611 4.780212 4.365213
v -11.679611 4.984939 4.365213
v -11.770613 5.456500 6.121142
v -11.770613 5.515466 6.062176
v -11.770613 5.515466 5.597253
v -11.770613 5.456500 5.538287
v -11.770613 5.269877 5.538287
v -11.770613 5.210911 5.597253
v -11.770613 5.210911 6.062176
v -11.770613 5.269877 6.121142
v -11.679613 5.260825 6.071228
v -11.679613 5.465552 6.071228
v -11.679613 5.260825 5.588202
v -11.679613 5.465552 5.588202
v -11.770613 5.134661 6.494475
v -11.770613 5.193627 6.435510
v -11.770613 5.193627 5.970587
v -11.770613 5.134661 5.911620
v -11.770613 4.948038 5.911620
v -11.770613 4.889072 5.970587
v -11.770613 4.889072 6.435510
v -11.770613 4.948038 6.494475
v -11.679613 4.938986 6.444561
v -11.679613 5.143713 6.444561
v -11.679613 4.938986 5.961535
v -11.679613 5.143713 5.961535
v -11.759417 7.200000 3.283440
v -12.259417 7.200000 3.283440
v -11.759417 7.200000 7.283440
v -12.259417 7.200000 7.283440
v -11.509417 8.000000 7.283440
v -11.509417 8.000000 3.283440
v -12.509417 8.000000 3.283440
v -12.509417 8.000000 7.283440
v -11.509417 7.450000 7.283440
v -11.509417 7.450000 3.283440
v -12.509417 7.450000 3.283440
v -12.509417 7.450000 7.283440
v -11.509417 8.000000 4.183440
v -11.509417 8.000000 4.383440
v -11.580128 8.000000 4.283440
v -11.509417 8.000000 6.183439
v -11.509417 8.000000 6.383440
v -11.580128 8.000000 6.283440
v -12.509417 8.000000 6.383440
v -12.509417 8.000000 6.183440
v -12.438705 8.000000 6.283440
v -12.509417 8.000000 4.383440
v -12.509417 8.000000 4.183439
v -12.438705 8.000000 4.283440
v -11.509417 7.450000 6.183439
v -11.509417 7.450000 6.383440
v -11.580128 7.379289 6.283440
v -11.509417 7.450000 4.183440
v -11.509417 7.450000 4.383440
v -11.580128 7.379289 4.283440
v -12.509417 7.450000 4.383440
v -12.509417 7.450000 4.183439
v -12.438705 7.379289 4.283440
v -12.509417 7.450000 6.383440
v -12.509417 7.450000 6.183440
v -12.438705 7.379289 6.283440
v -12.359417 8.000000 4.383440
v -11.659416 8.000000 4.383440
v -11.659416 7.900000 4.283440
v -12.359417 7.900000 4.283440
v -11.659416 8.000000 4.183440
v -12.359417 8.000000 4.183439
v -12.359415 8.000000 6.383440
v -11.659416 8.000000 6.383440
v -11.659416 7.900000 6.283440
v -12.359415 7.900000 6.283440
v -11.659416 8.000000 6.183439
v -12.359415 8.000000 6.183440
v -11.554628 0.052004 -4.052755
v -9.474459 0.052004 -4.052755
v -9.474459 0.052004 -6.132925
v -11.554628 0.052004 -6.132925
v -10.517960 0.027820 -4.424357
v -10.462540 0.052004 -4.398940
v -11.188999 0.025875 -5.093617
v -11.113358 0.052004 -5.092840
v -10.520033 0.028723 -5.758342
v -10.462540 0.052004 -5.786740
v -9.842009 0.025417 -5.092840
v -9.915730 0.052004 -5.092840
v -10.514544 0.035639 -4.052756
v -11.554628 0.038783 -5.092840
v -10.514544 0.035640 -6.132926
v -9.474459 0.038783 -5.092840
v -11.554628 -0.104009 -4.052755
v -9.474459 -0.104009 -4.052755
v -9.474459 -0.104008 -6.132925
v -11.554628 -0.104008 -6.132925
v -9.474459 0.052004 -4.052755
v -7.394289 0.052004 -4.052755
v -7.394289 0.052004 -6.132925
v -9.474459 0.052004 -6.132925
v -8.486380 0.052004 -4.398940
v -8.427626 0.030539 -4.428479
v -9.104689 0.026569 -5.092840
v -8.486380 0.052004 -5.786740
v -8.428885 0.028723 -5.758342
v -7.765335 0.025860 -5.090378
v -7.740475 0.052004 -5.144845
v -8.434374 0.035639 -4.052756
v -9.474459 0.038783 -5.092840
v -8.434374 0.037378 -6.132926
v -7.394289 0.037378 -5.092840
v -9.474459 -0.104009 -4.052755
v -7.394289 -0.104009 -4.052755
v -7.394289 -0.104008 -6.132925
v -9.474459 -0.104008 -6.132925
v -7.394289 0.052004 -4.052755
v -5.314119 0.052004 -4.052755
v -5.314119 0.052004 -6.132925
v -7.394289 0.052004 -6.132925
v -6.406210 0.052004 -4.398940
v -6.348715 0.028723 -4.427338
v -6.953018 0.052004 -5.092840
v -7.028660 0.025875 -5.093617
v -6.406210 0.052004 -5.786740
v -6.351744 0.025860 -5.761879
v -5.678211 0.027839 -5.093917
v -5.755390 0.052004 -5.092840
v -6.354204 0.035639 -4.052756
v -7.394289 0.038783 -5.092840
v -6.354204 0.037378 -6.132926
v -5.314119 0.037378 -5.092840
v -7.394289 -0.104009 -4.052755
v -5.314119 -0.104009 -4.052755
v -5.314119 -0.104008 -6.132925
v -7.394289 -0.104008 -6.132925
v -5.314119 0.052004 -4.052755
v -3.233950 0.052004 -4.052755
v -3.233949 0.052004 -6.132925
v -5.314119 0.052004 -6.132925
v -4.326040 0.052004 -4.398940
v -4.267286 0.030539 -4.428479
v -4.944349 0.026569 -5.092840
v -4.326040 0.052004 -5.786740
v -4.268545 0.028723 -5.758342
v -3.607182 0.026571 -5.088842
v -3.580135 0.052004 -5.144845
v -4.274035 0.035639 -4.052756
v -5.314119 0.038783 -5.092840
v -4.274035 0.037378 -6.132926
v -3.233950 0.037378 -5.092840
v -5.314119 -0.104009 -4.052755
v -3.233950 -0.104009 -4.052755
v -3.233949 -0.104008 -6.132925
v -5.314119 -0.104008 -6.132925
v -3.233951 0.052004 -4.052755
v -1.153781 0.052004 -4.052755
v -1.153780 0.052004 -6.132925
v -3.233950 0.052004 -6.132925
v -2.245871 0.052004 -4.398941
v -2.188376 0.028723 -4.427338
v -2.792681 0.052004 -5.092840
v -2.866401 0.025417 -5.092840
v -2.245871 0.052004 -5.786740
v -2.191404 0.025860 -5.761879
v -1.499966 0.052004 -5.144845
v -1.525383 0.027820 -5.089425
v -2.193866 0.035639 -4.052756
v -3.233952 0.038783 -5.092840
v -2.193865 0.037378 -6.132926
v -1.153782 0.037378 -5.092840
v -3.233951 -0.104009 -4.052755
v -1.153781 -0.104009 -4.052755
v -1.153780 -0.104008 -6.132925
v -3.233950 -0.104008 -6.132925
v -1.153781 0.052004 -4.052755
v 0.926389 0.052004 -4.052755
v 0.926390 0.052004 -6.132925
v -1.153780 0.052004 -6.132925
v -0.117695 0.026571 -4.425987
v -0.061691 0.052004 -4.398941
v -0.807596 0.052004 -5.040836
v -0.782179 0.027820 -5.096255
v -0.119185 0.028723 -5.758343
v -0.061691 0.052004 -5.786740
v 0.558838 0.025417 -5.092841
v 0.485118 0.052004 -5.092841
v -0.113696 0.037378 -4.052756
v -1.153782 0.037378 -5.092840
v -0.113695 0.035639 -6.132926
v 0.926388 0.038783 -5.092841
v -1.153781 -0.104009 -4.052755
v 0.926389 -0.104009 -4.052755
v 0.926390 -0.104008 -6.132925
v -1.153780 -0.104008 -6.132925
v 0.926389 0.052004 -4.052755
v 3.006558 0.052004 -4.052755
v 3.006559 0.052004 -6.132925
v 0.926390 0.052004 -6.132925
v 1.962476 0.026571 -4.425986
v 2.018478 0.052004 -4.398940
v 1.272573 0.052004 -5.040835
v 1.297991 0.027820 -5.096255
v 1.914469 0.052004 -5.786739
v 1.971963 0.028723 -5.758342
v 2.643650 0.026524 -5.092840
v 2.565288 0.052004 -5.092840
v 1.966474 0.037378 -4.052755
v 0.926388 0.037378 -5.092840
v 1.966475 0.035639 -6.132926
v 3.006557 0.038783 -5.092841
v 0.926389 -0.104009 -4.052755
v 3.006558 -0.104009 -4.052755
v 3.006559 -0.104008 -6.132925
v 0.926390 -0.104008 -6.132925
v 3.006558 0.052004 -4.052755
v 5.086729 0.052004 -4.052755
v 5.086729 0.052004 -6.132925
v 3.006559 0.052004 -6.132925
v 4.098649 0.052004 -4.398940
v 4.044182 0.025860 -4.423801
v 3.352743 0.052004 -5.040835
v 3.381142 0.028723 -5.098330
v 3.994639 0.052004 -5.786739
v 4.052134 0.028723 -5.758342
v 4.721097 0.025875 -5.093617
v 4.645458 0.052004 -5.092840
v 4.046644 0.037378 -4.052755
v 3.006557 0.037378 -5.092840
v 4.046644 0.035639 -6.132926
v 5.086728 0.038783 -5.092841
v 3.006558 -0.104009 -4.052755
v 5.086729 -0.104009 -4.052755
v 5.086729 -0.104008 -6.132925
v 3.006559 -0.104008 -6.132925
v 5.086730 0.052004 -4.052755
v 7.166899 0.052004 -4.052755
v 7.166899 0.052004 -6.132925
v 5.086730 0.052004 -6.132925
v 6.126814 0.026569 -4.422528
v 5.432914 0.052004 -5.040835
v 5.462453 0.030539 -5.099589
v 6.126814 0.026569 -5.763153
v 6.820714 0.052004 -5.040835
v 6.791176 0.030539 -5.099589
v 6.126814 0.038783 -4.052755
v 5.086730 0.035639 -5.092840
v 6.126814 0.038783 -6.132926
v 7.166899 0.035639 -5.092841
v 5.086730 -0.104009 -4.052755
v 7.166899 -0.104009 -4.052755
v 7.166899 -0.104008 -6.132925
v 5.086730 -0.104008 -6.132925
v 7.166899 0.052004 -4.052755
v 9.247068 0.052004 -4.052755
v 9.247068 0.052004 -6.132925
v 7.166899 0.052004 -6.132925
v 8.206984 0.026569 -4.422528
v 7.513085 0.052004 -5.040835
v 7.541481 0.028723 -5.098330
v 8.154980 0.052004 -5.786740
v 8.210400 0.027820 -5.761322
v 8.900883 0.052004 -5.040835
v 8.872486 0.028723 -5.098330
v 8.206984 0.038783 -4.052755
v 7.166899 0.037378 -5.092840
v 8.206984 0.035639 -6.132926
v 9.247068 0.037378 -5.092840
v 7.166899 -0.104009 -4.052755
v 9.247068 -0.104009 -4.052755
v 9.247068 -0.104008 -6.132925
v 7.166899 -0.104008 -6.132925
v 9.247068 0.052004 -4.052755
v 11.327238 0.052004 -4.052755
v 11.327238 0.052004 -6.132925
v 9.247068 0.052004 -6.132925
v 10.235149 0.052004 -4.398940
v 10.290569 0.027820 -4.424358
v 9.688339 0.052004 -5.092840
v 9.609976 0.026524 -5.092840
v 10.235149 0.052004 -5.786740
v 10.290569 0.027820 -5.761322
v 10.964331 0.026524 -5.092840
v 10.885967 0.052004 -5.092840
v 10.287153 0.035639 -4.052755
v 9.247068 0.038783 -5.092840
v 10.287153 0.035639 -6.132926
v 11.327238 0.038783 -5.092840
v 9.247068 -0.104009 -4.052755
v 11.327238 -0.104009 -4.052755
v 11.327239 -0.104008 -6.132925
v 9.247068 -0.104008 -6.132925
v -11.554628 0.052004 -2.052755
v -9.474459 0.052004 -2.052755
v -9.474459 0.052004 -4.132925
v -11.554628 0.052004 -4.132925
v -10.513767 0.025875 -2.418386
v -10.514544 0.052004 -2.494025
v -11.208445 0.052004 -3.040835
v -11.183584 0.025860 -3.095301
v -10.566549 0.052004 -3.786740
v -10.507795 0.030539 -3.757201
v -9.820644 0.052004 -3.040835
v -9.847691 0.026571 -3.096838
v -10.514544 0.038783 -2.052755
v -11.554628 0.037378 -3.092841
v -10.514544 0.035639 -4.132926
v -9.474459 0.037378 -3.092841
v -11.554628 -0.104009 -2.052755
v -9.474459 -0.104009 -2.052755
v -9.474459 -0.104008 -4.132925
v -11.554628 -0.104008 -4.132925
v -9.474459 0.052004 -2.052755
v -7.394289 0.052004 -2.052755
v -7.394289 0.052004 -4.132925
v -9.474459 0.052004 -4.132925
v -8.433598 0.025875 -2.418386
v -8.434374 0.052004 -2.494025
v -9.128275 0.052004 -3.040835
v -9.103415 0.025860 -3.095302
v -8.486380 0.052004 -3.786740
v -8.427626 0.030539 -3.757202
v -7.740475 0.052004 -3.040835
v -7.767521 0.026570 -3.096838
v -8.434374 0.038783 -2.052755
v -9.474459 0.037378 -3.092841
v -8.434374 0.035639 -4.132926
v -7.394289 0.037378 -3.092841
v -9.474459 -0.104009 -2.052755
v -7.394289 -0.104009 -2.052755
v -7.394289 -0.104008 -4.132925
v -9.474459 -0.104008 -4.132925
v -7.394289 0.052004 -2.052755
v -5.314119 0.052004 -2.052755
v -5.314119 0.052004 -4.132925
v -7.394289 0.052004 -4.132925
v -6.406210 0.052004 -2.398940
v -6.348715 0.028723 -2.427338
v -6.953018 0.052004 -3.092840
v -7.031384 0.026524 -3.092840
v -6.406210 0.052004 -3.786740
v -6.348715 0.028723 -3.758342
v -5.679752 0.025875 -3.092063
v -5.755390 0.052004 -3.092840
v -6.354204 0.035639 -2.052755
v -7.394289 0.038783 -3.092840
v -6.354204 0.035639 -4.132926
v -5.314119 0.038783 -3.092840
v -7.394289 -0.104009 -2.052755
v -5.314119 -0.104009 -2.052755
v -5.314119 -0.104008 -4.132925
v -7.394289 -0.104008 -4.132925
v -5.314119 0.052004 -2.052755
v -3.233950 0.052004 -2.052754
v -3.233950 0.052004 -4.132925
v -5.314119 0.052004 -4.132925
v -4.326040 0.052004 -2.398940
v -4.267286 0.030539 -2.428478
v -4.944349 0.026569 -3.092840
v -4.326040 0.052004 -3.786740
v -4.268545 0.028723 -3.758342
v -3.607182 0.026571 -3.088842
v -3.580135 0.052004 -3.144845
v -4.274035 0.035639 -2.052755
v -5.314119 0.038783 -3.092840
v -4.274035 0.037378 -4.132926
v -3.233950 0.037378 -3.092840
v -5.314119 -0.104009 -2.052755
v -3.233950 -0.104009 -2.052754
v -3.233950 -0.104008 -4.132925
v -5.314119 -0.104008 -4.132925
v -3.233951 0.052004 -2.052754
v -1.153781 0.052004 -2.052754
v -1.153781 0.052004 -4.132925
v -3.233951 0.052004 -4.132925
v -2.245871 0.052004 -2.398940
v -2.188376 0.028723 -2.427338
v -2.792681 0.052004 -3.092840
v -2.866401 0.025417 -3.092840
v -2.245871 0.052004 -3.786740
v -2.191404 0.025860 -3.761879
v -1.517872 0.027839 -3.093917
v -1.595052 0.052004 -3.092840
v -2.193866 0.035639 -2.052755
v -3.233952 0.038783 -3.092840
v -2.193866 0.037378 -4.132926
v -1.153782 0.037378 -3.092840
v -3.233951 -0.104009 -2.052754
v -1.153781 -0.104009 -2.052754
v -1.153781 -0.104008 -4.132925
v -3.233951 -0.104008 -4.132925
v -1.153781 0.052004 -2.052754
v 0.926389 0.052004 -2.052754
v 0.926389 0.052004 -4.132924
v -1.153781 0.052004 -4.132925
v -0.165701 0.052004 -2.398940
v -0.108207 0.028723 -2.427337
v -0.712510 0.052004 -3.092840
v -0.786231 0.025417 -3.092840
v -0.165701 0.052004 -3.786740
v -0.109698 0.026571 -3.759694
v 0.580204 0.052004 -3.144845
v 0.554787 0.027820 -3.089425
v -0.113696 0.035639 -2.052755
v -1.153782 0.038783 -3.092840
v -0.113696 0.037378 -4.132926
v 0.926388 0.037378 -3.092839
v -1.153781 -0.104009 -2.052754
v 0.926389 -0.104009 -2.052754
v 0.926389 -0.104008 -4.132924
v -1.153781 -0.104008 -4.132925
v 0.926389 0.052004 -2.052754
v 3.006558 0.052004 -2.052754
v 3.006558 0.052004 -4.132924
v 0.926389 0.052004 -4.132924
v 1.960983 0.028723 -2.427337
v 2.018478 0.052004 -2.398940
v 1.292020 0.025875 -3.093616
v 1.367660 0.052004 -3.092839
v 1.914469 0.052004 -3.786739
v 1.970471 0.026571 -3.759693
v 2.642467 0.027839 -3.093916
v 2.565288 0.052004 -3.092839
v 1.966474 0.035639 -2.052755
v 0.926388 0.038783 -3.092839
v 1.966474 0.037378 -4.132925
v 3.006557 0.037378 -3.092839
v 0.926389 -0.104009 -2.052754
v 3.006558 -0.104009 -2.052755
v 3.006558 -0.104008 -4.132924
v 0.926389 -0.104008 -4.132924
v 3.006558 0.052004 -2.052754
v 5.086729 0.052004 -2.052755
v 5.086729 0.052004 -4.132925
v 3.006558 0.052004 -4.132924
v 3.994639 0.052004 -2.398940
v 4.052133 0.028723 -2.427338
v 3.447829 0.052004 -3.092839
v 3.374109 0.025417 -3.092839
v 3.994639 0.052004 -3.786739
v 4.052134 0.028723 -3.758341
v 4.721097 0.025875 -3.093617
v 4.645458 0.052004 -3.092840
v 4.046644 0.035639 -2.052755
v 3.006557 0.038783 -3.092839
v 4.046644 0.035639 -4.132925
v 5.086728 0.038783 -3.092841
v 3.006558 -0.104009 -2.052755
v 5.086729 -0.104009 -2.052755
v 5.086729 -0.104008 -4.132925
v 3.006558 -0.104008 -4.132924
v 5.086730 0.052004 -2.052755
v 7.166899 0.052004 -2.052754
v 7.166899 0.052004 -4.132925
v 5.086730 0.052004 -4.132925
v 6.126814 0.026569 -2.422528
v 5.432914 0.052004 -3.040835
v 5.459291 0.026760 -3.092840
v 5.432914 0.052004 -3.144844
v 6.126814 0.026569 -3.763153
v 6.820714 0.052004 -3.040835
v 6.791176 0.030539 -3.099589
v 6.126814 0.038783 -2.052755
v 5.086730 0.035639 -3.092840
v 6.126814 0.038783 -4.132925
v 7.166899 0.035639 -3.092841
v 5.086730 -0.104009 -2.052755
v 7.166899 -0.104009 -2.052754
v 7.166899 -0.104008 -4.132925
v 5.086730 -0.104008 -4.132925
v 7.166899 0.052004 -2.052754
v 9.247068 0.052004 -2.052755
v 9.247068 0.052004 -4.132925
v 7.166899 0.052004 -4.132925
v 8.204522 0.025860 -2.423800
v 8.258987 0.052004 -2.398940
v 7.513085 0.052004 -3.040835
v 7.541481 0.028723 -3.098329
v 8.154980 0.052004 -3.786739
v 8.209446 0.025860 -3.761879
v 8.900883 0.052004 -3.144844
v 8.872486 0.028723 -3.087350
v 8.206984 0.037378 -2.052754
v 7.166899 0.037378 -3.092840
v 8.206984 0.037378 -4.132925
v 9.247068 0.037378 -3.092840
v 7.166899 -0.104009 -2.052754
v 9.247068 -0.104009 -2.052755
v 9.247068 -0.104008 -4.132925
v 7.166899 -0.104008 -4.132925
v 9.247068 0.052004 -2.052755
v 11.327238 0.052004 -2.052755
v 11.327238 0.052004 -4.132925
v 9.247068 0.052004 -4.132925
v 10.283738 0.027820 -2.424357
v 10.339157 0.052004 -2.398940
v 9.612700 0.025875 -3.093617
v 9.688339 0.052004 -3.092840
v 10.235149 0.052004 -3.786739
v 10.289616 0.025860 -3.761879
v 10.981052 0.052004 -3.144844
v 10.952656 0.028723 -3.087350
v 10.287153 0.035639 -2.052755
v 9.247068 0.038783 -3.092840
v 10.287153 0.037378 -4.132925
v 11.327238 0.037378 -3.092840
v 9.247068 -0.104009 -2.052755
v 11.327238 -0.104009 -2.052755
v 11.327238 -0.104008 -4.132925
v 9.247068 -0.104008 -4.132925
v -11.554628 0.052004 -0.052754
v -9.474459 0.052004 -0.052754
v -9.474459 0.052004 -2.132925
v -11.554628 0.052004 -2.132925
v -10.566549 0.052004 -0.398939
v -10.509794 0.027425 -0.418572
v -10.514544 0.052004 -0.494025
v -11.184858 0.026569 -1.092840
v -10.566549 0.052004 -1.786739
v -10.509054 0.028723 -1.758341
v -9.847691 0.026570 -1.088841
v -9.820644 0.052004 -1.144844
v -10.514544 0.035639 -0.052755
v -11.554628 0.038783 -1.092839
v -10.514544 0.037378 -2.132925
v -9.474459 0.037378 -1.092840
v -11.554628 -0.104009 -0.052754
v -9.474459 -0.104009 -0.052754
v -9.474459 -0.104008 -2.132925
v -11.554628 -0.104008 -2.132925
v -9.474459 0.052004 -0.052754
v -7.394289 0.052004 -0.052754
v -7.394289 0.052004 -2.132925
v -9.474459 0.052004 -2.132925
v -8.486380 0.052004 -0.398939
v -8.427626 0.030539 -0.428478
v -9.104689 0.026569 -1.092840
v -8.486380 0.052004 -1.786739
v -8.428885 0.028723 -1.758342
v -7.765335 0.025860 -1.090378
v -7.740475 0.052004 -1.144844
v -8.434374 0.035639 -0.052755
v -9.474459 0.038783 -1.092839
v -8.434374 0.037378 -2.132925
v -7.394289 0.037378 -1.092840
v -9.474459 -0.104009 -0.052754
v -7.394289 -0.104009 -0.052754
v -7.394289 -0.104008 -2.132925
v -9.474459 -0.104008 -2.132925
v -7.394289 0.052004 -0.052754
v -5.314119 0.052004 -0.052754
v -5.314119 0.052004 -2.132925
v -7.394289 0.052004 -2.132925
v -6.406210 0.052004 -0.398939
v -6.348715 0.028723 -0.427338
v -6.953018 0.052004 -1.092839
v -7.028660 0.025875 -1.092062
v -6.406210 0.052004 -1.786739
v -6.350206 0.026571 -1.759694
v -5.660305 0.052004 -1.144844
v -5.685722 0.027820 -1.089424
v -6.354204 0.035639 -0.052755
v -7.394289 0.038783 -1.092839
v -6.354204 0.037378 -2.132925
v -5.314119 0.037378 -1.092840
v -7.394289 -0.104009 -0.052754
v -5.314119 -0.104009 -0.052754
v -5.314119 -0.104008 -2.132925
v -7.394289 -0.104008 -2.132925
v -5.314119 0.052004 -0.052754
v -3.233950 0.052004 -0.052754
v -3.233950 0.052004 -2.132924
v -5.314119 0.052004 -2.132925
v -4.326040 0.052004 -0.398939
v -4.267286 0.030539 -0.428478
v -4.944349 0.026569 -1.092840
v -4.326040 0.052004 -1.786739
v -4.268545 0.028723 -1.758341
v -3.607182 0.026571 -1.088841
v -3.580135 0.052004 -1.144843
v -4.274035 0.035639 -0.052754
v -5.314119 0.038783 -1.092839
v -4.274035 0.037378 -2.132925
v -3.233950 0.037378 -1.092840
v -5.314119 -0.104009 -0.052754
v -3.233950 -0.104009 -0.052754
v -3.233950 -0.104008 -2.132924
v -5.314119 -0.104008 -2.132925
v -3.233951 0.052004 -0.052754
v -1.153781 0.052004 -0.052754
v -1.153781 0.052004 -2.132924
v -3.233951 0.052004 -2.132924
v -2.141861 0.052004 -0.398939
v -2.200614 0.030539 -0.428478
v -2.864179 0.026569 -1.092839
v -2.245871 0.052004 -1.786739
v -2.188376 0.028723 -1.758341
v -1.527013 0.026571 -1.088841
v -1.499966 0.052004 -1.144844
v -2.193866 0.035639 -0.052754
v -3.233952 0.038783 -1.092839
v -2.193866 0.037378 -2.132925
v -1.153782 0.037378 -1.092839
v -3.233951 -0.104009 -0.052754
v -1.153781 -0.104009 -0.052754
v -1.153781 -0.104008 -2.132924
v -3.233951 -0.104008 -2.132924
v -1.153781 0.052004 -0.052754
v 0.926389 0.052004 -0.052754
v 0.926389 0.052004 -2.132924
v -1.153781 0.052004 -2.132924
v -0.119186 0.028723 -0.427337
v -0.061691 0.052004 -0.398939
v -0.788150 0.025875 -1.093616
v -0.712510 0.052004 -1.092839
v -0.165701 0.052004 -1.786739
v -0.111235 0.025860 -1.761879
v 0.580204 0.052004 -1.144844
v 0.551805 0.028723 -1.087349
v -0.113696 0.035639 -0.052754
v -1.153782 0.038783 -1.092839
v -0.113696 0.037378 -2.132925
v 0.926388 0.037378 -1.092839
v -1.153781 -0.104009 -0.052754
v 0.926389 -0.104009 -0.052754
v 0.926389 -0.104008 -2.132924
v -1.153781 -0.104008 -2.132924
v 0.926389 0.052004 -0.052754
v 3.006558 0.052004 -0.052754
v 3.006558 0.052004 -2.132924
v 0.926389 0.052004 -2.132924
v 1.914469 0.052004 -0.398939
v 1.971963 0.028723 -0.427338
v 1.367660 0.052004 -1.092839
v 1.293939 0.025417 -1.092839
v 1.914469 0.052004 -1.786739
v 1.968935 0.025860 -1.761879
v 2.660374 0.052004 -1.144844
v 2.631975 0.028723 -1.087349
v 1.966474 0.035639 -0.052754
v 0.926388 0.038783 -1.092839
v 1.966474 0.037378 -2.132925
v 3.006557 0.037378 -1.092839
v 0.926389 -0.104009 -0.052754
v 3.006558 -0.104009 -0.052754
v 3.006558 -0.104008 -2.132925
v 0.926389 -0.104008 -2.132924
v 3.006558 0.052004 -0.052754
v 5.086728 0.052004 -0.052754
v 5.086729 0.052004 -2.132925
v 3.006558 0.052004 -2.132924
v 3.994639 0.052004 -0.398939
v 4.052134 0.028723 -0.427338
v 3.381142 0.028723 -1.087350
v 3.352743 0.052004 -1.144844
v 4.042645 0.026571 -1.759693
v 4.098649 0.052004 -1.786739
v 4.719178 0.025417 -1.092839
v 4.645458 0.052004 -1.092839
v 4.046643 0.035639 -0.052754
v 3.006557 0.037378 -1.092839
v 4.046644 0.037378 -2.132925
v 5.086728 0.038783 -1.092839
v 3.006558 -0.104009 -0.052754
v 5.086728 -0.104009 -0.052754
v 5.086729 -0.104008 -2.132925
v 3.006558 -0.104008 -2.132925
v 5.086729 0.052004 -0.052754
v 7.166899 0.052004 -0.052754
v 7.166899 0.052004 -2.132924
v 5.086730 0.052004 -2.132925
v 6.124353 0.025860 -0.423800
v 6.178818 0.052004 -0.398940
v 5.462453 0.030539 -1.086091
v 5.432914 0.052004 -1.144844
v 6.126814 0.026569 -1.763152
v 6.820714 0.052004 -1.144844
v 6.792317 0.028723 -1.087349
v 6.126814 0.037378 -0.052755
v 5.086730 0.035639 -1.092839
v 6.126814 0.038783 -2.132925
v 7.166899 0.037378 -1.092839
v 5.086729 -0.104009 -0.052754
v 7.166899 -0.104009 -0.052754
v 7.166899 -0.104008 -2.132924
v 5.086730 -0.104008 -2.132925
v 7.166899 0.052004 -0.052754
v 9.247068 0.052004 -0.052754
v 9.247068 0.052004 -2.132925
v 7.166899 0.052004 -2.132924
v 8.154980 0.052004 -0.398939
v 8.210399 0.027820 -0.424357
v 7.541481 0.028723 -1.087349
v 7.513085 0.052004 -1.144844
v 8.206984 0.026569 -1.763152
v 8.900883 0.052004 -1.144844
v 8.872486 0.028723 -1.087350
v 8.206984 0.035639 -0.052754
v 7.166899 0.037378 -1.092838
v 8.206984 0.038783 -2.132924
v 9.247068 0.037378 -1.092839
v 7.166899 -0.104009 -0.052754
v 9.247068 -0.104009 -0.052754
v 9.247068 -0.104008 -2.132925
v 7.166899 -0.104008 -2.132924
v 9.247068 0.052004 -0.052754
v 11.327238 0.052004 -0.052754
v 11.327238 0.052004 -2.132925
v 9.247068 0.052004 -2.132925
v 10.235149 0.052004 -0.398939
v 10.290568 0.027820 -0.424357
v 9.688339 0.052004 -1.092839
v 9.612700 0.025875 -1.092063
v 10.235149 0.052004 -1.786739
v 10.289615 0.025860 -1.761879
v 10.981052 0.052004 -1.144844
v 10.952656 0.028723 -1.087350
v 10.287153 0.035639 -0.052754
v 9.247068 0.038783 -1.092839
v 10.287153 0.037378 -2.132925
v 11.327238 0.037378 -1.092839
v 9.247068 -0.104009 -0.052754
v 11.327238 -0.104009 -0.052754
v 11.327238 -0.104008 -2.132925
v 9.247068 -0.104008 -2.132925
v -11.554628 0.052004 1.947246
v -9.474459 0.052004 1.947246
v -9.474459 0.052004 -0.132924
v -11.554628 0.052004 -0.132924
v -10.566549 0.052004 1.601061
v -10.507795 0.030539 1.571523
v -11.184858 0.026569 0.907160
v -10.566549 0.052004 0.213261
v -10.509054 0.028723 0.241658
v -9.845505 0.025860 0.909622
v -9.820644 0.052004 0.855156
v -10.514544 0.035639 1.947245
v -11.554628 0.038783 0.907161
v -10.514544 0.037378 -0.132925
v -9.474459 0.037378 0.907160
v -11.554628 -0.104009 1.947246
v -9.474459 -0.104009 1.947246
v -9.474459 -0.104008 -0.132924
v -11.554628 -0.104008 -0.132924
v -9.474459 0.052004 1.947246
v -7.394289 0.052004 1.947246
v -7.394289 0.052004 -0.132924
v -9.474459 0.052004 -0.132924
v -8.486380 0.052004 1.601061
v -8.427626 0.030539 1.571522
v -9.104689 0.026569 0.907161
v -8.434374 0.028664 0.227477
v -8.434374 0.052004 0.308346
v -7.765335 0.025860 0.909622
v -7.740475 0.052004 0.855156
v -8.434374 0.035639 1.947245
v -9.474459 0.038783 0.907161
v -8.434374 0.037378 -0.132925
v -7.394289 0.037378 0.907160
v -9.474459 -0.104009 1.947246
v -7.394289 -0.104009 1.947246
v -7.394289 -0.104008 -0.132924
v -9.474459 -0.104008 -0.132924
v -7.394289 0.052004 1.947246
v -5.314119 0.052004 1.947246
v -5.314119 0.052004 -0.132924
v -7.394289 0.052004 -0.132924
v -6.354204 0.026569 1.577474
v -7.030199 0.027839 0.906083
v -6.953018 0.052004 0.907161
v -6.406210 0.052004 0.213261
v -6.350206 0.026571 0.240307
v -5.672403 0.030472 0.907161
v -5.755390 0.052004 0.907161
v -6.354206 0.038783 1.947246
v -7.394289 0.037378 0.907161
v -6.354204 0.037378 -0.132925
v -5.314119 0.035639 0.907160
v -7.394289 -0.104009 1.947246
v -5.314119 -0.104009 1.947246
v -5.314119 -0.104008 -0.132924
v -7.394289 -0.104008 -0.132924
v -5.314119 0.052004 1.947246
v -3.233950 0.052004 1.947245
v -3.233950 0.052004 -0.132924
v -5.314119 0.052004 -0.132924
v -4.274035 0.026569 1.577474
v -4.967936 0.052004 0.959165
v -4.939539 0.028723 0.901670
v -4.326040 0.052004 0.213261
v -4.270037 0.026571 0.240306
v -3.580134 0.052004 0.959165
v -3.609674 0.030539 0.900412
v -4.274035 0.038783 1.947245
v -5.314119 0.037378 0.907161
v -4.274035 0.037378 -0.132924
v -3.233950 0.035639 0.907161
v -5.314119 -0.104009 1.947246
v -3.233950 -0.104009 1.947245
v -3.233950 -0.104008 -0.132924
v -5.314119 -0.104008 -0.132924
v -3.233950 0.052004 1.947245
v -1.153781 0.052004 1.947246
v -1.153781 0.052004 -0.132924
v -3.233951 0.052004 -0.132924
v -2.245871 0.052004 1.601061
v -2.188376 0.028723 1.572663
v -2.792680 0.052004 0.907161
v -2.868320 0.025875 0.907938
v -2.245871 0.052004 0.213261
v -2.189868 0.026571 0.240307
v -1.517872 0.027839 0.908238
v -1.595052 0.052004 0.907161
v -2.193866 0.035639 1.947245
v -3.233950 0.038783 0.907161
v -2.193866 0.037378 -0.132924
v -1.153782 0.037378 0.907161
v -3.233950 -0.104009 1.947245
v -1.153781 -0.104009 1.947246
v -1.153781 -0.104008 -0.132924
v -3.233951 -0.104008 -0.132924
v -1.153781 0.052004 1.947246
v 0.926389 0.052004 1.947246
v 0.926389 0.052004 -0.132924
v -1.153781 0.052004 -0.132924
v -0.117694 0.026570 1.574015
v -0.061691 0.052004 1.601061
v -0.793380 0.028664 0.907161
v -0.712510 0.052004 0.907161
v -0.165701 0.052004 0.213261
v -0.111235 0.025860 0.238121
v 0.565987 0.028664 0.907161
v 0.485118 0.052004 0.907161
v -0.113696 0.037378 1.947246
v -1.153782 0.037378 0.907160
v -0.113696 0.037378 -0.132924
v 0.926388 0.037378 0.907161
v -1.153781 -0.104009 1.947246
v 0.926389 -0.104009 1.947246
v 0.926389 -0.104008 -0.132924
v -1.153781 -0.104008 -0.132924
v 0.926389 0.052004 1.947246
v 3.006558 0.052004 1.947246
v 3.006558 0.052004 -0.132924
v 0.926389 0.052004 -0.132924
v 1.962476 0.026570 1.574015
v 2.018478 0.052004 1.601061
v 1.290480 0.027839 0.908238
v 1.367660 0.052004 0.907161
v 1.914469 0.052004 0.213261
v 1.970471 0.026571 0.240307
v 2.642467 0.027839 0.908238
v 2.565288 0.052004 0.907161
v 1.966474 0.037378 1.947246
v 0.926388 0.037378 0.907160
v 1.966474 0.037378 -0.132924
v 3.006557 0.037378 0.907161
v 0.926389 -0.104009 1.947246
v 3.006558 -0.104009 1.947246
v 3.006558 -0.104008 -0.132924
v 0.926389 -0.104008 -0.132924
v 3.006558 0.052004 1.947246
v 5.086728 0.052004 1.947246
v 5.086728 0.052004 -0.132924
v 3.006558 0.052004 -0.132924
v 4.042645 0.026570 1.574015
v 4.098648 0.052004 1.601061
v 3.366960 0.028664 0.907160
v 3.447829 0.052004 0.907161
v 3.994638 0.052004 0.213261
v 4.050641 0.026571 0.240307
v 4.726326 0.028664 0.907161
v 4.645457 0.052004 0.907161
v 4.046643 0.037378 1.947246
v 3.006557 0.037378 0.907160
v 4.046643 0.037378 -0.132924
v 5.086728 0.037378 0.907161
v 3.006558 -0.104009 1.947246
v 5.086728 -0.104009 1.947246
v 5.086729 -0.104008 -0.132924
v 3.006558 -0.104008 -0.132924
v 5.086729 0.052004 1.947246
v 7.166899 0.052004 1.947245
v 7.166899 0.052004 -0.132924
v 5.086729 0.052004 -0.132924
v 6.178818 0.052004 1.601061
v 6.124352 0.025860 1.576200
v 5.432914 0.052004 0.959165
v 5.458331 0.027820 0.903745
v 6.074810 0.052004 0.213260
v 6.129275 0.025860 0.238121
v 6.820713 0.052004 0.855156
v 6.792316 0.028723 0.912650
v 6.126814 0.037378 1.947245
v 5.086729 0.037378 0.907160
v 6.126813 0.037378 -0.132925
v 7.166899 0.037378 0.907160
v 5.086729 -0.104009 1.947246
v 7.166899 -0.104009 1.947245
v 7.166899 -0.104008 -0.132924
v 5.086730 -0.104008 -0.132924
v 7.166899 0.052004 1.947245
v 9.247068 0.052004 1.947246
v 9.247068 0.052004 -0.132924
v 7.166899 0.052004 -0.132924
v 8.258987 0.052004 1.601061
v 8.204522 0.025860 1.576200
v 7.513084 0.052004 0.959165
v 7.541481 0.028723 0.901671
v 8.154980 0.052004 0.213261
v 8.209445 0.025860 0.238121
v 8.900883 0.052004 0.855156
v 8.872486 0.028723 0.912650
v 8.206984 0.037378 1.947245
v 7.166899 0.037378 0.907160
v 8.206984 0.037378 -0.132924
v 9.247068 0.037378 0.907160
v 7.166899 -0.104009 1.947245
v 9.247068 -0.104009 1.947246
v 9.247068 -0.104008 -0.132924
v 7.166899 -0.104008 -0.132924
v 9.247068 0.052004 1.947246
v 11.327238 0.052004 1.947246
v 11.327238 0.052004 -0.132924
v 9.247068 0.052004 -0.132924
v 10.339157 0.052004 1.601061
v 10.284692 0.025860 1.576201
v 9.593254 0.052004 0.959165
v 9.621651 0.028723 0.901671
v 10.235149 0.052004 0.213261
v 10.289615 0.025860 0.238121
v 10.981052 0.052004 0.855156
v 10.952656 0.028723 0.912650
v 10.287153 0.037378 1.947246
v 9.247068 0.037378 0.907160
v 10.287153 0.037378 -0.132924
v 11.327238 0.037378 0.907160
v 9.247068 -0.104009 1.947246
v 11.327238 -0.104009 1.947246
v 11.327238 -0.104008 -0.132924
v 9.247068 -0.104008 -0.132924
v -11.554628 0.052004 3.947246
v -9.474459 0.052004 3.947246
v -9.474459 0.052004 1.867076
v -11.554628 0.052004 1.867076
v -10.566549 0.052004 3.601061
v -10.509054 0.028723 3.572664
v -11.113358 0.052004 2.907161
v -11.187080 0.025417 2.907161
v -10.566549 0.052004 2.213261
v -10.510546 0.026571 2.240306
v -9.820644 0.052004 2.855156
v -9.846062 0.027820 2.910576
v -10.514544 0.035639 3.947246
v -11.554628 0.038783 2.907161
v -10.514544 0.037378 1.867076
v -9.474459 0.037378 2.907161
v -11.554628 -0.104009 3.947246
v -9.474459 -0.104009 3.947246
v -9.474459 -0.104008 1.867076
v -11.554628 -0.104008 1.867076
v -9.474459 0.052004 3.947246
v -7.394289 0.052004 3.947246
v -7.394289 0.052004 1.867076
v -9.474459 0.052004 1.867076
v -8.486380 0.052004 3.601061
v -8.427626 0.030539 3.571522
v -9.104689 0.026569 2.907161
v -8.434374 0.028664 2.227477
v -8.434374 0.052004 2.308347
v -7.765335 0.025860 2.909623
v -7.740475 0.052004 2.855156
v -8.434374 0.035639 3.947246
v -9.474459 0.038783 2.907161
v -8.434374 0.037378 1.867076
v -7.394289 0.037378 2.907161
v -9.474459 -0.104009 3.947246
v -7.394289 -0.104009 3.947246
v -7.394289 -0.104008 1.867076
v -9.474459 -0.104008 1.867076
v -7.394289 0.052004 3.947246
v -5.314119 0.052004 3.947246
v -5.314119 0.052004 1.867076
v -7.394289 0.052004 1.867076
v -6.354204 0.026569 3.577474
v -6.953018 0.052004 2.907161
v -7.036007 0.030472 2.907162
v -6.354204 0.026569 2.236849
v -5.660303 0.052004 2.855157
v -5.689844 0.030539 2.913910
v -6.354204 0.038783 3.947246
v -7.394289 0.035639 2.907161
v -6.354204 0.038783 1.867076
v -5.314119 0.035639 2.907161
v -7.394289 -0.104009 3.947246
v -5.314119 -0.104009 3.947246
v -5.314119 -0.104008 1.867076
v -7.394289 -0.104008 1.867076
v -5.314119 0.052004 3.947246
v -3.233950 0.052004 3.947246
v -3.233950 0.052004 1.867076
v -5.314119 0.052004 1.867076
v -4.276497 0.025860 3.576201
v -4.222031 0.052004 3.601062
v -4.938398 0.030539 2.913910
v -4.967936 0.052004 2.855156
v -4.274035 0.026569 2.236848
v -3.580134 0.052004 2.855156
v -3.608533 0.028723 2.912651
v -4.274035 0.037378 3.947246
v -5.314119 0.035639 2.907161
v -4.274035 0.038783 1.867076
v -3.233950 0.037378 2.907161
v -5.314119 -0.104009 3.947246
v -3.233950 -0.104009 3.947246
v -3.233950 -0.104008 1.867076
v -5.314119 -0.104008 1.867076
v -3.233950 0.052004 3.947246
v -1.153781 0.052004 3.947247
v -1.153781 0.052004 1.867076
v -3.233950 0.052004 1.867076
v -2.245871 0.052004 3.601062
v -2.188376 0.028723 3.572664
v -2.792680 0.052004 2.907161
v -2.868320 0.025875 2.907938
v -2.199355 0.028723 2.241658
v -2.141861 0.052004 2.213261
v -1.519412 0.025875 2.906385
v -1.595052 0.052004 2.907162
v -2.193866 0.035639 3.947247
v -3.233950 0.038783 2.907161
v -2.193866 0.035639 1.867076
v -1.153782 0.038783 2.907162
v -3.233950 -0.104009 3.947246
v -1.153781 -0.104009 3.947247
v -1.153781 -0.104008 1.867076
v -3.233950 -0.104008 1.867076
v -1.153781 0.052004 3.947247
v 0.926389 0.052004 3.947246
v 0.926389 0.052004 1.867076
v -1.153781 0.052004 1.867076
v -0.165701 0.052004 3.601062
v -0.110281 0.027820 3.575644
v -0.788150 0.025875 2.907938
v -0.712510 0.052004 2.907162
v -0.119185 0.028723 2.241659
v -0.061691 0.052004 2.213261
v 0.563480 0.026524 2.907161
v 0.485118 0.052004 2.907161
v -0.113696 0.035639 3.947247
v -1.153782 0.038783 2.907162
v -0.113696 0.035639 1.867076
v 0.926388 0.038783 2.907161
v -1.153781 -0.104009 3.947247
v 0.926389 -0.104009 3.947246
v 0.926389 -0.104008 1.867076
v -1.153781 -0.104008 1.867076
v 0.926389 0.052004 3.947246
v 3.006558 0.052004 3.947246
v 3.006558 0.052004 1.867076
v 0.926389 0.052004 1.867076
v 1.914469 0.052004 3.601061
v 1.971963 0.028723 3.572663
v 1.292020 0.025875 2.906384
v 1.367660 0.052004 2.907161
v 1.960983 0.028723 2.241659
v 2.018478 0.052004 2.213261
v 2.643650 0.026524 2.907161
v 2.565288 0.052004 2.907161
v 1.966474 0.035639 3.947246
v 0.926388 0.038783 2.907161
v 1.966474 0.035639 1.867076
v 3.006557 0.038783 2.907161
v 0.926389 -0.104009 3.947246
v 3.006558 -0.104009 3.947246
v 3.006558 -0.104008 1.867076
v 0.926389 -0.104008 1.867076
v 3.006558 0.052004 3.947246
v 5.086728 0.052004 3.947246
v 5.086728 0.052004 1.867076
v 3.006558 0.052004 1.867076
v 3.994638 0.052004 3.601061
v 4.052133 0.028723 3.572663
v 3.372190 0.025875 2.906384
v 3.447829 0.052004 2.907161
v 3.994638 0.052004 2.213261
v 4.052133 0.028723 2.241659
v 4.721097 0.025875 2.906384
v 4.645457 0.052004 2.907161
v 4.046643 0.035639 3.947246
v 3.006557 0.038783 2.907161
v 4.046643 0.035639 1.867076
v 5.086728 0.038783 2.907161
v 3.006558 -0.104009 3.947246
v 5.086728 -0.104009 3.947246
v 5.086728 -0.104008 1.867076
v 3.006558 -0.104008 1.867076
v 5.086729 0.052004 3.947246
v 7.166899 0.052004 3.947246
v 7.166899 0.052004 1.867076
v 5.086729 0.052004 1.867076
v 6.124352 0.025860 3.576200
v 6.178818 0.052004 3.601061
v 5.462452 0.030539 2.913909
v 5.432914 0.052004 2.855157
v 6.126814 0.026569 2.236848
v 6.820713 0.052004 2.855156
v 6.792316 0.028723 2.912651
v 6.126814 0.037378 3.947246
v 5.086729 0.035639 2.907161
v 6.126814 0.038783 1.867075
v 7.166899 0.037378 2.907161
v 5.086729 -0.104009 3.947246
v 7.166899 -0.104009 3.947246
v 7.166899 -0.104008 1.867076
v 5.086729 -0.104008 1.867076
v 7.166899 0.052004 3.947246
v 9.247068 0.052004 3.947246
v 9.247068 0.052004 1.867076
v 7.166899 0.052004 1.867076
v 8.203568 0.027820 3.575644
v 8.258987 0.052004 3.601061
v 7.541481 0.028723 2.912651
v 7.513084 0.052004 2.855156
v 8.206984 0.026569 2.236848
v 8.900883 0.052004 2.855156
v 8.872486 0.028723 2.912650
v 8.206984 0.035639 3.947246
v 7.166899 0.037378 2.907161
v 8.206984 0.038783 1.867076
v 9.247068 0.037378 2.907161
v 7.166899 -0.104009 3.947246
v 9.247068 -0.104009 3.947246
v 9.247068 -0.104008 1.867076
v 7.166899 -0.104008 1.867076
v 9.247068 0.052004 3.947246
v 11.327238 0.052004 3.947246
v 11.327238 0.052004 1.867076
v 9.247068 0.052004 1.867076
v 10.283738 0.027820 3.575644
v 10.339157 0.052004 3.601061
v 9.621651 0.028723 2.912651
v 9.593254 0.052004 2.855156
v 10.287153 0.026569 2.236848
v 10.981052 0.052004 2.855156
v 10.952656 0.028723 2.912651
v 10.287153 0.035639 3.947246
v 9.247068 0.037378 2.907161
v 10.287153 0.038783 1.867076
v 11.327238 0.037378 2.907161
v 9.247068 -0.104009 3.947246
v 11.327238 -0.104009 3.947246
v 11.327238 -0.104008 1.867076
v 9.247068 -0.104008 1.867076
v -11.554628 0.052004 5.947246
v -9.474459 0.052004 5.947246
v -9.474459 0.052004 3.867076
v -11.554628 0.052004 3.867076
v -10.514544 0.026569 5.577474
v -11.194229 0.028664 4.907161
v -11.113358 0.052004 4.907161
v -10.566549 0.052004 4.213261
v -10.510546 0.026571 4.240308
v -9.820644 0.052004 4.959166
v -9.850183 0.030539 4.900413
v -10.514545 0.038783 5.947246
v -11.554628 0.037378 4.907161
v -10.514544 0.037378 3.867076
v -9.474459 0.035639 4.907161
v -11.554628 -0.104009 5.947246
v -9.474459 -0.104009 5.947246
v -9.474459 -0.104008 3.867076
v -11.554628 -0.104008 3.867076
v -9.474459 0.052004 5.947246
v -7.394289 0.052004 5.947246
v -7.394289 0.052004 3.867076
v -9.474459 0.052004 3.867076
v -8.434374 0.026569 5.577474
v -9.114059 0.028664 4.907161
v -9.033188 0.052004 4.907161
v -8.486380 0.052004 4.213261
v -8.430376 0.026571 4.240308
v -7.740475 0.052004 4.959166
v -7.770014 0.030539 4.900413
v -8.434374 0.038783 5.947246
v -9.474459 0.037378 4.907161
v -8.434374 0.037378 3.867076
v -7.394289 0.035639 4.907161
v -9.474459 -0.104009 5.947246
v -7.394289 -0.104009 5.947246
v -7.394289 -0.104008 3.867076
v -9.474459 -0.104008 3.867076
v -7.394289 0.052004 5.947246
v -5.314119 0.052004 5.947246
v -5.314119 0.052004 3.867077
v -7.394289 0.052004 3.867076
v -6.354204 0.026569 5.577474
v -7.048103 0.052004 4.959166
v -7.018564 0.030539 4.900413
v -6.354204 0.026569 4.236850
v -5.660303 0.052004 4.959166
v -5.679937 0.027425 4.902412
v -5.755390 0.052004 4.907161
v -6.354204 0.038783 5.947246
v -7.394289 0.035639 4.907161
v -6.354204 0.038783 3.867076
v -5.314119 0.035639 4.907161
v -7.394289 -0.104009 5.947246
v -5.314119 -0.104009 5.947246
v -5.314119 -0.104008 3.867077
v -7.394289 -0.104008 3.867076
v -5.314119 0.052004 5.947246
v -3.233950 0.052004 5.947247
v -3.233950 0.052004 3.867077
v -5.314119 0.052004 3.867077
v -4.274035 0.026569 5.577474
v -4.938398 0.030539 4.913910
v -4.967936 0.052004 4.855156
v -4.274035 0.026569 4.236848
v -3.609674 0.030539 4.913910
v -3.580134 0.052004 4.855157
v -4.274035 0.038783 5.947247
v -5.314119 0.035639 4.907161
v -4.274035 0.038783 3.867077
v -3.233950 0.035639 4.907162
v -5.314119 -0.104009 5.947246
v -3.233950 -0.104009 5.947247
v -3.233950 -0.104008 3.867077
v -5.314119 -0.104008 3.867077
v -3.233950 0.052004 5.947247
v -1.153780 0.052004 5.947247
v -1.153781 0.052004 3.867077
v -3.233950 0.052004 3.867077
v -2.245871 0.052004 5.601062
v -2.189868 0.026571 5.574015
v -2.792680 0.052004 4.907162
v -2.871043 0.026524 4.907162
v -2.245871 0.052004 4.213262
v -2.191404 0.025860 4.238122
v -1.499966 0.052004 4.959167
v -1.529505 0.030539 4.900413
v -2.193866 0.037378 5.947247
v -3.233950 0.038783 4.907162
v -2.193866 0.037378 3.867077
v -1.153781 0.035639 4.907162
v -3.233950 -0.104009 5.947247
v -1.153780 -0.104009 5.947247
v -1.153781 -0.104008 3.867077
v -3.233950 -0.104008 3.867077
v -1.153780 0.052004 5.947247
v 0.926390 0.052004 5.947246
v 0.926389 0.052004 3.867076
v -1.153781 0.052004 3.867077
v -0.165701 0.052004 5.601062
v -0.111235 0.025860 5.576201
v -0.712510 0.052004 4.907162
v -0.786231 0.025417 4.907162
v -0.165701 0.052004 4.213262
v -0.111235 0.025860 4.238122
v 0.550665 0.030539 4.913909
v 0.580204 0.052004 4.855156
v -0.113696 0.037378 5.947247
v -1.153782 0.038783 4.907162
v -0.113696 0.037378 3.867077
v 0.926389 0.035639 4.907161
v -1.153780 -0.104009 5.947247
v 0.926390 -0.104009 5.947246
v 0.926389 -0.104008 3.867076
v -1.153781 -0.104008 3.867077
v 0.926390 0.052004 5.947246
v 3.006559 0.052004 5.947246
v 3.006558 0.052004 3.867076
v 0.926389 0.052004 3.867076
v 1.914469 0.052004 5.601061
v 1.970471 0.026570 5.574014
v 1.367660 0.052004 4.907161
v 1.292020 0.025875 4.907938
v 1.914469 0.052004 4.213261
v 1.968935 0.025860 4.238122
v 2.630835 0.030539 4.913909
v 2.660374 0.052004 4.855156
v 1.966474 0.037378 5.947246
v 0.926388 0.038783 4.907161
v 1.966474 0.037378 3.867076
v 3.006558 0.035639 4.907161
v 0.926390 -0.104009 5.947246
v 3.006559 -0.104009 5.947246
v 3.006558 -0.104008 3.867076
v 0.926389 -0.104008 3.867076
v 3.006559 0.052004 5.947246
v 5.086729 0.052004 5.947246
v 5.086728 0.052004 3.867076
v 3.006558 0.052004 3.867076
v 3.994638 0.052004 5.601061
v 4.050641 0.026570 5.574014
v 3.447829 0.052004 4.907161
v 3.374109 0.025417 4.907161
v 3.994638 0.052004 4.213261
v 4.050642 0.026571 4.240307
v 4.740543 0.052004 4.959166
v 4.711004 0.030539 4.900412
v 4.046644 0.037378 5.947246
v 3.006557 0.038783 4.907161
v 4.046643 0.037378 3.867076
v 5.086728 0.035639 4.907161
v 3.006559 -0.104009 5.947246
v 5.086729 -0.104009 5.947246
v 5.086728 -0.104008 3.867076
v 3.006558 -0.104008 3.867076
v 5.086730 0.052004 5.947246
v 7.166899 0.052004 5.947246
v 7.166899 0.052004 3.867076
v 5.086729 0.052004 3.867076
v 6.126814 0.026569 5.577474
v 5.462452 0.030539 4.913909
v 5.432914 0.052004 4.855156
v 6.126814 0.026569 4.236849
v 6.791175 0.030539 4.913909
v 6.820713 0.052004 4.855156
v 6.126814 0.038783 5.947246
v 5.086729 0.035639 4.907161
v 6.126814 0.038783 3.867076
v 7.166899 0.035639 4.907161
v 5.086730 -0.104009 5.947246
v 7.166899 -0.104009 5.947246
v 7.166899 -0.104008 3.867076
v 5.086729 -0.104008 3.867076
v 7.166899 0.052004 5.947246
v 9.247068 0.052004 5.947246
v 9.247068 0.052004 3.867076
v 7.166899 0.052004 3.867076
v 8.206984 0.026569 5.577474
v 7.542622 0.030539 4.913909
v 7.513084 0.052004 4.855156
v 8.206984 0.026569 4.236848
v 8.871346 0.030539 4.913910
v 8.900883 0.052004 4.855156
v 8.206984 0.038783 5.947246
v 7.166899 0.035639 4.907161
v 8.206984 0.038783 3.867076
v 9.247068 0.035639 4.907161
v 7.166899 -0.104009 5.947246
v 9.247068 -0.104009 5.947246
v 9.247068 -0.104008 3.867076
v 7.166899 -0.104008 3.867076
v 9.247068 0.052004 5.947246
v 11.327238 0.052004 5.947246
v 11.327238 0.052004 3.867076
v 9.247068 0.052004 3.867076
v 10.287153 0.026569 5.577474
v 9.622791 0.030539 4.913910
v 9.593254 0.052004 4.855156
v 10.287153 0.026569 4.236849
v 10.981052 0.052004 4.959166
v 10.951515 0.030539 4.900413
v 10.287153 0.038783 5.947246
v 9.247068 0.035639 4.907161
v 10.287153 0.038783 3.867076
v 11.327238 0.035639 4.907161
v 9.247068 -0.104009 5.947246
v 11.327238 -0.104009 5.947246
v 11.327238 -0.104008 3.867076
v 9.247068 -0.104008 3.867076
v -11.554628 0.052004 7.947246
v -9.474459 0.052004 7.947246
v -9.474459 0.052004 5.867076
v -11.554628 0.052004 5.867076
v -10.514544 0.026569 7.577474
v -11.208445 0.052004 6.959166
v -11.178905 0.030539 6.900413
v -10.514544 0.026569 6.236849
v -9.820644 0.052004 6.959166
v -9.850183 0.030539 6.900413
v -10.514544 0.038783 7.947246
v -11.554628 0.035639 6.907161
v -10.514544 0.038783 5.867076
v -9.474459 0.035639 6.907161
v -11.554628 -0.104009 7.947246
v -9.474459 -0.104009 7.947246
v -9.474459 -0.104008 5.867076
v -11.554628 -0.104008 5.867076
v -9.474459 0.052004 7.947246
v -7.394289 0.052004 7.947246
v -7.394289 0.052004 5.867076
v -9.474459 0.052004 5.867076
v -8.434374 0.026569 7.577474
v -9.128275 0.052004 6.959166
v -9.099878 0.028723 6.901671
v -8.486380 0.052004 6.213261
v -8.431913 0.025860 6.238122
v -7.770014 0.030539 6.913910
v -7.740475 0.052004 6.855156
v -8.434374 0.038783 7.947246
v -9.474459 0.037378 6.907161
v -8.434374 0.037378 5.867076
v -7.394289 0.035639 6.907161
v -9.474459 -0.104009 7.947246
v -7.394289 -0.104009 7.947246
v -7.394289 -0.104008 5.867076
v -9.474459 -0.104008 5.867076
v -7.394289 0.052004 7.947246
v -5.314119 0.052004 7.947247
v -5.314119 0.052004 5.867076
v -7.394289 0.052004 5.867076
v -6.354204 0.026569 7.577474
v -7.018564 0.030539 6.913910
v -7.048103 0.052004 6.855156
v -6.354204 0.026569 6.236849
v -5.689842 0.030539 6.913910
v -5.660303 0.052004 6.855157
v -6.354204 0.038783 7.947247
v -7.394289 0.035639 6.907161
v -6.354204 0.038783 5.867076
v -5.314119 0.035639 6.907162
v -7.394289 -0.104009 7.947246
v -5.314119 -0.104009 7.947247
v -5.314119 -0.104008 5.867076
v -7.394289 -0.104008 5.867076
v -5.314119 0.052004 7.947247
v -3.233950 0.052004 7.947247
v -3.233950 0.052004 5.867077
v -5.314119 0.052004 5.867076
v -4.274035 0.026569 7.577475
v -4.938398 0.030539 6.913910
v -4.967936 0.052004 6.855157
v -4.274035 0.026569 6.236849
v -3.609674 0.030539 6.913910
v -3.580134 0.052004 6.855157
v -4.274036 0.038783 7.947247
v -5.314119 0.035639 6.907162
v -4.274035 0.038783 5.867077
v -3.233950 0.035639 6.907162
v -5.314119 -0.104009 7.947247
v -3.233950 -0.104009 7.947247
v -3.233950 -0.104008 5.867077
v -5.314119 -0.104008 5.867076
v -3.233950 0.052004 7.947247
v -1.153780 0.052004 7.947247
v -1.153780 0.052004 5.867077
v -3.233950 0.052004 5.867077
v -2.141860 0.052004 7.601062
v -2.199355 0.028723 7.572663
v -2.859367 0.028723 6.912652
v -2.887766 0.052004 6.855157
v -2.193865 0.052004 6.308348
v -2.193866 0.025417 6.234627
v -1.499965 0.052004 6.855157
v -1.524826 0.025860 6.909623
v -2.193865 0.037378 7.947247
v -3.233950 0.035639 6.907162
v -2.193866 0.038783 5.867077
v -1.153780 0.037378 6.907162
v -3.233950 -0.104009 7.947247
v -1.153780 -0.104009 7.947247
v -1.153780 -0.104008 5.867077
v -3.233950 -0.104008 5.867077
v -1.153780 0.052004 7.947247
v 0.926390 0.052004 7.947246
v 0.926390 0.052004 5.867076
v -1.153780 0.052004 5.867077
v -0.061690 0.052004 7.601062
v -0.116157 0.025860 7.576201
v -0.807595 0.052004 6.959167
v -0.779198 0.028723 6.901672
v -0.165700 0.052004 6.213262
v -0.111234 0.025860 6.238122
v 0.562299 0.027839 6.906083
v 0.485119 0.052004 6.907161
v -0.113695 0.037378 7.947247
v -1.153780 0.037378 6.907162
v -0.113696 0.037378 5.867077
v 0.926390 0.037378 6.907161
v -1.153780 -0.104009 7.947247
v 0.926390 -0.104009 7.947246
v 0.926390 -0.104008 5.867076
v -1.153780 -0.104008 5.867077
v 0.926390 0.052004 7.947246
v 3.006559 0.052004 7.947246
v 3.006559 0.052004 5.867076
v 0.926390 0.052004 5.867076
v 1.962476 0.026570 7.574014
v 2.018479 0.052004 7.601061
v 1.272574 0.052004 6.959166
v 1.297992 0.027820 6.903746
v 1.914470 0.052004 6.213261
v 1.968936 0.025860 6.238122
v 2.646157 0.028664 6.907161
v 2.565289 0.052004 6.907161
v 1.966475 0.037378 7.947246
v 0.926390 0.037378 6.907161
v 1.966475 0.037378 5.867076
v 3.006559 0.037378 6.907161
v 0.926390 -0.104009 7.947246
v 3.006559 -0.104009 7.947246
v 3.006559 -0.104008 5.867076
v 0.926390 -0.104008 5.867076
v 3.006559 0.052004 7.947246
v 5.086729 0.052004 7.947246
v 5.086729 0.052004 5.867076
v 3.006559 0.052004 5.867076
v 4.044183 0.025860 7.576200
v 4.098649 0.052004 7.601061
v 3.352744 0.052004 6.959166
v 3.378161 0.027820 6.903746
v 3.994639 0.052004 6.213261
v 4.049106 0.025860 6.238122
v 4.740544 0.052004 6.855156
v 4.712146 0.028723 6.912651
v 4.046644 0.037378 7.947246
v 3.006559 0.037378 6.907161
v 4.046644 0.037378 5.867076
v 5.086729 0.037378 6.907161
v 3.006559 -0.104009 7.947246
v 5.086729 -0.104009 7.947246
v 5.086729 -0.104008 5.867076
v 3.006559 -0.104008 5.867076
v 5.086730 0.052004 7.947246
v 7.166899 0.052004 7.947246
v 7.166899 0.052004 5.867076
v 5.086730 0.052004 5.867076
v 6.126814 0.026569 7.577474
v 5.432915 0.052004 6.959166
v 5.461313 0.028723 6.901671
v 6.074810 0.052004 6.213261
v 6.130812 0.026571 6.240308
v 6.791175 0.030539 6.913909
v 6.820713 0.052004 6.855156
v 6.126814 0.038783 7.947246
v 5.086730 0.037378 6.907161
v 6.126814 0.037378 5.867076
v 7.166899 0.035639 6.907161
v 5.086730 -0.104009 7.947246
v 7.166899 -0.104009 7.947246
v 7.166899 -0.104008 5.867076
v 5.086730 -0.104008 5.867076
v 7.166899 0.052004 7.947246
v 9.247068 0.052004 7.947246
v 9.247068 0.052004 5.867076
v 7.166899 0.052004 5.867076
v 8.206984 0.026569 7.577474
v 7.542622 0.030539 6.913909
v 7.513084 0.052004 6.855156
v 8.206984 0.026569 6.236849
v 8.871346 0.030539 6.913910
v 8.900883 0.052004 6.855156
v 8.206984 0.038783 7.947246
v 7.166899 0.035639 6.907161
v 8.206984 0.038783 5.867076
v 9.247068 0.035639 6.907161
v 7.166899 -0.104009 7.947246
v 9.247068 -0.104009 7.947246
v 9.247068 -0.104008 5.867076
v 7.166899 -0.104008 5.867076
v 9.247068 0.052004 7.947246
v 11.327238 0.052004 7.947246
v 11.327238 0.052004 5.867076
v 9.247068 0.052004 5.867076
v 10.287153 0.026569 7.577474
v 9.622791 0.030539 6.913910
v 9.593254 0.052004 6.855156
v 10.287153 0.026569 6.236849
v 10.951515 0.030539 6.913910
v 10.981052 0.052004 6.855156
v 10.287153 0.038783 7.947246
v 9.247068 0.035639 6.907161
v 10.287153 0.038783 5.867076
v 11.327238 0.035639 6.907161
v 9.247068 -0.104009 7.947246
v 11.327238 -0.104009 7.947246
v 11.327238 -0.104008 5.867076
v 9.247068 -0.104008 5.867076
vn 0.6204 0.7732 -0.1312
vn 0.5747 0.5749 -0.5824
vn 0.4364 0.2969 -0.8494
vn 0.4836 0.8282 -0.2833
vn 0.8069 0.3979 0.4366
vn 0.4281 0.8467 0.3158
vn 0.4732 0.2922 0.8311
vn 0.4364 -0.8494 -0.2969
vn 0.4364 -0.2969 -0.8494
vn 0.5383 -0.5959 -0.5959
vn 0.4577 -0.2863 0.8418
vn 0.4364 -0.8494 0.2969
vn 0.7847 -0.4374 0.4392
vn 0.9998 0.0142 0.0149
vn 0.9999 0.0070 -0.0144
vn 0.4982 0.8670 0.0065
vn 0.6204 -0.7732 0.1312
vn 0.5746 -0.5748 0.5827
vn 0.4363 -0.2969 0.8494
vn 0.4836 -0.8281 0.2837
vn 0.8069 -0.3979 -0.4365
vn 0.4281 -0.8467 -0.3158
vn 0.4732 -0.2922 -0.8311
vn 0.4364 0.8494 0.2969
vn 0.4363 0.2969 0.8494
vn 0.5383 0.5959 0.5959
vn 0.4577 0.2863 -0.8418
vn 0.4364 0.8494 -0.2969
vn 0.7847 0.4374 -0.4392
vn 0.4981 -0.8671 -0.0063
vn 0.9998 -0.0139 -0.0147
vn 0.9999 -0.0071 0.0147
vn 0.5383 -0.5959 0.5959
vn 0.4364 -0.2969 0.8494
vn 0.4364 0.2969 0.8494
vn 0.5383 0.5959 -0.5959
vn 0.4363 0.2969 -0.8494
vn 0.4363 -0.8494 0.2969
vn 0.4363 0.8494 0.2969
vn 0.4363 -0.2969 -0.8494
vn 0.4363 -0.8494 -0.2969
vn 0.4363 0.8494 -0.2969
vn -0.6204 0.7732 0.1312
vn -0.5747 0.5749 0.5824
vn -0.4364 0.2969 0.8494
vn -0.4836 0.8282 0.2833
vn -0.8069 0.3979 -0.4366
vn -0.4281 0.8467 -0.3158
vn -0.4732 0.2922 -0.8311
vn -0.4364 -0.8494 0.2969
vn -0.4364 -0.2969 0.8494
vn -0.5383 -0.5959 0.5959
vn -0.4577 -0.2863 -0.8418
vn -0.4364 -0.8494 -0.2969
vn -0.7847 -0.4374 -0.4392
vn -0.9998 0.0142 -0.0149
vn -0.9999 0.0070 0.0144
vn -0.4982 0.8670 -0.0065
vn -0.6204 -0.7732 -0.1312
vn -0.5746 -0.5748 -0.5827
vn -0.4364 -0.2969 -0.8494
vn -0.4836 -0.8281 -0.2837
vn -0.8069 -0.3979 0.4366
vn -0.4281 -0.8467 0.3158
vn -0.4732 -0.2922 0.8311
vn -0.4364 0.8494 -0.2969
vn -0.4364 0.2969 -0.8494
vn -0.5383 0.5959 -0.5959
vn -0.4577 0.2863 0.8418
vn -0.4364 0.8494 0.2969
vn -0.7847 0.4374 0.4392
vn -0.4981 -0.8671 0.0063
vn -0.9998 -0.0139 0.0147
vn -0.9999 -0.0071 -0.0147
vn -0.5383 -0.5959 -0.5959
vn -0.4363 -0.8494 0.2969
vn -0.5383 0.5959 0.5959
vn -0.4363 -0.8494 -0.2969
vn -0.4363 0.8494 -0.2969
vn -0.4363 0.2969 -0.8494
vn -0.4363 0.2969 0.8494
vn -0.4363 0.8494 0.2969
vn 0.7226 0.6912 -0.0079
vn 0.1529 0.9347 -0.3209
vn -0.2915 0.8656 -0.4071
vn -0.4346 0.8726 0.2227
vn -0.3307 0.9164 -0.2255
vn 0.0401 0.9796 -0.1970
vn -0.2988 0.5372 -0.7887
vn 0.5028 0.6974 0.5107
vn -0.0066 0.7255 0.6882
vn 0.2810 0.2268 0.9325
vn 0.2404 0.9127 0.3304
vn -0.1321 0.9499 0.2833
vn 0.2067 0.4794 0.8529
vn -0.5275 0.7033 -0.4765
vn -0.0126 0.7873 -0.6165
vn -0.2433 0.2941 -0.9243
vn -0.5355 0.8422 -0.0630
vn -0.0000 1.0000 -0.0000
vn 0.2732 0.6802 0.6802
vn 0.6656 0.5277 0.5277
vn -0.2732 0.6802 -0.6802
vn -0.6656 0.5277 -0.5277
vn -0.2732 0.6802 0.6802
vn -0.6656 0.5277 0.5277
vn 0.2732 0.6802 -0.6802
vn 0.6656 0.5277 -0.5277
vn -0.6281 0.7645 0.1450
vn 0.5731 0.5738 -0.5851
vn 0.4835 0.8269 -0.2871
vn 0.8069 0.3979 0.4365
vn 0.9999 0.0109 0.0125
vn 0.9998 0.0086 -0.0173
vn 0.4974 0.8675 0.0041
vn 0.6212 -0.7731 0.1280
vn 0.5731 -0.5738 0.5851
vn 0.4835 -0.8269 0.2871
vn 0.8037 -0.3935 -0.4464
vn 0.4229 -0.8508 -0.3119
vn 0.4593 -0.2937 -0.8383
vn 0.4498 0.2902 -0.8447
vn 0.7829 0.4401 -0.4398
vn 0.4978 -0.8673 -0.0042
vn 0.9999 -0.0109 -0.0125
vn 0.9998 -0.0081 0.0179
vn -0.5731 0.5738 0.5851
vn -0.4835 0.8269 0.2871
vn -0.4577 -0.2862 -0.8418
vn -0.9999 0.0109 -0.0125
vn -0.9998 0.0086 0.0173
vn -0.4974 0.8675 -0.0041
vn -0.6212 -0.7732 -0.1280
vn -0.5731 -0.5738 -0.5851
vn -0.4835 -0.8269 -0.2871
vn -0.8037 -0.3935 0.4464
vn -0.4229 -0.8508 0.3119
vn -0.4593 -0.2937 0.8383
vn -0.4498 0.2902 0.8446
vn -0.7829 0.4401 0.4398
vn -0.4978 -0.8673 0.0042
vn -0.9999 -0.0109 0.0125
vn -0.9998 -0.0081 -0.0179
vn -0.4363 -0.2969 -0.8494
vn -0.4363 -0.2969 0.8494
vn 0.0239 -0.9997 0.0014
vn 0.0201 -0.9998 -0.0006
vn 0.6387 -0.7669 -0.0621
vn 0.0216 0.9998 -0.0026
vn 0.0211 0.9998 0.0003
vn 0.6418 0.7652 -0.0507
vn 0.0237 -0.9997 -0.0016
vn 0.6387 -0.7670 0.0621
vn 0.0205 -0.9998 0.0005
vn 0.0225 0.9997 0.0022
vn 0.6418 0.7652 0.0504
vn 0.0210 0.9998 -0.0004
vn -0.0732 0.9961 0.0502
vn -0.6491 0.7154 0.2588
vn -0.8962 -0.2989 0.3277
vn -0.9267 0.0253 0.3749
vn -0.3287 -0.5580 0.7620
vn -0.1906 -0.8234 0.5345
vn -0.8009 -0.0563 0.5961
vn 0.5688 -0.7907 0.2263
vn 0.1018 -0.7250 0.6812
vn -0.4461 -0.7905 0.4196
vn 0.9602 -0.0529 0.2743
vn 0.1534 -0.7192 0.6777
vn 0.4573 -0.7896 -0.4092
vn -0.9597 -0.0523 -0.2762
vn -0.1348 -0.7356 -0.6639
vn 0.8020 -0.0568 -0.5946
vn -0.5714 -0.7898 -0.2230
vn -0.1025 -0.7280 -0.6779
vn -0.0602 -0.1857 -0.9808
vn -0.0930 -0.0067 -0.9956
vn -0.7696 0.2389 -0.5922
vn -0.8401 -0.5008 -0.2085
vn 0.0003 -0.9997 -0.0262
vn 0.3413 -0.1063 0.9339
vn -0.1231 0.6314 0.7657
vn -0.4785 0.2506 0.8415
vn -0.5178 -0.0853 0.8512
vn 0.4345 -0.0512 0.8992
vn 0.0589 -0.1854 0.9809
vn 0.0878 0.0038 0.9961
vn 0.7691 0.2427 0.5913
vn -0.9092 0.3199 0.2664
vn -0.1908 0.5213 0.8318
vn 0.0405 0.3045 0.9516
vn -0.7941 -0.0909 -0.6009
vn 0.0651 -0.0426 -0.9970
vn 0.5033 0.2370 -0.8310
vn 0.5093 -0.1146 -0.8529
vn -0.4274 -0.0508 -0.9026
vn 0.7954 -0.0850 0.6001
vn -0.0569 -0.0422 0.9975
vn -0.4722 0.5108 -0.7184
vn -0.9118 0.4070 0.0542
vn -0.3076 0.3067 -0.9008
vn 0.8941 0.3656 -0.2588
vn 0.1978 0.5150 -0.8341
vn -0.0426 0.3058 -0.9511
vn -0.3988 0.6047 -0.6894
vn 0.1444 0.6658 -0.7320
vn -0.2950 -0.1401 -0.9452
vn 0.4857 0.5168 0.7050
vn 0.9445 0.3172 -0.0851
vn 0.3107 0.3048 0.9003
vn -0.6642 0.6854 -0.2984
vn -0.8616 0.0831 -0.5008
vn -0.9571 0.0796 0.2784
vn 0.0030 0.3657 -0.9307
vn -0.7062 0.6545 -0.2702
vn 0.8082 0.1056 -0.5793
vn -0.1716 0.2759 0.9458
vn 0.8923 0.0718 0.4457
vn 0.7321 0.4929 0.4701
vn -0.2784 0.0796 -0.9572
vn 0.2984 0.6855 -0.6641
vn 0.5008 0.0831 -0.8616
vn 0.9571 0.0798 -0.2785
vn 0.6642 0.6854 0.2985
vn -0.2985 0.6854 0.6642
vn -0.5008 0.0832 0.8616
vn 0.2785 0.0798 0.9571
vn 0.8616 0.0832 0.5008
vn 0.4340 -0.3781 -0.8178
vn 0.8859 0.2488 0.3916
vn -0.4543 -0.0522 0.8893
vn 0.3170 0.0350 -0.9478
vn 0.6913 0.1504 -0.7068
vn 0.6923 0.6493 0.3149
vn 0.0353 0.9992 0.0161
vn -0.2679 0.7075 0.6540
vn 0.3170 0.7075 -0.6316
vn -0.9250 -0.0097 -0.3800
vn -0.4123 0.1663 0.8957
vn -0.4107 0.9061 0.1019
vn -0.9558 0.2571 0.1425
vn -0.4726 0.6028 0.6429
vn -0.6429 0.6028 -0.4726
vn -0.1019 0.9061 -0.4107
vn -0.1425 0.2571 -0.9558
vn 0.4726 0.6028 -0.6429
vn 0.4106 0.9061 -0.1019
vn 0.1019 0.9061 0.4106
vn 0.1425 0.2573 0.9558
vn 0.6429 0.6027 0.4726
vn 0.9558 0.2573 -0.1425
vn 0.2989 0.9372 0.1796
vn 0.2216 0.7021 0.6767
vn 0.1990 0.3112 0.9293
vn -0.8371 0.5131 0.1898
vn -0.2516 0.6875 -0.6812
vn -0.0742 0.3662 -0.9276
vn -0.9708 0.0114 0.2396
vn 0.2117 0.0559 0.9757
vn -0.7948 0.5714 0.2045
vn -0.3214 0.1310 -0.9378
vn 0.5790 -0.1562 -0.8002
vn -0.8003 -0.1562 -0.5790
vn -0.5789 -0.1562 0.8003
vn 0.8003 -0.1562 0.5789
vn -0.0440 0.8479 -0.5284
vn -0.0107 0.8563 -0.5164
vn 0.5542 0.8021 0.2224
vn 0.7773 -0.0008 0.6291
vn 0.1341 0.0023 0.9910
vn 0.1472 -0.0080 0.9891
vn 0.6520 0.0013 -0.7582
vn 0.5415 -0.5683 -0.6195
vn -0.0498 -0.0009 -0.9988
vn 0.6568 -0.5690 0.4948
vn -0.0473 0.0020 -0.9989
vn 0.5418 0.5683 -0.6192
vn 0.6480 0.5706 0.5045
vn 0.6297 -0.0005 -0.7768
vn 0.5103 0.5681 -0.6457
vn 0.9922 0.0027 -0.1250
vn -0.7628 0.0009 -0.6466
vn -0.6193 -0.5698 -0.5402
vn -0.9980 -0.0019 0.0632
vn -0.9986 0.0064 0.0534
vn -0.6133 0.5705 -0.5462
vn 0.9906 -0.0079 -0.1362
vn 0.5020 -0.5673 -0.6528
vn -0.6294 -0.0005 0.7770
vn -0.5087 0.5698 0.6454
vn -0.9925 0.0016 0.1225
vn 0.7630 0.0008 0.6464
vn 0.6208 -0.5681 0.5403
vn 0.9982 -0.0030 -0.0607
vn 0.9987 0.0077 -0.0507
vn 0.6149 0.5672 0.5479
vn -0.9910 -0.0067 0.1336
vn -0.5008 -0.5705 0.6510
vn -0.9956 -0.0000 0.0932
vn 0.6194 0.7046 -0.3464
vn 0.9678 -0.2349 -0.0902
vn 0.8681 0.4892 -0.0844
vn 0.0363 -0.9993 -0.0025
vn 0.0304 -0.9995 -0.0028
vn 0.6689 0.7097 0.2212
vn 0.0418 -0.9991 -0.0039
vn 0.0507 0.0005 0.9987
vn -0.5418 0.5707 0.6170
vn -0.6522 0.0010 0.7581
vn -0.1472 -0.0081 -0.9891
vn -0.6568 -0.5690 -0.4948
vn -0.7773 -0.0008 -0.6291
vn -0.6480 0.5706 -0.5045
vn -0.1341 0.0023 -0.9910
vn -0.5415 -0.5683 0.6194
vn 0.0498 -0.0009 0.9988
vn 0.9956 -0.0000 -0.0932
vn -0.6194 0.7046 0.3464
vn -0.9678 -0.2350 0.0899
vn -0.8679 0.4900 0.0812
vn -0.0363 -0.9993 0.0025
vn -0.0304 -0.9995 0.0029
vn -0.6720 0.7053 -0.2257
vn -0.0418 -0.9991 0.0039
vn 0.2969 -0.8494 -0.4364
vn 0.5959 -0.5959 -0.5383
vn 0.8494 -0.2969 -0.4364
vn 0.5959 0.5959 -0.5383
vn 0.2969 0.8494 -0.4364
vn 0.8494 0.2969 -0.4364
vn -0.8494 -0.2969 -0.4364
vn -0.5959 -0.5959 -0.5383
vn -0.2969 -0.8494 -0.4364
vn -0.5959 0.5959 -0.5383
vn -0.8494 0.2969 -0.4364
vn -0.2969 0.8494 -0.4364
vn -0.1312 0.7732 -0.6204
vn -0.5851 0.5738 -0.5731
vn -0.2871 0.8269 -0.4835
vn 0.4365 0.3979 -0.8069
vn 0.3158 0.8467 -0.4281
vn 0.8311 0.2922 -0.4732
vn 0.8418 -0.2862 -0.4577
vn 0.4392 -0.4374 -0.7847
vn 0.0125 0.0109 -0.9999
vn -0.0173 0.0086 -0.9998
vn 0.0041 0.8675 -0.4974
vn 0.1280 -0.7732 -0.6212
vn 0.5851 -0.5738 -0.5731
vn 0.2871 -0.8269 -0.4835
vn -0.4465 -0.3935 -0.8037
vn -0.3119 -0.8508 -0.4229
vn -0.8383 -0.2937 -0.4593
vn -0.8447 0.2902 -0.4498
vn -0.2969 0.8494 -0.4363
vn -0.4398 0.4401 -0.7829
vn -0.0042 -0.8673 -0.4978
vn -0.0125 -0.0109 -0.9999
vn 0.0179 -0.0081 -0.9998
vn 0.8494 -0.2969 -0.4363
vn 0.8494 0.2969 -0.4363
vn -0.2969 -0.8494 -0.4363
vn 0.2969 -0.8494 -0.4363
vn 0.2969 0.8494 -0.4363
vn -0.8494 -0.2969 -0.4363
vn -0.8494 0.2969 -0.4363
vn -0.2969 -0.8494 0.4363
vn -0.5959 -0.5959 0.5383
vn -0.8494 -0.2969 0.4364
vn -0.5959 0.5959 0.5383
vn -0.2969 0.8494 0.4363
vn -0.8494 0.2969 0.4363
vn 0.8494 -0.2969 0.4364
vn 0.5959 -0.5959 0.5383
vn 0.2969 -0.8494 0.4363
vn 0.5959 0.5959 0.5383
vn 0.8494 0.2969 0.4364
vn 0.2969 0.8494 0.4364
vn 0.1312 0.7732 0.6204
vn 0.5851 0.5738 0.5731
vn 0.2871 0.8269 0.4835
vn -0.4366 0.3979 0.8069
vn -0.3158 0.8467 0.4281
vn -0.8311 0.2922 0.4732
vn 0.2969 -0.8494 0.4364
vn -0.8418 -0.2863 0.4577
vn -0.2969 -0.8494 0.4364
vn -0.4392 -0.4374 0.7847
vn -0.0125 0.0109 0.9999
vn 0.0173 0.0086 0.9998
vn -0.0041 0.8675 0.4974
vn -0.1280 -0.7732 0.6212
vn -0.5851 -0.5738 0.5731
vn -0.2871 -0.8269 0.4835
vn 0.4464 -0.3935 0.8037
vn 0.3119 -0.8508 0.4229
vn 0.8383 -0.2937 0.4593
vn -0.2969 0.8494 0.4364
vn -0.8494 0.2969 0.4364
vn 0.8446 0.2902 0.4499
vn 0.4398 0.4401 0.7829
vn 0.0042 -0.8673 0.4978
vn 0.0125 -0.0109 0.9999
vn -0.0179 -0.0081 0.9998
vn 0.2969 0.8494 0.4363
vn 0.8494 -0.2969 0.4363
vn 0.8494 0.2969 0.4363
vn -0.8494 -0.2969 0.4363
vn 0.6802 0.6802 -0.2732
vn 0.5277 0.5277 -0.6656
vn -0.6802 0.6802 0.2732
vn -0.5277 0.5277 0.6656
vn 0.6802 0.6802 0.2732
vn 0.5277 0.5277 0.6656
vn -0.6802 0.6802 -0.2732
vn -0.5277 0.5277 -0.6656
vn -0.0000 -0.0000 1.0000
vn 0.0001 0.0003 1.0000
vn 0.0002 -0.0003 1.0000
vn -0.0000 -0.0000 -1.0000
vn -0.0002 -0.0004 -1.0000
vn -0.0000 -0.0001 -1.0000
vn 0.0002 -0.0004 -1.0000
vn 0.0001 0.0002 -1.0000
vn -0.0001 0.0003 -1.0000
vn -1.0000 -0.0000 -0.0000
vn -0.0000 -0.0001 1.0000
vn -0.0003 -0.0005 1.0000
vn -0.0001 0.0002 1.0000
vn 0.1131 0.5704 -0.8135
vn 0.3381 0.4126 -0.8458
vn -0.0252 0.7074 -0.7064
vn -0.1120 0.5708 0.8134
vn -0.3384 0.4125 0.8458
vn 0.0254 0.7074 0.7064
vn 0.4678 0.7777 -0.4199
vn -0.4670 0.7785 -0.4193
vn 0.4678 0.7777 0.4199
vn -0.4683 0.7771 0.4204
vn -0.1280 0.7732 -0.6212
vn -0.5795 0.5760 -0.5765
vn -0.2794 0.8295 -0.4835
vn 0.4464 0.3935 -0.8037
vn 0.3119 0.8508 -0.4229
vn 0.8383 0.2937 -0.4593
vn 0.8446 -0.2902 -0.4498
vn 0.4398 -0.4401 -0.7829
vn 0.0165 0.0170 -0.9997
vn -0.0113 0.0052 -0.9999
vn 0.0094 0.8663 -0.4995
vn 0.5795 0.5760 0.5765
vn 0.2794 0.8295 0.4835
vn -0.8418 -0.2862 0.4577
vn -0.0165 0.0170 0.9997
vn 0.0107 0.0056 0.9999
vn -0.0093 0.8665 0.4991
vn 0.4366 0.3979 -0.8069
vn -0.4464 -0.3935 -0.8037
vn 0.8446 0.2902 0.4498
vn 0.4606 0.7588 0.4606
vn 0.2418 0.6861 0.6861
vn 0.6861 0.6861 0.2419
vn -0.0000 0.7071 -0.7071
vn -0.7071 0.7071 -0.0000
vn 0.1280 -0.7731 -0.6212
vn 0.6204 0.7732 0.1312
vn 0.5731 0.5738 0.5851
vn 0.4835 0.8269 0.2871
vn 0.8069 0.3979 -0.4366
vn 0.4732 0.2922 -0.8311
vn 0.4281 0.8467 -0.3158
vn 0.4577 -0.2863 -0.8418
vn 0.7847 -0.4374 -0.4392
vn 0.9999 0.0109 -0.0125
vn 0.9998 0.0086 0.0173
vn 0.9998 -0.0000 -0.0190
vn 0.4974 0.8675 -0.0041
vn -0.1312 -0.7732 0.6204
vn 0.4366 -0.3979 0.8069
vn 0.3158 -0.8468 0.4281
vn 0.8311 -0.2922 0.4732
vn 0.8418 0.2863 0.4577
vn 0.4392 0.4374 0.7847
vn 0.0041 -0.8675 0.4974
vn -0.0173 -0.0086 0.9998
vn 0.6861 -0.6861 0.2419
vn 0.7071 -0.7071 -0.0000
vn 0.4606 -0.7588 0.4605
vn 0.2418 -0.6861 0.6861
vn -0.0000 -0.7071 0.7071
vn -0.0000 -0.7071 0.7072
vn -0.7071 -0.7071 -0.0000
vn -0.0000 -0.7071 -0.7071
vn -0.4606 0.7588 0.4606
vn -0.6861 0.6861 0.2418
vn -0.2419 0.6861 0.6861
vn 0.7071 0.7071 -0.0000
vn 0.8418 -0.2863 -0.4577
vn 0.8037 -0.3935 -0.4465
vn -0.1312 0.7732 0.6204
vn -0.5851 0.5738 0.5731
vn -0.2871 0.8269 0.4835
vn 0.4366 0.3979 0.8069
vn 0.8311 0.2922 0.4732
vn 0.3158 0.8467 0.4281
vn 0.8418 -0.2863 0.4577
vn 0.4392 -0.4374 0.7847
vn 0.0125 0.0109 0.9999
vn -0.0173 0.0086 0.9998
vn 0.0190 -0.0000 0.9998
vn 0.0041 0.8675 0.4974
vn -0.4974 -0.8675 0.0041
vn -0.9998 -0.0086 -0.0173
vn -0.2419 -0.6861 0.6861
vn -0.4605 -0.7588 0.4606
vn -0.6861 -0.6861 0.2418
vn -0.7072 -0.7071 -0.0000
vn 0.8422 -0.5268 0.1150
vn 1.0000 -0.0004 -0.0000
vn 1.0000 -0.0000 -0.0000
vn 0.8441 -0.5221 -0.1220
vn 1.0000 -0.0000 -0.0003
vn 0.8614 -0.3476 0.3705
vn -0.8422 -0.5268 -0.1150
vn -1.0000 -0.0004 -0.0000
vn -0.8441 -0.5221 0.1220
vn -1.0000 -0.0000 0.0003
vn -0.8614 -0.3476 -0.3705
vn 1.0000 -0.0000 -0.0001
vn 1.0000 0.0003 -0.0001
vn 1.0000 -0.0002 -0.0002
vn 1.0000 -0.0000 0.0001
vn 1.0000 -0.0003 0.0003
vn 1.0000 0.0002 0.0001
vn 0.5755 0.5754 -0.5811
vn 0.4836 0.8288 -0.2815
vn 0.9998 0.0156 0.0157
vn 0.9999 0.0063 -0.0128
vn 0.4986 0.8668 0.0078
vn -1.0000 -0.0000 0.0001
vn -1.0000 0.0002 0.0001
vn -1.0000 -0.0003 0.0002
vn -1.0000 -0.0000 -0.0001
vn -1.0000 -0.0003 -0.0003
vn -1.0000 0.0002 -0.0001
vn -0.5755 0.5754 0.5811
vn -0.4836 0.8288 0.2815
vn -0.9998 0.0156 -0.0157
vn -0.9999 0.0063 0.0128
vn -0.4986 0.8668 -0.0078
vn -0.4498 0.2902 0.8447
vn 0.4577 -0.2862 0.8418
vn 0.4498 0.2902 -0.8446
vn -0.6212 0.7731 0.1280
vn -0.8037 0.3935 -0.4464
vn -0.4229 0.8508 -0.3119
vn -0.4593 0.2937 -0.8383
vn -0.4498 -0.2902 -0.8447
vn -0.7829 -0.4401 -0.4398
vn -0.9998 0.0081 0.0179
vn -0.4978 0.8673 -0.0042
vn 0.6212 0.7731 -0.1280
vn 0.8037 0.3935 0.4464
vn 0.4229 0.8508 0.3119
vn 0.4593 0.2937 0.8383
vn 0.4498 -0.2902 0.8447
vn 0.7829 -0.4401 0.4398
vn 0.9998 0.0081 -0.0179
vn 0.4978 0.8673 0.0042
vn 0.0002 -0.0004 1.0000
vn 0.0003 -0.0005 -1.0000
vn -0.0002 -0.0004 1.0000
vn -0.0001 0.0003 1.0000
vn 0.3158 -0.8467 0.4281
vn 0.1312 -0.7732 -0.6204
vn -0.4365 -0.3979 -0.8069
vn -0.3158 -0.8467 -0.4281
vn -0.8311 -0.2922 -0.4732
vn -0.8418 0.2863 -0.4577
vn -0.4392 0.4374 -0.7847
vn -0.0041 -0.8675 -0.4974
vn 0.0173 -0.0086 -0.9998
vn -0.0119 -0.9945 -0.1038
vn 0.0119 -0.4074 0.9132
vn 0.0124 -0.3812 0.9244
vn -0.0119 0.5872 -0.8094
vn 0.0119 -0.5871 -0.8094
vn 0.0124 -0.6099 -0.7924
vn -0.0119 0.4074 0.9132
vn 0.0119 0.9945 -0.1038
vn 0.0124 0.9912 -0.1321
vn -0.0065 0.3183 -0.9480
vn 0.0112 -0.5531 -0.8330
vn 0.0115 -0.5679 -0.8230
vn 0.4967 -0.0304 0.8674
vn -0.5592 0.0088 0.8290
vn -0.5850 -0.0176 0.8109
vn 0.5621 -0.0108 0.8270
vn 0.2390 0.0075 0.9710
vn -0.3394 -0.0097 0.9406
vn 1.0000 -0.0037 -0.0059
vn 0.8020 -0.0091 -0.5973
vn 0.2538 -0.0110 -0.9672
vn -0.9994 -0.0027 0.0359
vn -0.7922 -0.0083 0.6103
vn -0.2538 -0.0109 0.9672
vn 0.9991 -0.0026 -0.0431
vn 0.7769 -0.0088 -0.6295
vn 0.2081 -0.0116 -0.9780
vn -0.6169 0.7869 -0.0125
vn -0.5069 0.8608 0.0445
vn -0.9236 0.2952 -0.2447
vn 0.3033 0.8725 0.3830
vn 0.2372 0.9696 -0.0595
vn -0.3315 0.8097 0.4842
vn -0.1490 0.8424 -0.5179
vn -0.1490 0.8424 -0.5178
vn 0.1450 0.7645 -0.6281
vn 0.3209 0.9347 0.1529
vn 0.4071 0.8656 -0.2915
vn -0.2227 0.8726 -0.4346
vn 0.2255 0.9164 -0.3307
vn 0.1970 0.9796 0.0401
vn 0.7887 0.5372 -0.2988
vn -0.5107 0.6974 0.5028
vn -0.6882 0.7255 -0.0066
vn -0.9325 0.2268 0.2810
vn -0.0862 0.7998 0.5941
vn 0.1450 0.7645 0.6281
vn 0.0079 0.6912 -0.7226
vn 0.0079 0.6912 0.7226
vn -0.7080 0.0001 0.7062
vn -0.7072 -0.0000 0.7070
vn -0.7077 0.0002 0.7065
vn -0.7072 -0.0000 -0.7070
vn -0.7080 0.0001 -0.7062
vn -0.7077 0.0002 -0.7065
vn 0.7080 0.0001 -0.7062
vn 0.7072 -0.0000 -0.7070
vn 0.7077 0.0002 -0.7065
vn 0.7072 -0.0000 0.7070
vn 0.7080 0.0001 0.7062
vn 0.7077 0.0002 0.7065
vn -0.0000 0.7071 0.7071
vn -0.4366 -0.3979 -0.8069
vn -0.1280 -0.7731 0.6212
vn -0.2357 -0.6742 -0.6999
vn 0.2357 -0.6742 0.6999
vn -0.2357 -0.6742 0.6999
vn 0.2357 -0.6742 -0.6999
vn -0.3158 -0.8468 -0.4281
vn 0.8447 0.2902 0.4498
vn -0.2747 -0.5264 -0.8046
vn -0.3630 -0.4325 -0.8253
vn -0.5790 -0.1250 -0.8057
vn 0.1472 0.8405 0.5214
vn -0.0485 0.9848 0.1665
vn -0.0498 0.9848 -0.1662
vn -0.7493 0.1227 -0.6508
vn -0.4468 0.6804 -0.5809
vn -0.4445 0.6248 -0.6420
vn -0.0131 0.8735 0.4867
vn -0.4792 0.7219 0.4992
vn 0.3395 0.9406 -0.0000
vn -0.7970 0.4123 0.4413
vn -0.9764 0.2162 -0.0000
vn 0.0824 0.8808 0.4663
vn 0.0824 0.8808 -0.4663
vn -0.4462 0.6900 0.5699
vn -0.7743 0.1277 0.6198
vn 0.1317 0.8047 -0.5789
vn -0.5790 -0.1250 0.8057
vn -0.3630 -0.4325 0.8253
vn -0.2747 -0.5264 0.8046
vn 0.5843 0.5741 0.5736
vn 0.2859 0.8273 0.4835
vn -0.0134 0.0120 0.9998
vn 0.0165 0.0080 0.9998
vn -0.0049 0.8674 0.4976
vn 0.3304 0.9127 -0.2404
vn 0.2833 0.9499 0.1321
vn 0.8529 0.4794 -0.2067
vn -0.4765 0.7033 0.5275
vn -0.6165 0.7873 0.0126
vn -0.9243 0.2941 0.2433
vn -0.5106 0.6974 0.5028
vn 0.1451 0.7645 0.6281
vn 0.2426 0.9678 -0.0666
vn 0.5012 0.8301 -0.2444
vn 0.0594 0.6868 -0.7244
vn 0.0725 0.6603 -0.7475
vn 0.1451 0.7645 -0.6281
vn 0.1520 0.7017 0.6961
vn 0.1176 0.6997 0.7047
vn -0.4700 0.5281 0.7072
vn -0.0317 0.9473 -0.3189
vn -0.0317 0.9473 -0.3188
vn -0.1170 0.9442 0.3079
vn -0.2760 0.8924 -0.3571
vn -0.2413 0.9049 -0.3506
vn -0.0222 0.9915 0.1283
vn -0.4910 0.8086 -0.3242
vn -0.4584 0.8213 -0.3396
vn 0.1119 0.9767 0.1832
vn 0.2271 0.9585 0.1723
vn 0.2272 0.9585 0.1723
vn -0.2796 0.4867 -0.8276
vn -0.1563 0.8222 -0.5473
vn 0.3298 0.2909 -0.8981
vn -0.4027 0.8604 -0.3124
vn 0.0741 0.9896 0.1235
vn 0.0618 0.9853 0.1595
vn -0.0757 0.8103 0.5812
vn 0.0798 0.9213 0.3806
vn -0.0059 0.8839 0.4676
vn -0.0349 0.9173 -0.3966
vn -0.6212 -0.7731 -0.1280
vn -0.1280 0.7731 -0.6212
vn 0.4465 0.3935 -0.8037
vn 0.8447 -0.2902 -0.4498
vn -0.0179 0.0081 -0.9998
vn 0.0042 0.8673 -0.4978
vn 0.1279 -0.7731 -0.6212
vn -0.8446 0.2902 -0.4498
vn 0.1279 0.7732 0.6212
vn -0.4464 0.3935 0.8037
vn -0.3119 0.8508 0.4229
vn -0.8383 0.2937 0.4593
vn -0.8446 -0.2902 0.4498
vn -0.4398 -0.4401 0.7829
vn 0.0179 0.0081 0.9998
vn -0.0042 0.8673 0.4978
vn 0.6212 -0.7732 0.1280
vn -0.8069 -0.3979 0.4365
vn 0.8069 0.3979 -0.4365
vn 0.4465 -0.3935 0.8037
vn 0.8446 -0.5186 0.1329
vn 1.0000 -0.0005 -0.0000
vn 1.0000 -0.0001 -0.0000
vn 0.8507 -0.5142 -0.1087
vn 0.8563 -0.3380 0.3906
vn -0.8446 -0.5186 -0.1329
vn -1.0000 -0.0005 -0.0000
vn -1.0000 -0.0001 -0.0000
vn -0.8507 -0.5142 0.1087
vn -0.8563 -0.3380 -0.3906
vn 1.0000 0.0001 -0.0000
vn 1.0000 -0.0002 0.0002
vn 1.0000 0.0001 0.0001
vn 0.5727 -0.6508 0.4984
vn -1.0000 0.0001 -0.0000
vn -1.0000 -0.0002 -0.0002
vn -1.0000 0.0001 -0.0001
vn -0.5727 -0.6508 -0.4984
vn -0.8069 0.3979 -0.4365
vn -0.4498 -0.2902 -0.8446
vn -0.4979 0.8673 -0.0042
vn -0.4577 0.2862 0.8418
vn 0.8069 -0.3979 -0.4366
vn 0.4974 -0.8675 -0.0041
vn 0.9998 -0.0086 0.0173
vn 1.0000 0.0002 -0.0001
vn 1.0000 -0.0003 -0.0002
vn 1.0000 -0.0003 0.0002
vn 0.4498 -0.2902 0.8446
vn -1.0000 -0.0004 0.0002
vn -1.0000 -0.0001 -0.0001
vn 1.0000 -0.0002 -0.0000
vn -1.0000 -0.0004 -0.0002
vn -1.0000 0.0003 0.0001
vn 0.7993 -0.3828 0.4633
vn 0.8201 -0.4578 0.3433
vn 0.7911 -0.5941 0.1454
vn -0.4577 0.2863 0.8417
vn -0.9155 0.0131 0.4022
vn -0.2090 -0.0109 0.9779
vn -0.1764 -0.0117 0.9842
vn 0.1193 0.0059 -0.9928
vn -0.5642 -0.0034 -0.8257
vn -0.9781 -0.0112 -0.2081
vn -0.0125 0.7869 0.6169
vn 0.0445 0.8608 0.5069
vn -0.2447 0.2952 0.9236
vn 0.3830 0.8725 -0.3033
vn -0.0595 0.9696 -0.2372
vn 0.4842 0.8097 0.3315
vn -0.5179 0.8424 0.1490
vn -0.6281 0.7645 -0.1450
vn -0.2988 0.5373 -0.7887
vn 0.5028 0.6974 0.5106
vn -0.0066 0.7255 0.6881
vn 0.5941 0.7998 0.0862
vn 0.6281 0.7645 -0.1450
vn -0.7226 0.6912 -0.0079
vn 0.8613 -0.3476 0.3705
vn -0.8512 -0.5135 0.1086
vn -0.8618 -0.3479 0.3691
vn -1.0000 -0.0000 -0.0003
vn -0.8444 -0.5190 -0.1329
vn -1.0000 -0.0001 0.0001
vn -0.5676 -0.5385 -0.6228
vn 0.6212 0.7731 -0.1279
vn 0.4499 -0.2902 0.8446
vn 0.4979 0.8673 0.0042
vn 0.6656 0.5277 0.5278
vn 0.6656 0.5277 -0.5278
vn 0.4577 0.2862 -0.8418
vn 0.0218 0.9998 -0.0003
vn -0.0117 0.9998 0.0141
vn 0.0157 0.9998 0.0127
vn -0.0019 1.0000 -0.0000
vn -0.0157 0.9998 0.0127
vn -0.0121 0.9998 -0.0145
vn -0.0157 0.9998 -0.0127
vn -0.1528 0.9849 -0.0818
vn 0.0891 0.9960 -0.0000
vn 0.3393 0.9407 -0.0009
vn -0.1071 0.9925 0.0584
vn -0.1818 0.9799 0.0818
vn 0.0157 0.9998 -0.0127
vn 0.0014 1.0000 0.0008
vn 0.0189 0.9998 0.0043
vn 0.0141 0.9998 0.0127
vn -0.0138 0.9998 0.0140
vn -0.0141 0.9998 0.0141
vn 0.0112 0.9999 -0.0128
vn -0.0157 0.9998 -0.0141
vn -0.0034 1.0000 0.0010
vn 0.1648 0.9837 -0.0721
vn 0.0982 0.9935 -0.0583
vn 0.1817 0.9799 0.0829
vn 0.1149 0.9920 0.0519
vn -0.0726 0.9888 0.1303
vn -0.0973 0.9726 0.2113
vn 0.0018 1.0000 0.0008
vn 0.0138 0.9998 0.0160
vn -0.0204 0.9998 0.0015
vn 0.0127 0.9998 -0.0131
vn -0.0850 0.9964 0.0008
vn 0.1816 0.9800 -0.0814
vn 0.1417 0.9872 -0.0738
vn 0.1278 0.9894 0.0690
vn 0.2132 0.9717 0.1012
vn 0.0562 0.9984 0.0015
vn 0.2168 0.9762 0.0017
vn -0.0134 0.9998 0.0137
vn 0.0114 0.9999 -0.0125
vn -0.0036 1.0000 0.0010
vn 0.0984 0.9935 -0.0578
vn 0.1148 0.9920 0.0518
vn -0.0904 0.9756 0.2000
vn -0.0690 0.9901 0.1222
vn 0.0020 1.0000 0.0008
vn 0.0205 0.9998 0.0060
vn -0.0147 0.9998 0.0134
vn 0.0128 0.9998 -0.0132
vn -0.0881 0.9961 0.0011
vn 0.1818 0.9799 -0.0818
vn 0.1101 0.9921 -0.0602
vn 0.1801 0.9807 0.0761
vn 0.2134 0.9717 0.1014
vn 0.0065 0.9999 0.0095
vn -0.0632 0.9909 0.1187
vn -0.0918 0.9765 0.1950
vn 0.0145 0.9998 -0.0132
vn -0.0128 0.9998 0.0132
vn 0.0157 0.9998 0.0141
vn -0.0020 1.0000 -0.0008
vn -0.0201 0.9998 -0.0056
vn -0.0141 0.9998 -0.0127
vn -0.1694 0.9830 -0.0712
vn 0.0881 0.9961 -0.0010
vn 0.3393 0.9407 0.0005
vn -0.1101 0.9921 0.0600
vn 0.0910 0.9766 -0.1948
vn 0.0631 0.9909 -0.1190
vn 0.0141 0.9998 -0.0141
vn 0.0046 0.9998 -0.0196
vn 0.0108 0.9999 0.0130
vn -0.0113 0.9999 0.0057
vn -0.0198 0.9998 -0.0052
vn 0.1799 0.9805 0.0787
vn 0.0509 0.9907 -0.1259
vn 0.1062 0.9925 0.0611
vn 0.2194 0.9756 0.0030
vn 0.0058 1.0000 0.0025
vn 0.0692 0.9976 0.0061
vn 0.0044 0.9998 -0.0193
vn 0.0104 0.9999 0.0129
vn -0.0116 0.9999 0.0056
vn -0.0203 0.9998 -0.0058
vn 0.1796 0.9807 0.0777
vn 0.0466 0.9922 -0.1156
vn 0.1063 0.9924 0.0614
vn -0.1364 0.9889 -0.0593
vn 0.0735 0.9973 0.0058
vn 0.2319 0.9727 0.0055
vn 0.0831 0.9800 -0.1809
vn 0.0125 0.9999 -0.0109
vn -0.0000 0.9998 0.0195
vn 0.0127 0.9998 0.0157
vn -0.0125 0.9999 -0.0109
vn -0.0127 0.9998 0.0157
vn -0.0000 1.0000 -0.0012
vn -0.0127 0.9998 -0.0157
vn -0.0000 1.0000 0.0046
vn -0.0721 0.9837 -0.1648
vn -0.0580 0.9935 -0.0975
vn 0.0721 0.9837 -0.1648
vn 0.0580 0.9935 -0.0975
vn 0.0127 0.9998 -0.0157
vn 0.0041 0.9998 -0.0197
vn 0.0121 0.9999 0.0122
vn -0.0143 0.9998 -0.0131
vn -0.0157 0.9998 0.0141
vn -0.0000 1.0000 -0.0015
vn -0.0127 0.9998 -0.0141
vn 0.0512 0.9919 -0.1158
vn 0.1195 0.9906 0.0665
vn 0.1937 0.9773 0.0864
vn -0.0000 1.0000 0.0028
vn -0.0829 0.9799 -0.1817
vn -0.0639 0.9920 -0.1087
vn 0.0829 0.9799 -0.1817
vn 0.0127 0.9998 -0.0141
vn 0.0012 1.0000 -0.0000
vn 0.0120 0.9998 0.0139
vn -0.0218 0.9998 -0.0000
vn 0.0120 0.9998 -0.0139
vn 0.1173 0.9911 -0.0625
vn -0.2681 0.9634 -0.0000
vn 0.1954 0.9766 -0.0899
vn 0.1173 0.9911 0.0625
vn 0.1954 0.9766 0.0899
vn 0.2242 0.9745 -0.0000
vn 0.0574 0.9983 -0.0000
vn 0.0057 0.9998 -0.0211
vn 0.0111 0.9999 0.0128
vn -0.0144 0.9998 -0.0149
vn -0.0000 1.0000 -0.0019
vn 0.0586 0.9888 -0.1374
vn 0.0130 0.9525 0.3042
vn -0.0025 0.9726 0.2325
vn 0.1640 0.9838 0.0722
vn 0.0982 0.9937 0.0533
vn -0.0042 1.0000 0.0061
vn -0.0943 0.9748 -0.2020
vn -0.0665 0.9902 -0.1230
vn 0.1010 0.9718 -0.2133
vn 0.0114 0.9998 0.0136
vn -0.0214 0.9998 -0.0000
vn 0.0114 0.9998 -0.0136
vn -0.0056 1.0000 -0.0000
vn 0.1813 0.9801 -0.0811
vn 0.1071 0.9925 -0.0582
vn 0.1813 0.9801 0.0811
vn 0.1456 0.9860 0.0811
vn 0.2367 0.9716 -0.0027
vn 0.0629 0.9980 0.0002
vn 0.0139 0.9998 0.0161
vn 0.1416 0.9872 -0.0738
vn 0.1279 0.9894 0.0689
vn 0.0201 0.9998 0.0056
vn -0.0145 0.9998 0.0132
vn -0.0881 0.9961 0.0010
vn 0.1101 0.9921 -0.0600
vn 0.2022 0.9748 0.0944
vn 0.1694 0.9830 0.0712
vn 0.0065 0.9999 0.0101
vn -0.0631 0.9909 0.1190
vn -0.0910 0.9766 0.1948
vn 0.0116 0.9999 -0.0056
vn 0.0135 0.9998 0.0156
vn -0.0100 0.9999 0.0078
vn -0.0106 0.9999 -0.0131
vn 0.2020 0.9748 0.0943
vn -0.0735 0.9973 -0.0062
vn 0.1197 0.9907 0.0654
vn -0.1403 0.9872 -0.0757
vn 0.0684 0.9976 0.0085
vn 0.2172 0.9761 0.0041
vn 0.0019 1.0000 -0.0000
vn 0.0117 0.9998 0.0141
vn 0.0117 0.9998 -0.0140
vn -0.0890 0.9960 -0.0000
vn 0.1398 0.9873 -0.0759
vn 0.1818 0.9799 0.0818
vn 0.1071 0.9925 0.0582
vn 0.0629 0.9980 -0.0002
vn 0.2367 0.9716 0.0027
vn 0.0087 0.9988 0.0473
vn -0.0059 0.9999 0.0103
vn -0.0003 1.0000 0.0041
vn -0.0588 0.9935 -0.0975
vn 0.0943 0.9726 0.2126
vn 0.1327 0.9912 -0.0000
vn 0.0087 0.9988 -0.0473
vn 0.0943 0.9726 -0.2125
vn 0.0045 0.9998 -0.0186
vn 0.0191 0.9998 0.0048
vn 0.0141 0.9998 0.0141
vn -0.0045 0.9998 0.0186
vn -0.0191 0.9998 -0.0048
vn -0.0141 0.9998 -0.0141
vn 0.0524 0.9920 -0.1146
vn 0.1356 0.9888 0.0625
vn 0.2113 0.9726 0.0973
vn -0.0831 0.9800 0.1809
vn -0.0524 0.9920 0.1146
vn 0.0120 0.9999 -0.0059
vn 0.0203 0.9998 0.0058
vn -0.0044 0.9998 0.0193
vn -0.0108 0.9999 -0.0134
vn -0.0730 0.9973 -0.0065
vn 0.1363 0.9889 0.0595
vn -0.0467 0.9922 0.1156
vn -0.0147 0.9998 0.0128
vn 0.0128 0.9998 -0.0139
vn -0.0064 1.0000 0.0051
vn 0.1261 0.9919 0.0117
vn -0.0163 0.9752 0.2205
vn 0.1994 0.9750 -0.0981
vn -0.0062 1.0000 -0.0004
vn 0.1148 0.9922 0.0475
vn -0.0679 0.9905 0.1199
vn 0.0200 0.9998 0.0054
vn 0.0127 0.9998 -0.0130
vn -0.0850 0.9964 0.0013
vn 0.1816 0.9800 -0.0816
vn 0.1100 0.9921 -0.0600
vn 0.2020 0.9749 0.0941
vn 0.0105 0.9999 -0.0051
vn -0.0044 0.9998 0.0195
vn -0.0103 0.9999 -0.0126
vn 0.0074 1.0000 -0.0052
vn -0.0578 0.9900 0.1285
vn -0.0104 0.9999 -0.0129
vn 0.1363 0.9889 0.0594
vn -0.0466 0.9922 0.1156
vn -0.0142 0.9998 0.0130
vn 0.0131 0.9998 -0.0128
vn 0.1103 0.9921 -0.0596
vn 0.1364 0.9889 0.0593
vn -0.0588 0.9923 0.1087
vn 0.0042 0.9998 0.0191
vn -0.0201 0.9998 0.0056
vn -0.0119 0.9999 -0.0056
vn -0.0141 0.9998 0.0127
vn 0.0103 0.9999 -0.0131
vn 0.0464 0.9922 0.1158
vn 0.1796 0.9807 -0.0777
vn 0.1062 0.9924 -0.0614
vn 0.0766 0.9970 -0.0060
vn 0.3393 0.9407 -0.0036
vn -0.1283 0.9902 0.0558
vn 0.0823 0.9801 0.1806
vn -0.2022 0.9748 0.0944
vn 0.0157 0.9998 -0.0141
vn 0.0128 0.9999 0.0112
vn -0.0008 1.0000 0.0014
vn -0.0043 0.9998 0.0189
vn -0.0127 0.9998 0.0141
vn -0.0140 0.9998 -0.0138
vn -0.0829 0.9799 0.1817
vn -0.0010 1.0000 -0.0034
vn -0.0519 0.9920 0.1149
vn 0.0721 0.9837 0.1648
vn 0.0583 0.9935 0.0982
vn 0.0141 0.9998 -0.0157
vn 0.0041 0.9998 0.0197
vn -0.0000 1.0000 0.0015
vn 0.0127 0.9998 0.0141
vn -0.0143 0.9998 0.0131
vn 0.0121 0.9999 -0.0122
vn 0.1195 0.9906 -0.0665
vn 0.0512 0.9919 0.1159
vn 0.1937 0.9773 -0.0864
vn -0.0000 1.0000 -0.0028
vn -0.0639 0.9920 0.1087
vn 0.0829 0.9799 0.1817
vn -0.0146 0.9998 0.0128
vn 0.0133 0.9998 -0.0131
vn 0.1203 0.9907 -0.0640
vn -0.2839 0.9588 0.0005
vn 0.1957 0.9765 -0.0903
vn 0.1364 0.9889 0.0595
vn 0.2133 0.9718 0.1010
vn -0.0594 0.9923 0.1085
vn 0.0113 0.9999 0.0071
vn 0.0077 0.9999 0.0098
vn -0.0137 0.9998 0.0140
vn 0.0055 0.9999 0.0092
vn 0.0983 0.9937 -0.0536
vn 0.0011 0.9804 -0.1969
vn 0.0087 0.9980 -0.0618
vn -0.0698 0.9889 0.1313
vn -0.0983 0.9725 0.2112
vn 0.0103 0.9999 -0.0077
vn 0.0138 0.9998 0.0138
vn -0.0183 0.9998 -0.0006
vn -0.0141 0.9998 0.0157
vn 0.0014 0.9998 -0.0208
vn 0.2002 0.9754 0.0918
vn -0.0670 0.9977 -0.0089
vn 0.1218 0.9905 0.0636
vn 0.1826 0.9832 0.0001
vn 0.0017 0.9999 -0.0141
vn 0.0454 0.9990 -0.0009
vn 0.0043 0.9998 -0.0189
vn 0.0137 0.9998 0.0134
vn -0.0125 0.9999 -0.0114
vn 0.0008 1.0000 -0.0014
vn 0.2000 0.9756 0.0904
vn 0.0518 0.9920 -0.1148
vn 0.1222 0.9901 0.0690
vn 0.0010 1.0000 0.0036
vn -0.0578 0.9935 -0.0984
vn -0.0201 0.9998 0.0013
vn 0.1085 0.9925 -0.0570
vn 0.1563 0.9840 0.0857
vn 0.2168 0.9762 -0.0050
vn 0.0567 0.9984 0.0018
vn 0.0097 0.9999 -0.0072
vn 0.0127 0.9998 0.0146
vn -0.0100 0.9999 0.0073
vn -0.0124 0.9998 -0.0142
vn -0.0624 0.9980 -0.0078
vn 0.1283 0.9893 0.0688
vn 0.2112 0.9725 0.0983
vn 0.2016 0.9795 0.0010
vn -0.1202 0.9906 -0.0654
vn 0.0619 0.9980 0.0080
vn 0.0102 0.9999 -0.0070
vn 0.0125 0.9998 0.0148
vn -0.0102 0.9999 0.0071
vn -0.0124 0.9998 -0.0149
vn 0.2003 0.9755 0.0916
vn -0.0675 0.9977 -0.0074
vn 0.1567 0.9839 0.0855
vn 0.2171 0.9762 -0.0020
vn -0.1200 0.9906 -0.0656
vn 0.0675 0.9977 0.0080
vn 0.0124 0.9998 0.0142
vn -0.0097 0.9999 0.0072
vn 0.1999 0.9755 0.0913
vn 0.1202 0.9906 0.0652
vn 0.2016 0.9795 0.0014
vn -0.1202 0.9906 -0.0652
vn 0.0624 0.9980 0.0078
vn 0.0049 0.9998 -0.0190
vn 0.0193 0.9998 0.0051
vn 0.0568 0.9906 -0.1247
vn 0.1353 0.9888 0.0627
vn 0.2116 0.9724 0.0983
vn -0.0526 0.9920 0.1146
vn 0.0918 0.9765 -0.1950
vn 0.0113 0.9999 0.0072
vn 0.0184 0.9998 -0.0000
vn 0.0060 0.9999 0.0105
vn -0.0125 0.9999 0.0109
vn 0.0001 0.9998 -0.0196
vn -0.0721 0.9837 0.1648
vn 0.0076 1.0000 0.0038
vn -0.0537 0.9938 0.0975
vn 0.0115 0.9999 0.0064
vn -0.0116 0.9998 0.0139
vn -0.0115 0.9999 -0.0064
vn 0.0116 0.9998 -0.0139
vn -0.0744 0.9972 0.0073
vn 0.1457 0.9860 -0.0812
vn 0.0744 0.9972 -0.0073
vn 0.2371 0.9715 0.0005
vn 0.0133 0.9998 -0.0135
vn -0.1816 0.9800 0.0816
vn -0.1457 0.9860 0.0812
vn -0.0114 0.9998 0.0136
vn -0.0115 0.9999 -0.0067
vn 0.0121 0.9998 -0.0141
vn 0.1173 0.9911 -0.0623
vn -0.0745 0.9972 0.0072
vn 0.2247 0.9744 -0.0017
vn 0.0696 0.9975 -0.0074
vn 0.0130 0.9998 -0.0125
vn -0.1813 0.9801 0.0811
vn -0.1456 0.9860 0.0811
vn -0.0111 0.9999 -0.0065
vn 0.0117 0.9998 -0.0136
vn -0.0744 0.9972 0.0068
vn 0.1073 0.9925 -0.0579
vn 0.2247 0.9744 -0.0021
vn 0.0702 0.9975 -0.0071
vn -0.1071 0.9925 0.0582
vn 0.0016 1.0000 -0.0000
vn 0.0116 0.9998 0.0139
vn -0.0859 0.9963 -0.0002
vn 0.1816 0.9800 0.0816
vn 0.0143 0.9998 0.0131
vn -0.0041 0.9998 0.0197
vn -0.0121 0.9999 -0.0122
vn -0.0512 0.9919 0.1159
vn 0.0639 0.9920 0.1087
vn 0.0098 0.9999 -0.0077
vn 0.0137 0.9998 0.0133
vn 0.0071 0.9999 -0.0113
vn -0.0618 0.9981 -0.0087
vn 0.1233 0.9902 0.0662
vn 0.0092 0.9999 -0.0054
vn -0.0532 0.9937 -0.0984
vn -0.0009 0.9998 0.0208
vn -0.0139 0.9998 -0.0123
vn 0.0051 1.0000 0.0064
vn 0.0111 0.9921 -0.1253
vn 0.2209 0.9752 0.0162
vn -0.0981 0.9750 -0.1994
vn -0.0023 0.9999 0.0163
vn 0.0537 0.9938 -0.0975
vn 0.0125 0.9999 0.0109
vn -0.0000 1.0000 0.0012
vn -0.0000 0.9998 -0.0195
vn -0.0000 1.0000 -0.0046
vn -0.0580 0.9935 0.0975
vn 0.0580 0.9935 0.0975
vn 0.0015 1.0000 -0.0000
vn 0.0151 0.9998 0.0145
vn -0.0128 0.9999 -0.0107
vn 0.0206 0.9998 -0.0051
vn -0.0141 0.9998 -0.0157
vn -0.0069 1.0000 -0.0042
vn 0.2017 0.9749 -0.0938
vn 0.1292 0.9901 -0.0552
vn -0.2873 0.9578 0.0121
vn 0.1311 0.9889 0.0699
vn 0.2130 0.9718 0.1008
vn -0.0715 0.9839 -0.1637
vn -0.0536 0.9937 -0.0982
vn 0.0141 0.9998 -0.0127
vn 0.0022 1.0000 -0.0000
vn 0.0212 0.9998 0.0058
vn -0.0131 0.9999 0.0109
vn 0.0154 0.9998 -0.0149
vn 0.1311 0.9889 -0.0700
vn -0.2955 0.9554 -0.0000
vn 0.2134 0.9717 -0.1014
vn 0.1374 0.9888 0.0588
vn -0.0722 0.9838 0.1640
vn -0.0538 0.9937 0.0980
vn 0.0211 0.9998 0.0057
vn -0.0128 0.9999 0.0111
vn 0.0149 0.9998 -0.0144
vn -0.0061 1.0000 -0.0042
vn 0.2020 0.9748 -0.0943
vn 0.1230 0.9902 -0.0665
vn -0.3042 0.9525 0.0130
vn 0.1374 0.9888 0.0586
vn -0.0533 0.9937 0.0982
vn 0.0150 0.9998 0.0145
vn 0.0209 0.9998 -0.0055
vn -0.0871 0.9962 -0.0000
vn 0.2022 0.9748 -0.0944
vn 0.1293 0.9901 -0.0551
vn 0.1230 0.9902 0.0663
vn 0.0059 0.9999 -0.0103
vn 0.0061 1.0000 -0.0064
vn 0.0199 0.9998 0.0047
vn -0.0128 0.9999 0.0105
vn -0.0051 0.9999 -0.0105
vn 0.0519 0.9920 -0.1149
vn 0.1366 0.9887 0.0613
vn -0.0586 0.9935 0.0973
vn 0.0128 0.9998 0.0131
vn -0.0008 1.0000 0.0020
vn -0.0060 0.9998 0.0205
vn -0.0130 0.9998 -0.0142
vn -0.0011 0.9961 -0.0881
vn 0.0596 0.9921 0.1103
vn -0.0001 0.9407 -0.3393
vn -0.0593 0.9889 0.1364
vn -0.1014 0.9717 0.2134
vn 0.0818 0.9799 0.1818
vn 0.0126 0.9998 0.0150
vn -0.0105 0.9999 0.0072
vn -0.0193 0.9998 -0.0051
vn 0.0477 0.9923 -0.1147
vn 0.1270 0.9893 0.0721
vn -0.1367 0.9888 -0.0597
vn 0.0671 0.9977 0.0076
vn 0.2120 0.9773 0.0044
vn 0.0047 0.9998 -0.0188
vn 0.0130 0.9998 0.0150
vn -0.0187 0.9998 -0.0044
vn 0.0520 0.9908 -0.1250
vn 0.1270 0.9893 0.0718
vn 0.1964 0.9805 0.0010
vn 0.0048 1.0000 -0.0003
vn 0.0195 0.9998 0.0044
vn -0.0126 0.9999 0.0103
vn 0.1285 0.9900 0.0578
vn -0.0715 0.9839 0.1637
vn -0.0584 0.9935 0.0975
vn -0.0000 -1.0000 -0.0000
vn -0.9140 -0.2794 -0.2942
vn -0.9110 -0.3215 -0.2581
vn -0.9242 0.2766 -0.2634
vn -0.9243 0.2683 -0.2714
vn 0.9140 -0.2794 0.2942
vn 0.9110 -0.3215 0.2581
vn 0.9242 0.2766 0.2634
vn 0.9243 0.2683 0.2714
vn 0.9242 0.2766 -0.2634
vn 0.9110 -0.3215 -0.2581
vn 0.9140 -0.2794 -0.2942
vn 0.9243 0.2683 -0.2714
vn -0.9242 0.2766 0.2634
vn -0.9110 -0.3215 0.2581
vn -0.9140 -0.2794 0.2942
vn -0.9243 0.2683 0.2714
vn -0.5692 -0.5767 -0.5860
vn -0.5854 0.5779 -0.5686
vn 0.5692 0.5767 -0.5860
vn 0.5854 -0.5779 -0.5686
vn -0.5692 0.5767 0.5860
vn -0.5854 -0.5779 0.5686
vn 0.5692 -0.5767 0.5860
vn 0.5854 0.5779 0.5686
vn 0.7250 -0.3171 0.6114
vn 0.6596 -0.7516 -0.0012
vn 0.7217 -0.3227 -0.6124
vn 0.5969 0.5678 -0.5668
vn 0.5946 0.5709 0.5661
vn -0.6596 -0.7516 0.0012
vn -0.7217 -0.3227 0.6124
vn -0.7249 -0.3171 -0.6115
vn 0.0357 0.9994 0.0016
vn 0.0365 0.0001 0.9993
vn 0.0372 0.0009 -0.9993
vn -0.5970 0.5678 0.5668
vn -0.5945 0.5710 -0.5661
vn -0.0357 0.9994 -0.0016
vn -0.0372 0.0009 0.9993
vn -0.0365 0.0001 -0.9993
vn -0.8165 -0.0000 0.5774
vn -0.8165 -0.0000 -0.5774
vn 0.8165 -0.0000 -0.5774
vn 0.8165 -0.0000 0.5774
vn 0.5564 0.8305 0.0267
vn 0.9996 -0.0000 0.0268
vn 0.9997 -0.0000 -0.0261
vn 0.5564 -0.8305 -0.0261
vn -0.5564 0.8305 -0.0267
vn -0.9996 -0.0000 -0.0268
vn -0.9997 -0.0000 0.0261
vn -0.5564 -0.8305 0.0261
vn 0.9981 0.0020 0.0620
vn 0.9995 0.0010 0.0313
vn 0.9995 0.0010 -0.0313
vn -0.9995 0.0010 0.0313
vn -0.9981 0.0020 0.0620
vn -0.9995 0.0010 -0.0313
vn -0.9981 0.0020 -0.0620
vn 0.3406 0.9402 -0.0000
vn 0.4385 -0.0000 -0.8987
vn 0.4385 -0.0000 0.8987
vn 0.3406 -0.9402 -0.0000
vn 0.9981 0.0021 -0.0620
vn -0.1777 0.8547 0.4878
vn -0.1487 0.8162 -0.5583
vn 0.5554 0.1081 -0.8245
vn 0.9577 -0.2856 0.0353
vn 0.5112 0.1661 0.8433
vn 0.3416 0.7558 -0.5587
vn -0.1200 0.6501 -0.7503
vn 0.6358 -0.2510 -0.7299
vn 0.8042 0.5883 -0.0840
vn 0.8912 -0.3356 0.3051
vn 0.2908 0.4891 0.8223
vn 0.5741 0.0354 -0.8180
vn 0.9342 -0.1116 0.3388
vn 0.9622 0.1597 0.2207
vn -0.6222 -0.0881 0.7779
vn -0.9003 -0.1492 -0.4089
vn -0.9574 0.1065 -0.2684
vn 0.3600 0.8082 0.4661
vn 0.3590 0.7325 -0.5783
vn -0.4844 0.2013 -0.8514
vn -0.9988 -0.0479 0.0027
vn -0.4856 0.3191 0.8139
vn -0.2564 0.5411 -0.8010
vn 0.3769 0.9243 -0.0602
vn 0.0718 0.5299 0.8450
vn -0.7341 -0.0844 0.6738
vn -0.9391 -0.0837 -0.3333
vn -0.8165 -0.0000 0.5773
vn -0.8165 -0.0000 -0.5773
vn 0.5557 0.8312 0.0191
vn 0.9998 -0.0000 0.0190
vn 0.5557 -0.8312 -0.0191
vn -0.5557 0.8312 -0.0191
vn -0.9998 -0.0000 -0.0190
vn -0.9998 -0.0000 0.0190
vn -0.5557 -0.8312 0.0191
vn 0.7314 -0.6798 0.0546
vn 0.5782 -0.5720 -0.5818
vn 0.5877 0.5677 -0.5765
vn 0.7318 0.6784 0.0654
vn 0.5874 -0.5698 0.5747
vn 0.5799 0.5700 0.5821
vn 0.7424 -0.6561 -0.1357
vn 0.7386 0.6629 -0.1228
vn 0.5875 0.5687 0.5757
vn 0.5790 -0.5711 0.5819
vn 0.7309 -0.6803 -0.0548
vn 0.7324 0.6777 -0.0661
vn 0.5875 -0.5696 -0.5748
vn 0.5798 0.5702 -0.5821
vn 0.7387 0.6628 0.1227
vn 0.7424 -0.6561 0.1355
vn 0.3390 -0.7026 0.6256
vn -0.0015 -1.0000 -0.0002
vn 0.3409 -0.6961 -0.6318
vn 0.6791 -0.5813 -0.4484
vn 0.6776 -0.5820 0.4496
vn 0.0576 0.0134 0.9982
vn 0.0520 0.0227 -0.9984
vn 0.6776 -0.5819 0.4496
vn -0.0098 0.4698 -0.8827
vn -0.5795 -0.2770 -0.7664
vn -0.5732 0.7971 -0.1902
vn -0.5798 0.2726 0.7678
vn -0.5741 -0.7951 0.1954
vn -0.0101 -0.4699 0.8827
vn 0.9567 -0.1295 0.2607
vn 0.9872 -0.0709 0.1426
vn 0.9870 -0.0714 0.1437
vn 0.9567 0.1295 -0.2607
vn 0.9872 0.0709 -0.1426
vn 0.9870 0.0714 -0.1437
vn 0.0115 -0.9658 -0.2590
vn 0.0180 -0.9326 -0.3604
vn 0.0542 -0.9192 -0.3901
vn 0.0513 -0.8407 -0.5390
vn 0.0139 -0.8213 -0.5703
vn 0.0039 -0.7616 -0.6481
vn 0.0511 0.8386 0.5424
vn 0.0128 0.8174 0.5760
vn 0.0025 0.7461 0.6658
vn 0.0119 0.9595 0.2814
vn 0.0178 0.9302 0.3666
vn 0.0546 0.9176 0.3938
vn -0.2278 0.0004 -0.9737
vn -0.6831 -0.6048 -0.4094
vn -0.6775 0.6142 -0.4046
vn -0.4461 0.6014 0.6629
vn -0.4420 -0.6117 0.6561
vn 0.2084 -0.0005 0.9780
vn 0.9984 -0.0044 -0.0572
vn 0.9982 -0.0044 -0.0591
vn 0.9971 -0.0080 0.0756
vn 0.9285 0.0044 -0.3713
vn 0.9293 0.0044 -0.3692
vn 0.8700 0.0081 -0.4930
vn 0.0506 -0.9737 0.2220
vn 0.0377 -0.9928 0.1139
vn 0.0675 -0.9955 0.0660
vn 0.0361 -0.9942 -0.1011
vn -0.0079 -0.9925 -0.1218
vn -0.0335 -0.9763 -0.2136
vn 0.0682 0.9950 0.0723
vn 0.0397 0.9918 0.1219
vn 0.0530 0.9722 0.2280
vn -0.0327 0.9787 -0.2026
vn -0.0065 0.9938 -0.1113
vn 0.0354 0.9951 -0.0925
vn 0.4436 -0.6048 -0.6614
vn -0.2088 0.0004 -0.9780
vn 0.4405 0.6142 -0.6547
vn 0.2282 -0.0005 0.9736
vn 0.6794 -0.6117 0.4052
vn 0.6860 0.6014 0.4096
vn -0.8698 -0.0080 0.4933
vn -0.9283 -0.0044 0.3719
vn -0.9276 -0.0044 0.3737
vn -0.9971 0.0081 -0.0753
vn -0.9981 0.0044 0.0619
vn -0.9982 0.0044 0.0597
vn 0.0488 -0.9737 0.2224
vn -0.0329 -0.9955 0.0885
vn 0.0144 -0.9928 0.1191
vn -0.0607 -0.9763 -0.2075
vn -0.0448 -0.9925 -0.1135
vn -0.0757 -0.9942 -0.0761
vn 0.0492 0.9722 0.2289
vn 0.0160 0.9918 0.1272
vn -0.0309 0.9950 0.0945
vn -0.0568 0.9787 -0.1972
vn -0.0714 0.9951 -0.0686
vn -0.0415 0.9938 -0.1034
vn 0.7441 0.5603 0.3638
vn 0.3142 0.5568 -0.7689
vn 0.0093 -0.9999 -0.0041
vn 0.3150 -0.5459 -0.7764
vn 0.7575 -0.5502 0.3514
vn -0.8918 0.2923 0.3453
vn -0.9126 0.1934 0.3604
vn -0.9131 0.1898 0.3608
vn -0.3628 -0.2304 -0.9029
vn -0.4084 -0.0897 -0.9084
vn -0.3754 -0.1205 -0.9190
vn -0.3561 0.2126 -0.9100
vn -0.3710 0.1192 -0.9210
vn -0.4062 0.0815 -0.9101
vn 0.3421 0.2035 0.9174
vn 0.3016 0.0972 0.9485
vn 0.3311 0.1421 0.9328
vn 0.3140 -0.0756 0.9464
vn 0.4558 -0.8834 0.1091
vn 0.8395 -0.4998 0.2131
vn -0.4568 -0.8830 -0.1075
vn -0.1821 0.2107 -0.9604
vn -0.7006 -0.5015 0.5076
vn -0.3840 -0.8831 0.2696
vn 0.1821 0.2107 0.9604
vn -0.9713 -0.1373 0.1942
vn -0.9660 -0.1790 0.1865
vn -0.9660 -0.1789 0.1865
vn 0.3905 -0.8832 -0.2599
vn 0.9727 -0.1402 -0.1850
vn 0.9685 -0.1681 -0.1838
vn 0.9684 -0.1684 -0.1838
vn 0.7188 -0.4944 -0.4887
vn -0.9653 -0.1676 0.2001
vn -0.9654 -0.1674 0.2000
vn -0.9751 -0.1293 0.1800
vn -0.9753 -0.1548 0.1578
vn -0.9753 -0.1546 0.1579
vn -0.9758 -0.1376 0.1697
vn 0.3651 0.6171 0.6970
vn -0.9464 0.3143 0.0750
vn -0.4860 0.5202 -0.7022
vn 0.1961 0.5160 -0.8338
vn -0.0377 0.3028 -0.9523
vn 0.9061 0.3234 -0.2729
vn 0.9657 -0.0576 -0.2532
vn 0.9116 0.4080 -0.0507
vn -0.2757 -0.0127 -0.9612
vn 0.4824 0.5194 0.7053
vn -0.9632 -0.0629 0.2614
vn -0.8802 0.3875 0.2742
vn -0.9916 -0.0484 0.1197
vn 0.3094 0.3055 0.9005
vn 0.2849 0.0221 0.9583
vn -0.8282 0.5295 0.1839
vn -0.9742 -0.1726 0.1454
vn -0.0095 -0.9998 -0.0197
vn -0.0009 -0.9996 0.0295
vn 0.0131 -0.9995 0.0284
vn -0.1775 0.5052 0.8446
vn 0.0427 0.3059 0.9511
vn -0.3168 0.3011 -0.8994
vn -0.9530 -0.2074 0.2208
vn 0.9560 -0.2094 -0.2055
vn 0.9646 -0.1674 -0.2039
vn 0.9646 -0.1672 -0.2039
vn 0.9723 -0.1742 -0.1561
vn 0.9734 -0.1553 -0.1687
vn 0.9733 -0.1555 -0.1686
vn 0.9880 -0.0838 -0.1295
vn -0.0151 0.9993 0.0335
vn 0.9739 -0.1374 -0.1806
vn 0.9711 -0.1267 -0.2020
vn -0.8268 0.5335 0.1781
vn 0.8267 0.5330 -0.1799
vn -0.0201 0.9996 0.0180
vn 0.8381 0.5305 -0.1274
vn 0.0003 -1.0000 0.0010
vn -0.0002 -1.0000 -0.0010
vn 0.2224 -0.4146 0.8824
vn -0.4563 -0.4091 0.7902
vn -0.8823 -0.4148 0.2224
vn 0.8824 -0.4146 -0.2223
vn 0.4564 -0.4092 -0.7901
vn -0.2224 -0.4148 -0.8823
vn 0.7902 -0.4090 0.4564
vn -0.7901 -0.4092 -0.4563
vn 0.8485 -0.3539 0.3935
vn -0.3413 -0.4122 0.8447
vn -0.7922 -0.5078 -0.3384
vn -0.8015 -0.5098 -0.3125
vn -0.7311 -0.5956 -0.3327
vn -0.8482 0.3629 -0.3859
vn 0.7225 -0.4302 0.5412
vn 0.1411 -0.4047 0.9035
vn -0.5412 -0.4303 0.7225
vn 0.5413 -0.4303 -0.7224
vn -0.1411 -0.4048 -0.9035
vn -0.7224 -0.4303 -0.5412
vn 0.9035 -0.4047 -0.1411
vn -0.9035 -0.4048 0.1411
vn 0.9644 -0.0124 -0.2643
vn 0.8743 -0.4359 -0.2134
vn -0.1842 -0.4361 -0.8809
vn -0.9786 -0.0088 0.2058
vn 0.2284 -0.4493 0.8637
vn 0.9095 -0.0659 -0.4105
vn -0.8429 -0.4978 0.2041
vn 0.9564 0.2007 -0.2121
vn -0.0098 0.0004 -1.0000
vn -0.5797 -0.6046 -0.5463
vn -0.5728 0.6142 -0.5427
vn -0.5800 0.6014 0.5495
vn -0.5738 -0.6099 0.5466
vn -0.0101 -0.0005 0.9999
vn 0.9869 -0.0044 0.1615
vn 0.9873 -0.0044 0.1586
vn 0.9565 -0.0080 0.2917
vn 0.9869 0.0044 -0.1615
vn 0.9873 0.0044 -0.1586
vn 0.9565 0.0080 -0.2917
vn 0.0119 -0.9738 0.2270
vn 0.0181 -0.9931 0.1161
vn 0.0542 -0.9948 0.0863
vn 0.0510 -0.9954 -0.0813
vn 0.0132 -0.9927 -0.1202
vn 0.0032 -0.9776 -0.2104
vn 0.0508 0.9950 0.0855
vn 0.0122 0.9917 0.1276
vn 0.0019 0.9722 0.2341
vn 0.0123 0.9787 -0.2049
vn 0.0179 0.9938 -0.1100
vn 0.0547 0.9951 -0.0825
vn 0.5756 -0.7955 -0.1894
vn 0.0112 -0.4668 -0.8843
vn 0.5801 0.2781 -0.7656
vn -0.7469 0.3279 0.5784
vn 0.5665 -0.2602 0.7819
vn -0.7266 0.3399 0.5971
vn -0.9566 0.1440 0.2532
vn -0.9884 0.0735 0.1326
vn -0.9892 0.0709 0.1281
vn -0.0127 -0.7491 0.6623
vn -0.0533 -0.8343 0.5487
vn -0.0186 -0.8174 0.5758
vn -0.9775 -0.1087 -0.1809
vn -0.0024 -0.9602 0.2794
vn -0.0131 -0.9298 0.3677
vn -0.0476 -0.9147 0.4012
vn -0.0125 0.9674 -0.2529
vn -0.0126 0.9262 -0.3769
vn -0.0509 0.9167 -0.3963
vn 0.0526 0.9986 -0.0100
vn -0.0006 -0.9994 -0.0346
vn 0.0932 -0.0000 0.9956
vn -0.0027 0.9995 -0.0320
vn 0.0033 -0.9995 0.0320
vn -0.0932 -0.0000 -0.9956
vn 0.0059 0.9994 0.0343
vn 0.0488 0.9988 -0.0042
vn 0.0904 0.7174 0.6908
vn -0.0376 0.7181 -0.6949
vn -0.0535 0.9986 -0.0000
vn -0.0526 0.9986 0.0100
vn -0.0921 0.7181 -0.6898
vn 0.0375 0.7181 0.6949
vn 0.6791 -0.5812 -0.4484
vn 0.5774 -0.0000 0.8165
vn -0.5773 -0.0000 0.8165
vn -0.5774 -0.0000 0.8165
vn -0.5774 -0.0000 -0.8165
vn 0.5774 -0.0000 -0.8165
vn 0.5773 -0.0000 -0.8165
vn 0.0191 0.8312 -0.5557
vn 0.0190 -0.0000 -0.9998
vn -0.0190 -0.0000 -0.9998
vn -0.0191 -0.8312 -0.5557
vn -0.0191 0.8312 0.5557
vn -0.0190 -0.0000 0.9998
vn 0.0191 -0.8312 0.5557
vn -0.0001 -0.0000 1.0000
vn 0.9999 0.0113 -0.0026
vn 0.9610 -0.2765 -0.0096
vn 0.9623 -0.2720 -0.0096
vn -0.9999 0.0117 -0.0040
vn -0.9569 -0.2903 0.0015
vn -0.9663 -0.2576 -0.0002
vn -0.9999 0.0116 -0.0040
vn -0.2721 -0.9623 -0.0050
vn -0.2716 -0.9624 -0.0050
vn 0.2721 -0.9623 0.0050
vn 0.2716 -0.9624 0.0050
vn 0.7102 -0.7040 -0.0010
vn 0.7081 -0.7061 -0.0009
vn -0.7099 -0.7043 0.0022
vn -0.7090 -0.7052 0.0021
vn 0.2192 -0.5423 -0.8111
vn 0.1189 -0.6046 -0.7876
vn 0.4206 -0.3953 -0.8166
vn 0.4274 -0.3899 -0.8156
vn 0.6087 -0.2154 -0.7636
vn 0.6838 -0.1200 -0.7197
vn -0.6013 -0.2134 -0.7700
vn -0.6861 -0.1103 -0.7191
vn -0.4159 -0.3908 -0.8212
vn -0.4218 -0.3859 -0.8205
vn -0.1993 -0.5517 -0.8099
vn -0.1242 -0.5986 -0.7913
vn 0.6087 -0.2109 0.7649
vn 0.6792 -0.1195 0.7241
vn 0.4176 -0.3944 0.8186
vn 0.4235 -0.3897 0.8178
vn 0.1993 -0.5517 0.8099
vn 0.1242 -0.5986 0.7913
vn -0.2192 -0.5423 0.8111
vn -0.1189 -0.6046 0.7876
vn -0.4223 -0.3989 0.8139
vn -0.4291 -0.3939 0.8128
vn -0.6160 -0.2125 0.7586
vn -0.6771 -0.1298 0.7243
vn 0.7553 -0.0093 -0.6553
vn 0.7496 -0.0090 0.6618
vn -0.7547 -0.0086 -0.6560
vn -0.7502 -0.0098 0.6611
vn 0.0001 -0.0000 -1.0000
vn -0.6205 0.0265 0.7837
vn 0.6202 0.0263 0.7840
vn 0.1131 0.5704 0.8135
vn 0.3381 0.4126 0.8458
vn 0.6202 0.0263 -0.7840
vn -0.6197 0.0260 -0.7844
vn -0.1148 0.5699 -0.8137
vn -0.3377 0.4127 -0.8459
vn 1.0000 -0.0016 -0.0000
vn -0.0252 0.7074 0.7064
vn 0.0249 0.7074 -0.7064
vn -1.0000 -0.0016 0.0008
vn -1.0000 -0.0098 0.0007
vn 1.0000 -0.0096 -0.0000
vn 0.0350 0.8296 -0.5572
vn 0.0353 -0.0000 -0.9994
vn -0.0350 0.8296 0.5572
vn -0.0353 -0.0000 0.9994
vn 0.9743 0.0002 -0.2251
vn 0.4063 0.0001 -0.9137
vn 0.4062 0.0001 -0.9138
vn -0.0009 -0.0000 -1.0000
vn -0.3908 0.3908 -0.8334
vn -0.3925 0.3926 -0.8318
vn 0.6353 -0.6353 -0.4390
vn 0.6348 -0.6348 -0.4404
vn -0.7071 0.7071 0.0079
vn 0.7071 -0.7071 0.0079
vn 0.4063 -0.0001 0.9137
vn 0.4062 -0.0001 0.9138
vn 0.9743 -0.0002 0.2251
vn -0.0009 -0.0000 1.0000
vn 0.6353 -0.6353 0.4390
vn -0.3925 0.3926 0.8318
vn -0.3908 0.3908 0.8334
vn 0.6348 -0.6349 0.4405
vn -0.7071 0.7071 -0.0078
vn 0.7071 -0.7071 -0.0078
vn -0.4063 -0.0001 -0.9137
vn -0.4062 -0.0001 -0.9138
vn -0.9743 -0.0002 -0.2251
vn 0.0009 -0.0000 -1.0000
vn -0.6353 -0.6353 -0.4390
vn 0.3925 0.3926 -0.8318
vn 0.3908 0.3908 -0.8334
vn -0.6348 -0.6348 -0.4405
vn 0.7071 0.7071 0.0078
vn -0.7071 -0.7071 0.0078
vn -0.9743 0.0002 0.2251
vn -0.4063 0.0001 0.9137
vn -0.4062 0.0001 0.9138
vn 0.0009 -0.0000 1.0000
vn 0.3908 0.3908 0.8334
vn 0.3925 0.3926 0.8318
vn -0.6353 -0.6353 0.4390
vn -0.6348 -0.6349 0.4405
vn 0.7071 0.7071 -0.0079
vn -0.7071 -0.7071 -0.0078
vn 0.5773 -0.0000 0.8165
vn 0.7070 -0.0000 0.7072
vn -0.7071 -0.0000 -0.7071
vn -0.5773 -0.0000 -0.8165
vn -0.5774 0.5774 -0.5774
vn 0.5557 0.8312 -0.0191
vn 0.0001 -0.7072 0.7071
vn 0.8165 -0.0000 -0.5773
vn 0.8165 -0.0000 0.5773
vn 0.5775 -0.0000 0.8164
vn -0.5775 -0.0001 0.8164
vn 0.0002 -0.0000 1.0000
vn -0.5774 -0.5774 -0.5774
vn 0.0001 -0.0000 1.0000
vn 0.7071 -0.0000 -0.7071
vn 0.5773 0.5774 -0.5773
vn 0.0191 0.8312 0.5557
vn -0.7071 -0.7072 0.0001
vn -0.8164 -0.0000 0.5775
vn -0.8164 -0.0001 -0.5775
vn -1.0000 -0.0000 0.0002
vn -0.0000 0.0001 1.0000
vn 0.5773 -0.5774 -0.5773
vn 0.5159 -0.2750 -0.8113
vn 0.4685 -0.1629 -0.8683
vn 0.5879 -0.5539 -0.5895
vn 0.5873 -0.5484 -0.5952
vn 0.5643 -0.7794 -0.2721
vn 0.5687 -0.7675 0.2959
vn 0.5832 -0.5503 0.5975
vn 0.5097 -0.2776 0.8143
vn 0.4671 -0.1716 0.8674
vn 0.3912 -0.0111 0.9202
vn 0.3930 -0.0104 -0.9195
vn 0.5568 0.8301 0.0306
vn 0.9995 -0.0000 0.0307
vn -0.5159 -0.2750 0.8113
vn -0.4685 -0.1629 0.8683
vn -0.5879 -0.5539 0.5895
vn -0.5873 -0.5484 0.5952
vn -0.5643 -0.7794 0.2721
vn -0.5687 -0.7675 -0.2959
vn -0.5832 -0.5503 -0.5975
vn -0.5097 -0.2776 -0.8143
vn -0.4671 -0.1716 -0.8674
vn -0.3912 -0.0111 -0.9202
vn -0.3930 -0.0104 0.9195
vn -0.5568 0.8301 -0.0306
vn -0.9995 -0.0000 -0.0307
vn -0.0000 -0.8944 0.4472
vn 0.8944 -0.0000 -0.4472
vn 0.7099 -0.7043 -0.0022
vn 0.7090 -0.7052 -0.0021
vn 0.9563 -0.2925 -0.0016
vn 0.9656 -0.2602 -0.0000
vn -0.9603 -0.2789 0.0096
vn -0.7102 -0.7040 0.0010
vn -0.7081 -0.7061 0.0009
vn -0.9616 -0.2743 0.0096
vn 0.4224 -0.3989 -0.8139
vn 0.4292 -0.3939 -0.8128
vn 0.6157 -0.2135 -0.7585
vn 0.6760 -0.1326 -0.7249
vn -0.6083 -0.2119 -0.7649
vn -0.6782 -0.1221 -0.7246
vn -0.4176 -0.3944 -0.8186
vn -0.4235 -0.3897 -0.8178
vn 0.6010 -0.2142 0.7700
vn 0.6851 -0.1128 0.7197
vn 0.4159 -0.3908 0.8212
vn 0.4218 -0.3859 0.8205
vn -0.4206 -0.3953 0.8166
vn -0.4274 -0.3899 0.8157
vn -0.6082 -0.2165 0.7637
vn -0.6829 -0.1225 0.7201
vn -0.7543 -0.0133 0.6564
vn 0.7536 -0.0123 0.6572
vn 0.7491 -0.0140 -0.6623
vn 0.9998 -0.0161 0.0122
vn -0.7486 -0.0130 -0.6629
vn -0.9998 -0.0160 0.0071
vn -0.8944 -0.0000 -0.4472
vn 0.8944 -0.0000 0.4472
vn -0.0000 -0.8944 -0.4472
vn -0.8944 -0.0000 0.4472
vn -0.0025 1.0000 0.0017
vn 0.0025 -0.5015 -0.8652
vn -0.0000 -0.4967 0.8679
vn -0.0000 -0.5033 0.8641
vn -0.0016 -0.9119 0.4105
vn 0.0043 -0.4313 0.9022
vn 0.0090 0.5146 0.8574
vn -0.0070 -0.9511 -0.3089
vn -0.0069 0.3394 -0.9406
vn 0.0058 0.9976 0.0686
vn -0.0124 -0.9912 -0.1321
vn -0.0124 0.3812 0.9244
vn 0.4926 -0.0032 -0.8703
vn 0.5011 -0.0032 -0.8654
vn -1.0000 -0.0064 -0.0005
vn -0.0124 0.6099 -0.7923
vn 0.5025 -0.0001 0.8646
vn 0.5141 -0.0148 -0.8576
vn -0.4023 -0.0078 -0.9155
vn -0.9843 0.0043 0.1764
vn 0.8054 -0.0004 0.5927
vn 0.7892 0.0027 0.6141
vn -0.7990 0.0022 -0.6013
vn -0.2538 0.0058 -0.9672
vn -0.9998 -0.0021 -0.0174
vn -0.9999 -0.0023 0.0129
vn 0.7848 0.0027 0.6198
vn 0.9998 -0.0021 0.0204
vn 0.2080 0.0065 0.9781
vn -0.9998 -0.0022 -0.0218
vn -0.7971 0.0020 -0.6038
vn -0.2538 0.0057 -0.9672
vn -0.4878 0.8547 0.1777
vn 0.5583 0.8162 0.1487
vn 0.8245 0.1081 -0.5554
vn -0.0353 -0.2856 -0.9577
vn -0.8433 0.1661 -0.5112
vn 0.3314 0.9119 0.2422
vn 0.3192 0.9163 0.2417
vn 0.2176 0.0239 -0.9757
vn 0.5240 0.2515 -0.8137
vn 0.7779 -0.0881 -0.6222
vn 0.8529 0.4794 0.2067
vn -0.4076 -0.1517 -0.9005
vn -0.2060 0.1898 -0.9600
vn 0.5018 0.8295 -0.2452
vn 0.6753 0.7043 0.2188
vn 0.7870 -0.1296 -0.6032
vn 0.0737 0.6577 -0.7497
vn -0.2181 -0.2879 -0.9325
vn -0.8473 0.4336 -0.3066
vn -0.4300 0.7640 0.4811
vn 0.5829 0.7833 0.2160
vn 0.6804 0.2758 -0.6790
vn -0.2503 -0.0518 -0.9668
vn -0.9350 0.2422 -0.2591
vn -0.8009 0.5411 -0.2564
vn -0.0602 0.9243 0.3769
vn 0.8450 0.5299 0.0718
vn 0.6738 -0.0844 -0.7341
vn -0.3333 -0.0837 -0.9391
vn -0.4878 0.8547 -0.1777
vn 0.5583 0.8162 -0.1487
vn 0.8245 0.1081 0.5554
vn -0.0353 -0.2856 0.9577
vn -0.8433 0.1661 0.5112
vn 0.5587 0.7558 0.3417
vn 0.7503 0.6501 -0.1200
vn 0.7299 -0.2510 0.6358
vn 0.0840 0.5883 0.8042
vn -0.3051 -0.3356 0.8912
vn -0.8223 0.4891 0.2908
vn 0.8180 0.0354 0.5741
vn -0.3388 -0.1116 0.9342
vn -0.2207 0.1597 0.9622
vn -0.4081 0.8229 -0.3953
vn 0.6137 0.7706 -0.1721
vn 0.7186 0.1823 0.6711
vn -0.2161 -0.1245 0.9684
vn -0.9110 0.2628 0.3178
vn -0.8010 0.5411 0.2564
vn -0.0602 0.9243 -0.3769
vn 0.8450 0.5299 -0.0718
vn 0.6738 -0.0844 0.7341
vn -0.3333 -0.0837 0.9391
vn -0.0000 0.5774 -0.8165
vn -0.0000 -0.5774 -0.8165
vn -0.0000 -0.5773 0.8165
vn -0.0000 0.5773 0.8165
vn -0.7071 -0.0000 0.7071
vn 0.7071 -0.0000 0.7071
vn 0.6402 -0.0000 -0.7682
vn 0.5631 0.5528 0.6143
vn 0.6402 -0.0000 0.7682
vn 0.5631 0.5528 -0.6143
vn 0.6408 -0.0005 -0.7677
vn 0.3405 -0.0003 -0.9403
vn 0.3411 -0.0003 -0.9400
vn 0.5643 -0.5523 0.6137
vn 0.3336 -0.6482 0.6845
vn 0.3411 -0.0003 0.9400
vn 0.3405 -0.0003 0.9403
vn 0.6408 -0.0005 0.7677
vn 0.3336 -0.6482 -0.6845
vn 0.5643 -0.5523 -0.6137
vn -0.6402 -0.0000 -0.7682
vn -0.6402 -0.0000 0.7682
vn -0.0000 0.6247 0.7809
vn -0.5631 0.5528 0.6143
vn -0.0000 0.6247 -0.7809
vn -0.0000 -0.6247 0.7809
vn -0.5631 0.5528 -0.6143
vn -0.3411 -0.0003 -0.9400
vn -0.3405 -0.0003 -0.9403
vn -0.6408 -0.0005 -0.7677
vn -0.6408 -0.0005 0.7677
vn -0.3405 -0.0003 0.9403
vn -0.3411 -0.0003 0.9400
vn -0.3336 -0.6482 0.6845
vn -0.5643 -0.5523 0.6137
vn -0.0000 -0.6247 -0.7809
vn -0.5643 -0.5523 -0.6137
vn -0.3336 -0.6482 -0.6845
vn 0.8176 0.2934 0.4953
vn 0.9416 0.3366 -0.0033
vn 0.9416 0.3366 -0.0077
vn 0.0768 -0.8067 -0.5859
vn 0.0637 -0.9956 0.0683
vn -0.1253 -0.9027 -0.4115
vn -0.1214 -0.8604 -0.4950
vn -0.8008 -0.1882 0.5686
vn -0.8252 0.2904 0.4844
vn -0.7573 -0.1966 -0.6227
vn -0.7422 0.1302 -0.6574
vn -0.9602 -0.2129 0.1807
vn 0.1427 -0.9402 0.3093
vn 0.1328 -0.9406 0.3126
vn 0.3467 -0.9090 0.2314
vn -0.1858 0.7601 -0.6226
vn 0.1002 -0.6868 0.7199
vn 0.2255 -0.6178 0.7533
vn -0.7870 0.6170 -0.0000
vn 0.8141 0.2899 -0.5032
vn -0.6575 0.4183 -0.6267
vn -0.0696 -0.9254 0.3725
vn 0.2439 -0.7283 -0.6404
vn -0.2242 0.5700 -0.7905
vn 0.6414 0.3931 -0.6589
vn -0.0821 -0.6884 -0.7207
vn -0.0821 -0.6884 0.7207
vn -0.2183 -0.9759 -0.0000
vn 0.6414 0.3931 0.6589
vn 0.7082 0.7060 -0.0000
vn -0.2242 0.5700 0.7905
vn -0.3168 0.9485 -0.0000
vn -0.0215 0.8310 0.5559
vn -0.0214 -0.0000 0.9998
vn 0.7779 -0.0881 0.6222
vn -0.4089 -0.1492 0.9003
vn -0.2684 0.1065 0.9574
vn -0.3388 -0.1117 0.9342
vn -0.4462 0.8049 -0.3913
vn 0.5863 0.7802 -0.2180
vn 0.7462 0.2128 0.6309
vn -0.1654 -0.1084 0.9803
vn -0.9002 0.2491 0.3571
vn 0.6737 -0.0844 0.7341
vn -0.8433 0.1660 -0.5112
vn -0.2181 -0.2878 -0.9325
vn -0.8474 0.4336 -0.3066
vn 0.5830 0.7833 0.2160
vn 0.6803 0.2758 -0.6790
vn -0.2503 -0.0517 -0.9668
vn -0.8010 0.5411 -0.2564
vn -0.4106 0.5734 0.7090
vn 0.7091 0.5261 0.4694
vn 0.7836 0.2128 -0.5837
vn -0.1994 0.0763 -0.9770
vn -0.9326 0.2814 -0.2259
vn 0.5519 0.6529 0.5189
vn 0.8231 0.1990 -0.5318
vn -0.5996 0.7119 -0.3658
vn -0.5065 0.7671 -0.3937
vn 0.0070 0.8904 -0.4551
vn -0.1315 0.0494 -0.9901
vn -0.8886 0.4073 -0.2110
vn -0.4951 0.3738 0.7843
vn 0.7163 0.4151 0.5608
vn 0.7785 0.2564 -0.5729
vn -0.0515 0.1628 -0.9853
vn -0.9356 0.2815 -0.2129
vn 0.0448 0.6851 0.7270
vn 0.4534 0.7051 0.5452
vn 0.2129 0.9492 0.2319
vn 0.4709 0.3524 -0.8087
vn 0.8635 0.4926 0.1083
vn -0.6296 0.0453 -0.7756
vn -0.9404 0.2513 0.2291
vn 0.3479 0.8288 0.4383
vn 0.5974 0.7984 0.0747
vn 0.2183 0.9698 -0.1092
vn -0.0493 0.1693 -0.9843
vn 0.7440 0.4864 -0.4582
vn -0.9410 -0.0942 -0.3250
vn -0.7049 0.3292 0.6283
vn 0.2663 0.2479 -0.9315
vn -0.8035 0.3030 -0.5125
vn -0.7588 0.1913 0.6227
vn 0.2784 0.1421 0.9499
vn 0.9728 0.2039 0.1097
vn 0.5402 0.1647 -0.8253
vn -0.6634 0.3187 -0.6770
vn -0.7880 0.3662 0.4950
vn 0.0674 0.3188 0.9454
vn 0.9503 0.2004 0.2382
vn 0.3831 0.3355 -0.8606
vn -0.6651 0.3098 -0.6794
vn -0.8215 0.1976 0.5348
vn 0.1367 0.1325 0.9817
vn 0.9287 0.2417 0.2814
vn -0.1119 0.4399 -0.8911
vn -0.8765 0.4805 -0.0299
vn -0.2988 0.3211 0.8987
vn 0.7337 0.1941 0.6511
vn 0.8757 0.2563 -0.4092
vn -0.6372 0.5067 -0.5807
vn -0.7168 0.3847 0.5815
vn 0.3033 0.3352 0.8920
vn 0.9021 0.4249 -0.0746
vn -0.0000 0.5773 -0.8165
vn -0.0000 -0.5773 -0.8165
vn -0.0000 0.5774 0.8165
vn 0.5922 -0.5525 -0.5865
vn 0.5915 -0.5471 -0.5923
vn 0.5850 -0.7574 -0.2900
vn 0.4843 -0.3070 0.8193
vn 0.4529 -0.1910 0.8709
vn 0.5123 -0.8508 0.1174
vn -0.5922 -0.5525 0.5865
vn -0.5915 -0.5471 0.5923
vn -0.5850 -0.7574 0.2900
vn -0.4843 -0.3070 -0.8193
vn -0.4529 -0.1910 -0.8709
vn -0.5123 -0.8508 -0.1174
vn 0.4472 -0.8944 -0.0000
vn -0.4472 -0.0000 -0.8944
vn -0.0034 -0.9628 0.2701
vn -0.0035 -0.9605 0.2784
vn 0.0033 -0.9634 -0.2681
vn 0.0034 -0.9621 -0.2725
vn -0.0032 -0.7050 -0.7092
vn -0.0032 -0.7054 -0.7088
vn -0.0016 -0.2925 -0.9563
vn -0.0000 -0.2602 -0.9656
vn 0.0096 -0.2789 0.9603
vn 0.0031 -0.7031 0.7111
vn 0.0030 -0.7047 0.7095
vn 0.0096 -0.2743 0.9616
vn -0.8111 -0.5423 -0.2192
vn -0.7876 -0.6046 -0.1189
vn -0.8139 -0.3989 -0.4224
vn -0.8128 -0.3939 -0.4291
vn -0.7585 -0.2135 -0.6157
vn -0.7249 -0.1326 -0.6760
vn -0.7649 -0.2119 0.6083
vn -0.7246 -0.1221 0.6782
vn -0.8186 -0.3944 0.4176
vn -0.8178 -0.3897 0.4235
vn -0.8099 -0.5517 0.1993
vn -0.7913 -0.5986 0.1242
vn 0.7700 -0.2142 -0.6010
vn 0.7197 -0.1128 -0.6851
vn 0.8210 -0.3898 -0.4172
vn 0.8203 -0.3849 -0.4230
vn 0.8196 -0.5317 -0.2135
vn 0.8044 -0.5818 -0.1199
vn 0.7412 -0.2462 0.6245
vn 0.7089 -0.1400 0.6912
vn 0.7707 -0.6320 0.0808
vn 0.6564 -0.0133 0.7543
vn 0.6572 -0.0123 -0.7536
vn -0.6623 -0.0140 -0.7491
vn 0.0122 -0.0161 -0.9998
vn -0.6629 -0.0130 0.7486
vn 0.0071 -0.0160 0.9998
vn -0.4472 -0.0000 0.8944
vn 0.4472 -0.0000 -0.8944
vn -0.4472 -0.8944 -0.0000
vn 0.4472 -0.0000 0.8944
vn -0.7153 -0.6988 -0.0025
vn 0.0032 -1.0000 -0.0000
vn -0.0032 -1.0000 -0.0000
vn 0.7153 -0.6989 0.0025
vn -0.0032 1.0000 -0.0000
vn -0.7153 0.6988 0.0025
vn 0.0032 1.0000 -0.0000
vn 0.7153 0.6989 -0.0025
vn -0.8646 -0.0001 -0.5025
vn 0.0005 -0.0064 1.0000
vn 0.8654 -0.0032 -0.5011
vn 0.8703 -0.0032 -0.4926
vn 0.8956 0.0027 0.4449
vn 0.8846 0.0076 -0.4663
vn 0.8889 0.0076 -0.4580
vn -0.9244 0.0136 0.3812
vn -0.0029 -0.0001 1.0000
vn 0.8657 -0.0064 -0.5004
vn 0.8657 -0.0064 -0.5005
vn -0.8667 -0.0032 -0.4989
vn -0.8617 -0.0032 -0.5074
vn 0.1777 0.8547 0.4878
vn 0.1487 0.8162 -0.5583
vn -0.5554 0.1081 -0.8245
vn -0.9577 -0.2856 0.0353
vn -0.5112 0.1661 0.8433
vn 0.2422 0.9119 -0.3314
vn 0.2417 0.9163 -0.3192
vn -0.9757 0.0239 -0.2176
vn -0.8138 0.2514 -0.5240
vn -0.6222 -0.0881 -0.7779
vn 0.2067 0.4794 -0.8529
vn -0.9004 -0.1517 0.4076
vn -0.9600 0.1898 0.2060
vn -0.2452 0.8295 -0.5018
vn 0.2188 0.7043 -0.6753
vn -0.6032 -0.1296 -0.7870
vn -0.7497 0.6577 -0.0737
vn -0.9325 -0.2878 0.2181
vn -0.3066 0.4336 0.8473
vn 0.4811 0.7640 0.4300
vn 0.2160 0.7833 -0.5829
vn -0.6790 0.2758 -0.6803
vn -0.9668 -0.0518 0.2502
vn -0.2591 0.2422 0.9350
vn -0.2564 0.5411 0.8009
vn 0.3769 0.9243 0.0602
vn 0.0718 0.5299 -0.8450
vn -0.7341 -0.0844 -0.6738
vn -0.9391 -0.0837 0.3333
vn 0.5112 0.1660 0.8433
vn 0.3417 0.7558 -0.5587
vn -0.3953 0.8229 0.4081
vn -0.1721 0.7706 -0.6137
vn 0.6711 0.1823 -0.7186
vn 0.9684 -0.1245 0.2161
vn 0.3178 0.2628 0.9110
vn 0.2564 0.5411 0.8009
vn -0.3769 0.9243 0.0602
vn -0.0718 0.5299 -0.8450
vn 0.7341 -0.0844 -0.6738
vn 0.9391 -0.0837 0.3333
vn -0.5122 -0.8508 -0.1173
vn -0.2366 0.9716 0.0031
vn -0.0000 1.0000 0.0007
vn -0.0623 0.9981 -0.0004
vn -0.1958 0.9765 -0.0905
vn -0.2372 0.9714 0.0022
vn -0.0000 1.0000 -0.0021
vn 0.0191 0.9998 -0.0022
vn -0.3393 0.9407 0.0001
vn -0.0065 0.9999 -0.0101
vn -0.0191 0.9998 0.0016
vn -0.2022 0.9748 -0.0944
vn -0.1757 0.9815 -0.0765
vn -0.2017 0.9749 -0.0938
vn -0.2133 0.9718 -0.1010
vn -0.0000 0.9998 0.0174
vn -0.2247 0.9744 -0.0000
vn -0.0133 0.9999 -0.0000
vn -0.2251 0.9743 -0.0000
vn -0.0130 0.9998 -0.0132
vn -0.3092 0.9510 -0.0000
vn 0.0191 0.9998 -0.0016
vn -0.3393 0.9407 -0.0005
vn -0.2369 0.9715 -0.0003
vn -0.0000 1.0000 -0.0016
vn -0.1799 0.9805 -0.0789
vn -0.3393 0.9407 -0.0000
vn -0.0064 1.0000 0.0069
vn -0.1356 0.9888 -0.0625
vn -0.2113 0.9726 -0.0973
vn -0.2318 0.9728 0.0004
vn -0.1163 0.9910 -0.0658
vn -0.1937 0.9773 -0.0864
vn -0.2323 0.9726 -0.0036
vn -0.0975 0.9935 -0.0584
vn -0.1637 0.9839 -0.0715
vn -0.2318 0.9728 -0.0000
vn -0.1063 0.9924 -0.0613
vn -0.1796 0.9807 -0.0777
vn 0.0184 0.9998 -0.0022
vn -0.3393 0.9407 0.0002
vn -0.0184 0.9998 -0.0015
vn -0.1303 0.9888 -0.0726
vn -0.2321 0.9727 -0.0037
vn -0.0114 0.9999 0.0015
vn -0.2171 0.9761 0.0022
vn -0.2374 0.9714 -0.0036
vn -0.2015 0.9795 -0.0012
vn -0.1999 0.9755 -0.0913
vn -0.2171 0.9761 -0.0050
vn -0.2002 0.9754 -0.0918
vn -0.2016 0.9795 -0.0014
vn -0.1357 0.9888 -0.0626
vn -0.3392 0.9407 -0.0005
vn -0.1780 0.9840 -0.0000
vn 0.0015 0.9999 -0.0148
vn -0.0449 0.9990 -0.0000
vn -0.2371 0.9715 -0.0005
vn -0.0133 0.9998 0.0135
vn -0.2369 0.9715 -0.0009
vn -0.2371 0.9715 0.0049
vn -0.2375 0.9714 0.0028
vn -0.1195 0.9906 -0.0665
vn -0.1971 0.9804 -0.0013
vn -0.0014 1.0000 0.0073
vn -0.0000 0.9998 -0.0174
vn -0.2201 0.9755 0.0002
vn 0.0170 0.9999 -0.0000
vn -0.0097 1.0000 -0.0000
vn -0.2325 0.9726 -0.0025
vn -0.0061 1.0000 0.0064
vn -0.0052 1.0000 -0.0076
vn 0.0022 0.9998 0.0184
vn -0.1087 0.9923 -0.0588
vn -0.1809 0.9800 -0.0831
vn -0.2115 0.9724 -0.0986
vn -0.1758 0.9815 -0.0761
vn -0.0052 1.0000 -0.0074
vt 0.152222 0.860868
vt 0.161917 0.825367
vt 0.162253 0.849527
vt 0.206549 0.923450
vt 0.213149 0.922253
vt 0.205353 0.930050
vt 0.142684 0.892200
vt 0.143883 0.898800
vt 0.136084 0.891003
vt 0.207199 0.829568
vt 0.214994 0.837365
vt 0.208395 0.836168
vt 0.137930 0.806115
vt 0.145729 0.798318
vt 0.144529 0.804918
vt 0.206549 0.840366
vt 0.167013 0.871157
vt 0.142684 0.840366
vt 0.205353 0.914425
vt 0.143883 0.914425
vt 0.162253 0.893301
vt 0.196776 0.832815
vt 0.187079 0.832020
vt 0.186745 0.805788
vt 0.144294 0.805037
vt 0.137695 0.806234
vt 0.145490 0.798437
vt 0.208158 0.836287
vt 0.206962 0.829687
vt 0.214759 0.837484
vt 0.143645 0.898919
vt 0.135849 0.891122
vt 0.142449 0.892319
vt 0.212914 0.922372
vt 0.205116 0.930169
vt 0.206312 0.923569
vt 0.145490 0.814062
vt 0.206962 0.814062
vt 0.188590 0.796818
vt 0.142449 0.888197
vt 0.181984 0.840189
vt 0.206312 0.888197
vt 0.146025 0.798359
vt 0.144829 0.804959
vt 0.138230 0.806156
vt 0.142984 0.892241
vt 0.144180 0.898841
vt 0.136384 0.891044
vt 0.215294 0.837406
vt 0.208695 0.836209
vt 0.207497 0.829609
vt 0.206849 0.923491
vt 0.213449 0.922294
vt 0.205652 0.930091
vt 0.206962 0.814062
vt 0.181984 0.840189
vt 0.202540 0.877569
vt 0.198774 0.877308
vt 0.177070 0.877929
vt 0.192284 0.936735
vt 0.181139 0.866141
vt 0.214259 0.864802
vt 0.181139 0.842388
vt 0.175882 0.913454
vt 0.154233 0.842769
vt 0.201372 0.924363
vt 0.214259 0.852925
vt 0.207820 0.852478
vt 0.175882 0.913454
vt 0.201372 0.924363
vt 0.167425 0.878575
vt 0.061811 0.993788
vt 0.063746 0.993788
vt 0.055145 0.993788
vt 0.057080 0.993788
vt 0.061596 0.993739
vt 0.061381 0.993788
vt 0.061596 0.890614
vt 0.061811 0.890614
vt 0.061381 0.890614
vt 0.057295 0.993739
vt 0.057511 0.993788
vt 0.057295 0.890614
vt 0.057080 0.890614
vt 0.057511 0.890614
vt 0.183164 0.878353
vt 0.167013 0.871157
vt 0.205353 0.914425
vt 0.143883 0.914425
vt 0.145490 0.814062
vt 0.206962 0.814062
vt 0.167013 0.871156
vt 0.181984 0.840189
vt 0.514602 0.795742
vt 0.599288 0.795742
vt 0.565890 0.795742
vt 0.599288 0.863286
vt 0.514602 0.863286
vt 0.565890 0.863286
vt 0.514602 0.847419
vt 0.565890 0.847419
vt 0.599288 0.847419
vt 0.599288 0.914962
vt 0.565890 0.914962
vt 0.514602 0.914962
vt 0.695019 0.963863
vt 0.692277 0.866821
vt 0.696657 0.866821
vt 0.696657 0.852661
vt 0.696657 0.945705
vt 0.696657 0.948238
vt 0.691032 0.809377
vt 0.690139 0.754370
vt 0.689699 0.809377
vt 0.690591 0.754370
vt 0.726127 0.754370
vt 0.725686 0.809377
vt 0.727019 0.809377
vt 0.726579 0.754370
vt 0.665352 0.808403
vt 0.666119 0.783222
vt 0.666946 0.797413
vt 0.654632 0.792988
vt 0.654632 0.792988
vt 0.639035 0.796520
vt 0.637839 0.815879
vt 0.637441 0.797413
vt 0.637441 0.814092
vt 0.637441 0.795837
vt 0.639035 0.809845
vt 0.638246 0.783143
vt 0.209813 0.831841
vt 0.209260 0.849153
vt 0.210610 0.864708
vt 0.666946 0.795837
vt 0.666946 0.814125
vt 0.666946 0.814092
vt 0.637441 0.814125
vt 0.224239 0.849153
vt 0.223620 0.831938
vt 0.222888 0.864708
vt 0.223573 0.832009
vt 0.666946 0.835087
vt 0.666946 0.836294
vt 0.666946 0.832101
vt 0.209761 0.831764
vt 0.813978 0.759546
vt 0.805572 0.899558
vt 0.833593 0.960018
vt 0.804187 0.871854
vt 0.810363 0.884168
vt 0.803070 0.885472
vt 0.817290 0.905945
vt 0.811193 0.883615
vt 0.812911 0.915005
vt 0.794036 0.899558
vt 0.802569 0.759546
vt 0.787589 0.899558
vt 0.794036 0.868308
vt 0.808406 0.759546
vt 0.819815 0.759546
vt 0.841309 0.930096
vt 0.833593 0.991824
vt 0.816813 0.899558
vt 0.802100 0.799958
vt 0.806959 0.897143
vt 0.153004 0.587344
vt 0.160076 0.566021
vt 0.157561 0.614101
vt 0.144407 0.517948
vt 0.150364 0.544705
vt 0.159189 0.571430
vt 0.153499 0.666849
vt 0.158818 0.684143
vt 0.148022 0.664518
vt 0.145665 0.666849
vt 0.811192 0.823986
vt 0.820135 0.841443
vt 0.811208 0.830093
vt 0.814657 0.856245
vt 0.819720 0.861343
vt 0.802450 0.827781
vt 0.063978 0.259546
vt 0.055572 0.399558
vt 0.081765 0.471031
vt 0.044036 0.399558
vt 0.052569 0.259546
vt 0.037589 0.399558
vt 0.044036 0.368308
vt 0.058406 0.259546
vt 0.069815 0.259546
vt 0.089424 0.423521
vt 0.081765 0.491824
vt 0.066813 0.399558
vt 0.277127 0.866964
vt 0.285076 0.880990
vt 0.285076 0.788458
vt 0.277450 0.822086
vt 0.269407 0.822086
vt 0.279157 0.916466
vt 0.283535 0.938037
vt 0.275313 0.930245
vt 0.270294 0.821430
vt 0.270948 0.916849
vt 0.061193 0.323986
vt 0.070124 0.340444
vt 0.061193 0.330093
vt 0.052029 0.325993
vt 0.037312 0.382844
vt 0.028371 0.403463
vt 0.035484 0.416089
vt 0.035532 0.416089
vt 0.037557 0.382844
vt 0.055794 0.403463
vt 0.037250 0.416089
vt 0.084510 0.416089
vt 0.084828 0.382844
vt 0.085073 0.382844
vt 0.094014 0.404579
vt 0.086901 0.416089
vt 0.086853 0.461629
vt 0.085073 0.420761
vt 0.084828 0.420761
vt 0.068192 0.405410
vt 0.085135 0.461366
vt 0.037875 0.416089
vt 0.066589 0.403478
vt 0.682748 0.954771
vt 0.684865 0.954771
vt 0.691508 0.954771
vt 0.907728 0.863133
vt 0.907728 0.931615
vt 0.907728 0.794463
vt 0.970734 0.863101
vt 0.970734 0.794463
vt 0.970734 0.931615
vt 0.968371 0.863132
vt 0.968371 0.931615
vt 0.962858 0.931615
vt 0.968371 0.863211
vt 0.968371 0.794463
vt 0.962858 0.794463
vt 0.910091 0.863132
vt 0.910091 0.931615
vt 0.915604 0.931615
vt 0.910091 0.863211
vt 0.910091 0.794463
vt 0.915604 0.794463
vt 0.935761 0.915990
vt 0.939231 0.897108
vt 0.939231 0.778838
vt 0.935761 0.926287
vt 0.939231 0.868314
vt 0.939231 0.907404
vt 0.942701 0.915990
vt 0.939231 0.763213
vt 0.970734 0.763213
vt 0.942701 0.926287
vt 0.907840 0.810668
vt 0.970473 0.811284
vt 0.939231 0.814382
vt 0.907728 0.763213
vt 0.907840 0.810668
vt 0.970473 0.811284
vt 0.181984 0.840189
vt 0.143883 0.914425
vt 0.181984 0.840189
vt 0.154729 0.880891
vt 0.170911 0.876330
vt 0.167758 0.874238
vt 0.202700 0.880891
vt 0.189671 0.874238
vt 0.191329 0.871003
vt 0.171214 0.876412
vt 0.166087 0.870937
vt 0.186519 0.876330
vt 0.203676 0.848510
vt 0.155705 0.848510
vt 0.169265 0.855431
vt 0.190117 0.855431
vt 0.166099 0.871005
vt 0.191341 0.870937
vt 0.186215 0.876412
vt 0.090788 0.950191
vt 0.091003 0.946911
vt 0.090981 0.954968
vt 0.086487 0.950186
vt 0.086272 0.946911
vt 0.086294 0.954968
vt 0.090788 0.954968
vt 0.086487 0.954968
vt 0.086487 0.950197
vt 0.090788 0.950191
vt 0.167013 0.871157
vt 0.167013 0.871157
vt 0.181984 0.840189
vt 0.051532 0.946911
vt 0.052070 0.954968
vt 0.051532 0.954968
vt 0.053790 0.954968
vt 0.054175 0.949190
vt 0.048629 0.954968
vt 0.052930 0.954968
vt 0.050779 0.949190
vt 0.205353 0.914425
vt 0.181984 0.840189
vt 0.167013 0.871157
vt 0.206549 0.887997
vt 0.144223 0.907825
vt 0.051532 0.796132
vt 0.050779 0.801910
vt 0.048629 0.796132
vt 0.052930 0.993788
vt 0.051532 0.993788
vt 0.054327 0.993788
vt 0.051532 0.804189
vt 0.052070 0.796132
vt 0.051684 0.801910
vt 0.052930 0.796132
vt 0.053790 0.796132
vt 0.054175 0.801910
vt 0.059446 0.993788
vt 0.167013 0.871157
vt 0.143883 0.914425
vt 0.167013 0.871157
vt 0.144223 0.907825
vt 0.206962 0.814062
vt 0.166234 0.881710
vt 0.189530 0.879417
vt 0.191169 0.874996
vt 0.186669 0.881618
vt 0.161680 0.875194
vt 0.163291 0.879417
vt 0.191470 0.850605
vt 0.161351 0.850605
vt 0.186589 0.881709
vt 0.161652 0.874996
vt 0.166153 0.881618
vt 0.191141 0.875194
vt 0.152867 0.880891
vt 0.169005 0.876318
vt 0.165896 0.874238
vt 0.164248 0.871063
vt 0.200838 0.880891
vt 0.189468 0.871002
vt 0.187809 0.874238
vt 0.184400 0.876399
vt 0.063746 0.946911
vt 0.061811 0.946911
vt 0.061596 0.949190
vt 0.063746 0.954968
vt 0.055145 0.946911
vt 0.057295 0.949190
vt 0.167013 0.871156
vt 0.205353 0.914425
vt 0.057080 0.946911
vt 0.169005 0.876318
vt 0.164248 0.871063
vt 0.189468 0.871002
vt 0.184399 0.876399
vt 0.205353 0.914425
vt 0.181984 0.840189
vt 0.143883 0.914425
vt 0.206962 0.814062
vt 0.143883 0.914425
vt 0.163783 0.851209
vt 0.163783 0.855106
vt 0.152867 0.848510
vt 0.200838 0.848510
vt 0.189922 0.851209
vt 0.189922 0.855106
vt 0.164238 0.871005
vt 0.169048 0.876330
vt 0.189467 0.871004
vt 0.169352 0.876412
vt 0.164226 0.870937
vt 0.184657 0.876330
vt 0.189479 0.870937
vt 0.184353 0.876412
vt 0.163783 0.848510
vt 0.167013 0.871157
vt 0.205353 0.914425
vt 0.206962 0.814062
vt 0.452073 0.858594
vt 0.411385 0.841496
vt 0.411385 0.888517
vt 0.452073 0.871418
vt 0.084427 0.764270
vt 0.043739 0.764270
vt 0.452073 0.871418
vt 0.404736 0.771957
vt 0.418188 0.961269
vt 0.423970 0.771957
vt 0.415306 0.961269
vt 0.442607 0.987413
vt 0.433945 0.798101
vt 0.453179 0.798101
vt 0.418188 0.961269
vt 0.442607 0.987413
vt 0.201375 0.924363
vt 0.192284 0.936735
vt 0.192284 0.936735
vt 0.175882 0.913454
vt 0.201372 0.924363
vt 0.189184 0.865266
vt 0.189184 0.832885
vt 0.186435 0.849075
vt 0.173594 0.865266
vt 0.173594 0.832885
vt 0.176344 0.849075
vt 0.083425 0.954968
vt 0.080522 0.954968
vt 0.081275 0.949190
vt 0.077727 0.954968
vt 0.074824 0.954968
vt 0.076974 0.949190
vt 0.167013 0.871157
vt 0.143883 0.914425
vt 0.060879 0.796132
vt 0.063746 0.796132
vt 0.061596 0.801910
vt 0.060091 0.993788
vt 0.058012 0.796132
vt 0.055145 0.796132
vt 0.057295 0.801910
vt 0.058801 0.993788
vt 0.060163 0.801910
vt 0.058729 0.801910
vt 0.181984 0.840189
vt 0.167013 0.871157
vt 0.196014 0.869909
vt 0.190747 0.854820
vt 0.205120 0.848510
vt 0.205120 0.880891
vt 0.170861 0.862427
vt 0.157149 0.848510
vt 0.157149 0.880891
vt 0.182165 0.860277
vt 0.180148 0.862495
vt 0.179380 0.858935
vt 0.173889 0.873757
vt 0.175668 0.855552
vt 0.189524 0.825384
vt 0.184257 0.824231
vt 0.170861 0.846802
vt 0.175668 0.839927
vt 0.176106 0.840721
vt 0.178989 0.857320
vt 0.176106 0.856346
vt 0.176106 0.809471
vt 0.175431 0.812456
vt 0.190747 0.839195
vt 0.184257 0.839856
vt 0.189524 0.841009
vt 0.167013 0.871157
vt 0.206962 0.814062
vt 0.167013 0.871157
vt 0.175882 0.913454
vt 0.201372 0.924363
vt 0.175882 0.913454
vt 0.201372 0.924363
vt 0.201375 0.924363
vt 0.192285 0.936735
vt 0.167425 0.925450
vt 0.177070 0.924804
vt 0.198774 0.924183
vt 0.192285 0.936735
vt 0.202540 0.924444
vt 0.202540 0.893194
vt 0.177070 0.893554
vt 0.198774 0.892933
vt 0.183164 0.925228
vt 0.181139 0.834891
vt 0.192314 0.905484
vt 0.214259 0.833552
vt 0.167425 0.894200
vt 0.183164 0.893978
vt 0.167013 0.871157
vt 0.205353 0.914425
vt 0.167013 0.871157
vt 0.143883 0.914425
vt 0.181984 0.840189
vt 0.143883 0.914425
vt 0.143883 0.914425
vt 0.144223 0.907825
vt 0.181984 0.840189
vt 0.167013 0.871157
vt 0.167013 0.871156
vt 0.181984 0.840189
vt 0.166009 0.881628
vt 0.186454 0.881678
vt 0.186813 0.881627
vt 0.161652 0.874996
vt 0.166367 0.881678
vt 0.191141 0.875194
vt 0.170892 0.876828
vt 0.167290 0.875363
vt 0.189468 0.871002
vt 0.184591 0.876347
vt 0.167177 0.857552
vt 0.167290 0.859738
vt 0.170468 0.859411
vt 0.167290 0.875363
vt 0.164248 0.871063
vt 0.189468 0.871002
vt 0.167290 0.859738
vt 0.170468 0.859411
vt 0.167013 0.871157
vt 0.181984 0.840189
vt 0.167013 0.871157
vt 0.186589 0.881709
vt 0.166153 0.881618
vt 0.191141 0.875194
vt 0.169005 0.876318
vt 0.184399 0.876399
vt 0.167013 0.871156
vt 0.143883 0.914425
vt 0.169004 0.876318
vt 0.205353 0.914425
vt 0.143883 0.914425
vt 0.152867 0.880891
vt 0.200838 0.880891
vt 0.164226 0.870937
vt 0.164238 0.871005
vt 0.189467 0.871004
vt 0.167289 0.875362
vt 0.169352 0.876412
vt 0.184657 0.876330
vt 0.184541 0.876361
vt 0.167289 0.859737
vt 0.170493 0.859416
vt 0.176852 0.848510
vt 0.466568 0.987413
vt 0.464663 0.798101
vt 0.439725 0.987413
vt 0.201375 0.924363
vt 0.192285 0.936735
vt 0.192284 0.936735
vt 0.175882 0.913454
vt 0.201372 0.924363
vt 0.186669 0.881618
vt 0.161680 0.875194
vt 0.166368 0.881678
vt 0.186834 0.881572
vt 0.169005 0.876318
vt 0.184591 0.876348
vt 0.170397 0.859397
vt 0.145490 0.814062
vt 0.167013 0.871157
vt 0.205353 0.914425
vt 0.206962 0.814062
vt 0.143883 0.914425
vt 0.206962 0.814062
vt 0.143883 0.914425
vt 0.206963 0.814062
vt 0.143883 0.914425
vt 0.145490 0.814062
vt 0.722385 0.870536
vt 0.679966 0.870536
vt 0.675502 0.870536
vt 0.633084 0.870536
vt 0.677734 0.838557
vt 0.648952 0.837947
vt 0.652027 0.854911
vt 0.677734 0.838906
vt 0.675502 0.854911
vt 0.677607 0.854241
vt 0.677734 0.822322
vt 0.633084 0.838616
vt 0.633084 0.838616
vt 0.677607 0.838616
vt 0.722385 0.838616
vt 0.677861 0.838616
vt 0.706560 0.870594
vt 0.679966 0.901786
vt 0.677394 0.874163
vt 0.679966 0.839286
vt 0.706589 0.809037
vt 0.677612 0.808476
vt 0.648952 0.806697
vt 0.647947 0.839286
vt 0.677836 0.854241
vt 0.679966 0.886161
vt 0.677734 0.853572
vt 0.633084 0.838616
vt 0.677836 0.838616
vt 0.706573 0.871006
vt 0.677570 0.871587
vt 0.706585 0.808888
vt 0.677599 0.808674
vt 0.677836 0.854241
vt 0.677836 0.838616
vt 0.677607 0.838616
vt 0.706560 0.870604
vt 0.677394 0.874162
vt 0.706562 0.808141
vt 0.677610 0.808506
vt 0.706572 0.870976
vt 0.677530 0.872170
vt 0.706572 0.808497
vt 0.677559 0.809253
vt 0.677734 0.839425
vt 0.722385 0.854241
vt 0.707522 0.901786
vt 0.706517 0.869197
vt 0.677861 0.854241
vt 0.677632 0.838616
vt 0.706564 0.808214
vt 0.677530 0.809670
vt 0.677734 0.839426
vt 0.677607 0.854241
vt 0.677632 0.838616
vt 0.706600 0.809389
vt 0.677530 0.809671
vt 0.677734 0.839050
vt 0.677736 0.871985
vt 0.647947 0.901786
vt 0.648952 0.869197
vt 0.722385 0.854241
vt 0.677904 0.838616
vt 0.722385 0.838616
vt 0.677564 0.838616
vt 0.706605 0.809538
vt 0.677586 0.808857
vt 0.677861 0.854241
vt 0.677861 0.838616
vt 0.677586 0.871357
vt 0.706605 0.872037
vt 0.706590 0.809078
vt 0.677586 0.808857
vt 0.677734 0.838557
vt 0.677734 0.838557
vt 0.706317 0.839050
vt 0.677734 0.837947
vt 0.677734 0.854911
vt 0.706596 0.809254
vt 0.677409 0.811439
vt 0.677696 0.873701
vt 0.677563 0.838616
vt 0.706596 0.809254
vt 0.677409 0.811439
vt 0.677696 0.873701
vt 0.706596 0.871754
vt 0.677530 0.872170
vt 0.706572 0.808483
vt 0.677570 0.809087
vt 0.677734 0.839426
vt 0.677734 0.838906
vt 0.677394 0.874163
vt 0.677539 0.809537
vt 0.706572 0.870976
vt 0.677599 0.808674
vt 0.706564 0.870714
vt 0.677530 0.872170
vt 0.706556 0.807967
vt 0.677581 0.808934
vt 0.706589 0.809037
vt 0.677734 0.839425
vt 0.677607 0.838616
vt 0.677570 0.871587
vt 0.706556 0.807967
vt 0.677530 0.809671
vt 0.677734 0.838906
vt 0.677789 0.872971
vt 0.707522 0.839286
vt 0.706517 0.806697
vt 0.706605 0.809538
vt 0.677635 0.808141
vt 0.677836 0.854241
vt 0.677836 0.838616
vt 0.706600 0.809389
vt 0.677635 0.808141
vt 0.706282 0.839246
vt 0.677448 0.873380
vt 0.706588 0.871488
vt 0.706605 0.809538
vt 0.677550 0.809388
vt 0.706589 0.809037
vt 0.677550 0.809388
vt 0.706589 0.871537
vt 0.677570 0.871587
vt 0.706560 0.808094
vt 0.677581 0.808935
vt 0.706560 0.870594
vt 0.677394 0.874163
vt 0.706566 0.808292
vt 0.677610 0.808506
vt 0.722385 0.838616
vt 0.706600 0.809389
vt 0.677530 0.872170
vt 0.677626 0.808279
vt 0.706605 0.872038
vt 0.677530 0.872171
vt 0.677632 0.854241
vt 0.677676 0.810333
vt 0.677586 0.871357
vt 0.706600 0.871888
vt 0.677792 0.810333
vt 0.677586 0.871357
vt 0.706600 0.871888
vt 0.706578 0.808672
vt 0.677626 0.808279
vt 0.706560 0.870604
vt 0.677475 0.872977
vt 0.706562 0.808141
vt 0.677539 0.809538
vt 0.706566 0.870792
vt 0.677475 0.872977
vt 0.706343 0.838906
vt 0.677754 0.811693
vt 0.677581 0.808935
vt 0.677905 0.838616
vt 0.706605 0.809538
vt 0.677625 0.808292
vt 0.677736 0.871985
vt 0.706589 0.871537
vt 0.677530 0.872170
vt 0.677581 0.808935
vt 0.706596 0.809254
vt 0.706566 0.808279
vt 0.706596 0.809254
vt 0.706564 0.808214
vt 0.677626 0.808279
vt 0.706572 0.808477
vt 0.722385 0.854241
vt 0.677635 0.808141
vt 0.706564 0.870715
vt 0.706556 0.807967
vt 0.677581 0.808935
vt 0.706600 0.871889
vt 0.677409 0.873939
vt 0.706331 0.838975
vt 0.677755 0.811693
vt 0.677789 0.810471
vt 0.677563 0.838616
vt 0.677736 0.809485
vt 0.677632 0.838616
vt 0.706600 0.871888
vt 0.677530 0.872170
vt 0.677586 0.871357
vt 0.706585 0.871387
vt 0.677734 0.838557
vt 0.706560 0.870594
vt 0.677570 0.871587
vt 0.706560 0.870594
vt 0.706589 0.809037
vt 0.677732 0.809485
vt 0.677676 0.810333
vt 0.706596 0.809254
vt 0.677581 0.808935
vt 0.677720 0.873990
vt 0.706596 0.809254
vt 0.677734 0.839245
vt 0.677758 0.874129
vt 0.677734 0.839426
vt 0.677792 0.810333
vt 0.706605 0.872038
vt 0.677550 0.871888
vt 0.706590 0.809078
vt 0.677559 0.871753
vt 0.706573 0.808497
vt 0.677581 0.871435
vt 0.706578 0.808672
vt 0.706564 0.870714
vt 0.677539 0.872037
vt 0.706556 0.807967
vt 0.677625 0.808292
vt 0.677905 0.838616
vt 0.677736 0.871985
vt 0.677676 0.872832
vt 0.706605 0.809538
vt 0.677635 0.808141
vt 0.677691 0.810900
vt 0.677736 0.809485
vt 0.706343 0.838906
vt 0.677726 0.810178
vt 0.706572 0.808476
vt 0.677599 0.808674
vt 0.677734 0.839050
vt 0.677734 0.838906
vt 0.677836 0.854241
vt 0.677836 0.838616
vt 0.706564 0.808214
vt 0.677626 0.808279
vt 0.706573 0.808506
vt 0.677625 0.808292
vt 0.677732 0.809485
vt 0.677732 0.809485
vt 0.203676 0.880891
vt 0.155705 0.880891
vt 0.187807 0.874123
vt 0.171575 0.874123
vt 0.187807 0.857642
vt 0.171575 0.857642
vt 0.169266 0.876009
vt 0.190116 0.876009
vt 0.557063 0.894829
vt 0.556863 0.907448
vt 0.557063 0.907647
vt 0.556863 0.895028
vt 0.505632 0.907647
vt 0.505832 0.895028
vt 0.505632 0.894829
vt 0.505832 0.907448
vt 0.514697 0.809570
vt 0.514053 0.799587
vt 0.527819 0.799587
vt 0.527297 0.809352
vt 0.505159 0.847480
vt 0.557537 0.847480
vt 0.515773 0.842726
vt 0.526097 0.842726
vt 0.526097 0.913282
vt 0.515773 0.913282
vt 0.527819 0.830837
vt 0.514053 0.830837
vt 0.514053 0.915003
vt 0.527819 0.915003
vt 0.514574 0.809353
vt 0.527175 0.809569
vt 0.527213 0.930022
vt 0.527819 0.930628
vt 0.514053 0.930628
vt 0.514563 0.930118
vt 0.514053 0.839680
vt 0.527819 0.839680
vt 0.527309 0.930119
vt 0.514658 0.930022
vt 0.535518 0.809570
vt 0.534874 0.799587
vt 0.548640 0.799587
vt 0.548119 0.809353
vt 0.536596 0.842726
vt 0.546919 0.842726
vt 0.546919 0.913282
vt 0.536596 0.913282
vt 0.548640 0.830837
vt 0.534874 0.830837
vt 0.534874 0.915003
vt 0.548640 0.915003
vt 0.535396 0.809352
vt 0.547996 0.809569
vt 0.548034 0.930022
vt 0.548640 0.930628
vt 0.534874 0.930628
vt 0.535384 0.930118
vt 0.534874 0.839680
vt 0.548640 0.839680
vt 0.548131 0.930119
vt 0.535480 0.930022
vt 0.566708 0.872606
vt 0.566508 0.859987
vt 0.596666 0.860187
vt 0.596866 0.872806
vt 0.596866 0.859987
vt 0.596666 0.872606
vt 0.566508 0.872806
vt 0.566708 0.860187
vt 0.566035 0.812639
vt 0.597340 0.812639
vt 0.057511 0.876354
vt 0.061381 0.876354
vt 0.061381 0.884411
vt 0.057511 0.884411
vt 0.061381 0.946911
vt 0.057511 0.946911
vt 0.057080 0.876354
vt 0.055145 0.876354
vt 0.055145 0.884411
vt 0.057080 0.884411
vt 0.055145 0.954968
vt 0.061811 0.876354
vt 0.063746 0.876354
vt 0.063746 0.884411
vt 0.061811 0.884411
vt 0.057295 0.876354
vt 0.057295 0.886690
vt 0.061596 0.876354
vt 0.061596 0.886690
vt 0.206549 0.903622
vt 0.206549 0.855991
vt 0.213149 0.858005
vt 0.213149 0.901607
vt 0.142684 0.824741
vt 0.142684 0.872372
vt 0.136084 0.870357
vt 0.136084 0.826755
vt 0.171612 0.907825
vt 0.206549 0.907825
vt 0.144223 0.887997
vt 0.142449 0.824941
vt 0.142449 0.872572
vt 0.135849 0.870558
vt 0.135849 0.826955
vt 0.144223 0.907825
vt 0.206312 0.903822
vt 0.206312 0.856191
vt 0.212914 0.858205
vt 0.212914 0.901808
vt 0.208395 0.820543
vt 0.144529 0.820543
vt 0.145729 0.813943
vt 0.207199 0.813943
vt 0.142449 0.907944
vt 0.206312 0.907944
vt 0.205116 0.914544
vt 0.143645 0.914544
vt 0.142449 0.840566
vt 0.179231 0.820662
vt 0.144294 0.820662
vt 0.204773 0.840566
vt 0.142984 0.840435
vt 0.206849 0.840435
vt 0.206849 0.888066
vt 0.142984 0.888066
vt 0.206619 0.820662
vt 0.136384 0.826824
vt 0.142984 0.824810
vt 0.142984 0.872441
vt 0.136384 0.870426
vt 0.207497 0.813984
vt 0.208695 0.820584
vt 0.144829 0.820584
vt 0.146025 0.813984
vt 0.213449 0.901676
vt 0.206849 0.903691
vt 0.206849 0.856060
vt 0.213449 0.858074
vt 0.144180 0.914466
vt 0.142984 0.907866
vt 0.206849 0.907866
vt 0.205652 0.914466
vt 0.204773 0.840566
vt 0.206619 0.820662
vt 0.596976 0.898200
vt 0.580848 0.898200
vt 0.580855 0.804547
vt 0.596976 0.804547
vt 0.527844 0.804547
vt 0.549933 0.804547
vt 0.549933 0.898200
vt 0.527844 0.898200
vt 0.507371 0.898200
vt 0.523500 0.898200
vt 0.523492 0.804547
vt 0.507371 0.804547
vt 0.554414 0.898200
vt 0.576503 0.898200
vt 0.576503 0.804547
vt 0.554414 0.804547
vt 0.524335 0.882401
vt 0.572028 0.882401
vt 0.572028 0.902350
vt 0.524335 0.902350
vt 0.574671 0.951326
vt 0.521692 0.951326
vt 0.524335 0.946220
vt 0.572028 0.946220
vt 0.574671 0.877294
vt 0.574671 0.907457
vt 0.521692 0.907457
vt 0.521692 0.877294
vt 0.521692 0.833425
vt 0.574671 0.833425
vt 0.572028 0.838532
vt 0.524335 0.838532
vt 0.523419 0.816654
vt 0.571111 0.816654
vt 0.571111 0.836603
vt 0.523419 0.836603
vt 0.573754 0.863644
vt 0.520775 0.863644
vt 0.523419 0.858538
vt 0.571111 0.858538
vt 0.573754 0.811547
vt 0.573754 0.841710
vt 0.520775 0.841710
vt 0.520775 0.811547
vt 0.520775 0.767678
vt 0.573754 0.767678
vt 0.571111 0.772784
vt 0.523419 0.772784
vt 0.181139 0.819266
vt 0.214259 0.817927
vt 0.202540 0.889446
vt 0.183164 0.890229
vt 0.167425 0.866699
vt 0.154233 0.795894
vt 0.181139 0.795513
vt 0.183164 0.866476
vt 0.177070 0.854176
vt 0.170723 0.782913
vt 0.154233 0.784017
vt 0.167425 0.854822
vt 0.207820 0.793727
vt 0.170723 0.794790
vt 0.177070 0.866053
vt 0.198774 0.865431
vt 0.214259 0.806050
vt 0.207820 0.805603
vt 0.167425 0.913574
vt 0.183164 0.913351
vt 0.177070 0.901051
vt 0.170723 0.829788
vt 0.154233 0.830892
vt 0.167425 0.901697
vt 0.192284 0.924859
vt 0.207820 0.840602
vt 0.170723 0.841665
vt 0.177070 0.912928
vt 0.198774 0.912306
vt 0.202540 0.936321
vt 0.183164 0.937104
vt 0.063746 0.866689
vt 0.063746 0.884413
vt 0.061811 0.884413
vt 0.061811 0.866689
vt 0.057511 0.804189
vt 0.061381 0.804189
vt 0.061381 0.866689
vt 0.061381 0.884413
vt 0.057511 0.884413
vt 0.057511 0.866689
vt 0.057080 0.804189
vt 0.055145 0.804189
vt 0.061811 0.804189
vt 0.063746 0.804189
vt 0.055145 0.866689
vt 0.055145 0.884413
vt 0.057080 0.884413
vt 0.057080 0.866689
vt 0.061596 0.881190
vt 0.061596 0.864410
vt 0.057295 0.881190
vt 0.057295 0.864410
vt 0.061596 0.828114
vt 0.057295 0.828114
vt 0.175882 0.925331
vt 0.148012 0.848510
vt 0.195982 0.848510
vt 0.195982 0.880891
vt 0.148012 0.880891
vt 0.175882 0.925331
vt 0.144223 0.887997
vt 0.205171 0.840566
vt 0.207017 0.820662
vt 0.144223 0.887997
vt 0.144223 0.907825
vt 0.205171 0.840566
vt 0.207017 0.820662
vt 0.576758 0.827623
vt 0.599288 0.827307
vt 0.599288 0.831648
vt 0.576758 0.831405
vt 0.599288 0.826992
vt 0.514602 0.826992
vt 0.514602 0.832036
vt 0.599288 0.832036
vt 0.514602 0.827380
vt 0.514602 0.831721
vt 0.560773 0.827623
vt 0.560773 0.831405
vt 0.560773 0.862920
vt 0.514602 0.862970
vt 0.560773 0.796075
vt 0.514602 0.796130
vt 0.576758 0.862949
vt 0.599288 0.862898
vt 0.565890 0.815780
vt 0.560773 0.815780
vt 0.560773 0.811998
vt 0.565890 0.811674
vt 0.576758 0.847030
vt 0.565890 0.847368
vt 0.565890 0.843248
vt 0.576758 0.843248
vt 0.576758 0.796111
vt 0.599288 0.796057
vt 0.599288 0.883324
vt 0.599288 0.878984
vt 0.576758 0.879299
vt 0.576758 0.883082
vt 0.514602 0.883712
vt 0.514602 0.878669
vt 0.599288 0.878669
vt 0.599288 0.883712
vt 0.514602 0.879057
vt 0.514602 0.883397
vt 0.560773 0.883082
vt 0.560773 0.879299
vt 0.560773 0.914597
vt 0.514602 0.914647
vt 0.514602 0.847807
vt 0.560773 0.847751
vt 0.599288 0.914574
vt 0.576758 0.914625
vt 0.560773 0.863674
vt 0.560773 0.867457
vt 0.565890 0.867457
vt 0.565890 0.863350
vt 0.565890 0.894924
vt 0.565890 0.899045
vt 0.576758 0.898707
vt 0.576758 0.894924
vt 0.576758 0.847788
vt 0.599288 0.847734
vt 0.518836 0.793221
vt 0.527305 0.793221
vt 0.519895 0.825101
vt 0.526246 0.825101
vt 0.526246 0.895078
vt 0.519895 0.895078
vt 0.527305 0.824471
vt 0.518836 0.824471
vt 0.518836 0.895078
vt 0.527305 0.895078
vt 0.518499 0.793221
vt 0.526968 0.793221
vt 0.519558 0.825101
vt 0.525909 0.825101
vt 0.525909 0.895078
vt 0.519558 0.895078
vt 0.526968 0.824471
vt 0.518499 0.824471
vt 0.518499 0.895078
vt 0.526968 0.895078
vt 0.146434 0.647697
vt 0.146434 0.550655
vt 0.146825 0.551138
vt 0.146769 0.647283
vt 0.165642 0.647172
vt 0.165704 0.551104
vt 0.166067 0.550655
vt 0.166067 0.647697
vt 0.150814 0.647697
vt 0.150814 0.550655
vt 0.161686 0.550655
vt 0.161686 0.647697
vt 0.146434 0.519405
vt 0.150814 0.519405
vt 0.161686 0.519405
vt 0.166067 0.519405
vt 0.150814 0.678947
vt 0.146434 0.678947
vt 0.166067 0.678947
vt 0.161686 0.678947
vt 0.073373 0.579012
vt 0.051627 0.579012
vt 0.051627 0.670988
vt 0.073373 0.670988
vt 0.051627 0.714836
vt 0.073373 0.714836
vt 0.073373 0.717863
vt 0.051627 0.717863
vt 0.073373 0.550789
vt 0.051627 0.550789
vt 0.051627 0.547762
vt 0.073373 0.547762
vt 0.692277 0.963863
vt 0.692668 0.867304
vt 0.692612 0.963449
vt 0.711485 0.963338
vt 0.711547 0.867270
vt 0.711910 0.866821
vt 0.711910 0.963863
vt 0.696657 0.963863
vt 0.707530 0.866821
vt 0.707530 0.963863
vt 0.692277 0.835571
vt 0.696657 0.835571
vt 0.707530 0.835571
vt 0.711910 0.835571
vt 0.696657 0.995113
vt 0.692277 0.995113
vt 0.711910 0.995113
vt 0.707530 0.995113
vt 0.146825 0.551138
vt 0.146769 0.647283
vt 0.165704 0.551104
vt 0.165642 0.647172
vt 0.692516 0.963567
vt 0.692817 0.867488
vt 0.711547 0.867270
vt 0.711485 0.963338
vt 0.695019 0.995113
vt 0.691032 0.785620
vt 0.693698 0.785620
vt 0.693698 0.871877
vt 0.691032 0.871877
vt 0.696657 0.977264
vt 0.696657 0.979488
vt 0.696657 0.976955
vt 0.725686 0.785620
vt 0.723020 0.785620
vt 0.723020 0.871877
vt 0.725686 0.871877
vt 0.727019 0.769995
vt 0.725686 0.856252
vt 0.691032 0.856252
vt 0.689699 0.769995
vt 0.715023 0.785620
vt 0.701695 0.785620
vt 0.701695 0.871877
vt 0.715023 0.871877
vt 0.701695 0.754370
vt 0.715023 0.754370
vt 0.723020 0.754370
vt 0.215023 0.767417
vt 0.223020 0.767417
vt 0.693698 0.754370
vt 0.201695 0.767417
vt 0.193698 0.767417
vt 0.135447 0.868125
vt 0.150080 0.868125
vt 0.153216 0.777702
vt 0.132312 0.777702
vt 0.159185 0.868125
vt 0.173818 0.868125
vt 0.176953 0.777702
vt 0.156049 0.777702
vt 0.661374 0.871409
vt 0.666946 0.862336
vt 0.666946 0.798564
vt 0.661380 0.797955
vt 0.637441 0.816476
vt 0.654487 0.871409
vt 0.654481 0.797955
vt 0.649906 0.797955
vt 0.649900 0.871409
vt 0.199282 0.849153
vt 0.197931 0.864708
vt 0.198716 0.831860
vt 0.666946 0.829814
vt 0.666946 0.893586
vt 0.637441 0.811462
vt 0.642999 0.811462
vt 0.643007 0.860455
vt 0.637441 0.829814
vt 0.654474 0.811462
vt 0.654481 0.860455
vt 0.649906 0.860455
vt 0.649914 0.811462
vt 0.666089 0.809809
vt 0.666156 0.783088
vt 0.637441 0.798564
vt 0.643007 0.797955
vt 0.643013 0.871409
vt 0.637441 0.862336
vt 0.666946 0.811462
vt 0.661388 0.811462
vt 0.661380 0.860455
vt 0.654487 0.840159
vt 0.649900 0.840159
vt 0.637441 0.861064
vt 0.184935 0.831959
vt 0.185653 0.864708
vt 0.184303 0.849153
vt 0.666946 0.816476
vt 0.638253 0.783168
vt 0.197944 0.886112
vt 0.185641 0.886112
vt 0.185653 0.917808
vt 0.197931 0.917808
vt 0.222918 0.849109
vt 0.210580 0.849109
vt 0.210598 0.886112
vt 0.222901 0.886112
vt 0.654632 0.792988
vt 0.184768 0.831710
vt 0.198555 0.832101
vt 0.197961 0.849109
vt 0.185623 0.849109
vt 0.222888 0.917808
vt 0.210610 0.917808
vt 0.637441 0.893586
vt 0.666946 0.861064
vt 0.666946 0.831086
vt 0.661374 0.840159
vt 0.690088 0.846699
vt 0.690088 0.802834
vt 0.690088 0.846126
vt 0.690088 0.848855
vt 0.690088 0.823650
vt 0.637441 0.831086
vt 0.643013 0.840159
vt 0.725686 0.774259
vt 0.665352 0.774259
vt 0.690088 0.856880
vt 0.639035 0.774259
vt 0.691032 0.774259
vt 0.689699 0.774259
vt 0.830474 0.762127
vt 0.834997 0.943128
vt 0.843857 0.901980
vt 0.833848 0.762127
vt 0.836079 0.901132
vt 0.833611 0.762127
vt 0.787732 0.901157
vt 0.791911 0.762127
vt 0.788774 0.762127
vt 0.778529 0.900992
vt 0.788536 0.762127
vt 0.787388 0.901132
vt 0.829339 0.762127
vt 0.817484 0.762127
vt 0.816649 0.901008
vt 0.805735 0.900992
vt 0.806507 0.762127
vt 0.793046 0.762127
vt 0.815878 0.762127
vt 0.811193 0.813131
vt 0.152340 0.622919
vt 0.152241 0.620163
vt 0.144407 0.572086
vt 0.820285 0.815794
vt 0.811192 0.799958
vt 0.156475 0.517949
vt 0.160076 0.517948
vt 0.152241 0.517948
vt 0.146922 0.517948
vt 0.150523 0.517948
vt 0.160076 0.620159
vt 0.160076 0.620164
vt 0.152241 0.572086
vt 0.152241 0.572086
vt 0.819649 0.871854
vt 0.819027 0.897143
vt 0.804901 0.762127
vt 0.080474 0.262127
vt 0.083848 0.262127
vt 0.083611 0.262127
vt 0.041911 0.262127
vt 0.038774 0.262127
vt 0.038536 0.262127
vt 0.079339 0.262127
vt 0.067484 0.262127
vt 0.056507 0.262127
vt 0.043046 0.262127
vt 0.065878 0.262127
vt 0.060997 0.312418
vt 0.052100 0.299958
vt 0.052982 0.381865
vt 0.054187 0.371854
vt 0.060364 0.384047
vt 0.070285 0.314676
vt 0.061193 0.299958
vt 0.060997 0.336446
vt 0.064978 0.361343
vt 0.069720 0.361343
vt 0.276950 0.767948
vt 0.281475 0.767949
vt 0.278960 0.864101
vt 0.277533 0.824187
vt 0.271064 0.767948
vt 0.273008 0.767948
vt 0.275523 0.767948
vt 0.285076 0.863629
vt 0.069649 0.371854
vt 0.069027 0.397143
vt 0.052664 0.330093
vt 0.057406 0.330093
vt 0.054901 0.262127
vt 0.777242 0.923521
vt 0.777242 0.826479
vt 0.778024 0.826962
vt 0.777912 0.923107
vt 0.815658 0.922996
vt 0.815781 0.826928
vt 0.816508 0.826479
vt 0.816508 0.923521
vt 0.786002 0.923521
vt 0.786002 0.826479
vt 0.807748 0.826479
vt 0.807748 0.923521
vt 0.777242 0.795229
vt 0.786002 0.795229
vt 0.807748 0.795229
vt 0.816508 0.795229
vt 0.786002 0.954771
vt 0.777242 0.954771
vt 0.816508 0.954771
vt 0.807748 0.954771
vt 0.652720 0.826775
vt 0.652242 0.826479
vt 0.652242 0.923521
vt 0.653322 0.922854
vt 0.691508 0.826479
vt 0.690346 0.827197
vt 0.690984 0.923197
vt 0.684865 0.923521
vt 0.661002 0.826479
vt 0.661002 0.923521
vt 0.652242 0.795229
vt 0.661002 0.795229
vt 0.682748 0.826479
vt 0.691508 0.795229
vt 0.682748 0.795229
vt 0.652242 0.954771
vt 0.661002 0.954771
vt 0.969751 0.857972
vt 0.908711 0.857972
vt 0.908711 0.799476
vt 0.969751 0.799476
vt 0.969751 0.868314
vt 0.969751 0.926287
vt 0.935761 0.962865
vt 0.907728 0.962865
vt 0.969159 0.857972
vt 0.969159 0.799476
vt 0.968371 0.763213
vt 0.962858 0.763213
vt 0.962858 0.778838
vt 0.962858 0.915990
vt 0.968371 0.962865
vt 0.962858 0.962865
vt 0.969159 0.926287
vt 0.969159 0.868314
vt 0.909303 0.857972
vt 0.909303 0.799476
vt 0.910091 0.763213
vt 0.915604 0.763213
vt 0.915604 0.778838
vt 0.915604 0.915990
vt 0.915604 0.962865
vt 0.910091 0.962865
vt 0.909303 0.926287
vt 0.909303 0.868314
vt 0.962858 0.842856
vt 0.915604 0.842856
vt 0.970734 0.962865
vt 0.942701 0.962865
vt 0.970734 0.778838
vt 0.970734 0.915990
vt 0.908711 0.926287
vt 0.908711 0.868314
vt 0.907728 0.778838
vt 0.907728 0.915990
vt 0.939231 0.931615
vt 0.942701 0.931615
vt 0.935761 0.978490
vt 0.935761 0.975366
vt 0.939231 0.978490
vt 0.935761 0.975365
vt 0.144223 0.887997
vt 0.144223 0.907825
vt 0.205171 0.840566
vt 0.154729 0.848510
vt 0.165645 0.848510
vt 0.202700 0.848510
vt 0.191784 0.848510
vt 0.190707 0.817260
vt 0.190280 0.838481
vt 0.190292 0.838418
vt 0.166721 0.817260
vt 0.167177 0.838622
vt 0.167107 0.838272
vt 0.172431 0.843806
vt 0.172451 0.843810
vt 0.184997 0.843806
vt 0.184977 0.843810
vt 0.188390 0.841927
vt 0.169038 0.841927
vt 0.186519 0.860705
vt 0.184977 0.859435
vt 0.188390 0.857552
vt 0.189671 0.858613
vt 0.191329 0.855378
vt 0.190280 0.854106
vt 0.166087 0.855312
vt 0.167107 0.853897
vt 0.169038 0.857552
vt 0.167758 0.858613
vt 0.171214 0.860787
vt 0.172431 0.859431
vt 0.191341 0.855312
vt 0.190292 0.854043
vt 0.186215 0.860787
vt 0.184997 0.859431
vt 0.170911 0.860705
vt 0.172451 0.859435
vt 0.166099 0.855380
vt 0.167177 0.854247
vt 0.191784 0.832885
vt 0.190707 0.832885
vt 0.165645 0.832885
vt 0.166721 0.832885
vt 0.086272 0.876354
vt 0.084337 0.876354
vt 0.084337 0.884411
vt 0.086272 0.884411
vt 0.091003 0.876354
vt 0.092938 0.876354
vt 0.092938 0.884411
vt 0.091003 0.884411
vt 0.092938 0.946911
vt 0.092938 0.954968
vt 0.086487 0.886690
vt 0.086487 0.876354
vt 0.090788 0.876354
vt 0.090788 0.886690
vt 0.084337 0.946911
vt 0.084337 0.954968
vt 0.143826 0.887997
vt 0.143826 0.907825
vt 0.144223 0.887997
vt 0.144223 0.907825
vt 0.560193 0.878486
vt 0.560193 0.824639
vt 0.560193 0.821841
vt 0.560193 0.881284
vt 0.561125 0.852158
vt 0.569519 0.852158
vt 0.569519 0.913467
vt 0.561125 0.913467
vt 0.569519 0.897842
vt 0.569519 0.836533
vt 0.569519 0.840264
vt 0.569519 0.894111
vt 0.561804 0.886128
vt 0.535653 0.912280
vt 0.525553 0.912280
vt 0.561804 0.876029
vt 0.561804 0.918697
vt 0.536971 0.943530
vt 0.561804 0.843460
vt 0.524234 0.881030
vt 0.144223 0.887997
vt 0.205171 0.840566
vt 0.207017 0.820662
vt 0.205171 0.840566
vt 0.207017 0.820662
vt 0.173680 0.880891
vt 0.173680 0.848510
vt 0.154491 0.848510
vt 0.170681 0.848510
vt 0.170681 0.880891
vt 0.154491 0.880891
vt 0.173680 0.865266
vt 0.170681 0.865266
vt 0.170681 0.832885
vt 0.173680 0.832885
vt 0.183273 0.848510
vt 0.183273 0.880891
vt 0.178476 0.880891
vt 0.178476 0.848510
vt 0.178476 0.832885
vt 0.178476 0.865266
vt 0.183273 0.865266
vt 0.183273 0.832885
vt 0.051532 0.884411
vt 0.048629 0.884411
vt 0.048629 0.876354
vt 0.051532 0.876354
vt 0.048629 0.946911
vt 0.054327 0.946911
vt 0.054327 0.876354
vt 0.054327 0.884411
vt 0.050564 0.876354
vt 0.050564 0.884411
vt 0.050779 0.876354
vt 0.050779 0.886690
vt 0.050994 0.884411
vt 0.050994 0.876354
vt 0.050564 0.946911
vt 0.052930 0.876354
vt 0.052930 0.884411
vt 0.050994 0.946911
vt 0.052930 0.946911
vt 0.054175 0.876354
vt 0.054175 0.886690
vt 0.144223 0.887997
vt 0.204773 0.840566
vt 0.206619 0.820662
vt 0.050564 0.866689
vt 0.050564 0.884413
vt 0.048629 0.884413
vt 0.048629 0.866689
vt 0.051532 0.866689
vt 0.051532 0.884413
vt 0.050994 0.804189
vt 0.050564 0.804189
vt 0.048629 0.804189
vt 0.050994 0.884413
vt 0.050994 0.866689
vt 0.050779 0.881190
vt 0.050779 0.864410
vt 0.051684 0.881190
vt 0.051684 0.864410
vt 0.054327 0.884413
vt 0.054327 0.866689
vt 0.054327 0.804189
vt 0.052930 0.804189
vt 0.052930 0.884413
vt 0.052930 0.866689
vt 0.054175 0.881190
vt 0.054175 0.864410
vt 0.144223 0.887997
vt 0.144223 0.907825
vt 0.207017 0.820662
vt 0.144223 0.887997
vt 0.204773 0.840566
vt 0.206619 0.820662
vt 0.036791 0.993010
vt 0.037868 0.993010
vt 0.061853 0.993010
vt 0.062930 0.993010
vt 0.152867 0.853907
vt 0.200838 0.853907
vt 0.189468 0.855377
vt 0.188485 0.853767
vt 0.186528 0.857552
vt 0.187809 0.858613
vt 0.184400 0.860774
vt 0.183109 0.859437
vt 0.169005 0.860693
vt 0.170754 0.859468
vt 0.165896 0.858613
vt 0.164248 0.855438
vt 0.165253 0.853936
vt 0.164860 0.839481
vt 0.163783 0.839481
vt 0.189922 0.839481
vt 0.188845 0.839481
vt 0.189468 0.855377
vt 0.184399 0.860774
vt 0.183109 0.859436
vt 0.169005 0.860693
vt 0.164248 0.855438
vt 0.165253 0.853937
vt 0.144223 0.887997
vt 0.144223 0.907825
vt 0.205171 0.840566
vt 0.207016 0.820662
vt 0.205171 0.840566
vt 0.207017 0.820662
vt 0.143826 0.887997
vt 0.143826 0.907825
vt 0.204773 0.840566
vt 0.206619 0.820662
vt 0.143826 0.887997
vt 0.143826 0.907825
vt 0.164982 0.855106
vt 0.164982 0.852408
vt 0.188722 0.852408
vt 0.188722 0.855106
vt 0.164860 0.886356
vt 0.188845 0.886356
vt 0.164982 0.821158
vt 0.188722 0.821158
vt 0.189922 0.819959
vt 0.163783 0.819959
vt 0.163783 0.886356
vt 0.189922 0.886356
vt 0.164982 0.836783
vt 0.164982 0.839481
vt 0.163783 0.835584
vt 0.170569 0.843806
vt 0.170589 0.843810
vt 0.183136 0.843806
vt 0.183116 0.843810
vt 0.186528 0.841927
vt 0.188390 0.838622
vt 0.188459 0.838272
vt 0.165287 0.838481
vt 0.167177 0.841927
vt 0.165275 0.838418
vt 0.184657 0.860705
vt 0.183116 0.859435
vt 0.189467 0.855379
vt 0.188390 0.854247
vt 0.164226 0.855312
vt 0.165275 0.854043
vt 0.169352 0.860787
vt 0.170569 0.859431
vt 0.189479 0.855312
vt 0.188459 0.853897
vt 0.184353 0.860787
vt 0.183136 0.859431
vt 0.169048 0.860705
vt 0.170589 0.859435
vt 0.164238 0.855380
vt 0.165287 0.854106
vt 0.188845 0.823856
vt 0.164860 0.823856
vt 0.188722 0.836783
vt 0.189922 0.835584
vt 0.188722 0.839481
vt 0.164982 0.886356
vt 0.188722 0.886356
vt 0.144223 0.887997
vt 0.144223 0.907825
vt 0.204773 0.840566
vt 0.206619 0.820662
vt 0.452594 0.974269
vt 0.411906 0.974269
vt 0.411906 0.927248
vt 0.452594 0.927248
vt 0.411906 0.762092
vt 0.452594 0.762092
vt 0.452073 0.841496
vt 0.452073 0.888517
vt 0.411906 0.944347
vt 0.411906 0.957171
vt 0.404736 0.961269
vt 0.425876 0.961269
vt 0.400256 0.961269
vt 0.402166 0.771957
vt 0.466568 0.987413
vt 0.432035 0.987413
vt 0.453179 0.987413
vt 0.446184 0.798101
vt 0.446184 0.798101
vt 0.414353 0.771957
vt 0.443562 0.798101
vt 0.416975 0.771957
vt 0.175882 0.913454
vt 0.192284 0.924859
vt 0.192284 0.924859
vt 0.175882 0.925331
vt 0.175882 0.925331
vt 0.205374 0.880891
vt 0.205374 0.848510
vt 0.189184 0.848510
vt 0.189184 0.880891
vt 0.185586 0.848510
vt 0.177191 0.848510
vt 0.177191 0.863501
vt 0.185586 0.863501
vt 0.157404 0.880891
vt 0.173594 0.880891
vt 0.173594 0.848510
vt 0.157404 0.848510
vt 0.185586 0.865900
vt 0.185586 0.880891
vt 0.177191 0.880891
vt 0.177191 0.865900
vt 0.176344 0.880325
vt 0.177191 0.879126
vt 0.185586 0.879126
vt 0.186435 0.880325
vt 0.177191 0.834650
vt 0.176344 0.833450
vt 0.186435 0.833450
vt 0.185586 0.834650
vt 0.176344 0.864700
vt 0.186435 0.864700
vt 0.185586 0.865266
vt 0.185586 0.850275
vt 0.185586 0.847876
vt 0.185586 0.832885
vt 0.177191 0.850275
vt 0.177191 0.865266
vt 0.177191 0.832885
vt 0.177191 0.847876
vt 0.078372 0.884411
vt 0.077727 0.884411
vt 0.077727 0.876354
vt 0.078372 0.876354
vt 0.078372 0.954968
vt 0.078372 0.946911
vt 0.077727 0.946911
vt 0.076759 0.876354
vt 0.074824 0.876354
vt 0.074824 0.884411
vt 0.076759 0.884411
vt 0.081490 0.876354
vt 0.083425 0.876354
vt 0.083425 0.884411
vt 0.081490 0.884411
vt 0.078372 0.884413
vt 0.077727 0.884413
vt 0.077727 0.866689
vt 0.078372 0.866689
vt 0.076759 0.946911
vt 0.074824 0.946911
vt 0.078372 0.796132
vt 0.077727 0.796132
vt 0.077727 0.804189
vt 0.078372 0.804189
vt 0.078372 0.993788
vt 0.077727 0.993788
vt 0.079877 0.876354
vt 0.080522 0.876354
vt 0.080522 0.884411
vt 0.079877 0.884411
vt 0.081059 0.946911
vt 0.080522 0.946911
vt 0.081059 0.876354
vt 0.081059 0.884411
vt 0.079877 0.954968
vt 0.079877 0.946911
vt 0.079877 0.884413
vt 0.079877 0.866689
vt 0.079877 0.796132
vt 0.079877 0.804189
vt 0.080522 0.866689
vt 0.080522 0.884413
vt 0.079877 0.993788
vt 0.080522 0.804189
vt 0.080522 0.796132
vt 0.080522 0.993788
vt 0.077189 0.876354
vt 0.077189 0.884411
vt 0.081275 0.876354
vt 0.081275 0.886690
vt 0.076974 0.876354
vt 0.076974 0.886690
vt 0.081490 0.946911
vt 0.083425 0.946911
vt 0.077189 0.946911
vt 0.144223 0.887997
vt 0.144223 0.907825
vt 0.205171 0.840566
vt 0.207016 0.820662
vt 0.060091 0.804189
vt 0.058801 0.804189
vt 0.058801 0.866689
vt 0.058801 0.884413
vt 0.060091 0.866689
vt 0.060091 0.884413
vt 0.204773 0.840566
vt 0.206619 0.820662
vt 0.194128 0.853176
vt 0.196014 0.854284
vt 0.180148 0.878120
vt 0.179380 0.874560
vt 0.186848 0.837950
vt 0.187002 0.836009
vt 0.194128 0.837551
vt 0.196014 0.838659
vt 0.173889 0.858132
vt 0.175067 0.857458
vt 0.173016 0.847182
vt 0.175067 0.855413
vt 0.173016 0.815932
vt 0.175067 0.826208
vt 0.175067 0.824163
vt 0.186737 0.836997
vt 0.175067 0.841833
vt 0.173889 0.842507
vt 0.178989 0.841695
vt 0.186737 0.821372
vt 0.187002 0.820384
vt 0.175431 0.843706
vt 0.173016 0.831557
vt 0.175431 0.828081
vt 0.194128 0.821926
vt 0.186551 0.871689
vt 0.190059 0.878721
vt 0.186848 0.869200
vt 0.175067 0.839788
vt 0.186551 0.856064
vt 0.185657 0.859111
vt 0.190059 0.863096
vt 0.188156 0.861617
vt 0.180148 0.846870
vt 0.182165 0.844652
vt 0.188156 0.845992
vt 0.190059 0.847471
vt 0.182165 0.829027
vt 0.188156 0.830367
vt 0.185657 0.843486
vt 0.144223 0.887997
vt 0.144223 0.907825
vt 0.192285 0.924859
vt 0.202540 0.905071
vt 0.183164 0.905854
vt 0.167425 0.882324
vt 0.183164 0.882101
vt 0.181139 0.811138
vt 0.154233 0.811519
vt 0.177070 0.869801
vt 0.167425 0.870447
vt 0.154233 0.799642
vt 0.170723 0.798538
vt 0.177070 0.881678
vt 0.170723 0.810415
vt 0.207820 0.809352
vt 0.198774 0.881056
vt 0.207820 0.821228
vt 0.214259 0.821675
vt 0.192285 0.924859
vt 0.175882 0.913454
vt 0.175851 0.882205
vt 0.192314 0.893608
vt 0.175882 0.925331
vt 0.175882 0.925331
vt 0.175882 0.925331
vt 0.175882 0.925331
vt 0.175851 0.894081
vt 0.144223 0.887997
vt 0.144223 0.907825
vt 0.207017 0.820662
vt 0.143826 0.887997
vt 0.143826 0.907825
vt 0.144223 0.887997
vt 0.144223 0.907825
vt 0.204773 0.840566
vt 0.143825 0.887997
vt 0.143825 0.907825
vt 0.204773 0.840566
vt 0.204773 0.840566
vt 0.206619 0.820662
vt 0.144223 0.887997
vt 0.144223 0.907825
vt 0.184591 0.860723
vt 0.182853 0.859487
vt 0.165253 0.853936
vt 0.170892 0.861203
vt 0.144223 0.887997
vt 0.144223 0.907825
vt 0.189468 0.855377
vt 0.204773 0.840566
vt 0.206619 0.820662
vt 0.206619 0.820662
vt 0.184399 0.860774
vt 0.183109 0.859436
vt 0.169005 0.860693
vt 0.164248 0.855438
vt 0.169004 0.860693
vt 0.143825 0.887997
vt 0.143825 0.907825
vt 0.206619 0.820662
vt 0.143825 0.887997
vt 0.204773 0.840566
vt 0.206619 0.820662
vt 0.170569 0.843806
vt 0.170493 0.843791
vt 0.183081 0.843817
vt 0.183116 0.843810
vt 0.188390 0.838622
vt 0.165275 0.838418
vt 0.184657 0.860705
vt 0.188390 0.854247
vt 0.164226 0.855312
vt 0.165275 0.854043
vt 0.169352 0.860787
vt 0.170569 0.859431
vt 0.184541 0.860736
vt 0.183081 0.859442
vt 0.164238 0.855381
vt 0.165287 0.854106
vt 0.416975 0.771957
vt 0.175882 0.913454
vt 0.192285 0.924859
vt 0.192284 0.924859
vt 0.175882 0.925331
vt 0.175882 0.925331
vt 0.188485 0.853767
vt 0.184399 0.860774
vt 0.183109 0.859437
vt 0.169005 0.860693
vt 0.164248 0.855438
vt 0.182852 0.859488
vt 0.143826 0.887997
vt 0.143826 0.907825
vt 0.204773 0.840566
vt 0.206619 0.820662
vt 0.204773 0.840566
vt 0.144223 0.887997
vt 0.144223 0.907825
vt 0.205171 0.840566
vt 0.207017 0.820662
vt 0.207017 0.820662
vt 0.144223 0.887997
vt 0.206619 0.820662
vt 0.144223 0.887997
vt 0.204773 0.840566
vt 0.206619 0.820662
vt 0.703442 0.870536
vt 0.677882 0.871357
vt 0.652027 0.870536
vt 0.677734 0.870536
vt 0.707522 0.870536
vt 0.703442 0.854911
vt 0.706517 0.837947
vt 0.675502 0.901786
vt 0.648897 0.870997
vt 0.675502 0.839286
vt 0.677898 0.809087
vt 0.648897 0.808476
vt 0.706578 0.871172
vt 0.647947 0.870536
vt 0.633084 0.854241
vt 0.677734 0.839050
vt 0.677887 0.871435
vt 0.648913 0.870467
vt 0.677898 0.809087
vt 0.648905 0.808214
vt 0.677887 0.871434
vt 0.648897 0.870984
vt 0.677632 0.854241
vt 0.677909 0.871753
vt 0.648891 0.871172
vt 0.633084 0.854241
vt 0.649220 0.839426
vt 0.677938 0.872171
vt 0.648903 0.870779
vt 0.677607 0.854241
vt 0.706560 0.870594
vt 0.648891 0.871172
vt 0.677789 0.810471
vt 0.677833 0.870641
vt 0.648864 0.872037
vt 0.677882 0.871357
vt 0.648864 0.872037
vt 0.706578 0.871172
vt 0.648903 0.870792
vt 0.678074 0.874163
vt 0.677898 0.871587
vt 0.677734 0.838906
vt 0.648896 0.871006
vt 0.706578 0.871172
vt 0.677734 0.838688
vt 0.677843 0.808292
vt 0.648913 0.807967
vt 0.677869 0.871174
vt 0.648897 0.870976
vt 0.649063 0.838557
vt 0.677720 0.873570
vt 0.706577 0.871140
vt 0.677887 0.871435
vt 0.648873 0.871753
vt 0.706599 0.871844
vt 0.677887 0.871435
vt 0.648880 0.871537
vt 0.706593 0.871659
vt 0.677887 0.871435
vt 0.706599 0.871844
vt 0.677909 0.871753
vt 0.648896 0.871006
vt 0.677894 0.871537
vt 0.648864 0.872037
vt 0.677894 0.871537
vt 0.677734 0.838906
vt 0.649126 0.838906
vt 0.677749 0.873568
vt 0.677833 0.870641
vt 0.648864 0.872037
vt 0.677632 0.854241
vt 0.677898 0.809087
vt 0.648880 0.809037
vt 0.648909 0.870594
vt 0.677938 0.809670
vt 0.648864 0.809538
vt 0.648879 0.871578
vt 0.677938 0.809671
vt 0.648909 0.870594
vt 0.677869 0.871174
vt 0.633084 0.854241
vt 0.648869 0.871888
vt 0.677734 0.838975
vt 0.706599 0.871844
vt 0.677734 0.838974
vt 0.677789 0.872971
vt 0.677734 0.839050
vt 0.677734 0.838688
vt 0.677734 0.839245
vt 0.677676 0.872833
vt 0.677676 0.872833
vt 0.677736 0.809485
vt 0.677676 0.872832
vt 0.677720 0.873568
vt 0.648873 0.871753
vt 0.677856 0.870977
vt 0.649152 0.839050
vt 0.677909 0.871754
vt 0.648903 0.870779
vt 0.677887 0.871435
vt 0.648873 0.871753
vt 0.677869 0.871174
vt 0.648864 0.872038
vt 0.677736 0.871985
vt 0.677732 0.871985
vt 0.677732 0.871985
s 1
usemtl texture.104
f 104/1/1 116/2/1 117/3/1
f 106/4/2 115/5/3 114/6/4
f 104/7/5 113/8/6 112/9/7
f 109/10/8 108/11/9 107/12/10
f 111/13/11 110/14/12 105/15/13
f 107/16/14 116/17/15 105/18/13
f 114/19/4 113/20/6 117/21/16
f 118/22/17 130/23/17 131/24/17
f 120/25/18 129/26/19 128/27/20
f 118/28/21 127/29/22 126/30/23
f 123/31/24 122/32/25 121/33/26
f 125/34/27 124/35/28 119/36/29
f 128/37/20 127/38/22 131/39/30
f 121/40/31 130/41/32 119/42/29
f 138/43/12 140/44/33 139/45/34
f 141/46/26 133/47/24 132/48/35
f 136/49/9 142/50/10 137/51/8
f 143/52/36 135/53/37 134/54/28
f 150/43/38 152/44/33 151/45/34
f 153/46/26 145/47/39 144/48/35
f 148/49/40 154/50/10 149/51/41
f 155/52/36 147/53/37 146/54/42
f 162/43/12 164/44/33 163/45/19
f 165/46/26 157/47/24 156/48/25
f 160/49/40 166/50/10 161/51/8
f 167/52/36 159/53/37 158/54/28
f 175/49/9 169/50/10 174/51/8
f 170/46/26 178/47/39 179/48/35
f 168/52/36 176/53/3 177/54/28
f 173/43/12 171/44/33 172/45/34
f 180/1/43 192/2/43 193/3/43
f 182/4/44 191/5/45 190/6/46
f 180/7/47 189/8/48 188/9/49
f 185/10/50 184/11/51 183/12/52
f 187/13/53 186/14/54 181/15/55
f 183/16/56 192/17/57 181/18/55
f 190/19/46 189/20/48 193/21/58
f 194/22/59 206/23/59 207/24/59
f 196/25/60 205/26/61 204/27/62
f 194/28/63 203/29/64 202/30/65
f 199/31/66 198/32/67 197/33/68
f 201/34/69 200/35/70 195/36/71
f 204/37/62 203/55/64 207/39/72
f 197/40/73 206/56/74 195/42/71
f 214/43/54 216/44/75 215/45/61
f 217/46/68 209/47/66 208/48/67
f 212/49/51 218/50/52 213/51/76
f 219/52/77 211/53/45 210/54/70
f 226/43/78 228/44/75 227/45/61
f 229/46/68 221/47/79 220/48/80
f 224/49/51 230/50/52 225/51/76
f 231/52/77 223/53/81 222/54/82
f 238/43/54 240/44/75 239/45/61
f 241/46/68 233/47/66 232/48/80
f 236/49/51 242/50/52 237/51/50
f 243/52/77 235/53/45 234/54/70
f 251/49/51 245/50/52 250/51/50
f 246/46/68 254/47/79 255/48/67
f 244/52/77 252/53/45 253/54/70
f 249/43/54 247/44/75 248/45/61
f 293/57/83 301/58/83 299/59/83
f 303/60/84 304/61/85 302/62/86
f 313/63/87 314/64/88 315/65/89
f 312/66/90 311/67/91 318/68/92
f 321/63/93 322/69/94 323/65/95
f 320/70/96 319/67/97 326/68/98
f 332/71/99 334/59/99 336/58/99
f 387/72/100 348/73/100 360/72/100
f 349/74/100 384/75/100 356/75/100
f 350/74/100 366/75/100 385/75/100
f 362/72/100 351/73/100 386/72/100
f 361/76/100 359/77/100 390/77/100
f 360/72/100 361/76/100 387/72/100
f 388/78/101 387/79/101 361/78/102
f 363/77/100 364/76/100 391/77/100
f 364/76/100 362/72/100 386/72/100
f 389/78/103 391/80/103 364/78/104
f 367/81/100 365/82/100 380/82/100
f 366/75/100 367/81/100 385/75/100
f 383/83/103 385/84/103 367/83/104
f 358/81/100 356/75/100 384/75/100
f 357/82/100 358/81/100 381/82/100
f 382/83/101 381/85/101 358/83/102
f 386/79/105 389/78/105 364/78/106
f 390/80/107 388/78/107 361/78/108
f 380/85/105 383/83/105 367/83/106
f 384/84/107 382/83/107 358/83/108
f 340/86/109 338/57/109 342/71/109
f 77/277/426 76/278/426 10/279/426 11/280/426
f 1/277/520 8/280/520 5/279/520 2/278/520
f 347/789/420 1/277/420 77/277/420 79/789/420
f 75/790/417 76/278/417 2/278/417 78/790/417
f 17/791/1300 16/791/1300 13/792/1300 4/792/1300
f 12/793/417 7/793/417 16/791/417 17/791/417
f 9/794/100 6/794/100 7/793/100 12/793/100
f 347/789/520 78/790/520 14/795/520 15/796/520
f 347/789/520 15/796/520 8/280/520 1/277/520
f 79/789/426 77/277/426 11/280/426 18/796/426
f 78/790/520 2/278/520 5/279/520 14/795/520
f 79/789/426 18/796/426 3/795/426 75/790/426
f 75/790/426 3/795/426 10/279/426 76/278/426
f 3/795/1301 4/792/1302 9/794/1303 10/279/1304
f 15/796/1305 16/791/1306 7/793/1307 8/280/1308
f 6/794/1309 13/792/1310 14/795/1311 5/279/1312
f 12/793/1313 17/791/1314 18/796/1315 11/280/1316
f 6/794/1309 5/279/1312 8/280/1308 7/793/1307
f 11/280/1316 10/279/1304 9/794/1303 12/793/1313
f 15/796/1305 14/795/1311 13/792/1310 16/791/1306
f 4/792/1302 3/795/1301 18/796/1315 17/791/1314
f 4/792/420 13/792/420 6/794/420 9/794/420
f 42/797/1317 40/798/1318 36/799/1319 38/800/1320
f 39/801/1321 41/802/1322 37/803/1323 35/804/1324
f 41/802/1322 39/801/1321 40/798/1318 42/797/1317
f 43/805/1325 19/806/1326 21/807/1326 45/808/1327
f 40/798/1318 39/801/1321 35/804/1324 36/799/1319
f 41/809/1322 42/810/1317 38/810/1320 37/809/1323
f 43/811/1325 45/812/1327 46/813/1328 44/814/1329
f 21/815/426 19/816/426 20/817/426 22/818/426
f 23/806/1330 47/819/1331 49/820/1332 25/807/1330
f 46/821/1328 22/822/1333 20/823/1333 44/824/1329
f 20/817/1334 19/816/1334 43/825/1325 44/817/1329
f 45/826/1327 21/815/1335 22/818/1335 46/818/1328
f 49/812/1332 47/811/1331 48/814/1336 50/813/1337
f 26/822/1338 50/827/1337 48/828/1336 24/823/1338
f 51/829/1325 27/830/1326 29/831/1326 53/832/1327
f 23/816/520 25/815/520 26/818/520 24/817/520
f 47/825/1331 23/816/1339 24/817/1339 48/817/1336
f 26/818/1340 25/815/1340 49/826/1332 50/818/1337
f 51/833/1325 53/834/1327 54/835/1328 52/836/1329
f 29/837/426 27/838/426 28/839/426 30/840/426
f 31/830/1330 55/841/1331 57/842/1332 33/831/1330
f 54/843/1328 30/844/1333 28/845/1333 52/846/1329
f 28/839/1334 27/838/1334 51/847/1325 52/839/1329
f 53/848/1327 29/837/1335 30/840/1335 54/840/1328
f 57/834/1332 55/833/1331 56/836/1336 58/835/1337
f 34/844/1338 58/849/1337 56/850/1336 32/845/1338
f 59/851/1324 61/852/1323 62/853/1320 60/854/1319
f 31/838/520 33/837/520 34/840/520 32/839/520
f 55/847/1331 31/838/1339 32/839/1339 56/839/1336
f 34/840/1340 33/837/1340 57/848/1332 58/840/1337
f 66/855/1317 64/856/1318 60/854/1319 62/853/1320
f 63/857/1321 65/858/1322 61/852/1323 59/851/1324
f 65/858/1322 63/857/1321 64/856/1318 66/855/1317
f 64/856/1318 63/857/1321 59/851/1324 60/854/1319
f 65/859/1322 66/860/1317 62/860/1320 61/859/1323
f 35/804/1324 37/803/1323 38/800/1320 36/799/1319
f 86/861/520 90/862/520 101/863/520 99/864/520
f 101/865/497 103/350/497 100/353/497 99/866/497
f 95/866/464 97/353/464 94/350/464 93/865/464
f 80/862/426 84/861/426 95/864/426 93/863/426
f 83/867/426 68/868/426 72/869/426 96/870/426
f 69/868/520 87/867/520 98/870/520 73/869/520
f 98/356/497 100/353/497 2/871/497 73/352/497
f 89/872/520 70/873/520 74/874/520 102/875/520
f 92/349/464 94/350/464 77/351/464 71/348/464
f 85/876/1341 97/877/1341 95/864/1341 84/861/1341
f 96/870/1342 97/877/1342 85/876/1342 83/867/1342
f 82/878/1341 94/879/1341 92/875/1341 81/872/1341
f 93/863/1342 94/879/1342 82/878/1342 80/862/1342
f 91/878/1343 103/879/1343 101/863/1343 90/862/1343
f 102/875/1344 103/879/1344 91/878/1344 89/872/1344
f 88/876/1343 100/877/1343 98/870/1343 87/867/1343
f 99/864/1344 100/877/1344 88/876/1344 86/861/1344
f 67/873/426 81/872/426 92/875/426 71/874/426
f 1/351/497 2/871/497 100/353/497 103/350/497
f 102/349/497 74/348/497 1/351/497 103/350/497
f 76/871/464 77/351/464 94/350/464 97/353/464
f 96/356/464 72/352/464 76/871/464 97/353/464
f 1/351/420 74/348/420 71/348/420 77/351/420
f 74/874/420 70/873/420 67/873/420 71/874/420
f 72/352/417 73/352/417 2/871/417 76/871/417
f 68/868/417 69/868/417 73/869/417 72/869/417
f 106/880/2 107/881/10 108/882/9 115/883/3
f 105/884/13 104/885/5 112/886/7 111/887/11
f 116/888/1345 106/889/2 114/19/4 117/21/16
f 107/16/14 106/308/1346 116/17/15
f 105/18/13 116/17/15 104/890/5
f 120/891/18 121/892/26 122/893/25 129/894/19
f 104/895/5 117/21/16 113/20/6
f 119/896/29 118/897/21 126/898/23 125/899/27
f 107/900/10 105/901/13 110/902/12 109/903/8
f 121/904/26 119/905/29 124/906/28 123/907/24
f 121/40/31 120/908/1347 130/41/32
f 130/909/1348 120/910/18 128/37/20 131/39/30
f 119/42/29 130/41/32 118/911/21
f 140/912/520 142/913/520 143/914/520 141/915/520
f 118/916/21 131/39/30 127/38/22
f 139/917/34 140/918/33 141/919/26 132/920/35
f 137/921/8 142/922/10 140/923/33 138/924/12
f 135/925/37 143/926/36 142/927/10 136/928/9
f 133/929/24 141/930/26 143/931/36 134/932/28
f 152/912/520 154/913/520 155/914/520 153/915/520
f 151/917/34 152/918/33 153/919/26 144/920/35
f 149/921/41 154/922/10 152/923/33 150/924/38
f 147/925/37 155/926/36 154/927/10 148/928/40
f 146/932/42 145/929/39 153/930/26 155/931/36
f 164/912/520 166/913/520 167/914/520 165/915/520
f 156/920/25 163/917/19 164/918/33 165/919/26
f 161/921/8 166/922/10 164/923/33 162/924/12
f 159/925/37 167/926/36 166/927/10 160/928/40
f 157/929/24 165/930/26 167/931/36 158/932/28
f 171/912/520 169/913/520 168/914/520 170/915/520
f 173/924/12 174/921/8 169/922/10 171/923/33
f 178/929/39 170/930/26 168/931/36 177/932/28
f 172/917/34 171/918/33 170/919/26 179/920/35
f 176/925/3 168/926/36 169/927/10 175/928/9
f 182/880/44 183/881/52 184/882/51 191/883/45
f 181/884/55 180/885/47 188/886/49 187/887/53
f 192/888/1349 182/889/44 190/19/46 193/21/58
f 183/16/56 182/308/1350 192/17/57
f 181/18/55 192/17/57 180/890/47
f 196/891/60 197/892/68 198/893/67 205/894/61
f 180/895/47 193/21/58 189/20/48
f 195/896/71 194/897/63 202/898/65 201/899/69
f 183/900/52 181/901/55 186/902/54 185/903/50
f 197/904/68 195/905/71 200/906/70 199/907/66
f 197/40/73 196/908/1351 206/56/74
f 206/909/1352 196/910/60 204/37/62 207/39/72
f 195/42/71 206/56/74 194/933/63
f 216/912/426 218/913/426 219/914/426 217/915/426
f 194/934/63 207/39/72 203/55/64
f 215/917/61 216/918/75 217/919/68 208/920/67
f 213/921/76 218/922/52 216/923/75 214/924/54
f 211/925/45 219/926/77 218/927/52 212/928/51
f 209/929/66 217/930/68 219/931/77 210/932/70
f 228/912/426 230/913/426 231/914/426 229/915/426
f 227/917/61 228/918/75 229/919/68 220/920/80
f 225/921/76 230/922/52 228/923/75 226/924/78
f 223/925/81 231/926/77 230/927/52 224/928/51
f 221/929/79 229/930/68 231/931/77 222/932/82
f 240/912/426 242/913/426 243/914/426 241/915/426
f 232/920/80 239/917/61 240/918/75 241/919/68
f 237/921/50 242/922/52 240/923/75 238/924/54
f 235/925/45 243/926/77 242/927/52 236/928/51
f 233/929/66 241/930/68 243/931/77 234/932/70
f 247/912/426 245/913/426 244/914/426 246/915/426
f 249/924/54 250/921/50 245/922/52 247/923/75
f 254/929/79 246/930/68 244/931/77 253/932/70
f 248/917/61 247/918/75 246/919/68 255/920/67
f 252/925/45 244/926/77 245/927/52 251/928/51
f 260/935/1353 288/936/1354 264/937/1354 256/938/1353
f 266/939/1355 265/940/520 287/941/520 286/942/1355
f 267/937/1356 289/936/1356 263/935/1357 258/938/1357
f 269/939/1358 291/942/1358 290/941/426 268/940/426
f 262/943/1359 291/944/1358 269/945/1358 259/946/1359
f 290/947/426 289/948/1356 267/949/1356 268/950/426
f 271/951/520 270/952/520 272/953/520 273/954/520
f 276/955/1360 275/956/1360 273/957/1360 272/958/1360
f 264/949/1354 288/948/1354 287/947/520 265/950/520
f 277/959/1361 276/960/1361 272/953/1361 270/952/1361
f 275/961/1362 274/962/1362 271/951/1362 273/954/1362
f 274/963/1363 277/964/1363 270/965/1363 271/966/1363
f 279/967/520 278/968/520 280/969/520 281/970/520
f 284/971/1360 283/972/1360 281/973/1360 280/974/1360
f 278/968/1361 285/975/1361 284/976/1361 280/969/1361
f 283/977/1362 282/978/1362 279/967/1362 281/970/1362
f 282/979/1363 285/980/1363 278/981/1363 279/982/1363
f 261/943/1364 257/946/1364 266/945/1355 286/944/1355
f 294/983/1365 292/984/1365 293/985/1365 295/986/1365
f 297/987/1366 296/988/1366 294/989/1366 295/990/1366
f 299/991/1367 298/992/1367 296/993/1367 297/994/1367
f 300/995/1368 298/996/1368 299/997/1368 301/998/1368
f 292/999/1369 300/1000/1369 301/58/1369 293/57/1369
f 306/1001/1370 305/65/1371 304/63/85 303/1002/84
f 308/1003/1372 307/1004/1372 305/1005/1372 306/1006/1372
f 306/464/1370 303/1007/84 310/466/1373 308/465/1373
f 309/1008/1374 307/1009/1374 308/1010/1374 310/1011/1374
f 302/67/1375 309/68/1375 310/466/1375 303/1007/1375
f 313/61/87 311/62/91 312/1012/90 314/1013/88
f 317/1003/1376 316/1004/1376 315/1005/1376 314/1006/1376
f 318/1008/1377 316/1009/1377 317/1010/1378 312/1011/90
f 321/61/93 319/62/97 320/1012/96 322/1013/94
f 325/1003/1379 324/1004/1379 323/1005/1379 322/1006/1379
f 326/1008/1380 324/1009/1380 325/1010/1381 320/1011/96
f 328/985/1382 327/984/1382 329/983/1382 330/986/1382
f 332/987/1383 330/990/1383 329/989/1383 331/988/1383
f 334/991/1384 332/994/1384 331/993/1384 333/992/1384
f 334/997/1385 333/996/1385 335/995/1385 336/998/1385
f 336/58/1386 335/1000/1386 327/999/1386 328/57/1386
f 339/983/1387 337/984/1387 338/985/1387 340/986/1387
f 342/987/1388 341/988/1388 339/989/1388 340/990/1388
f 344/991/1389 343/992/1389 341/993/1389 342/994/1389
f 342/71/109 338/57/109 346/58/109 344/59/109
f 345/995/1390 343/996/1390 344/997/1390 346/998/1390
f 337/999/1391 345/1000/1391 346/58/1391 338/57/1391
f 355/1014/520 351/1015/520 362/1016/520 377/1017/520
f 370/421/492 373/425/492 372/1018/492 368/1019/492
f 376/425/487 379/421/487 378/1019/487 374/1018/487
f 376/425/487 78/424/487 347/420/487 379/421/487
f 378/1020/520 363/1021/520 365/1022/520 374/1023/520
f 371/1024/492 373/425/492 75/424/492 353/1025/492
f 377/1026/487 379/421/487 347/420/487 355/1027/487
f 375/1024/487 354/1025/487 78/424/487 376/425/487
f 353/1028/426 349/1029/426 356/1030/426 371/1031/426
f 357/82/100 381/82/100 390/77/100 359/77/100
f 369/1017/426 360/1016/426 348/1015/426 352/1014/426
f 372/1023/426 357/1022/426 359/1021/426 368/1020/426
f 375/1031/520 366/1030/520 350/1029/520 354/1028/520
f 369/1026/492 352/1027/492 79/420/492 370/421/492
f 364/1032/1343 363/1021/1343 378/1020/1343 379/1033/1343
f 377/1017/1344 362/1016/1344 364/1032/1344 379/1033/1344
f 367/1034/1343 366/1030/1343 375/1031/1343 376/1035/1343
f 374/1023/1344 365/1022/1344 367/1034/1344 376/1035/1344
f 358/1034/1341 357/1022/1341 372/1023/1341 373/1035/1341
f 371/1031/1342 356/1030/1342 358/1034/1342 373/1035/1342
f 361/1032/1341 360/1016/1341 369/1017/1341 370/1033/1341
f 368/1020/1342 359/1021/1342 361/1032/1342 370/1033/1342
f 370/421/492 79/420/492 75/424/492 373/425/492
f 78/424/417 354/1025/417 353/1025/417 75/424/417
f 353/1028/417 354/1028/417 350/1029/417 349/1029/417
f 352/1027/420 355/1027/420 347/420/420 79/420/420
f 351/1015/420 355/1014/420 352/1014/420 348/1015/420
f 349/74/100 350/74/100 385/75/100 384/75/100
f 391/80/103 389/1036/103 388/1036/107 390/80/107
f 389/78/105 386/79/105 387/79/101 388/78/101
f 385/84/103 383/1037/103 382/1037/107 384/84/107
f 383/83/105 380/85/105 381/85/101 382/83/101
f 380/82/100 365/82/100 363/77/100 391/77/100
f 381/82/100 380/82/100 391/77/100 390/77/100
f 387/72/100 386/72/100 351/73/100 348/73/100
f 297/71/83 295/86/83 293/57/83 299/59/83
f 328/57/99 330/86/99 332/71/99 336/58/99
f 312/66/90 317/465/1378 314/1038/88
f 320/70/96 325/465/1381 322/1043/94
usemtl texture.093
f 434/43/12 436/44/33 435/45/34
f 437/46/26 429/47/24 428/48/35
f 432/49/9 438/50/10 433/51/8
f 439/52/36 431/53/3 430/54/28
f 440/1/1 452/2/1 453/3/1
f 442/4/110 451/5/37 450/6/111
f 440/7/112 449/8/6 448/9/7
f 445/10/8 444/11/40 443/12/10
f 447/13/11 446/14/12 441/15/13
f 443/16/113 452/87/114 441/18/13
f 453/21/115 450/88/111 449/89/6
f 454/22/116 466/23/116 467/24/116
f 456/25/117 465/26/34 464/27/118
f 454/28/119 463/29/120 462/30/121
f 459/31/24 458/32/35 457/33/26
f 461/34/122 460/35/28 455/36/123
f 467/39/124 464/90/118 463/91/120
f 457/40/125 466/56/126 455/42/123
f 474/43/12 476/44/33 475/45/34
f 477/46/26 469/47/24 468/48/35
f 472/49/9 478/50/10 473/51/8
f 479/52/36 471/53/3 470/54/28
f 486/43/38 488/44/33 487/45/19
f 489/46/26 481/47/39 480/48/25
f 484/49/9 490/50/10 485/51/41
f 491/52/36 483/53/3 482/54/42
f 498/43/38 500/44/33 499/45/19
f 501/46/26 493/47/24 492/48/25
f 496/49/9 502/50/10 497/51/8
f 503/52/36 495/53/3 494/54/28
f 510/43/38 512/44/33 511/45/19
f 513/46/26 505/47/24 504/48/35
f 508/49/9 514/50/10 509/51/41
f 515/52/36 507/53/3 506/54/28
f 522/43/38 524/44/33 523/45/19
f 525/46/26 517/47/39 516/48/25
f 520/49/40 526/50/10 521/51/41
f 527/52/36 519/53/37 518/54/42
f 534/43/38 536/44/33 535/45/19
f 537/46/26 529/47/39 528/48/25
f 532/49/40 538/50/10 533/51/41
f 539/52/36 531/53/37 530/54/42
f 546/43/54 548/44/75 547/45/61
f 549/46/68 541/47/66 540/48/67
f 544/49/51 550/50/52 545/51/50
f 551/52/77 543/53/45 542/54/70
f 552/1/43 564/2/43 565/3/43
f 554/4/127 563/5/45 562/6/128
f 552/7/47 561/8/48 560/9/49
f 557/10/50 556/11/51 555/12/52
f 559/13/129 558/14/54 553/15/55
f 555/16/130 564/92/131 553/18/55
f 562/19/128 561/89/48 565/21/132
f 566/22/133 578/23/133 579/24/133
f 568/25/134 577/26/61 576/27/135
f 566/28/136 575/29/137 574/30/138
f 571/31/66 570/32/67 569/33/68
f 573/34/139 572/35/70 567/36/140
f 579/39/141 576/37/135 575/91/137
f 569/40/142 578/93/143 567/42/140
f 586/43/54 588/44/75 587/45/61
f 589/46/68 581/47/66 580/48/67
f 584/49/51 590/50/52 585/51/50
f 591/52/77 583/53/45 582/54/70
f 598/43/78 600/44/75 599/45/144
f 601/46/68 593/47/79 592/48/80
f 596/49/51 602/50/52 597/51/50
f 603/52/77 595/53/45 594/54/82
f 610/43/78 612/44/75 611/45/144
f 613/46/68 605/47/79 604/48/80
f 608/49/145 614/50/52 609/51/76
f 615/52/77 607/53/81 606/54/82
f 622/43/78 624/44/75 623/45/61
f 625/46/68 617/47/79 616/48/80
f 620/49/145 626/50/52 621/51/76
f 627/52/77 619/53/81 618/54/82
f 634/43/78 636/44/75 635/45/144
f 637/46/68 629/47/79 628/48/80
f 632/49/145 638/50/52 633/51/76
f 639/52/77 631/53/81 630/54/82
f 646/43/78 648/44/75 647/45/61
f 649/46/68 641/47/79 640/48/80
f 644/49/51 650/50/52 645/51/76
f 651/52/77 643/53/45 642/54/82
f 658/43/54 660/44/75 659/45/61
f 661/46/68 653/47/66 652/48/67
f 656/49/51 662/50/52 657/51/50
f 663/52/77 655/53/45 654/54/70
f 670/43/54 672/44/75 671/45/61
f 673/46/68 665/47/66 664/48/67
f 668/49/51 674/50/52 669/51/50
f 675/52/77 667/53/45 666/54/70
f 719/72/100 680/73/100 692/72/100
f 681/74/100 716/75/100 688/75/100
f 682/74/100 698/75/100 717/75/100
f 694/72/100 683/73/100 718/72/100
f 693/76/100 691/77/100 722/77/100
f 692/72/100 693/76/100 719/72/100
f 720/78/101 719/79/101 693/78/102
f 695/77/100 696/76/100 723/77/100
f 696/76/100 694/72/100 718/72/100
f 721/78/103 723/80/103 696/78/104
f 699/81/100 697/82/100 712/82/100
f 698/75/100 699/81/100 717/75/100
f 715/83/103 717/84/103 699/83/104
f 690/81/100 688/75/100 716/75/100
f 689/82/100 690/81/100 713/82/100
f 714/83/101 713/85/101 690/83/102
f 718/79/105 721/78/105 696/78/106
f 722/80/107 720/78/107 693/78/108
f 712/85/105 715/83/105 699/83/106
f 716/84/107 714/83/107 690/83/108
f 724/94/146 726/95/147 734/96/148
f 727/97/149 725/98/150 737/99/151
f 738/100/152 748/101/153 740/102/154
f 741/103/155 751/104/156 739/105/157
f 821/106/158 824/107/159 820/108/160
f 820/109/161 831/110/162 821/111/163
f 842/112/164 832/113/165 833/114/166
f 834/115/167 841/112/168 835/114/169
f 836/116/170 843/117/171 837/118/172
f 840/117/173 838/119/174 839/118/175
f 862/120/176 839/121/177 865/122/178
f 839/123/175 852/124/179 863/123/180
f 861/125/181 881/126/182 869/127/183
f 869/128/183 868/129/184 835/129/185
f 860/130/186 833/131/187 870/127/188
f 872/132/189 888/133/190 886/134/191
f 863/135/192 865/136/178 839/135/193
f 866/137/194 864/135/195 837/135/196
f 867/129/197 870/138/188 833/129/198
f 884/139/199 871/140/200 882/141/201
f 875/142/202 898/139/203 892/141/204
f 883/143/205 897/144/206 889/145/207
f 899/133/208 876/146/209 893/134/210
f 907/147/211 904/148/212 902/149/213
f 925/150/214 912/151/215 913/152/216
f 915/153/217 924/154/218 914/155/219
f 900/156/220 909/157/221 903/158/222
f 903/158/222 909/157/221 934/159/223
f 910/160/224 934/159/223 909/157/221
f 908/161/225 905/162/226 901/163/227
f 906/164/228 934/159/223 910/160/224
f 909/157/229 925/165/214 913/165/216
f 906/164/228 910/147/224 901/163/227
f 908/161/225 901/163/227 910/147/224
f 905/162/226 908/161/225 902/149/213
f 907/147/211 902/149/213 908/161/225
f 904/148/212 907/160/211 900/156/220
f 909/157/221 900/156/220 907/160/211
f 924/154/218 913/152/216 914/166/219
f 914/167/230 917/168/231 915/169/217
f 916/170/232 914/171/230 913/170/233
f 918/172/234 920/173/235 919/174/236
f 918/175/234 921/176/237 920/173/235
f 922/177/238 923/178/239 912/179/215
f 923/178/239 924/180/218 915/181/217
f 925/182/214 922/177/238 912/179/215
f 943/183/240 940/184/241 938/185/242
f 936/186/243 945/187/244 939/188/245
f 939/188/245 945/187/244 935/189/246
f 946/190/247 935/189/246 945/187/244
f 944/191/248 941/192/249 937/193/250
f 942/194/251 935/189/246 946/190/247
f 942/194/251 946/183/247 937/193/250
f 944/191/248 937/193/250 946/183/247
f 941/192/249 944/191/248 938/185/242
f 943/183/240 938/185/242 944/191/248
f 940/184/241 943/190/240 936/186/243
f 945/187/244 936/186/243 943/190/240
f 953/195/252 952/196/253 951/197/254
f 947/198/255 954/199/256 949/199/257
f 947/200/255 952/201/253 953/202/252
f 947/203/255 953/202/252 954/204/256
f 955/205/258 956/206/259 948/207/260
f 958/208/261 955/205/258 948/207/260
f 967/209/262 939/210/245 935/211/246
f 936/212/243 939/210/245 968/209/263
f 968/213/263 940/214/241 936/215/243
f 938/216/242 940/214/241 969/217/264
f 969/218/264 941/219/249 938/220/242
f 937/221/250 941/219/249 970/222/265
f 970/223/265 942/224/251 937/225/250
f 935/226/246 942/227/251 967/213/262
f 990/228/266 994/229/267 1001/230/268
f 1005/231/269 1011/232/270 1006/233/271
f 1002/234/272 1003/235/273 1004/235/274
f 1006/233/271 1007/233/275 1005/231/269
f 1004/235/274 1009/236/276 1002/234/272
f 1009/236/276 1008/236/277 1002/234/272
f 1005/231/269 1010/232/278 1011/232/270
f 1015/237/279 1020/238/280 1021/239/281
f 1012/240/282 1013/241/283 1014/242/284
f 1014/242/284 1019/239/285 1012/240/282
f 1019/239/285 1018/238/286 1012/240/282
f 1016/242/287 1015/237/279 1021/239/281
f 1016/242/287 1017/241/288 1015/237/279
f 1025/243/289 1030/244/290 1031/245/291
f 1022/246/292 1023/247/293 1024/248/294
f 1024/248/294 1029/245/295 1022/246/292
f 1029/245/295 1028/244/296 1022/246/292
f 1026/248/297 1025/243/289 1031/245/291
f 1026/248/297 1027/247/298 1025/243/289
f 1045/249/299 1047/250/299 1040/251/299
f 1043/252/300 1041/253/301 1044/254/302
f 1047/250/299 1046/255/299 1040/251/299
f 1040/256/303 1004/257/304 1003/257/273
f 1042/258/305 1044/254/302 1041/253/301
f 1005/259/269 1002/260/272 1041/261/301
f 1006/262/306 1040/256/303 1007/262/275
f 1007/262/275 1040/256/303 1003/257/273
f 1052/236/307 1053/236/308 1051/234/309
f 1055/233/310 1054/233/311 1048/231/312
f 1048/231/312 1050/232/313 1049/232/314
f 1048/231/312 1049/232/314 1055/233/310
f 1051/234/309 1057/235/315 1056/235/316
f 1056/235/316 1052/236/307 1051/234/309
f 1063/249/317 1065/250/317 1058/251/317
f 1061/252/318 1059/253/319 1062/254/320
f 1065/250/317 1064/255/317 1058/251/317
f 1058/256/321 1056/257/322 1057/257/315
f 1060/258/323 1062/254/320 1059/253/319
f 1048/263/312 1051/264/309 1059/261/319
f 1055/262/324 1058/256/321 1054/262/311
f 1054/262/311 1058/256/321 1057/257/315
f 402/1039/520 392/1040/520 679/1041/520 677/1042/520
f 678/1041/426 393/1040/426 403/1039/426 676/1042/426
f 679/1041/420 392/1040/420 393/1040/420 678/1041/420
f 676/1042/417 403/1039/417 402/1039/417 677/1042/417
f 410/861/520 414/862/520 425/863/520 423/864/520
f 425/865/497 427/350/497 424/353/497 423/866/497
f 417/865/464 419/866/464 421/353/464 418/350/464
f 404/862/426 408/861/426 419/864/426 417/863/426
f 407/867/426 395/868/426 399/869/426 420/870/426
f 396/868/520 411/867/520 422/870/520 400/869/520
f 422/356/497 424/353/497 402/871/497 400/352/497
f 413/872/520 397/873/520 401/874/520 426/875/520
f 416/349/464 418/350/464 393/351/464 398/348/464
f 409/876/1392 421/877/1392 419/864/1392 408/861/1392
f 420/870/1393 421/877/1393 409/876/1393 407/867/1393
f 406/878/1392 418/879/1392 416/875/1392 405/872/1392
f 417/863/1393 418/879/1393 406/878/1393 404/862/1393
f 415/878/1343 427/879/1343 425/863/1343 414/862/1343
f 426/875/1344 427/879/1344 415/878/1344 413/872/1344
f 412/876/1343 424/877/1343 422/870/1343 411/867/1343
f 423/864/1344 424/877/1344 412/876/1344 410/861/1344
f 394/873/426 405/872/426 416/875/426 398/874/426
f 392/351/497 402/871/497 424/353/497 427/350/497
f 426/349/497 401/348/497 392/351/497 427/350/497
f 403/871/464 393/351/464 418/350/464 421/353/464
f 420/356/464 399/352/464 403/871/464 421/353/464
f 392/351/420 401/348/420 398/348/420 393/351/420
f 401/874/420 397/873/420 394/873/420 398/874/420
f 399/352/417 400/352/417 402/871/417 403/871/417
f 395/868/417 396/868/417 400/869/417 399/869/417
f 436/912/520 438/913/520 439/914/520 437/915/520
f 435/917/34 436/918/33 437/919/26 428/920/35
f 433/921/8 438/922/10 436/923/33 434/924/12
f 431/925/3 439/926/36 438/927/10 432/928/9
f 429/929/24 437/930/26 439/931/36 430/932/28
f 442/880/110 443/881/10 444/882/40 451/883/37
f 441/884/13 440/885/112 448/886/7 447/887/11
f 452/888/1394 442/889/110 450/88/111 453/21/115
f 443/16/113 442/308/1395 452/87/114
f 441/18/13 452/87/114 440/1044/112
f 456/891/117 457/892/26 458/893/35 465/894/34
f 440/326/112 453/21/115 449/89/6
f 461/899/122 455/896/123 454/897/119 462/898/121
f 443/900/10 441/901/13 446/902/12 445/903/8
f 457/904/26 455/905/123 460/906/28 459/907/24
f 457/40/125 456/908/476 466/56/126
f 466/909/1396 456/910/117 464/90/118 467/39/124
f 455/42/123 466/56/126 454/1045/119
f 476/912/520 478/913/520 479/914/520 477/915/520
f 454/1046/119 467/39/124 463/91/120
f 475/917/34 476/918/33 477/919/26 468/920/35
f 473/921/8 478/922/10 476/923/33 474/924/12
f 471/925/3 479/926/36 478/927/10 472/928/9
f 470/932/28 469/929/24 477/930/26 479/931/36
f 488/912/520 490/913/520 491/914/520 489/915/520
f 487/917/19 488/918/33 489/919/26 480/920/25
f 486/924/38 485/921/41 490/922/10 488/923/33
f 483/925/3 491/926/36 490/927/10 484/928/9
f 481/929/39 489/930/26 491/931/36 482/932/42
f 500/912/520 502/913/520 503/914/520 501/915/520
f 499/917/19 500/918/33 501/919/26 492/920/25
f 498/924/38 497/921/8 502/922/10 500/923/33
f 495/925/3 503/926/36 502/927/10 496/928/9
f 493/929/24 501/930/26 503/931/36 494/932/28
f 512/912/520 514/913/520 515/914/520 513/915/520
f 511/917/19 512/918/33 513/919/26 504/920/35
f 510/924/38 509/921/41 514/922/10 512/923/33
f 507/925/3 515/926/36 514/927/10 508/928/9
f 505/929/24 513/930/26 515/931/36 506/932/28
f 524/912/520 526/913/520 527/914/520 525/915/520
f 523/917/19 524/918/33 525/919/26 516/920/25
f 521/921/41 526/922/10 524/923/33 522/924/38
f 519/925/37 527/926/36 526/927/10 520/928/40
f 517/929/39 525/930/26 527/931/36 518/932/42
f 536/912/520 538/913/520 539/914/520 537/915/520
f 528/920/25 535/917/19 536/918/33 537/919/26
f 534/924/38 533/921/41 538/922/10 536/923/33
f 531/925/37 539/926/36 538/927/10 532/928/40
f 529/929/39 537/930/26 539/931/36 530/932/42
f 548/912/426 550/913/426 551/914/426 549/915/426
f 540/920/67 547/917/61 548/918/75 549/919/68
f 546/924/54 545/921/50 550/922/52 548/923/75
f 543/925/45 551/926/77 550/927/52 544/928/51
f 541/929/66 549/930/68 551/931/77 542/932/70
f 554/880/127 555/881/52 556/882/51 563/883/45
f 553/884/55 552/885/47 560/886/49 559/887/129
f 564/888/1397 554/889/127 562/19/128 565/21/132
f 555/16/130 554/308/1398 564/92/131
f 553/18/55 564/92/131 552/1047/47
f 568/891/134 569/892/68 570/893/67 577/894/61
f 552/1048/47 565/21/132 561/89/48
f 573/899/139 567/896/140 566/897/136 574/898/138
f 555/900/52 553/901/55 558/902/54 557/903/50
f 569/904/68 567/905/140 572/906/70 571/907/66
f 569/40/142 568/908/1399 578/93/143
f 578/909/1400 568/910/134 576/37/135 579/39/141
f 567/42/140 578/93/143 566/1049/136
f 588/912/426 590/913/426 591/914/426 589/915/426
f 566/1050/136 579/39/141 575/91/137
f 580/920/67 587/917/61 588/918/75 589/919/68
f 586/924/54 585/921/50 590/922/52 588/923/75
f 584/928/51 583/925/45 591/926/77 590/927/52
f 581/929/66 589/930/68 591/931/77 582/932/70
f 600/912/426 602/913/426 603/914/426 601/915/426
f 599/917/144 600/918/75 601/919/68 592/920/80
f 598/924/78 597/921/50 602/922/52 600/923/75
f 595/925/45 603/926/77 602/927/52 596/928/51
f 593/929/79 601/930/68 603/931/77 594/932/82
f 612/912/426 614/913/426 615/914/426 613/915/426
f 604/920/80 611/917/144 612/918/75 613/919/68
f 610/924/78 609/921/76 614/922/52 612/923/75
f 607/925/81 615/926/77 614/927/52 608/928/145
f 605/929/79 613/930/68 615/931/77 606/932/82
f 624/912/426 626/913/426 627/914/426 625/915/426
f 616/920/80 623/917/61 624/918/75 625/919/68
f 622/924/78 621/921/76 626/922/52 624/923/75
f 619/925/81 627/926/77 626/927/52 620/928/145
f 617/929/79 625/930/68 627/931/77 618/932/82
f 636/912/426 638/913/426 639/914/426 637/915/426
f 628/920/80 635/917/144 636/918/75 637/919/68
f 633/921/76 638/922/52 636/923/75 634/924/78
f 632/928/145 631/925/81 639/926/77 638/927/52
f 629/929/79 637/930/68 639/931/77 630/932/82
f 648/912/426 650/913/426 651/914/426 649/915/426
f 647/917/61 648/918/75 649/919/68 640/920/80
f 645/921/76 650/922/52 648/923/75 646/924/78
f 644/928/51 643/925/45 651/926/77 650/927/52
f 641/929/79 649/930/68 651/931/77 642/932/82
f 660/912/426 662/913/426 663/914/426 661/915/426
f 659/917/61 660/918/75 661/919/68 652/920/67
f 658/924/54 657/921/50 662/922/52 660/923/75
f 655/925/45 663/926/77 662/927/52 656/928/51
f 653/929/66 661/930/68 663/931/77 654/932/70
f 672/912/426 674/913/426 675/914/426 673/915/426
f 664/920/67 671/917/61 672/918/75 673/919/68
f 669/921/50 674/922/52 672/923/75 670/924/54
f 667/925/45 675/926/77 674/927/52 668/928/51
f 665/929/66 673/930/68 675/931/77 666/932/70
f 687/1014/520 683/1015/520 694/1016/520 709/1017/520
f 700/1019/492 702/421/492 705/425/492 704/1018/492
f 708/425/487 711/421/487 710/1019/487 706/1018/487
f 708/425/487 677/424/487 679/420/487 711/421/487
f 710/1020/520 695/1021/520 697/1022/520 706/1023/520
f 703/1024/492 705/425/492 676/424/492 685/1025/492
f 709/1026/487 711/421/487 679/420/487 687/1027/487
f 707/1024/487 686/1025/487 677/424/487 708/425/487
f 685/1028/426 681/1029/426 688/1030/426 703/1031/426
f 689/82/100 713/82/100 722/77/100 691/77/100
f 701/1017/426 692/1016/426 680/1015/426 684/1014/426
f 704/1023/426 689/1022/426 691/1021/426 700/1020/426
f 707/1031/520 698/1030/520 682/1029/520 686/1028/520
f 701/1026/492 684/1027/492 678/420/492 702/421/492
f 696/1032/1343 695/1021/1343 710/1020/1343 711/1033/1343
f 709/1017/1344 694/1016/1344 696/1032/1344 711/1033/1344
f 699/1034/1343 698/1030/1343 707/1031/1343 708/1035/1343
f 706/1023/1344 697/1022/1344 699/1034/1344 708/1035/1344
f 690/1034/1341 689/1022/1341 704/1023/1341 705/1035/1341
f 703/1031/1342 688/1030/1342 690/1034/1342 705/1035/1342
f 693/1032/1341 692/1016/1341 701/1017/1341 702/1033/1341
f 700/1020/1342 691/1021/1342 693/1032/1342 702/1033/1342
f 702/421/492 678/420/492 676/424/492 705/425/492
f 677/424/417 686/1025/417 685/1025/417 676/424/417
f 685/1028/417 686/1028/417 682/1029/417 681/1029/417
f 684/1027/420 687/1027/420 679/420/420 678/420/420
f 683/1015/420 687/1014/420 684/1014/420 680/1015/420
f 681/74/100 682/74/100 717/75/100 716/75/100
f 723/80/103 721/1036/103 720/1036/107 722/80/107
f 721/78/105 718/79/105 719/79/101 720/78/101
f 717/84/103 715/1037/103 714/1037/107 716/84/107
f 715/83/105 712/85/105 713/85/101 714/83/101
f 712/82/100 697/82/100 695/77/100 723/77/100
f 713/82/100 712/82/100 723/77/100 722/77/100
f 719/72/100 718/72/100 683/73/100 680/73/100
f 732/1051/1401 730/1052/1402 731/1053/1403 736/1054/1404
f 726/1055/426 724/1056/426 725/1057/426 727/1058/426
f 725/1057/417 724/1056/417 728/1059/1405 729/1060/1406
f 730/1052/1402 726/1055/420 727/1058/420 731/1053/1403
f 728/1059/1405 733/1061/1407 735/1062/1408 729/1060/1406
f 735/1063/1408 737/99/151 725/98/150 729/1064/1406
f 733/1065/1407 728/1066/1405 724/94/146 734/96/148
f 736/1067/1404 731/1068/1403 727/97/149 737/99/151
f 737/1069/151 735/1070/1408 733/1071/1407 734/1072/148
f 736/1073/1404 737/1074/151 734/1075/148 732/1076/1401
f 732/1077/1401 734/96/148 726/95/147 730/1078/1402
f 745/1079/1409 744/1080/1410 746/1081/1411 750/1082/1412
f 739/1083/426 738/1084/426 740/1085/426 741/1086/426
f 742/1087/1413 738/1084/420 739/1083/420 743/1088/1414
f 741/1086/417 740/1085/417 744/1080/1410 745/1079/1409
f 749/1089/1415 747/1090/1416 742/1087/1413 743/1088/1414
f 749/1091/1415 743/1092/1414 739/105/157 751/104/156
f 738/100/152 742/1093/1413 747/1094/1416 748/101/153
f 741/103/155 745/1095/1409 750/1096/1412 751/104/156
f 747/1097/1416 749/1098/1415 751/1099/156 748/1100/153
f 748/1101/153 751/1102/156 750/1103/1412 746/1104/1411
f 746/1105/1411 744/1106/1410 740/102/154 748/101/153
f 760/1107/1417 752/1107/1418 754/1108/1418 762/1108/1419
f 760/1109/1417 762/1110/1419 763/1111/1420 761/1112/1421
f 754/1113/426 752/1114/426 753/1115/426 755/1116/426
f 764/1117/1417 756/1117/1418 758/1118/1418 766/1118/1419
f 753/1115/1422 752/1114/1422 760/1114/1417 761/1115/1421
f 762/1113/1419 754/1113/1423 755/1116/1423 763/1116/1420
f 764/1119/1417 766/1120/1419 767/1121/1420 765/1122/1424
f 758/1123/426 756/1124/426 757/1125/426 759/1126/426
f 757/1125/1422 756/1124/1422 764/1124/1417 765/1125/1424
f 766/1123/1419 758/1123/1423 759/1126/1423 767/1126/1420
f 776/1127/1425 777/1128/1425 780/1129/1426 782/1130/1427
f 783/1131/1428 781/1132/1429 778/1133/1430 779/1134/1430
f 783/1131/1428 782/1130/1427 780/1129/1426 781/1132/1429
f 776/1127/1431 773/1135/1432 772/1136/1433 777/1128/1431
f 778/1133/1434 774/1137/1435 775/1138/1436 779/1134/1434
f 777/1139/1437 772/1140/1438 768/1140/1439 780/1139/1426
f 770/1141/1440 774/1141/1441 778/1142/1442 781/1142/1429
f 769/1143/1443 773/1143/1444 776/1144/1445 782/1144/1427
f 779/1145/1446 775/1146/1447 771/1146/1448 783/1145/1428
f 780/1139/1426 768/1140/1439 770/1141/1440 781/1142/1429
f 771/1146/1448 769/1143/1443 782/1144/1427 783/1145/1428
f 774/1147/1435 772/1148/1433 773/1149/1432 775/1150/1436
f 769/1151/1443 771/1152/1448 775/1153/1447 773/1154/1444
f 770/1155/1440 768/1156/1439 772/1157/1438 774/1158/1441
f 792/1159/1449 793/107/1449 796/1160/1450 798/1161/1451
f 799/1162/1452 797/1163/1453 794/1164/1454 795/1165/1454
f 799/1162/1452 798/1161/1451 796/1160/1450 797/1163/1453
f 789/1166/1455 788/108/1456 793/107/1457 792/1159/1457
f 790/1167/1458 791/1168/1459 795/1165/1460 794/1164/1460
f 793/1169/1461 788/1170/1462 784/1170/1463 796/1169/1450
f 786/1171/1464 790/1171/1465 794/1172/1466 797/1172/1453
f 785/1173/1467 789/1173/1468 792/1174/1469 798/1174/1451
f 795/1175/1470 791/1176/1471 787/1176/1472 799/1175/1452
f 796/1169/1450 784/1170/1463 786/1171/1464 797/1172/1453
f 787/1176/1472 785/1173/1467 798/1174/1451 799/1175/1452
f 788/1148/1456 789/1149/1455 791/1150/1459 790/1147/1458
f 785/1151/1467 787/1152/1472 791/1153/1471 789/1154/1468
f 790/1158/1465 786/1155/1464 784/1156/1463 788/1157/1462
f 812/1177/1473 809/1128/1474 808/1127/1474 814/1178/1475
f 810/1133/1476 813/1179/1477 815/1180/1478 811/1134/1476
f 812/1177/1473 814/1178/1475 815/1180/1478 813/1179/1477
f 809/1128/1479 804/1136/1480 805/1135/1481 808/1127/1479
f 811/1134/1482 807/1138/1483 806/1137/1484 810/1133/1482
f 809/1139/1485 812/1139/1473 800/1140/1486 804/1140/1487
f 810/1142/1488 806/1141/1489 802/1141/1490 813/1142/1477
f 808/1144/1491 805/1143/1492 801/1143/1493 814/1144/1475
f 811/1145/1494 815/1145/1478 803/1146/1495 807/1146/1496
f 812/1139/1473 813/1142/1477 802/1141/1490 800/1140/1486
f 814/1144/1475 801/1143/1493 803/1146/1495 815/1145/1478
f 807/1150/1483 805/1149/1481 804/1148/1480 806/1147/1484
f 807/1153/1496 803/1152/1495 801/1151/1493 805/1154/1492
f 806/1158/1489 804/1157/1487 800/1156/1486 802/1155/1490
f 829/1181/1497 827/1182/1498 824/107/159 821/106/158
f 825/1164/1499 828/1183/1500 830/1184/1501 826/1165/1499
f 827/1182/1498 829/1181/1497 830/1184/1501 828/1183/1500
f 826/1165/1502 823/1168/1503 822/1167/1504 825/1164/1502
f 824/1169/1505 827/1169/1498 816/1170/1506 820/1170/1507
f 825/1172/1508 822/1171/1509 818/1171/1510 828/1172/1500
f 826/1175/1511 830/1175/1501 819/1176/1512 823/1176/1513
f 817/1173/1514 829/1174/1497 821/1185/163
f 827/1169/1498 828/1172/1500 818/1171/1510 816/1170/1506
f 829/1174/1497 817/1173/1514 819/1176/1512 830/1175/1501
f 822/1147/1504 823/1150/1503 831/1149/162 820/1148/161
f 823/1153/1513 819/1152/1512 817/1151/1514 831/1154/162
f 820/1157/1507 816/1156/1506 818/1155/1510 822/1158/1509
f 832/1186/165 859/1187/1515 857/1188/1516 833/1189/166
f 817/1190/1514 821/1191/163 831/1192/162
f 838/1193/174 854/1194/1517 852/1195/179 839/1196/175
f 838/1197/1518 840/1198/1518 843/1198/1518 836/1197/1518
f 858/1188/1519 856/1187/1520 834/1186/167 835/1189/169
f 841/1199/1521 834/1200/1521 832/1200/1521 842/1199/1521
f 844/1201/1522 845/1202/1522 846/1203/1523 847/1204/1524
f 848/1205/1300 845/1205/1300 844/1206/1300 849/1206/1300
f 838/119/174 836/116/170 853/1207/1525 854/1207/1517
f 848/1202/1526 849/1201/1526 850/1204/1527 851/1203/1528
f 844/1208/1300 854/1209/1517 853/1209/1525 849/1208/1300
f 834/115/167 856/1210/1520 859/1210/1515 832/113/165
f 855/1195/1529 853/1194/1525 836/1193/170 837/1196/172
f 845/1211/1300 848/1211/1300 859/1212/1515 856/1212/1520
f 858/1213/1530 846/1214/1531 845/1215/1532 856/1216/1532
f 847/1217/1533 852/1218/1534 854/1219/1535 844/1220/1535
f 884/1221/199 883/1222/205 865/1223/178 871/1224/200
f 860/130/186 896/1225/1536 881/126/182
f 888/1226/190 872/1227/189 878/1228/1537 887/1229/1538
f 895/1230/1539 890/1231/1540 873/1232/1541
f 898/1221/203 875/1224/202 866/1233/194 897/1234/206
f 867/1235/197 857/1236/1542 874/1237/1543 870/1238/188
f 850/1239/1527 876/1240/209 873/1241/1541 851/1242/1528
f 860/130/186 870/127/188 896/1225/1536
f 889/1243/207 866/122/194 837/1244/1544
f 870/1245/188 874/1246/1543 894/1247/1545 896/1248/1536
f 863/1249/192 852/1250/1546 871/1251/200 865/1233/178
f 888/1252/100 887/1253/100 895/1253/100 899/1252/100
f 868/1235/184 869/1254/183 877/1237/1547 858/1236/1548
f 874/1255/1543 891/1256/1549 894/1257/1545
f 895/1229/1539 873/1228/1541 876/1227/209 899/1226/208
f 846/1242/1523 878/1241/1537 872/1240/189 847/1239/1524
f 889/1243/207 862/120/176 883/1258/205
f 861/125/181 869/127/183 835/1259/1550
f 878/1260/1551 877/1261/1551 880/1262/1551 879/1263/1551
f 852/1264/1534 847/1265/1533 872/1266/1552 871/1267/1552
f 837/123/172 864/123/1553 855/123/1529
f 857/123/1516 867/123/1554 833/123/166
f 835/123/169 868/123/1555 858/1268/1519
f 885/1257/1556 880/1256/1557 877/1269/1547
f 878/1270/1537 879/1231/1558 887/1230/1538
f 878/1260/1559 846/1271/1531 858/1272/1530 877/1261/1559
f 879/1263/100 880/1262/100 891/1262/100 890/1263/100
f 892/141/204 898/139/203 884/139/199 882/141/201
f 875/1267/1560 876/1266/1560 850/1265/1561 855/1264/1562
f 873/1260/1563 874/1261/1563 857/1272/1564 851/1271/1565
f 892/1273/100 882/1273/100 886/1274/100 893/1274/100
f 866/137/194 889/145/207 897/144/206
f 869/1238/183 881/1275/182 885/1247/1556 877/1246/1547
f 864/1249/195 866/1276/194 875/1251/202 855/1250/1566
f 897/1222/206 883/1277/205 884/1278/1567 898/1278/1567
f 888/133/190 899/133/208 893/134/210 886/134/191
f 889/1279/207 837/1280/1544 839/1280/177 862/1281/176
f 835/1280/1550 833/1280/187 860/1282/186 861/1283/181
f 857/1213/1564 859/1216/1568 848/1215/1568 851/1214/1565
f 850/1217/1561 849/1220/1569 853/1219/1569 855/1218/1562
f 879/1231/1558 890/1231/1540 895/1230/1539 887/1230/1538
f 871/1267/1570 872/1266/1570 886/1274/1570 882/1273/1570
f 890/1263/1571 891/1262/1571 874/1261/1571 873/1260/1571
f 896/1284/1536 894/1285/1572 885/1285/1572 881/1248/182
f 875/1267/1573 892/1273/1573 893/1274/1573 876/1266/1573
f 840/1286/1574 839/1287/1574 837/1287/1574 843/1286/1574
f 862/120/176 865/122/178 883/1258/205
f 860/1282/186 881/1288/182 861/1283/181
f 835/1289/1575 841/1290/1575 842/1290/1575 833/1291/1575
f 880/1256/1557 885/1257/1556 894/1257/1545 891/1256/1549
f 928/1292/1576 901/1293/227 905/1294/226 932/1295/1577
f 902/1296/213 929/1292/1578 932/1297/1577 905/1294/226
f 934/1298/223 926/1299/1579 930/1300/1580 903/1301/222
f 903/1301/222 930/1302/1580 927/1299/1581 900/1303/220
f 901/1293/227 928/1304/1576 933/1305/1582 906/1306/228
f 904/1307/212 931/1308/1583 929/1304/1578 902/1296/213
f 926/1309/1579 934/1298/223 906/1306/228 933/1310/1582
f 910/160/1584 909/157/229 913/165/216 924/1311/218
f 918/1312/234 914/1313/230 916/1314/232 921/1314/237
f 910/147/1584 924/1311/218 923/1315/239 908/161/1585
f 909/157/229 907/160/1586 922/1316/238 925/165/214
f 912/1317/1587 915/1318/217 917/168/231 911/1319/1588
f 916/170/232 913/1320/233 912/1321/1587 911/1319/1588
f 917/1322/231 914/1313/230 918/1312/234 919/1323/236
f 920/1324/1589 911/1325/1589 917/1322/231 919/1323/236
f 916/1314/232 911/1325/1589 920/1324/1589 921/1314/237
f 908/161/1585 923/1315/239 922/1316/238 907/147/1586
f 912/151/1587 923/1326/239 915/1327/217
f 900/1303/220 927/1309/1581 931/1328/1583 904/1307/212
f 961/1329/1590 970/222/265 941/219/249 965/1330/1591
f 969/218/264 962/1329/1592 965/1331/1591 941/219/249
f 967/209/262 959/1332/1593 963/1333/1594 939/210/245
f 939/210/245 963/1334/1594 960/1332/1595 968/209/263
f 970/223/265 961/1335/1590 966/1336/1596 942/227/251
f 940/214/241 964/1337/1597 962/1335/1592 969/217/264
f 959/1338/1593 967/213/262 942/227/251 966/1339/1596
f 957/1340/1598 946/190/1599 945/187/1600 958/1341/261
f 949/1342/257 958/1343/261 948/1344/1601
f 946/183/1599 957/1340/1598 956/1345/259 944/191/1602
f 949/199/257 954/199/256 953/195/1603
f 945/187/1600 943/190/1604 955/1346/258 958/1341/261
f 957/1347/1598 950/1348/1605 951/1349/254 956/206/259
f 951/197/254 947/1350/255 948/1351/1601
f 950/1352/1605 953/1353/1603 951/197/254
f 949/1354/257 953/1353/1603 950/1355/1605
f 948/1356/1601 947/1350/255 949/1354/257
f 951/1357/254 952/196/253 947/198/255
f 948/1344/1601 956/1358/259 951/1359/254
f 949/1360/257 950/1361/1605 957/1347/1598 958/208/261
f 944/191/1602 956/1345/259 955/1346/258 943/183/1604
f 968/213/263 960/1338/1595 964/1362/1597 940/214/241
f 979/1363/1606 980/1364/1606 983/1365/1607 985/1366/1608
f 986/1367/1609 984/1368/1610 981/1369/1611 982/1370/1611
f 986/1367/1609 985/1366/1608 983/1365/1607 984/1368/1610
f 976/1371/1612 975/1372/1613 980/1364/1614 979/1363/1614
f 977/1373/1615 978/1374/1616 982/1370/1617 981/1369/1617
f 980/1375/1618 975/1376/1619 971/1376/1620 983/1375/1607
f 973/1377/1621 977/1377/1622 981/1378/1623 984/1378/1610
f 972/1379/1624 976/1379/1625 979/1380/1626 985/1380/1608
f 982/1381/1627 978/1382/1628 974/1382/1629 986/1381/1609
f 983/1375/1607 971/1376/1620 973/1377/1621 984/1378/1610
f 974/1382/1629 972/1379/1624 985/1380/1608 986/1381/1609
f 975/1148/1613 976/1149/1612 978/1150/1616 977/1147/1615
f 972/1151/1624 974/1152/1629 978/1153/1628 976/1154/1625
f 973/1155/1621 971/1156/1620 975/1157/1619 977/1158/1622
f 998/1383/1630 996/1384/1631 995/1385/1631 1000/1386/1632
f 997/1387/1633 999/1388/1634 1001/1389/268 994/1390/1635
f 999/1388/1634 998/1383/1630 1000/1386/1632 1001/1389/268
f 995/1385/1636 996/1384/1636 991/1391/1637 992/1392/1638
f 996/1393/1639 998/1393/1630 987/1394/1640 991/1394/1641
f 994/1390/1635 993/1395/1642 997/1387/1633
f 997/1396/1643 993/1397/1644 989/1397/1645 999/1396/1634
f 995/1398/1646 992/1399/1647 988/1399/1648 1000/1398/1632
f 998/1393/1630 999/1396/1634 989/1397/1645 987/1394/1640
f 1000/1398/1632 988/1399/1648 990/228/266 1001/230/268
f 993/1147/1642 994/1150/1635 992/1149/1638 991/1148/1637
f 992/1154/1647 994/1153/267 990/1152/266 988/1151/1648
f 991/1157/1641 987/1156/1640 989/1155/1645 993/1158/1644
f 1002/1400/272 1005/1401/269 1007/1402/275 1003/1403/273
f 1002/1404/272 1008/1405/277 1042/258/305 1041/253/301
f 1045/1406/1649 1011/1407/1649 1010/1407/278 1043/1406/300
f 1012/1408/282 1015/1408/279 1017/1409/288 1013/1409/283
f 1013/1410/283 1017/1410/288 1016/1411/1650 1014/1411/1650
f 1014/1412/1651 1016/1412/1651 1021/1413/1651 1019/1413/1651
f 1018/1414/286 1019/1415/1652 1021/1415/1652 1020/1414/280
f 1018/1416/286 1020/1416/280 1015/1417/279 1012/1417/282
f 1022/1418/292 1025/1418/289 1027/1419/298 1023/1419/293
f 1027/1420/298 1026/1421/1653 1024/1421/1653 1023/1420/293
f 1026/1422/1654 1031/1423/1654 1029/1423/1654 1024/1422/1654
f 1029/1424/1655 1031/1424/1655 1030/1425/290 1028/1425/296
f 1028/1426/296 1030/1426/290 1025/1427/289 1022/1427/292
f 1035/1422/1300 1032/1412/1300 1033/1412/1300 1034/1422/1300
f 1036/1428/100 1037/1428/100 1038/1429/100 1039/1429/100
f 1009/1430/1656 1046/1431/1656 1042/1431/305 1008/1430/277
f 1004/1432/299 1040/251/299 1046/255/299 1009/1433/299
f 1043/252/300 1010/1434/278 1005/1435/269 1041/253/301
f 1006/1436/299 1011/1437/299 1045/249/299 1040/251/299
f 1044/1438/302 1042/1439/305 1046/1439/1657 1047/1438/1657
f 1045/1440/1658 1043/1441/300 1044/1442/302 1047/1442/1658
f 1051/1400/309 1048/1401/312 1054/1402/311 1057/1403/315
f 1053/1430/308 1052/1430/1659 1064/1431/1659 1060/1431/323
f 1056/1432/317 1058/251/317 1064/255/317 1052/1433/317
f 1051/1404/309 1053/1405/308 1060/258/323 1059/253/319
f 1063/1406/1660 1049/1407/1660 1050/1407/313 1061/1406/318
f 1061/252/318 1050/1434/313 1048/1435/312 1059/253/319
f 1055/1436/317 1049/1437/317 1063/249/317 1058/251/317
f 1062/1438/320 1060/1439/323 1064/1439/1661 1065/1438/1661
f 1063/1440/1662 1061/1443/318 1062/1442/320 1065/1442/1662
f 1074/1107/1417 1066/1107/1418 1068/1108/1418 1076/1108/1419
f 1074/1109/1417 1076/1110/1419 1077/1111/1420 1075/1112/1421
f 1068/1113/426 1066/1114/426 1067/1115/426 1069/1116/426
f 1078/1117/1417 1070/1117/1418 1072/1118/1418 1080/1118/1419
f 1067/1115/1422 1066/1114/1422 1074/1114/1417 1075/1115/1421
f 1076/1113/1419 1068/1113/1423 1069/1116/1423 1077/1116/1420
f 1078/1119/1417 1080/1120/1419 1081/1121/1663 1079/1122/1421
f 1072/1123/426 1070/1124/426 1071/1125/426 1073/1126/426
f 1071/1125/1422 1070/1124/1422 1078/1124/1417 1079/1125/1421
f 1080/1123/1419 1072/1123/1423 1073/1126/1423 1081/1126/1663
usemtl texture.094
f 1124/43/325 1126/44/326 1125/45/327
f 1127/46/328 1119/47/329 1118/48/330
f 1122/49/331 1128/50/332 1123/51/333
f 1129/52/334 1121/53/335 1120/54/336
f 1130/1/337 1142/2/337 1143/3/337
f 1132/4/338 1141/5/335 1140/6/339
f 1130/7/340 1139/8/341 1138/9/342
f 1135/10/333 1134/11/331 1133/12/332
f 1137/13/343 1136/14/325 1131/15/344
f 1133/16/345 1142/87/346 1131/18/344
f 1140/19/339 1139/89/341 1143/21/347
f 1144/22/348 1156/23/348 1157/24/348
f 1146/25/349 1155/26/327 1154/27/350
f 1144/28/351 1153/29/352 1152/30/353
f 1149/31/329 1148/32/330 1147/33/328
f 1151/34/354 1150/35/355 1145/36/356
f 1154/37/350 1153/91/352 1157/39/357
f 1147/40/358 1156/265/359 1145/42/356
f 1164/43/325 1166/44/326 1165/45/360
f 1167/46/328 1159/47/329 1158/48/361
f 1162/49/331 1168/50/332 1163/51/362
f 1169/52/334 1161/53/335 1160/54/355
f 1176/43/363 1178/44/326 1177/45/360
f 1179/46/328 1171/47/364 1170/48/361
f 1174/49/331 1180/50/332 1175/51/333
f 1181/52/334 1173/53/335 1172/54/355
f 1188/43/325 1190/44/326 1189/45/327
f 1191/46/328 1183/47/329 1182/48/330
f 1186/49/331 1192/50/332 1187/51/362
f 1193/52/334 1185/53/335 1184/54/355
f 1200/43/325 1202/44/326 1201/45/327
f 1203/46/328 1195/47/329 1194/48/330
f 1198/49/331 1204/50/332 1199/51/333
f 1205/52/334 1197/53/335 1196/54/336
f 1212/43/363 1214/44/326 1213/45/360
f 1215/46/328 1207/47/364 1206/48/361
f 1210/49/365 1216/50/332 1211/51/362
f 1217/52/334 1209/53/366 1208/54/336
f 1224/43/363 1226/44/326 1225/45/360
f 1227/46/328 1219/47/364 1218/48/361
f 1222/49/365 1228/50/332 1223/51/362
f 1229/52/334 1221/53/366 1220/54/355
f 1236/43/363 1238/44/326 1237/45/360
f 1239/46/328 1231/47/364 1230/48/361
f 1234/49/365 1240/50/332 1235/51/333
f 1241/52/334 1233/53/335 1232/54/336
f 1248/43/363 1250/44/326 1249/45/360
f 1251/46/328 1243/47/329 1242/48/330
f 1246/49/331 1252/50/332 1247/51/362
f 1253/52/334 1245/53/335 1244/54/336
f 1260/43/367 1262/44/368 1261/45/369
f 1263/46/370 1255/47/371 1254/48/372
f 1258/49/373 1264/50/374 1259/51/375
f 1265/52/376 1257/53/377 1256/54/378
f 1266/1/379 1278/2/379 1279/3/379
f 1268/4/380 1277/5/377 1276/6/381
f 1266/7/382 1275/8/383 1274/9/384
f 1271/10/385 1270/11/373 1269/12/374
f 1273/13/386 1272/14/387 1267/15/388
f 1269/16/389 1278/17/390 1267/18/388
f 1276/19/381 1275/266/383 1279/21/391
f 1280/22/392 1292/23/392 1293/24/392
f 1282/25/393 1291/26/369 1290/27/394
f 1280/28/395 1289/29/396 1288/30/397
f 1285/31/398 1284/32/399 1283/33/370
f 1287/34/400 1286/35/378 1281/36/401
f 1293/39/402 1290/37/394 1289/91/396
f 1283/40/403 1292/267/404 1281/42/401
f 1300/43/367 1302/44/368 1301/45/369
f 1303/46/370 1295/47/371 1294/48/399
f 1298/49/373 1304/50/374 1299/51/375
f 1305/52/376 1297/53/377 1296/54/405
f 1312/43/367 1314/44/368 1313/45/369
f 1315/46/370 1307/47/398 1306/48/399
f 1310/49/373 1316/50/374 1311/51/375
f 1317/52/376 1309/53/377 1308/54/405
f 1324/43/367 1326/44/368 1325/45/369
f 1327/46/370 1319/47/371 1318/48/399
f 1322/49/406 1328/50/374 1323/51/375
f 1329/52/376 1321/53/407 1320/54/405
f 1336/43/367 1338/44/368 1337/45/369
f 1339/46/370 1331/47/371 1330/48/399
f 1334/49/373 1340/50/374 1335/51/385
f 1341/52/376 1333/53/407 1332/54/378
f 1348/43/387 1350/44/368 1349/45/408
f 1351/46/370 1343/47/371 1342/48/399
f 1346/49/373 1352/50/374 1347/51/375
f 1353/52/376 1345/53/377 1344/54/405
f 1360/43/367 1362/44/368 1361/45/369
f 1363/46/370 1355/47/371 1354/48/399
f 1358/49/406 1364/50/374 1359/51/375
f 1365/52/376 1357/53/407 1356/54/405
f 1372/43/367 1374/44/368 1373/45/369
f 1375/46/370 1367/47/371 1366/48/399
f 1370/49/406 1376/50/374 1371/51/385
f 1377/52/376 1369/53/407 1368/54/405
f 1384/43/387 1386/44/368 1385/45/408
f 1387/46/370 1379/47/398 1378/48/399
f 1382/49/373 1388/50/374 1383/51/385
f 1389/52/376 1381/53/377 1380/54/378
f 1433/72/100 1394/73/100 1406/72/100
f 1395/74/100 1430/75/100 1402/75/100
f 1396/74/100 1412/75/100 1431/75/100
f 1408/72/100 1397/73/100 1432/72/100
f 1407/76/100 1405/77/100 1436/77/100
f 1406/72/100 1407/76/100 1433/72/100
f 1434/78/409 1433/79/409 1407/78/410
f 1409/77/100 1410/76/100 1437/77/100
f 1410/76/100 1408/72/100 1432/72/100
f 1435/78/411 1437/80/411 1410/78/412
f 1413/81/100 1411/82/100 1426/82/100
f 1412/75/100 1413/81/100 1431/75/100
f 1429/83/411 1431/84/411 1413/83/412
f 1404/81/100 1402/75/100 1430/75/100
f 1403/82/100 1404/81/100 1427/82/100
f 1428/83/409 1427/85/409 1404/83/410
f 1432/79/413 1435/78/413 1410/78/414
f 1436/80/415 1434/78/415 1407/78/416
f 1426/85/413 1429/83/413 1413/83/414
f 1430/84/415 1428/83/415 1404/83/416
f 1824/43/325 1826/44/326 1825/45/327
f 1827/46/328 1819/47/329 1818/48/330
f 1822/49/331 1828/50/332 1823/51/333
f 1829/52/334 1821/53/335 1820/54/336
f 1830/1/337 1842/2/337 1843/3/337
f 1832/4/338 1841/5/366 1840/6/339
f 1830/7/457 1839/8/341 1838/9/342
f 1835/10/333 1834/11/365 1833/12/332
f 1837/13/343 1836/14/325 1831/15/344
f 1833/16/345 1842/294/346 1831/18/344
f 1843/21/347 1840/19/339 1839/89/341
f 1844/22/348 1856/23/348 1857/24/348
f 1846/25/349 1855/26/327 1854/27/350
f 1844/28/458 1853/29/352 1852/30/353
f 1849/31/329 1848/32/330 1847/33/328
f 1851/34/354 1850/35/336 1845/36/356
f 1857/39/357 1854/37/350 1853/91/352
f 1847/40/358 1856/93/359 1845/42/356
f 1864/43/363 1866/44/326 1865/45/360
f 1867/46/328 1859/47/364 1858/48/361
f 1862/49/331 1868/50/332 1863/51/333
f 1869/52/334 1861/53/335 1860/54/336
f 1876/43/363 1878/44/326 1877/45/360
f 1879/46/328 1871/47/364 1870/48/361
f 1874/49/331 1880/50/332 1875/51/333
f 1881/52/334 1873/53/335 1872/54/336
f 1888/43/325 1890/44/326 1889/45/327
f 1891/46/328 1883/47/329 1882/48/330
f 1886/49/331 1892/50/332 1887/51/333
f 1893/52/334 1885/53/335 1884/54/336
f 1900/43/325 1902/44/326 1901/45/327
f 1903/46/328 1895/47/364 1894/48/361
f 1898/49/331 1904/50/332 1899/51/333
f 1905/52/334 1897/53/335 1896/54/336
f 1912/43/325 1914/44/326 1913/45/327
f 1915/46/328 1907/47/329 1906/48/330
f 1910/49/331 1916/50/332 1911/51/362
f 1917/52/334 1909/53/335 1908/54/336
f 1924/43/363 1926/44/326 1925/45/360
f 1927/46/328 1919/47/364 1918/48/361
f 1922/49/365 1928/50/332 1923/51/362
f 1929/52/334 1921/53/366 1920/54/355
f 1936/43/325 1938/44/326 1937/45/327
f 1939/46/328 1931/47/329 1930/48/330
f 1934/49/331 1940/50/332 1935/51/362
f 1941/52/334 1933/53/335 1932/54/355
f 1948/43/363 1950/44/326 1949/45/327
f 1951/46/328 1943/47/329 1942/48/330
f 1946/49/331 1952/50/332 1947/51/362
f 1953/52/334 1945/53/335 1944/54/336
f 1960/43/367 1962/44/368 1961/45/369
f 1963/46/370 1955/47/398 1954/48/399
f 1958/49/373 1964/50/374 1959/51/375
f 1965/52/376 1957/53/377 1956/54/378
f 1966/1/379 1978/2/379 1979/3/379
f 1968/4/380 1977/5/377 1976/6/381
f 1966/7/382 1975/8/383 1974/9/384
f 1971/10/385 1970/11/373 1969/12/374
f 1973/13/386 1972/14/387 1967/15/388
f 1969/16/389 1978/295/390 1967/18/388
f 1979/21/391 1976/19/381 1975/89/383
f 1980/22/392 1992/23/392 1993/24/392
f 1982/25/393 1991/26/408 1990/27/394
f 1980/28/395 1989/29/396 1988/30/397
f 1985/31/371 1984/32/372 1983/33/370
f 1987/34/459 1986/35/405 1981/36/401
f 1993/39/402 1990/37/394 1989/91/396
f 1983/40/403 1992/296/404 1981/42/401
f 2000/43/367 2002/44/368 2001/45/408
f 2003/46/370 1995/47/371 1994/48/372
f 1998/49/373 2004/50/374 1999/51/375
f 2005/52/376 1997/53/377 1996/54/405
f 2012/43/367 2014/44/368 2013/45/408
f 2015/46/370 2007/47/398 2006/48/372
f 2010/49/373 2016/50/374 2011/51/375
f 2017/52/376 2009/53/377 2008/54/405
f 2024/43/367 2026/44/368 2025/45/408
f 2027/46/370 2019/47/371 2018/48/372
f 2022/49/406 2028/50/374 2023/51/375
f 2029/52/376 2021/53/407 2020/54/405
f 2036/43/367 2038/44/368 2037/45/369
f 2039/46/370 2031/47/371 2030/48/399
f 2034/49/373 2040/50/374 2035/51/385
f 2041/52/376 2033/53/377 2032/54/378
f 2048/43/367 2050/44/368 2049/45/369
f 2051/46/370 2043/47/398 2042/48/399
f 2046/49/406 2052/50/374 2047/51/375
f 2053/52/376 2045/53/407 2044/54/405
f 2060/43/367 2062/44/368 2061/45/369
f 2063/46/370 2055/47/398 2054/48/399
f 2058/49/373 2064/50/374 2059/51/385
f 2065/52/376 2057/53/377 2056/54/405
f 2072/43/367 2074/44/368 2073/45/369
f 2075/46/370 2067/47/398 2066/48/399
f 2070/49/373 2076/50/374 2071/51/375
f 2077/52/376 2069/53/377 2068/54/405
f 2084/43/367 2086/44/368 2085/45/408
f 2087/46/370 2079/47/371 2078/48/372
f 2082/49/373 2088/50/374 2083/51/375
f 2089/52/376 2081/53/377 2080/54/405
f 2133/72/100 2094/73/100 2106/72/100
f 2095/74/100 2130/75/100 2102/75/100
f 2096/74/100 2112/75/100 2131/75/100
f 2108/72/100 2097/73/100 2132/72/100
f 2107/76/100 2105/77/100 2136/77/100
f 2106/72/100 2107/76/100 2133/72/100
f 2134/78/409 2133/79/409 2107/78/410
f 2109/77/100 2110/76/100 2137/77/100
f 2110/76/100 2108/72/100 2132/72/100
f 2135/78/411 2137/80/411 2110/78/412
f 2113/81/100 2111/82/100 2126/82/100
f 2112/75/100 2113/81/100 2131/75/100
f 2129/83/411 2131/84/411 2113/83/412
f 2104/81/100 2102/75/100 2130/75/100
f 2103/82/100 2104/81/100 2127/82/100
f 2128/83/409 2127/85/409 2104/83/410
f 2132/79/413 2135/78/413 2110/78/414
f 2136/80/415 2134/78/415 2107/78/416
f 2126/85/413 2129/83/413 2113/83/414
f 2130/84/415 2128/83/415 2104/83/416
f 3276/43/78 3278/44/75 3277/45/144
f 3279/46/68 3271/47/66 3270/48/80
f 3274/49/51 3280/50/52 3275/51/50
f 3281/52/77 3273/53/45 3272/54/70
f 3282/1/554 3294/2/554 3295/3/554
f 3284/4/127 3293/5/81 3292/6/128
f 3282/7/555 3291/8/556 3290/9/557
f 3287/10/50 3286/11/51 3285/12/52
f 3289/13/558 3288/14/54 3283/15/559
f 3285/16/130 3294/307/560 3283/18/559
f 3292/19/128 3291/365/556 3295/21/561
f 3296/22/59 3308/23/59 3309/24/59
f 3298/25/134 3307/26/61 3306/27/135
f 3296/28/63 3305/29/64 3304/30/65
f 3301/31/66 3300/32/67 3299/33/68
f 3303/34/69 3302/35/82 3297/36/71
f 3306/37/135 3305/91/64 3309/39/512
f 3299/40/142 3308/41/513 3297/42/71
f 3316/43/54 3318/44/75 3317/45/61
f 3319/46/68 3311/47/66 3310/48/67
f 3314/49/51 3320/50/52 3315/51/76
f 3321/52/77 3313/53/45 3312/54/70
f 3328/43/54 3330/44/75 3329/45/144
f 3331/46/68 3323/47/66 3322/48/67
f 3326/49/51 3332/50/52 3327/51/76
f 3333/52/77 3325/53/45 3324/54/82
f 3340/43/54 3342/44/75 3341/45/144
f 3343/46/68 3335/47/79 3334/48/80
f 3338/49/51 3344/50/52 3339/51/50
f 3345/52/77 3337/53/45 3336/54/82
f 3352/43/54 3354/44/75 3353/45/61
f 3355/46/68 3347/47/79 3346/48/67
f 3350/49/51 3356/50/52 3351/51/50
f 3357/52/77 3349/53/45 3348/54/82
f 3364/43/54 3366/44/75 3365/45/61
f 3367/46/68 3359/47/66 3358/48/67
f 3362/49/51 3368/50/52 3363/51/76
f 3369/52/77 3361/53/45 3360/54/70
f 3376/43/78 3378/44/75 3377/45/61
f 3379/46/68 3371/47/79 3370/48/67
f 3374/49/145 3380/50/52 3375/51/76
f 3381/52/77 3373/53/81 3372/54/82
f 3388/43/54 3390/44/75 3389/45/61
f 3391/46/68 3383/47/66 3382/48/67
f 3386/49/51 3392/50/52 3387/51/76
f 3393/52/77 3385/53/45 3384/54/82
f 3400/43/54 3402/44/75 3401/45/61
f 3403/46/68 3395/47/66 3394/48/67
f 3398/49/51 3404/50/52 3399/51/50
f 3405/52/77 3397/53/45 3396/54/70
f 3412/43/12 3414/44/33 3413/45/19
f 3415/46/26 3407/47/24 3406/48/35
f 3410/49/9 3416/50/10 3411/51/8
f 3417/52/36 3409/53/3 3408/54/28
f 3418/1/562 3430/2/562 3431/3/562
f 3420/4/110 3429/5/3 3428/6/111
f 3418/7/563 3427/8/564 3426/9/565
f 3423/10/8 3422/11/9 3421/12/10
f 3425/13/566 3424/14/12 3419/15/567
f 3421/16/113 3430/294/568 3419/18/567
f 3428/19/111 3427/89/564 3431/21/569
f 3432/22/116 3444/23/116 3445/24/116
f 3434/25/117 3443/26/34 3442/27/118
f 3432/28/119 3441/29/120 3440/30/121
f 3437/31/24 3436/32/35 3435/33/26
f 3439/34/553 3438/35/28 3433/36/123
f 3442/37/118 3441/91/120 3445/39/124
f 3435/40/125 3444/56/126 3433/42/123
f 3452/43/38 3454/44/33 3453/45/34
f 3455/46/26 3447/47/39 3446/48/35
f 3450/49/9 3456/50/10 3451/51/41
f 3457/52/36 3449/53/3 3448/54/42
f 3464/43/38 3466/44/33 3465/45/19
f 3467/46/26 3459/47/39 3458/48/25
f 3462/49/9 3468/50/10 3463/51/8
f 3469/52/36 3461/53/3 3460/54/42
f 3476/43/12 3478/44/33 3477/45/34
f 3479/46/26 3471/47/24 3470/48/35
f 3474/49/9 3480/50/10 3475/51/8
f 3481/52/36 3473/53/3 3472/54/28
f 3488/43/38 3490/44/33 3489/45/34
f 3491/46/26 3483/47/39 3482/48/35
f 3486/49/9 3492/50/10 3487/51/8
f 3493/52/36 3485/53/3 3484/54/28
f 3500/43/12 3502/44/33 3501/45/34
f 3503/46/26 3495/47/24 3494/48/35
f 3498/49/9 3504/50/10 3499/51/8
f 3505/52/36 3497/53/3 3496/54/28
f 3512/43/12 3514/44/33 3513/45/34
f 3515/46/26 3507/47/24 3506/48/35
f 3510/49/9 3516/50/10 3511/51/8
f 3517/52/36 3509/53/3 3508/54/28
f 3524/43/12 3526/44/33 3525/45/34
f 3527/46/26 3519/47/24 3518/48/35
f 3522/49/9 3528/50/10 3523/51/41
f 3529/52/36 3521/53/3 3520/54/42
f 3536/43/12 3538/44/33 3537/45/19
f 3539/46/26 3531/47/39 3530/48/25
f 3534/49/9 3540/50/10 3535/51/41
f 3541/52/36 3533/53/3 3532/54/42
f 3585/72/100 3546/73/100 3558/72/100
f 3547/74/100 3582/75/100 3554/75/100
f 3548/74/100 3564/75/100 3583/75/100
f 3560/72/100 3549/73/100 3584/72/100
f 3559/76/100 3557/77/100 3588/77/100
f 3558/72/100 3559/76/100 3585/72/100
f 3586/78/103 3585/79/103 3559/78/104
f 3561/77/100 3562/76/100 3589/77/100
f 3562/76/100 3560/72/100 3584/72/100
f 3587/78/101 3589/80/101 3562/78/102
f 3565/81/100 3563/82/100 3578/82/100
f 3564/75/100 3565/81/100 3583/75/100
f 3581/83/101 3583/84/101 3565/83/102
f 3556/81/100 3554/75/100 3582/75/100
f 3555/82/100 3556/81/100 3579/82/100
f 3580/83/103 3579/85/103 3556/83/104
f 3584/79/107 3587/78/107 3562/78/108
f 3588/80/105 3586/78/105 3559/78/106
f 3578/85/107 3581/83/107 3565/83/108
f 3582/84/105 3580/83/105 3556/83/106
f 4428/43/325 4430/44/326 4429/45/360
f 4431/46/328 4423/47/329 4422/48/361
f 4426/49/365 4432/50/332 4427/51/362
f 4433/52/334 4425/53/335 4424/54/336
f 4434/1/337 4446/2/337 4447/3/337
f 4436/4/338 4445/5/335 4444/6/339
f 4434/7/340 4443/8/341 4442/9/342
f 4439/10/333 4438/11/365 4437/12/332
f 4441/13/343 4440/14/325 4435/15/344
f 4437/16/345 4446/381/346 4435/18/344
f 4447/21/347 4444/305/339 4443/89/341
f 4448/22/575 4460/23/575 4461/24/575
f 4450/25/349 4459/26/327 4458/27/350
f 4448/28/645 4457/29/651 4456/30/578
f 4453/31/329 4452/32/330 4451/33/328
f 4455/34/579 4454/35/336 4449/36/580
f 4458/37/350 4457/91/651 4461/39/581
f 4451/40/358 4460/429/582 4449/42/580
f 4468/43/325 4470/44/326 4469/45/327
f 4471/46/328 4463/47/329 4462/48/330
f 4466/49/331 4472/50/332 4467/51/333
f 4473/52/334 4465/53/335 4464/54/355
f 4480/43/325 4482/44/326 4481/45/360
f 4483/46/328 4475/47/329 4474/48/361
f 4478/49/331 4484/50/332 4479/51/333
f 4485/52/334 4477/53/366 4476/54/355
f 4492/43/325 4494/44/326 4493/45/327
f 4495/46/328 4487/47/329 4486/48/330
f 4490/49/331 4496/50/332 4491/51/333
f 4497/52/334 4489/53/335 4488/54/336
f 4504/43/325 4506/44/326 4505/45/327
f 4507/46/328 4499/47/329 4498/48/330
f 4502/49/331 4508/50/332 4503/51/362
f 4509/52/334 4501/53/335 4500/54/336
f 4516/43/325 4518/44/326 4517/45/327
f 4519/46/328 4511/47/329 4510/48/330
f 4514/49/331 4520/50/332 4515/51/333
f 4521/52/334 4513/53/335 4512/54/336
f 4528/43/363 4530/44/326 4529/45/360
f 4531/46/328 4523/47/329 4522/48/361
f 4526/49/365 4532/50/332 4527/51/362
f 4533/52/334 4525/53/366 4524/54/355
f 4540/43/325 4542/44/326 4541/45/327
f 4543/46/328 4535/47/329 4534/48/330
f 4538/49/365 4544/50/332 4539/51/333
f 4545/52/334 4537/53/366 4536/54/336
f 4552/43/363 4554/44/326 4553/45/327
f 4555/46/328 4547/47/329 4546/48/330
f 4550/49/331 4556/50/332 4551/51/333
f 4557/52/334 4549/53/335 4548/54/336
f 4564/43/367 4566/44/368 4565/45/408
f 4567/46/370 4559/47/398 4558/48/372
f 4562/49/373 4568/50/374 4563/51/375
f 4569/52/376 4561/53/377 4560/54/378
f 4570/1/379 4582/2/379 4583/3/379
f 4572/4/380 4581/5/377 4580/6/381
f 4570/7/382 4579/8/383 4578/9/384
f 4575/10/385 4574/11/373 4573/12/374
f 4577/13/453 4576/14/387 4571/15/388
f 4573/16/389 4582/430/390 4571/18/388
f 4580/19/381 4579/89/383 4583/21/391
f 4584/22/646 4596/23/646 4597/24/646
f 4586/25/393 4595/26/369 4594/27/394
f 4584/28/395 4593/29/396 4592/30/397
f 4589/31/371 4588/32/399 4587/33/370
f 4591/34/652 4590/35/405 4585/36/401
f 4597/39/402 4594/37/394 4593/91/396
f 4587/40/403 4596/362/404 4585/42/401
f 4604/43/387 4606/44/368 4605/45/408
f 4607/46/370 4599/47/371 4598/48/372
f 4602/49/373 4608/50/374 4603/51/385
f 4609/52/376 4601/53/377 4600/54/405
f 4616/43/367 4618/44/368 4617/45/408
f 4619/46/370 4611/47/371 4610/48/372
f 4614/49/373 4620/50/374 4615/51/375
f 4621/52/376 4613/53/377 4612/54/405
f 4628/43/367 4630/44/368 4629/45/408
f 4631/46/370 4623/47/371 4622/48/372
f 4626/49/373 4632/50/374 4627/51/385
f 4633/52/376 4625/53/377 4624/54/378
f 4640/43/367 4642/44/368 4641/45/369
f 4643/46/370 4635/47/398 4634/48/399
f 4638/49/373 4644/50/374 4639/51/375
f 4645/52/376 4637/53/377 4636/54/378
f 4652/43/367 4654/44/368 4653/45/369
f 4655/46/370 4647/47/371 4646/48/372
f 4650/49/373 4656/50/374 4651/51/375
f 4657/52/376 4649/53/377 4648/54/378
f 4664/43/367 4666/44/368 4665/45/369
f 4667/46/370 4659/47/371 4658/48/399
f 4662/49/406 4668/50/374 4663/51/375
f 4669/52/376 4661/53/407 4660/54/405
f 4676/43/387 4678/44/368 4677/45/369
f 4679/46/370 4671/47/371 4670/48/399
f 4674/49/406 4680/50/374 4675/51/375
f 4681/52/376 4673/53/377 4672/54/405
f 4688/43/367 4690/44/368 4689/45/369
f 4691/46/370 4683/47/398 4682/48/399
f 4686/49/373 4692/50/374 4687/51/375
f 4693/52/376 4685/53/377 4684/54/405
f 4737/72/100 4698/73/100 4710/72/100
f 4699/74/100 4734/75/100 4706/75/100
f 4700/74/100 4716/75/100 4735/75/100
f 4712/72/100 4701/73/100 4736/72/100
f 4711/76/100 4709/77/100 4740/77/100
f 4710/72/100 4711/76/100 4737/72/100
f 4738/78/409 4737/79/409 4711/78/410
f 4713/77/100 4714/76/100 4741/77/100
f 4714/76/100 4712/72/100 4736/72/100
f 4739/78/411 4741/80/411 4714/78/412
f 4717/81/100 4715/82/100 4730/82/100
f 4716/75/100 4717/81/100 4735/75/100
f 4733/83/411 4735/84/411 4717/83/412
f 4708/81/100 4706/75/100 4734/75/100
f 4707/82/100 4708/81/100 4731/82/100
f 4732/83/409 4731/85/409 4708/83/410
f 4736/79/413 4739/78/413 4714/78/414
f 4740/80/415 4738/78/415 4711/78/416
f 4730/85/413 4733/83/413 4717/83/414
f 4734/84/415 4732/83/415 4708/83/416
f 5301/43/54 5303/44/75 5302/45/144
f 5304/46/68 5296/47/66 5295/48/67
f 5299/49/51 5305/50/52 5300/51/50
f 5306/52/77 5298/53/45 5297/54/70
f 5307/1/43 5319/2/43 5320/3/43
f 5309/4/127 5318/5/81 5317/6/128
f 5307/7/47 5316/8/48 5315/9/49
f 5312/10/50 5311/11/51 5310/12/52
f 5314/13/53 5313/14/54 5308/15/55
f 5310/16/130 5319/17/131 5308/18/55
f 5317/19/128 5316/89/48 5320/21/132
f 5321/22/717 5333/23/717 5334/24/717
f 5323/25/134 5332/26/61 5331/27/135
f 5321/28/136 5330/29/137 5329/30/138
f 5326/31/79 5325/32/67 5324/33/68
f 5328/34/551 5327/35/82 5322/36/140
f 5331/37/135 5330/91/137 5334/39/141
f 5324/40/142 5333/41/143 5322/42/140
f 5341/43/78 5343/44/75 5342/45/61
f 5344/46/68 5336/47/79 5335/48/67
f 5339/49/51 5345/50/52 5340/51/50
f 5346/52/77 5338/53/45 5337/54/82
f 5353/43/54 5355/44/75 5354/45/61
f 5356/46/68 5348/47/66 5347/48/80
f 5351/49/51 5357/50/52 5352/51/50
f 5358/52/77 5350/53/45 5349/54/82
f 5365/43/54 5367/44/75 5366/45/61
f 5368/46/68 5360/47/79 5359/48/80
f 5363/49/51 5369/50/52 5364/51/76
f 5370/52/77 5362/53/45 5361/54/82
f 5377/43/54 5379/44/75 5378/45/61
f 5380/46/68 5372/47/79 5371/48/67
f 5375/49/51 5381/50/52 5376/51/50
f 5382/52/77 5374/53/45 5373/54/82
f 5389/43/78 5391/44/75 5390/45/61
f 5392/46/68 5384/47/66 5383/48/67
f 5387/49/51 5393/50/52 5388/51/76
f 5394/52/77 5386/53/45 5385/54/70
f 5401/43/78 5403/44/75 5402/45/61
f 5404/46/68 5396/47/79 5395/48/67
f 5399/49/145 5405/50/52 5400/51/76
f 5406/52/77 5398/53/81 5397/54/82
f 5413/43/54 5415/44/75 5414/45/61
f 5416/46/68 5408/47/66 5407/48/67
f 5411/49/145 5417/50/52 5412/51/50
f 5418/52/77 5410/53/81 5409/54/70
f 5425/43/54 5427/44/75 5426/45/61
f 5428/46/68 5420/47/66 5419/48/67
f 5423/49/51 5429/50/52 5424/51/76
f 5430/52/77 5422/53/45 5421/54/82
f 5437/43/12 5439/44/33 5438/45/34
f 5440/46/26 5432/47/24 5431/48/35
f 5435/49/9 5441/50/10 5436/51/8
f 5442/52/36 5434/53/3 5433/54/28
f 5443/1/1 5455/2/1 5456/3/1
f 5445/4/110 5454/5/3 5453/6/111
f 5443/7/112 5452/8/6 5451/9/7
f 5448/10/8 5447/11/9 5446/12/10
f 5450/13/552 5449/14/12 5444/15/13
f 5446/16/113 5455/307/114 5444/18/13
f 5453/19/111 5452/89/6 5456/21/115
f 5457/22/116 5469/23/116 5470/24/116
f 5459/25/117 5468/26/34 5467/27/118
f 5457/28/119 5466/29/120 5465/30/121
f 5462/31/24 5461/32/35 5460/33/26
f 5464/34/553 5463/35/28 5458/36/123
f 5467/37/118 5466/91/120 5470/39/124
f 5460/40/125 5469/41/126 5458/42/123
f 5477/43/38 5479/44/33 5478/45/19
f 5480/46/26 5472/47/39 5471/48/25
f 5475/49/9 5481/50/10 5476/51/8
f 5482/52/36 5474/53/3 5473/54/28
f 5489/43/38 5491/44/33 5490/45/19
f 5492/46/26 5484/47/39 5483/48/25
f 5487/49/9 5493/50/10 5488/51/41
f 5494/52/36 5486/53/3 5485/54/42
f 5501/43/12 5503/44/33 5502/45/19
f 5504/46/26 5496/47/39 5495/48/25
f 5499/49/40 5505/50/10 5500/51/8
f 5506/52/36 5498/53/37 5497/54/42
f 5513/43/12 5515/44/33 5514/45/34
f 5516/46/26 5508/47/39 5507/48/35
f 5511/49/9 5517/50/10 5512/51/8
f 5518/52/36 5510/53/3 5509/54/42
f 5525/43/38 5527/44/33 5526/45/34
f 5528/46/26 5520/47/39 5519/48/35
f 5523/49/9 5529/50/10 5524/51/41
f 5530/52/36 5522/53/3 5521/54/28
f 5537/43/12 5539/44/33 5538/45/34
f 5540/46/26 5532/47/24 5531/48/35
f 5535/49/9 5541/50/10 5536/51/41
f 5542/52/36 5534/53/3 5533/54/42
f 5549/43/12 5551/44/33 5550/45/34
f 5552/46/26 5544/47/24 5543/48/35
f 5547/49/9 5553/50/10 5548/51/8
f 5554/52/36 5546/53/3 5545/54/28
f 5561/43/12 5563/44/33 5562/45/34
f 5564/46/26 5556/47/24 5555/48/35
f 5559/49/9 5565/50/10 5560/51/8
f 5566/52/36 5558/53/3 5557/54/28
f 5610/72/100 5571/73/100 5583/72/100
f 5572/74/100 5607/75/100 5579/75/100
f 5573/74/100 5589/75/100 5608/75/100
f 5585/72/100 5574/73/100 5609/72/100
f 5584/76/100 5582/77/100 5613/77/100
f 5583/72/100 5584/76/100 5610/72/100
f 5611/78/103 5610/79/103 5584/78/104
f 5586/77/100 5587/76/100 5614/77/100
f 5587/76/100 5585/72/100 5609/72/100
f 5612/78/101 5614/80/101 5587/78/102
f 5590/81/100 5588/82/100 5603/82/100
f 5589/75/100 5590/81/100 5608/75/100
f 5606/83/101 5608/84/101 5590/83/102
f 5581/81/100 5579/75/100 5607/75/100
f 5580/82/100 5581/81/100 5604/82/100
f 5605/83/103 5604/85/103 5581/83/104
f 5609/79/107 5612/78/107 5587/78/108
f 5613/80/105 5611/78/105 5584/78/106
f 5603/85/107 5606/83/107 5590/83/108
f 5607/84/105 5605/83/105 5581/83/106
f 6005/43/325 6007/44/326 6006/45/327
f 6008/46/328 6000/47/329 5999/48/330
f 6003/49/331 6009/50/332 6004/51/333
f 6010/52/334 6002/53/335 6001/54/336
f 6011/1/337 6023/2/337 6024/3/337
f 6013/4/338 6022/5/366 6021/6/339
f 6011/7/340 6020/8/341 6019/9/342
f 6016/10/333 6015/11/365 6014/12/332
f 6018/13/498 6017/14/325 6012/15/344
f 6014/16/345 6023/17/346 6012/18/344
f 6024/21/347 6021/88/339 6020/89/341
f 6025/22/575 6037/23/575 6038/24/575
f 6027/25/349 6036/26/327 6035/27/350
f 6025/28/645 6034/29/577 6033/30/578
f 6030/31/364 6029/32/330 6028/33/328
f 6032/34/579 6031/35/355 6026/36/580
f 6038/39/581 6035/37/350 6034/91/577
f 6028/40/358 6037/265/582 6026/42/580
f 6045/43/325 6047/44/326 6046/45/327
f 6048/46/328 6040/47/329 6039/48/330
f 6043/49/331 6049/50/332 6044/51/333
f 6050/52/334 6042/53/335 6041/54/336
f 6057/43/325 6059/44/326 6058/45/360
f 6060/46/328 6052/47/329 6051/48/330
f 6055/49/331 6061/50/332 6056/51/333
f 6062/52/334 6054/53/335 6053/54/355
f 6069/43/325 6071/44/326 6070/45/327
f 6072/46/328 6064/47/364 6063/48/330
f 6067/49/331 6073/50/332 6068/51/333
f 6074/52/334 6066/53/335 6065/54/355
f 6081/43/325 6083/44/326 6082/45/327
f 6084/46/328 6076/47/364 6075/48/330
f 6079/49/331 6085/50/332 6080/51/333
f 6086/52/334 6078/53/335 6077/54/355
f 6093/43/325 6095/44/326 6094/45/327
f 6096/46/328 6088/47/329 6087/48/330
f 6091/49/331 6097/50/332 6092/51/333
f 6098/52/334 6090/53/335 6089/54/336
f 6105/43/325 6107/44/326 6106/45/327
f 6108/46/328 6100/47/329 6099/48/330
f 6103/49/365 6109/50/332 6104/51/362
f 6110/52/334 6102/53/366 6101/54/355
f 6117/43/363 6119/44/326 6118/45/327
f 6120/46/328 6112/47/329 6111/48/330
f 6115/49/331 6121/50/332 6116/51/362
f 6122/52/334 6114/53/335 6113/54/336
f 6129/43/363 6131/44/326 6130/45/327
f 6132/46/328 6124/47/364 6123/48/330
f 6127/49/331 6133/50/332 6128/51/362
f 6134/52/334 6126/53/335 6125/54/355
f 6141/43/367 6143/44/368 6142/45/408
f 6144/46/370 6136/47/398 6135/48/372
f 6139/49/373 6145/50/374 6140/51/375
f 6146/52/376 6138/53/377 6137/54/378
f 6147/1/379 6159/2/379 6160/3/379
f 6149/4/380 6158/5/377 6157/6/381
f 6147/7/382 6156/8/383 6155/9/384
f 6152/10/385 6151/11/373 6150/12/374
f 6154/13/386 6153/14/387 6148/15/388
f 6150/16/389 6159/17/390 6148/18/388
f 6160/21/391 6157/88/381 6156/89/383
f 6161/22/478 6173/23/478 6174/24/478
f 6163/25/393 6172/26/369 6171/27/394
f 6161/28/479 6170/29/574 6169/30/481
f 6166/31/398 6165/32/399 6164/33/370
f 6168/34/482 6167/35/405 6162/36/483
f 6174/39/484 6171/90/394 6170/91/574
f 6164/40/403 6173/482/485 6162/42/483
f 6181/43/367 6183/44/368 6182/45/408
f 6184/46/370 6176/47/371 6175/48/372
f 6179/49/373 6185/50/374 6180/51/375
f 6186/52/376 6178/53/377 6177/54/378
f 6193/43/367 6195/44/368 6194/45/408
f 6196/46/370 6188/47/371 6187/48/372
f 6191/49/373 6197/50/374 6192/51/375
f 6198/52/376 6190/53/377 6189/54/405
f 6205/43/387 6207/44/368 6206/45/369
f 6208/46/370 6200/47/371 6199/48/372
f 6203/49/406 6209/50/374 6204/51/385
f 6210/52/376 6202/53/407 6201/54/405
f 6217/43/387 6219/44/368 6218/45/369
f 6220/46/370 6212/47/371 6211/48/399
f 6215/49/373 6221/50/374 6216/51/385
f 6222/52/376 6214/53/377 6213/54/405
f 6229/43/367 6231/44/368 6230/45/408
f 6232/46/370 6224/47/371 6223/48/372
f 6227/49/406 6233/50/374 6228/51/375
f 6234/52/376 6226/53/407 6225/54/405
f 6241/43/367 6243/44/368 6242/45/369
f 6244/46/370 6236/47/371 6235/48/399
f 6239/49/373 6245/50/374 6240/51/375
f 6246/52/376 6238/53/377 6237/54/405
f 6253/43/367 6255/44/368 6254/45/369
f 6256/46/370 6248/47/371 6247/48/372
f 6251/49/373 6257/50/374 6252/51/375
f 6258/52/376 6250/53/377 6249/54/378
f 6265/43/367 6267/44/368 6266/45/408
f 6268/46/370 6260/47/371 6259/48/372
f 6263/49/373 6269/50/374 6264/51/385
f 6270/52/376 6262/53/377 6261/54/405
f 6314/72/100 6275/73/100 6287/72/100
f 6276/74/100 6311/75/100 6283/75/100
f 6277/74/100 6293/75/100 6312/75/100
f 6289/72/100 6278/73/100 6313/72/100
f 6288/76/100 6286/77/100 6317/77/100
f 6287/72/100 6288/76/100 6314/72/100
f 6315/78/409 6314/79/409 6288/78/410
f 6290/77/100 6291/76/100 6318/77/100
f 6291/76/100 6289/72/100 6313/72/100
f 6316/78/411 6318/80/411 6291/78/412
f 6294/81/100 6292/82/100 6307/82/100
f 6293/75/100 6294/81/100 6312/75/100
f 6310/83/411 6312/84/411 6294/83/412
f 6285/81/100 6283/75/100 6311/75/100
f 6284/82/100 6285/81/100 6308/82/100
f 6309/83/409 6308/85/409 6285/83/410
f 6313/79/413 6316/78/413 6291/78/414
f 6317/80/415 6315/78/415 6288/78/416
f 6307/85/413 6310/83/413 6294/83/414
f 6311/84/415 6309/83/415 6285/83/416
f 6969/43/363 6971/44/326 6970/45/360
f 6972/46/328 6964/47/329 6963/48/330
f 6967/49/331 6973/50/332 6968/51/333
f 6974/52/334 6966/53/335 6965/54/336
f 6975/1/337 6987/2/337 6988/3/337
f 6977/4/338 6986/5/366 6985/6/339
f 6975/7/340 6984/8/341 6983/9/342
f 6980/10/333 6979/11/365 6978/12/332
f 6982/13/343 6981/14/363 6976/15/344
f 6978/16/345 6987/487/346 6976/18/344
f 6985/19/339 6984/89/341 6988/21/347
f 6989/22/465 7001/23/465 7002/24/465
f 6991/25/349 7000/26/327 6999/27/350
f 6989/28/458 6998/29/352 6997/30/353
f 6994/31/329 6993/32/330 6992/33/328
f 6996/34/724 6995/35/355 6990/36/356
f 6999/37/350 6998/91/352 7002/39/357
f 6992/40/358 7001/486/359 6990/42/356
f 7009/43/363 7011/44/326 7010/45/327
f 7012/46/328 7004/47/364 7003/48/330
f 7007/49/331 7013/50/332 7008/51/362
f 7014/52/334 7006/53/335 7005/54/355
f 7021/43/325 7023/44/326 7022/45/327
f 7024/46/328 7016/47/329 7015/48/330
f 7019/49/331 7025/50/332 7020/51/333
f 7026/52/334 7018/53/335 7017/54/336
f 7033/43/363 7035/44/326 7034/45/360
f 7036/46/328 7028/47/329 7027/48/361
f 7031/49/331 7037/50/332 7032/51/333
f 7038/52/334 7030/53/335 7029/54/336
f 7045/43/325 7047/44/326 7046/45/327
f 7048/46/328 7040/47/364 7039/48/330
f 7043/49/331 7049/50/332 7044/51/333
f 7050/52/334 7042/53/335 7041/54/355
f 7057/43/325 7059/44/326 7058/45/327
f 7060/46/328 7052/47/329 7051/48/330
f 7055/49/365 7061/50/332 7056/51/333
f 7062/52/334 7054/53/366 7053/54/336
f 7069/43/363 7071/44/326 7070/45/327
f 7072/46/328 7064/47/329 7063/48/330
f 7067/49/331 7073/50/332 7068/51/333
f 7074/52/334 7066/53/366 7065/54/336
f 7081/43/363 7083/44/326 7082/45/327
f 7084/46/328 7076/47/364 7075/48/361
f 7079/49/331 7085/50/332 7080/51/333
f 7086/52/334 7078/53/335 7077/54/336
f 7093/43/363 7095/44/326 7094/45/360
f 7096/46/328 7088/47/364 7087/48/330
f 7091/49/331 7097/50/332 7092/51/333
f 7098/52/334 7090/53/335 7089/54/336
f 7105/43/367 7107/44/368 7106/45/408
f 7108/46/370 7100/47/371 7099/48/372
f 7103/49/406 7109/50/374 7104/51/375
f 7110/52/376 7102/53/407 7101/54/378
f 7111/1/379 7123/2/379 7124/3/379
f 7113/4/380 7122/5/407 7121/6/381
f 7111/7/382 7120/8/383 7119/9/384
f 7116/10/375 7115/11/406 7114/12/374
f 7118/13/386 7117/14/387 7112/15/388
f 7114/16/389 7123/488/390 7112/18/388
f 7121/19/381 7120/89/383 7124/21/391
f 7125/22/392 7137/23/392 7138/24/392
f 7127/25/393 7136/26/369 7135/27/394
f 7125/28/736 7134/29/396 7133/30/397
f 7130/31/371 7129/32/372 7128/33/370
f 7132/34/652 7131/35/405 7126/36/401
f 7135/37/394 7134/91/396 7138/39/402
f 7128/40/403 7137/489/404 7126/42/401
f 7145/43/367 7147/44/368 7146/45/408
f 7148/46/370 7140/47/371 7139/48/372
f 7143/49/406 7149/50/374 7144/51/375
f 7150/52/376 7142/53/407 7141/54/405
f 7157/43/387 7159/44/368 7158/45/369
f 7160/46/370 7152/47/398 7151/48/399
f 7155/49/406 7161/50/374 7156/51/375
f 7162/52/376 7154/53/407 7153/54/405
f 7169/43/367 7171/44/368 7170/45/408
f 7172/46/370 7164/47/371 7163/48/372
f 7167/49/373 7173/50/374 7168/51/375
f 7174/52/376 7166/53/377 7165/54/405
f 7181/43/367 7183/44/368 7182/45/369
f 7184/46/370 7176/47/371 7175/48/399
f 7179/49/373 7185/50/374 7180/51/385
f 7186/52/376 7178/53/377 7177/54/405
f 7193/43/387 7195/44/368 7194/45/369
f 7196/46/370 7188/47/398 7187/48/399
f 7191/49/406 7197/50/374 7192/51/375
f 7198/52/376 7190/53/407 7189/54/405
f 7205/43/367 7207/44/368 7206/45/369
f 7208/46/370 7200/47/398 7199/48/399
f 7203/49/373 7209/50/374 7204/51/375
f 7210/52/376 7202/53/377 7201/54/378
f 7217/43/387 7219/44/368 7218/45/369
f 7220/46/370 7212/47/371 7211/48/399
f 7215/49/373 7221/50/374 7216/51/385
f 7222/52/376 7214/53/377 7213/54/378
f 7229/43/367 7231/44/368 7230/45/369
f 7232/46/370 7224/47/371 7223/48/399
f 7227/49/373 7233/50/374 7228/51/375
f 7234/52/376 7226/53/377 7225/54/405
f 7278/72/100 7239/73/100 7251/72/100
f 7240/74/100 7275/75/100 7247/75/100
f 7241/74/100 7257/75/100 7276/75/100
f 7253/72/100 7242/73/100 7277/72/100
f 7252/76/100 7250/77/100 7281/77/100
f 7251/72/100 7252/76/100 7278/72/100
f 7279/78/409 7278/79/409 7252/78/410
f 7254/77/100 7255/76/100 7282/77/100
f 7255/76/100 7253/72/100 7277/72/100
f 7280/78/411 7282/80/411 7255/78/412
f 7258/81/100 7256/82/100 7271/82/100
f 7257/75/100 7258/81/100 7276/75/100
f 7274/83/411 7276/84/411 7258/83/412
f 7249/81/100 7247/75/100 7275/75/100
f 7248/82/100 7249/81/100 7272/82/100
f 7273/83/409 7272/85/409 7249/83/410
f 7277/79/413 7280/78/413 7255/78/414
f 7281/80/415 7279/78/415 7252/78/416
f 7271/85/413 7274/83/413 7258/83/414
f 7275/84/415 7273/83/415 7249/83/416
f 7813/43/54 7815/44/75 7814/45/144
f 7816/46/68 7808/47/66 7807/48/80
f 7811/49/51 7817/50/52 7812/51/50
f 7818/52/77 7810/53/45 7809/54/70
f 7819/1/554 7831/2/554 7832/3/554
f 7821/4/127 7830/5/45 7829/6/128
f 7819/7/555 7828/8/556 7827/9/557
f 7824/10/50 7823/11/145 7822/12/52
f 7826/13/756 7825/14/54 7820/15/559
f 7822/16/130 7831/510/560 7820/18/559
f 7829/19/128 7828/365/556 7832/21/561
f 7833/22/59 7845/23/59 7846/24/59
f 7835/25/134 7844/26/61 7843/27/135
f 7833/28/63 7842/29/64 7841/30/65
f 7838/31/66 7837/32/67 7836/33/68
f 7840/34/69 7839/35/70 7834/36/71
f 7843/37/135 7842/91/64 7846/39/512
f 7836/40/142 7845/509/513 7834/42/71
f 7853/43/54 7855/44/75 7854/45/61
f 7856/46/68 7848/47/79 7847/48/67
f 7851/49/51 7857/50/52 7852/51/50
f 7858/52/77 7850/53/45 7849/54/82
f 7865/43/54 7867/44/75 7866/45/61
f 7868/46/68 7860/47/66 7859/48/67
f 7863/49/51 7869/50/52 7864/51/76
f 7870/52/77 7862/53/45 7861/54/70
f 7877/43/78 7879/44/75 7878/45/144
f 7880/46/68 7872/47/66 7871/48/67
f 7875/49/51 7881/50/52 7876/51/50
f 7882/52/77 7874/53/45 7873/54/70
f 7889/43/54 7891/44/75 7890/45/61
f 7892/46/68 7884/47/66 7883/48/67
f 7887/49/51 7893/50/52 7888/51/50
f 7894/52/77 7886/53/45 7885/54/70
f 7901/43/78 7903/44/75 7902/45/144
f 7904/46/68 7896/47/66 7895/48/67
f 7899/49/145 7905/50/52 7900/51/76
f 7906/52/77 7898/53/45 7897/54/70
f 7913/43/78 7915/44/75 7914/45/61
f 7916/46/68 7908/47/79 7907/48/67
f 7911/49/145 7917/50/52 7912/51/76
f 7918/52/77 7910/53/81 7909/54/82
f 7925/43/54 7927/44/75 7926/45/61
f 7928/46/68 7920/47/66 7919/48/67
f 7923/49/51 7929/50/52 7924/51/50
f 7930/52/77 7922/53/81 7921/54/82
f 7937/43/54 7939/44/75 7938/45/61
f 7940/46/68 7932/47/66 7931/48/67
f 7935/49/51 7941/50/52 7936/51/76
f 7942/52/77 7934/53/45 7933/54/82
f 7949/43/12 7951/44/33 7950/45/34
f 7952/46/26 7944/47/24 7943/48/25
f 7947/49/9 7953/50/10 7948/51/8
f 7954/52/36 7946/53/3 7945/54/28
f 7955/1/1 7967/2/1 7968/3/1
f 7957/4/110 7966/5/3 7965/6/111
f 7955/7/112 7964/8/6 7963/9/7
f 7960/10/8 7959/11/9 7958/12/10
f 7962/13/552 7961/14/12 7956/15/13
f 7958/16/113 7967/487/114 7956/18/13
f 7968/21/115 7965/479/111 7964/89/6
f 7969/22/17 7981/23/17 7982/24/17
f 7971/25/117 7980/26/34 7979/27/118
f 7969/28/21 7978/29/22 7977/30/23
f 7974/31/24 7973/32/35 7972/33/26
f 7976/34/27 7975/35/28 7970/36/29
f 7979/37/118 7978/91/22 7982/39/760
f 7972/40/125 7981/41/761 7970/42/29
f 7989/43/12 7991/44/33 7990/45/34
f 7992/46/26 7984/47/39 7983/48/35
f 7987/49/9 7993/50/10 7988/51/8
f 7994/52/36 7986/53/3 7985/54/42
f 8001/43/38 8003/44/33 8002/45/19
f 8004/46/26 7996/47/24 7995/48/35
f 7999/49/9 8005/50/10 8000/51/41
f 8006/52/36 7998/53/3 7997/54/28
f 8013/43/38 8015/44/33 8014/45/19
f 8016/46/26 8008/47/24 8007/48/35
f 8011/49/40 8017/50/10 8012/51/41
f 8018/52/36 8010/53/3 8009/54/28
f 8025/43/38 8027/44/33 8026/45/34
f 8028/46/26 8020/47/24 8019/48/35
f 8023/49/9 8029/50/10 8024/51/41
f 8030/52/36 8022/53/3 8021/54/28
f 8037/43/38 8039/44/33 8038/45/19
f 8040/46/26 8032/47/24 8031/48/35
f 8035/49/40 8041/50/10 8036/51/41
f 8042/52/36 8034/53/3 8033/54/28
f 8049/43/38 8051/44/33 8050/45/34
f 8052/46/26 8044/47/24 8043/48/35
f 8047/49/9 8053/50/10 8048/51/41
f 8054/52/36 8046/53/3 8045/54/28
f 8061/43/12 8063/44/33 8062/45/34
f 8064/46/26 8056/47/39 8055/48/35
f 8059/49/9 8065/50/10 8060/51/8
f 8066/52/36 8058/53/3 8057/54/42
f 8073/43/38 8075/44/33 8074/45/19
f 8076/46/26 8068/47/39 8067/48/35
f 8071/49/9 8077/50/10 8072/51/41
f 8078/52/36 8070/53/3 8069/54/28
f 8122/72/100 8083/73/100 8095/72/100
f 8084/74/100 8119/75/100 8091/75/100
f 8085/74/100 8101/75/100 8120/75/100
f 8097/72/100 8086/73/100 8121/72/100
f 8096/76/100 8094/77/100 8125/77/100
f 8095/72/100 8096/76/100 8122/72/100
f 8123/78/103 8122/79/103 8096/78/104
f 8098/77/100 8099/76/100 8126/77/100
f 8099/76/100 8097/72/100 8121/72/100
f 8124/78/101 8126/80/101 8099/78/102
f 8102/81/100 8100/82/100 8115/82/100
f 8101/75/100 8102/81/100 8120/75/100
f 8118/83/101 8120/84/101 8102/83/102
f 8093/81/100 8091/75/100 8119/75/100
f 8092/82/100 8093/81/100 8116/82/100
f 8117/83/103 8116/85/103 8093/83/104
f 8121/79/107 8124/78/107 8099/78/108
f 8125/80/105 8123/78/105 8096/78/106
f 8115/85/107 8118/83/107 8102/83/108
f 8119/84/105 8117/83/105 8093/83/106
f 9594/43/78 9596/44/75 9595/45/61
f 9597/46/68 9589/47/66 9588/48/67
f 9592/49/51 9598/50/52 9593/51/76
f 9599/52/77 9591/53/45 9590/54/70
f 9600/1/43 9612/2/43 9613/3/43
f 9602/4/127 9611/5/45 9610/6/128
f 9600/7/47 9609/8/48 9608/9/49
f 9605/10/50 9604/11/51 9603/12/52
f 9607/13/53 9606/14/54 9601/15/55
f 9603/16/130 9612/549/131 9601/18/55
f 9613/21/132 9610/550/128 9609/89/48
f 9614/22/133 9626/23/133 9627/24/133
f 9616/25/134 9625/26/61 9624/27/135
f 9614/28/136 9623/29/137 9622/30/138
f 9619/31/79 9618/32/67 9617/33/68
f 9621/34/551 9620/35/82 9615/36/140
f 9624/37/135 9623/551/137 9627/39/141
f 9617/40/142 9626/93/143 9615/42/140
f 9634/43/78 9636/44/75 9635/45/61
f 9637/46/68 9629/47/79 9628/48/67
f 9632/49/51 9638/50/52 9633/51/76
f 9639/52/77 9631/53/45 9630/54/82
f 9646/43/78 9648/44/75 9647/45/144
f 9649/46/68 9641/47/79 9640/48/80
f 9644/49/51 9650/50/52 9645/51/76
f 9651/52/77 9643/53/45 9642/54/70
f 9658/43/78 9660/44/75 9659/45/144
f 9661/46/68 9653/47/79 9652/48/80
f 9656/49/51 9662/50/52 9657/51/76
f 9663/52/77 9655/53/45 9654/54/82
f 9670/43/78 9672/44/75 9671/45/61
f 9673/46/68 9665/47/79 9664/48/67
f 9668/49/51 9674/50/52 9669/51/76
f 9675/52/77 9667/53/45 9666/54/82
f 9682/43/78 9684/44/75 9683/45/144
f 9685/46/68 9677/47/79 9676/48/80
f 9680/49/145 9686/50/52 9681/51/76
f 9687/52/77 9679/53/81 9678/54/82
f 9694/43/78 9696/44/75 9695/45/144
f 9697/46/68 9689/47/79 9688/48/80
f 9692/49/145 9698/50/52 9693/51/76
f 9699/52/77 9691/53/81 9690/54/82
f 9706/43/78 9708/44/75 9707/45/61
f 9709/46/68 9701/47/79 9700/48/67
f 9704/49/145 9710/50/52 9705/51/76
f 9711/52/77 9703/53/81 9702/54/82
f 9718/43/54 9720/44/75 9719/45/61
f 9721/46/68 9713/47/66 9712/48/67
f 9716/49/51 9722/50/52 9717/51/50
f 9723/52/77 9715/53/45 9714/54/70
f 9730/43/12 9732/44/33 9731/45/19
f 9733/46/26 9725/47/24 9724/48/25
f 9728/49/9 9734/50/10 9729/51/8
f 9735/52/36 9727/53/3 9726/54/28
f 9736/1/1 9748/2/1 9749/3/1
f 9738/4/110 9747/5/3 9746/6/111
f 9736/7/5 9745/8/6 9744/9/7
f 9741/10/8 9740/11/9 9739/12/10
f 9743/13/552 9742/14/12 9737/15/13
f 9739/16/113 9748/17/114 9737/18/13
f 9746/19/111 9745/552/6 9749/21/115
f 9750/22/733 9762/23/733 9763/24/733
f 9752/25/117 9761/26/34 9760/27/118
f 9750/28/119 9759/29/120 9758/30/121
f 9755/31/24 9754/32/35 9753/33/26
f 9757/34/553 9756/35/28 9751/36/123
f 9760/37/118 9759/553/120 9763/39/124
f 9753/40/125 9762/482/126 9751/42/123
f 9770/43/38 9772/44/33 9771/45/19
f 9773/46/26 9765/47/39 9764/48/25
f 9768/49/40 9774/50/10 9769/51/41
f 9775/52/36 9767/53/3 9766/54/42
f 9782/43/38 9784/44/33 9783/45/34
f 9785/46/26 9777/47/39 9776/48/25
f 9780/49/9 9786/50/10 9781/51/8
f 9787/52/36 9779/53/3 9778/54/42
f 9794/43/38 9796/44/33 9795/45/19
f 9797/46/26 9789/47/39 9788/48/25
f 9792/49/40 9798/50/10 9793/51/41
f 9799/52/36 9791/53/37 9790/54/42
f 9806/43/38 9808/44/33 9807/45/34
f 9809/46/26 9801/47/39 9800/48/25
f 9804/49/9 9810/50/10 9805/51/41
f 9811/52/36 9803/53/37 9802/54/42
f 9818/43/38 9820/44/33 9819/45/34
f 9821/46/26 9813/47/39 9812/48/35
f 9816/49/9 9822/50/10 9817/51/41
f 9823/52/36 9815/53/3 9814/54/42
f 9830/43/38 9832/44/33 9831/45/34
f 9833/46/26 9825/47/39 9824/48/35
f 9828/49/9 9834/50/10 9829/51/41
f 9835/52/36 9827/53/3 9826/54/42
f 9842/43/12 9844/44/33 9843/45/34
f 9845/46/26 9837/47/24 9836/48/35
f 9840/49/9 9846/50/10 9841/51/8
f 9847/52/36 9839/53/3 9838/54/28
f 9854/43/12 9856/44/33 9855/45/34
f 9857/46/26 9849/47/24 9848/48/35
f 9852/49/9 9858/50/10 9853/51/8
f 9859/52/36 9851/53/3 9850/54/28
f 9903/72/100 9864/73/100 9876/72/100
f 9865/74/100 9900/75/100 9872/75/100
f 9866/74/100 9882/75/100 9901/75/100
f 9878/72/100 9867/73/100 9902/72/100
f 9877/76/100 9875/77/100 9906/77/100
f 9876/72/100 9877/76/100 9903/72/100
f 9904/78/103 9903/79/103 9877/78/104
f 9879/77/100 9880/76/100 9907/77/100
f 9880/76/100 9878/72/100 9902/72/100
f 9905/78/101 9907/80/101 9880/78/805
f 9883/81/100 9881/82/100 9896/82/100
f 9882/75/100 9883/81/100 9901/75/100
f 9899/83/101 9901/84/101 9883/83/102
f 9874/81/100 9872/75/100 9900/75/100
f 9873/82/100 9874/81/100 9897/82/100
f 9898/83/103 9897/85/103 9874/83/104
f 9902/79/107 9905/78/107 9880/78/806
f 9906/80/105 9904/78/105 9877/78/106
f 9896/85/107 9899/83/107 9883/83/108
f 9900/84/105 9898/83/105 9874/83/106
f 9950/43/78 9952/44/75 9951/45/144
f 9953/46/68 9945/47/66 9944/48/80
f 9948/49/51 9954/50/52 9949/51/50
f 9955/52/77 9947/53/45 9946/54/70
f 9956/1/43 9968/2/43 9969/3/43
f 9958/4/127 9967/5/81 9966/6/128
f 9956/7/47 9965/8/48 9964/9/49
f 9961/10/50 9960/11/145 9959/12/52
f 9963/13/129 9962/14/54 9957/15/55
f 9959/16/130 9968/381/131 9957/18/55
f 9966/19/128 9965/554/48 9969/21/132
f 9970/22/59 9982/23/59 9983/24/59
f 9972/25/134 9981/26/61 9980/27/135
f 9970/28/734 9979/29/64 9978/30/65
f 9975/31/66 9974/32/67 9973/33/68
f 9977/34/69 9976/35/70 9971/36/71
f 9980/37/135 9979/555/64 9983/39/512
f 9973/40/142 9982/93/513 9971/42/71
f 9990/43/54 9992/44/75 9991/45/61
f 9993/46/68 9985/47/79 9984/48/67
f 9988/49/51 9994/50/52 9989/51/50
f 9995/52/77 9987/53/45 9986/54/82
f 10002/43/78 10004/44/75 10003/45/144
f 10005/46/68 9997/47/66 9996/48/80
f 10000/49/51 10006/50/52 10001/51/76
f 10007/52/77 9999/53/45 9998/54/70
f 10014/43/78 10016/44/75 10015/45/144
f 10017/46/68 10009/47/66 10008/48/67
f 10012/49/51 10018/50/52 10013/51/76
f 10019/52/77 10011/53/45 10010/54/70
f 10026/43/78 10028/44/75 10027/45/144
f 10029/46/68 10021/47/66 10020/48/67
f 10024/49/51 10030/50/52 10025/51/76
f 10031/52/77 10023/53/45 10022/54/70
f 10038/43/78 10040/44/75 10039/45/144
f 10041/46/68 10033/47/66 10032/48/80
f 10036/49/145 10042/50/52 10037/51/76
f 10043/52/77 10035/53/45 10034/54/70
f 10050/43/78 10052/44/75 10051/45/61
f 10053/46/68 10045/47/79 10044/48/67
f 10048/49/51 10054/50/52 10049/51/76
f 10055/52/77 10047/53/81 10046/54/82
f 10062/43/54 10064/44/75 10063/45/61
f 10065/46/68 10057/47/79 10056/48/80
f 10060/49/51 10066/50/52 10061/51/50
f 10067/52/77 10059/53/81 10058/54/82
f 10074/43/54 10076/44/75 10075/45/61
f 10077/46/68 10069/47/66 10068/48/67
f 10072/49/51 10078/50/52 10073/51/50
f 10079/52/77 10071/53/45 10070/54/82
f 10086/43/12 10088/44/33 10087/45/19
f 10089/46/26 10081/47/24 10080/48/35
f 10084/49/9 10090/50/10 10085/51/8
f 10091/52/36 10083/53/3 10082/54/28
f 10092/1/1 10104/2/1 10105/3/1
f 10094/4/110 10103/5/3 10102/6/111
f 10092/7/112 10101/8/6 10100/9/7
f 10097/10/8 10096/11/9 10095/12/10
f 10099/13/11 10098/14/12 10093/15/13
f 10095/16/113 10104/417/114 10093/18/13
f 10102/19/111 10101/556/6 10105/21/115
f 10106/22/17 10118/23/17 10119/24/17
f 10108/25/117 10117/26/34 10116/27/118
f 10106/28/21 10115/29/22 10114/30/23
f 10111/31/24 10110/32/35 10109/33/26
f 10113/34/807 10112/35/28 10107/36/29
f 10119/39/760 10116/557/118 10115/91/22
f 10109/40/125 10118/265/761 10107/42/29
f 10126/43/12 10128/44/33 10127/45/19
f 10129/46/26 10121/47/39 10120/48/25
f 10124/49/9 10130/50/10 10125/51/8
f 10131/52/36 10123/53/37 10122/54/42
f 10138/43/38 10140/44/33 10139/45/19
f 10141/46/26 10133/47/39 10132/48/25
f 10136/49/9 10142/50/10 10137/51/41
f 10143/52/36 10135/53/3 10134/54/28
f 10150/43/38 10152/44/33 10151/45/19
f 10153/46/26 10145/47/24 10144/48/25
f 10148/49/40 10154/50/10 10149/51/41
f 10155/52/36 10147/53/37 10146/54/28
f 10162/43/38 10164/44/33 10163/45/19
f 10165/46/26 10157/47/24 10156/48/35
f 10160/49/40 10166/50/10 10161/51/41
f 10167/52/36 10159/53/3 10158/54/28
f 10174/43/38 10176/44/33 10175/45/19
f 10177/46/26 10169/47/39 10168/48/25
f 10172/49/40 10178/50/10 10173/51/41
f 10179/52/36 10171/53/37 10170/54/28
f 10186/43/38 10188/44/33 10187/45/19
f 10189/46/26 10181/47/39 10180/48/35
f 10184/49/40 10190/50/10 10185/51/41
f 10191/52/36 10183/53/3 10182/54/42
f 10198/43/12 10200/44/33 10199/45/34
f 10201/46/26 10193/47/24 10192/48/35
f 10196/49/9 10202/50/10 10197/51/8
f 10203/52/36 10195/53/3 10194/54/28
f 10210/43/12 10212/44/33 10211/45/34
f 10213/46/26 10205/47/24 10204/48/35
f 10208/49/9 10214/50/10 10209/51/8
f 10215/52/36 10207/53/3 10206/54/28
f 10259/72/100 10220/73/100 10232/72/100
f 10221/74/100 10256/75/100 10228/75/100
f 10222/74/100 10238/75/100 10257/75/100
f 10234/72/100 10223/73/100 10258/72/100
f 10233/76/100 10231/77/100 10262/77/100
f 10232/72/100 10233/76/100 10259/72/100
f 10260/78/103 10259/79/103 10233/78/104
f 10235/77/100 10236/76/100 10263/77/100
f 10236/76/100 10234/72/100 10258/72/100
f 10261/78/101 10263/80/101 10236/78/805
f 10239/81/100 10237/82/100 10252/82/100
f 10238/75/100 10239/81/100 10257/75/100
f 10255/83/101 10257/84/101 10239/83/102
f 10230/81/100 10228/75/100 10256/75/100
f 10229/82/100 10230/81/100 10253/82/100
f 10254/83/103 10253/85/103 10230/83/104
f 10258/79/107 10261/78/107 10236/78/806
f 10262/80/105 10260/78/105 10233/78/106
f 10252/85/107 10255/83/107 10239/83/108
f 10256/84/105 10254/83/105 10230/83/106
f 1092/1039/420 1082/1040/420 1393/1041/420 1391/1042/420
f 1390/1042/417 1392/1041/417 1083/1040/417 1093/1039/417
f 1393/1041/426 1082/1040/426 1083/1040/426 1392/1041/426
f 1390/1042/520 1093/1039/520 1092/1039/520 1391/1042/520
f 1100/861/420 1104/862/420 1115/863/420 1113/864/420
f 1115/865/463 1117/350/463 1114/353/463 1113/866/463
f 1109/866/644 1111/353/644 1108/350/644 1107/865/644
f 1094/862/417 1098/861/417 1109/864/417 1107/863/417
f 1097/867/417 1085/868/417 1089/869/417 1110/870/417
f 1086/868/420 1101/867/420 1112/870/420 1090/869/420
f 1112/356/463 1114/353/463 1092/871/463 1090/352/463
f 1116/875/420 1103/872/420 1087/873/420 1091/874/420
f 1106/349/644 1108/350/644 1083/351/644 1088/348/644
f 1099/876/1664 1111/877/1664 1109/864/1664 1098/861/1664
f 1110/870/1665 1111/877/1665 1099/876/1665 1097/867/1665
f 1096/878/1664 1108/879/1664 1106/875/1664 1095/872/1664
f 1107/863/1666 1108/879/1666 1096/878/1666 1094/862/1666
f 1105/878/1667 1117/879/1667 1115/863/1667 1104/862/1667
f 1116/875/1668 1117/879/1668 1105/878/1668 1103/872/1668
f 1102/876/1667 1114/877/1667 1112/870/1667 1101/867/1667
f 1113/864/1669 1114/877/1669 1102/876/1669 1100/861/1669
f 1084/873/417 1095/872/417 1106/875/417 1088/874/417
f 1082/351/463 1092/871/463 1114/353/463 1117/350/463
f 1116/349/463 1091/348/463 1082/351/463 1117/350/463
f 1093/871/644 1083/351/644 1108/350/644 1111/353/644
f 1110/356/644 1089/352/644 1093/871/644 1111/353/644
f 1083/351/426 1082/351/426 1091/348/426 1088/348/426
f 1091/874/426 1087/873/426 1084/873/426 1088/874/426
f 1089/352/520 1090/352/520 1092/871/520 1093/871/520
f 1085/868/520 1086/868/520 1090/869/520 1089/869/520
f 1126/912/420 1128/913/420 1129/914/420 1127/915/420
f 1118/920/330 1125/917/327 1126/918/326 1127/919/328
f 1123/921/333 1128/922/332 1126/923/326 1124/924/325
f 1121/925/335 1129/926/334 1128/927/332 1122/928/331
f 1119/929/329 1127/930/328 1129/931/334 1120/932/336
f 1132/880/338 1133/881/332 1134/882/331 1141/883/335
f 1131/884/344 1130/885/340 1138/886/342 1137/887/343
f 1142/888/1670 1132/889/338 1140/19/339 1143/21/347
f 1133/16/345 1132/308/1671 1142/87/346
f 1131/18/344 1142/87/346 1130/1444/340
f 1155/894/327 1146/891/349 1147/892/328 1148/893/330
f 1130/1445/340 1143/21/347 1139/89/341
f 1151/899/354 1145/896/356 1144/897/351 1152/898/353
f 1133/900/332 1131/901/344 1136/902/325 1135/903/333
f 1147/904/328 1145/905/356 1150/906/355 1149/907/329
f 1147/40/358 1146/908/1672 1156/265/359
f 1156/909/1673 1146/910/349 1154/37/350 1157/39/357
f 1145/42/356 1156/265/359 1144/1446/351
f 1166/912/420 1168/913/420 1169/914/420 1167/915/420
f 1144/1046/351 1157/39/357 1153/91/352
f 1165/917/360 1166/918/326 1167/919/328 1158/920/361
f 1163/921/362 1168/922/332 1166/923/326 1164/924/325
f 1161/925/335 1169/926/334 1168/927/332 1162/928/331
f 1159/929/329 1167/930/328 1169/931/334 1160/932/355
f 1179/915/420 1178/912/420 1180/913/420 1181/914/420
f 1177/917/360 1178/918/326 1179/919/328 1170/920/361
f 1175/921/333 1180/922/332 1178/923/326 1176/924/363
f 1173/925/335 1181/926/334 1180/927/332 1174/928/331
f 1172/932/355 1171/929/364 1179/930/328 1181/931/334
f 1190/912/420 1192/913/420 1193/914/420 1191/915/420
f 1182/920/330 1189/917/327 1190/918/326 1191/919/328
f 1187/921/362 1192/922/332 1190/923/326 1188/924/325
f 1185/925/335 1193/926/334 1192/927/332 1186/928/331
f 1183/929/329 1191/930/328 1193/931/334 1184/932/355
f 1202/912/420 1204/913/420 1205/914/420 1203/915/420
f 1194/920/330 1201/917/327 1202/918/326 1203/919/328
f 1199/921/333 1204/922/332 1202/923/326 1200/924/325
f 1197/925/335 1205/926/334 1204/927/332 1198/928/331
f 1196/932/336 1195/929/329 1203/930/328 1205/931/334
f 1214/912/420 1216/913/420 1217/914/420 1215/915/420
f 1206/920/361 1213/917/360 1214/918/326 1215/919/328
f 1211/921/362 1216/922/332 1214/923/326 1212/924/363
f 1209/925/366 1217/926/334 1216/927/332 1210/928/365
f 1207/929/364 1215/930/328 1217/931/334 1208/932/336
f 1226/912/420 1228/913/420 1229/914/420 1227/915/420
f 1218/920/361 1225/917/360 1226/918/326 1227/919/328
f 1223/921/362 1228/922/332 1226/923/326 1224/924/363
f 1222/928/365 1221/925/366 1229/926/334 1228/927/332
f 1220/932/355 1219/929/364 1227/930/328 1229/931/334
f 1238/912/420 1240/913/420 1241/914/420 1239/915/420
f 1230/920/361 1237/917/360 1238/918/326 1239/919/328
f 1235/921/333 1240/922/332 1238/923/326 1236/924/363
f 1233/925/335 1241/926/334 1240/927/332 1234/928/365
f 1231/929/364 1239/930/328 1241/931/334 1232/932/336
f 1251/915/420 1250/912/420 1252/913/420 1253/914/420
f 1242/920/330 1249/917/360 1250/918/326 1251/919/328
f 1247/921/362 1252/922/332 1250/923/326 1248/924/363
f 1245/925/335 1253/926/334 1252/927/332 1246/928/331
f 1244/932/336 1243/929/329 1251/930/328 1253/931/334
f 1262/912/417 1264/913/417 1265/914/417 1263/915/417
f 1254/920/372 1261/917/369 1262/918/368 1263/919/370
f 1259/921/375 1264/922/374 1262/923/368 1260/924/367
f 1257/925/377 1265/926/376 1264/927/374 1258/928/373
f 1255/929/371 1263/930/370 1265/931/376 1256/932/378
f 1268/880/380 1269/881/374 1270/882/373 1277/883/377
f 1267/884/388 1266/885/382 1274/886/384 1273/887/386
f 1278/888/1674 1268/889/380 1276/19/381 1279/21/391
f 1269/16/389 1268/308/1675 1278/17/390
f 1267/18/388 1278/17/390 1266/1047/382
f 1282/891/393 1283/892/370 1284/893/399 1291/894/369
f 1266/1048/382 1279/21/391 1275/266/383
f 1287/899/400 1281/896/401 1280/897/395 1288/898/397
f 1269/900/374 1267/901/388 1272/902/387 1271/903/385
f 1283/904/370 1281/905/401 1286/906/378 1285/907/398
f 1283/40/403 1282/908/510 1292/267/404
f 1292/909/1676 1282/910/393 1290/37/394 1293/39/402
f 1281/42/401 1292/267/404 1280/1049/395
f 1302/912/417 1304/913/417 1305/914/417 1303/915/417
f 1280/1050/395 1293/39/402 1289/91/396
f 1301/917/369 1302/918/368 1303/919/370 1294/920/399
f 1299/921/375 1304/922/374 1302/923/368 1300/924/367
f 1297/925/377 1305/926/376 1304/927/374 1298/928/373
f 1296/932/405 1295/929/371 1303/930/370 1305/931/376
f 1314/912/417 1316/913/417 1317/914/417 1315/915/417
f 1313/917/369 1314/918/368 1315/919/370 1306/920/399
f 1311/921/375 1316/922/374 1314/923/368 1312/924/367
f 1309/925/377 1317/926/376 1316/927/374 1310/928/373
f 1308/932/405 1307/929/398 1315/930/370 1317/931/376
f 1326/912/417 1328/913/417 1329/914/417 1327/915/417
f 1318/920/399 1325/917/369 1326/918/368 1327/919/370
f 1323/921/375 1328/922/374 1326/923/368 1324/924/367
f 1321/925/407 1329/926/376 1328/927/374 1322/928/406
f 1319/929/371 1327/930/370 1329/931/376 1320/932/405
f 1339/915/417 1338/912/417 1340/913/417 1341/914/417
f 1330/920/399 1337/917/369 1338/918/368 1339/919/370
f 1335/921/385 1340/922/374 1338/923/368 1336/924/367
f 1334/928/373 1333/925/407 1341/926/376 1340/927/374
f 1332/932/378 1331/929/371 1339/930/370 1341/931/376
f 1350/912/417 1352/913/417 1353/914/417 1351/915/417
f 1349/917/408 1350/918/368 1351/919/370 1342/920/399
f 1347/921/375 1352/922/374 1350/923/368 1348/924/387
f 1345/925/377 1353/926/376 1352/927/374 1346/928/373
f 1343/929/371 1351/930/370 1353/931/376 1344/932/405
f 1362/912/417 1364/913/417 1365/914/417 1363/915/417
f 1361/917/369 1362/918/368 1363/919/370 1354/920/399
f 1359/921/375 1364/922/374 1362/923/368 1360/924/367
f 1358/928/406 1357/925/407 1365/926/376 1364/927/374
f 1355/929/371 1363/930/370 1365/931/376 1356/932/405
f 1375/915/417 1374/912/417 1376/913/417 1377/914/417
f 1373/917/369 1374/918/368 1375/919/370 1366/920/399
f 1372/924/367 1371/921/385 1376/922/374 1374/923/368
f 1370/928/406 1369/925/407 1377/926/376 1376/927/374
f 1367/929/371 1375/930/370 1377/931/376 1368/932/405
f 1386/912/417 1388/913/417 1389/914/417 1387/915/417
f 1385/917/408 1386/918/368 1387/919/370 1378/920/399
f 1384/924/387 1383/921/385 1388/922/374 1386/923/368
f 1381/925/377 1389/926/376 1388/927/374 1382/928/373
f 1379/929/398 1387/930/370 1389/931/376 1380/932/378
f 1401/1014/420 1397/1015/420 1408/1016/420 1423/1017/420
f 1416/421/490 1419/425/490 1418/1018/490 1414/1019/490
f 1420/1018/493 1422/425/493 1425/421/493 1424/1019/493
f 1422/425/493 1391/424/493 1393/420/493 1425/421/493
f 1424/1020/420 1409/1021/420 1411/1022/420 1420/1023/420
f 1417/1024/490 1419/425/490 1390/424/490 1399/1025/490
f 1423/1026/493 1425/421/493 1393/420/493 1401/1027/493
f 1421/1024/493 1400/1025/493 1391/424/493 1422/425/493
f 1417/1031/417 1399/1028/417 1395/1029/417 1402/1030/417
f 1403/82/100 1427/82/100 1436/77/100 1405/77/100
f 1415/1017/417 1406/1016/417 1394/1015/417 1398/1014/417
f 1418/1023/417 1403/1022/417 1405/1021/417 1414/1020/417
f 1421/1031/420 1412/1030/420 1396/1029/420 1400/1028/420
f 1415/1026/490 1398/1027/490 1392/420/490 1416/421/490
f 1410/1032/1667 1409/1021/1667 1424/1020/1667 1425/1033/1667
f 1423/1017/1668 1408/1016/1668 1410/1032/1668 1425/1033/1668
f 1413/1034/1667 1412/1030/1667 1421/1031/1667 1422/1035/1667
f 1420/1023/1668 1411/1022/1668 1413/1034/1668 1422/1035/1668
f 1404/1034/1664 1403/1022/1664 1418/1023/1664 1419/1035/1664
f 1417/1031/1666 1402/1030/1666 1404/1034/1666 1419/1035/1666
f 1407/1032/1664 1406/1016/1664 1415/1017/1664 1416/1033/1664
f 1414/1020/1666 1405/1021/1666 1407/1032/1666 1416/1033/1666
f 1416/421/490 1392/420/490 1390/424/490 1419/425/490
f 1391/424/520 1400/1025/520 1399/1025/520 1390/424/520
f 1399/1028/520 1400/1028/520 1396/1029/520 1395/1029/520
f 1398/1027/426 1401/1027/426 1393/420/426 1392/420/426
f 1397/1015/426 1401/1014/426 1398/1014/426 1394/1015/426
f 1395/74/100 1396/74/100 1431/75/100 1430/75/100
f 1437/80/411 1435/1036/411 1434/1036/415 1436/80/415
f 1435/78/413 1432/79/413 1433/79/409 1434/78/409
f 1431/84/411 1429/1037/411 1428/1037/415 1430/84/415
f 1429/83/413 1426/85/413 1427/85/409 1428/83/409
f 1426/82/100 1411/82/100 1409/77/100 1437/77/100
f 1427/82/100 1426/82/100 1437/77/100 1436/77/100
f 1394/73/100 1433/72/100 1432/72/100 1397/73/100
f 2091/1042/420 1792/1039/420 1782/1040/420 2093/1041/420
f 2090/1042/417 2092/1041/417 1783/1040/417 1793/1039/417
f 2093/1041/426 1782/1040/426 1783/1040/426 2092/1041/426
f 2090/1042/520 1793/1039/520 1792/1039/520 2091/1042/520
f 1800/861/420 1804/862/420 1815/863/420 1813/864/420
f 1815/865/463 1817/350/463 1814/353/463 1813/866/463
f 1807/865/644 1809/866/644 1811/353/644 1808/350/644
f 1794/862/417 1798/861/417 1809/864/417 1807/863/417
f 1797/867/417 1785/868/417 1789/869/417 1810/870/417
f 1786/868/420 1801/867/420 1812/870/420 1790/869/420
f 1812/356/463 1814/353/463 1792/871/463 1790/352/463
f 1803/872/420 1787/873/420 1791/874/420 1816/875/420
f 1806/349/644 1808/350/644 1783/351/644 1788/348/644
f 1799/876/1664 1811/877/1664 1809/864/1664 1798/861/1664
f 1810/870/1666 1811/877/1666 1799/876/1666 1797/867/1666
f 1796/878/1664 1808/879/1664 1806/875/1664 1795/872/1664
f 1807/863/1665 1808/879/1665 1796/878/1665 1794/862/1665
f 1805/878/1667 1817/879/1667 1815/863/1667 1804/862/1667
f 1816/875/1669 1817/879/1669 1805/878/1669 1803/872/1669
f 1802/876/1667 1814/877/1667 1812/870/1667 1801/867/1667
f 1813/864/1668 1814/877/1668 1802/876/1668 1800/861/1668
f 1788/874/417 1784/873/417 1795/872/417 1806/875/417
f 1782/351/463 1792/871/463 1814/353/463 1817/350/463
f 1816/349/463 1791/348/463 1782/351/463 1817/350/463
f 1811/353/644 1793/871/644 1783/351/644 1808/350/644
f 1810/356/644 1789/352/644 1793/871/644 1811/353/644
f 1783/351/426 1782/351/426 1791/348/426 1788/348/426
f 1791/874/426 1787/873/426 1784/873/426 1788/874/426
f 1789/352/520 1790/352/520 1792/871/520 1793/871/520
f 1789/869/520 1785/868/520 1786/868/520 1790/869/520
f 1826/912/420 1828/913/420 1829/914/420 1827/915/420
f 1818/920/330 1825/917/327 1826/918/326 1827/919/328
f 1824/924/325 1823/921/333 1828/922/332 1826/923/326
f 1821/925/335 1829/926/334 1828/927/332 1822/928/331
f 1819/929/329 1827/930/328 1829/931/334 1820/932/336
f 1841/883/366 1832/880/338 1833/881/332 1834/882/365
f 1831/884/344 1830/885/457 1838/886/342 1837/887/343
f 1842/888/1670 1832/889/338 1840/19/339 1843/21/347
f 1833/16/345 1832/308/1671 1842/294/346
f 1831/18/344 1842/294/346 1830/1527/457
f 1855/894/327 1846/891/349 1847/892/328 1848/893/330
f 1830/309/457 1843/21/347 1839/89/341
f 1851/899/354 1845/896/356 1844/897/458 1852/898/353
f 1833/900/332 1831/901/344 1836/902/325 1835/903/333
f 1847/904/328 1845/905/356 1850/906/336 1849/907/329
f 1847/40/358 1846/908/1672 1856/93/359
f 1856/909/1673 1846/910/349 1854/37/350 1857/39/357
f 1845/42/356 1856/93/359 1844/1528/458
f 1866/912/420 1868/913/420 1869/914/420 1867/915/420
f 1844/1529/458 1857/39/357 1853/91/352
f 1865/917/360 1866/918/326 1867/919/328 1858/920/361
f 1863/921/333 1868/922/332 1866/923/326 1864/924/363
f 1861/925/335 1869/926/334 1868/927/332 1862/928/331
f 1859/929/364 1867/930/328 1869/931/334 1860/932/336
f 1879/915/420 1878/912/420 1880/913/420 1881/914/420
f 1877/917/360 1878/918/326 1879/919/328 1870/920/361
f 1875/921/333 1880/922/332 1878/923/326 1876/924/363
f 1873/925/335 1881/926/334 1880/927/332 1874/928/331
f 1871/929/364 1879/930/328 1881/931/334 1872/932/336
f 1890/912/420 1892/913/420 1893/914/420 1891/915/420
f 1889/917/327 1890/918/326 1891/919/328 1882/920/330
f 1887/921/333 1892/922/332 1890/923/326 1888/924/325
f 1885/925/335 1893/926/334 1892/927/332 1886/928/331
f 1883/929/329 1891/930/328 1893/931/334 1884/932/336
f 1902/912/420 1904/913/420 1905/914/420 1903/915/420
f 1894/920/361 1901/917/327 1902/918/326 1903/919/328
f 1900/924/325 1899/921/333 1904/922/332 1902/923/326
f 1897/925/335 1905/926/334 1904/927/332 1898/928/331
f 1896/932/336 1895/929/364 1903/930/328 1905/931/334
f 1914/912/420 1916/913/420 1917/914/420 1915/915/420
f 1906/920/330 1913/917/327 1914/918/326 1915/919/328
f 1911/921/362 1916/922/332 1914/923/326 1912/924/325
f 1909/925/335 1917/926/334 1916/927/332 1910/928/331
f 1908/932/336 1907/929/329 1915/930/328 1917/931/334
f 1926/912/420 1928/913/420 1929/914/420 1927/915/420
f 1918/920/361 1925/917/360 1926/918/326 1927/919/328
f 1923/921/362 1928/922/332 1926/923/326 1924/924/363
f 1922/928/365 1921/925/366 1929/926/334 1928/927/332
f 1919/929/364 1927/930/328 1929/931/334 1920/932/355
f 1938/912/420 1940/913/420 1941/914/420 1939/915/420
f 1930/920/330 1937/917/327 1938/918/326 1939/919/328
f 1935/921/362 1940/922/332 1938/923/326 1936/924/325
f 1933/925/335 1941/926/334 1940/927/332 1934/928/331
f 1932/932/355 1931/929/329 1939/930/328 1941/931/334
f 1951/915/420 1950/912/420 1952/913/420 1953/914/420
f 1942/920/330 1949/917/327 1950/918/326 1951/919/328
f 1947/921/362 1952/922/332 1950/923/326 1948/924/363
f 1945/925/335 1953/926/334 1952/927/332 1946/928/331
f 1944/932/336 1943/929/329 1951/930/328 1953/931/334
f 1962/912/417 1964/913/417 1965/914/417 1963/915/417
f 1954/920/399 1961/917/369 1962/918/368 1963/919/370
f 1959/921/375 1964/922/374 1962/923/368 1960/924/367
f 1957/925/377 1965/926/376 1964/927/374 1958/928/373
f 1956/932/378 1955/929/398 1963/930/370 1965/931/376
f 1977/883/377 1968/880/380 1969/881/374 1970/882/373
f 1967/884/388 1966/885/382 1974/886/384 1973/887/386
f 1978/888/1674 1968/889/380 1976/19/381 1979/21/391
f 1969/16/389 1968/308/1675 1978/295/390
f 1967/18/388 1978/295/390 1966/1047/382
f 1982/891/393 1983/892/370 1984/893/372 1991/894/408
f 1966/1048/382 1979/21/391 1975/89/383
f 1987/899/459 1981/896/401 1980/897/395 1988/898/397
f 1969/900/374 1967/901/388 1972/902/387 1971/903/385
f 1983/904/370 1981/905/401 1986/906/405 1985/907/371
f 1983/40/403 1982/908/510 1992/296/404
f 1992/909/1676 1982/910/393 1990/37/394 1993/39/402
f 1981/42/401 1992/296/404 1980/1530/395
f 2002/912/417 2004/913/417 2005/914/417 2003/915/417
f 1980/1531/395 1993/39/402 1989/91/396
f 2001/917/408 2002/918/368 2003/919/370 1994/920/372
f 1999/921/375 2004/922/374 2002/923/368 2000/924/367
f 1997/925/377 2005/926/376 2004/927/374 1998/928/373
f 1995/929/371 2003/930/370 2005/931/376 1996/932/405
f 2014/912/417 2016/913/417 2017/914/417 2015/915/417
f 2013/917/408 2014/918/368 2015/919/370 2006/920/372
f 2011/921/375 2016/922/374 2014/923/368 2012/924/367
f 2009/925/377 2017/926/376 2016/927/374 2010/928/373
f 2008/932/405 2007/929/398 2015/930/370 2017/931/376
f 2026/912/417 2028/913/417 2029/914/417 2027/915/417
f 2018/920/372 2025/917/408 2026/918/368 2027/919/370
f 2024/924/367 2023/921/375 2028/922/374 2026/923/368
f 2021/925/407 2029/926/376 2028/927/374 2022/928/406
f 2019/929/371 2027/930/370 2029/931/376 2020/932/405
f 2038/912/417 2040/913/417 2041/914/417 2039/915/417
f 2030/920/399 2037/917/369 2038/918/368 2039/919/370
f 2036/924/367 2035/921/385 2040/922/374 2038/923/368
f 2033/925/377 2041/926/376 2040/927/374 2034/928/373
f 2031/929/371 2039/930/370 2041/931/376 2032/932/378
f 2050/912/417 2052/913/417 2053/914/417 2051/915/417
f 2049/917/369 2050/918/368 2051/919/370 2042/920/399
f 2047/921/375 2052/922/374 2050/923/368 2048/924/367
f 2046/928/406 2045/925/407 2053/926/376 2052/927/374
f 2044/932/405 2043/929/398 2051/930/370 2053/931/376
f 2062/912/417 2064/913/417 2065/914/417 2063/915/417
f 2061/917/369 2062/918/368 2063/919/370 2054/920/399
f 2059/921/385 2064/922/374 2062/923/368 2060/924/367
f 2058/928/373 2057/925/377 2065/926/376 2064/927/374
f 2056/932/405 2055/929/398 2063/930/370 2065/931/376
f 2074/912/417 2076/913/417 2077/914/417 2075/915/417
f 2073/917/369 2074/918/368 2075/919/370 2066/920/399
f 2071/921/375 2076/922/374 2074/923/368 2072/924/367
f 2070/928/373 2069/925/377 2077/926/376 2076/927/374
f 2068/932/405 2067/929/398 2075/930/370 2077/931/376
f 2086/912/417 2088/913/417 2089/914/417 2087/915/417
f 2085/917/408 2086/918/368 2087/919/370 2078/920/372
f 2083/921/375 2088/922/374 2086/923/368 2084/924/367
f 2081/925/377 2089/926/376 2088/927/374 2082/928/373
f 2079/929/371 2087/930/370 2089/931/376 2080/932/405
f 2101/1014/420 2097/1015/420 2108/1016/420 2123/1017/420
f 2114/1019/490 2116/421/490 2119/425/490 2118/1018/490
f 2122/425/493 2125/421/493 2124/1019/493 2120/1018/493
f 2122/425/493 2091/424/493 2093/420/493 2125/421/493
f 2124/1020/420 2109/1021/420 2111/1022/420 2120/1023/420
f 2117/1024/490 2119/425/490 2090/424/490 2099/1025/490
f 2123/1026/493 2125/421/493 2093/420/493 2101/1027/493
f 2121/1024/493 2100/1025/493 2091/424/493 2122/425/493
f 2099/1028/417 2095/1029/417 2102/1030/417 2117/1031/417
f 2103/82/100 2127/82/100 2136/77/100 2105/77/100
f 2115/1017/417 2106/1016/417 2094/1015/417 2098/1014/417
f 2118/1023/417 2103/1022/417 2105/1021/417 2114/1020/417
f 2121/1031/420 2112/1030/420 2096/1029/420 2100/1028/420
f 2115/1026/490 2098/1027/490 2092/420/490 2116/421/490
f 2110/1032/1667 2109/1021/1667 2124/1020/1667 2125/1033/1667
f 2123/1017/1668 2108/1016/1668 2110/1032/1668 2125/1033/1668
f 2113/1034/1667 2112/1030/1667 2121/1031/1667 2122/1035/1667
f 2120/1023/1668 2111/1022/1668 2113/1034/1668 2122/1035/1668
f 2104/1034/1664 2103/1022/1664 2118/1023/1664 2119/1035/1664
f 2117/1031/1666 2102/1030/1666 2104/1034/1666 2119/1035/1666
f 2107/1032/1780 2106/1016/1780 2115/1017/1780 2116/1033/1780
f 2114/1020/1665 2105/1021/1665 2107/1032/1665 2116/1033/1665
f 2116/421/490 2092/420/490 2090/424/490 2119/425/490
f 2091/424/520 2100/1025/520 2099/1025/520 2090/424/520
f 2099/1028/520 2100/1028/520 2096/1029/520 2095/1029/520
f 2098/1027/426 2101/1027/426 2093/420/426 2092/420/426
f 2097/1015/426 2101/1014/426 2098/1014/426 2094/1015/426
f 2095/74/100 2096/74/100 2131/75/100 2130/75/100
f 2137/80/411 2135/1036/411 2134/1036/415 2136/80/415
f 2135/78/413 2132/79/413 2133/79/409 2134/78/409
f 2131/84/411 2129/1037/411 2128/1037/415 2130/84/415
f 2129/83/413 2126/85/413 2127/85/409 2128/83/409
f 2126/82/100 2111/82/100 2109/77/100 2137/77/100
f 2127/82/100 2126/82/100 2137/77/100 2136/77/100
f 2094/73/100 2133/72/100 2132/72/100 2097/73/100
f 3244/1039/426 3234/1040/426 3545/1041/426 3543/1042/426
f 3544/1041/520 3235/1040/520 3245/1039/520 3542/1042/520
f 3545/1041/417 3234/1040/417 3235/1040/417 3544/1041/417
f 3542/1042/420 3245/1039/420 3244/1039/420 3543/1042/420
f 3252/861/426 3256/862/426 3267/863/426 3265/864/426
f 3267/865/464 3269/350/464 3266/353/464 3265/866/464
f 3261/866/497 3263/353/497 3260/350/497 3259/865/497
f 3246/862/520 3250/861/520 3261/864/520 3259/863/520
f 3249/867/520 3237/868/520 3241/869/520 3262/870/520
f 3238/868/426 3253/867/426 3264/870/426 3242/869/426
f 3264/356/464 3266/353/464 3244/871/464 3242/352/464
f 3255/872/426 3239/873/426 3243/874/426 3268/875/426
f 3258/349/497 3260/350/497 3235/351/497 3240/348/497
f 3251/876/1343 3263/877/1343 3261/864/1343 3250/861/1343
f 3262/870/1344 3263/877/1344 3251/876/1344 3249/867/1344
f 3248/878/1343 3260/879/1343 3258/875/1343 3247/872/1343
f 3259/863/1344 3260/879/1344 3248/878/1344 3246/862/1344
f 3257/878/1341 3269/879/1341 3267/863/1341 3256/862/1341
f 3268/875/1342 3269/879/1342 3257/878/1342 3255/872/1342
f 3254/876/1341 3266/877/1341 3264/870/1341 3253/867/1341
f 3265/864/1342 3266/877/1342 3254/876/1342 3252/861/1342
f 3236/873/520 3247/872/520 3258/875/520 3240/874/520
f 3234/351/464 3244/871/464 3266/353/464 3269/350/464
f 3268/349/464 3243/348/464 3234/351/464 3269/350/464
f 3263/353/497 3245/871/497 3235/351/497 3260/350/497
f 3262/356/497 3241/352/497 3245/871/497 3263/353/497
f 3234/351/417 3243/348/417 3240/348/417 3235/351/417
f 3243/874/417 3239/873/417 3236/873/417 3240/874/417
f 3245/871/420 3241/352/420 3242/352/420 3244/871/420
f 3237/868/420 3238/868/420 3242/869/420 3241/869/420
f 3278/912/426 3280/913/426 3281/914/426 3279/915/426
f 3270/920/80 3277/917/144 3278/918/75 3279/919/68
f 3276/924/78 3275/921/50 3280/922/52 3278/923/75
f 3273/925/45 3281/926/77 3280/927/52 3274/928/51
f 3271/929/66 3279/930/68 3281/931/77 3272/932/70
f 3284/880/127 3285/881/52 3286/882/51 3293/883/81
f 3289/887/558 3283/884/559 3282/885/555 3290/886/557
f 3294/888/1397 3284/889/127 3292/19/128 3295/21/561
f 3285/16/130 3284/308/1398 3294/307/560
f 3283/18/559 3294/307/560 3282/1636/555
f 3298/891/134 3299/892/68 3300/893/67 3307/894/61
f 3282/1637/555 3295/21/561 3291/365/556
f 3297/896/71 3296/897/63 3304/898/65 3303/899/69
f 3287/903/50 3285/900/52 3283/901/559 3288/902/54
f 3299/904/68 3297/905/71 3302/906/82 3301/907/66
f 3299/40/142 3298/908/1399 3308/41/513
f 3308/909/1400 3298/910/134 3306/37/135 3309/39/512
f 3297/42/71 3308/41/513 3296/1638/63
f 3318/912/426 3320/913/426 3321/914/426 3319/915/426
f 3296/1639/63 3309/39/512 3305/91/64
f 3317/917/61 3318/918/75 3319/919/68 3310/920/67
f 3315/921/76 3320/922/52 3318/923/75 3316/924/54
f 3314/928/51 3313/925/45 3321/926/77 3320/927/52
f 3311/929/66 3319/930/68 3321/931/77 3312/932/70
f 3330/912/426 3332/913/426 3333/914/426 3331/915/426
f 3329/917/144 3330/918/75 3331/919/68 3322/920/67
f 3327/921/76 3332/922/52 3330/923/75 3328/924/54
f 3326/928/51 3325/925/45 3333/926/77 3332/927/52
f 3324/932/82 3323/929/66 3331/930/68 3333/931/77
f 3342/912/426 3344/913/426 3345/914/426 3343/915/426
f 3334/920/80 3341/917/144 3342/918/75 3343/919/68
f 3339/921/50 3344/922/52 3342/923/75 3340/924/54
f 3337/925/45 3345/926/77 3344/927/52 3338/928/51
f 3335/929/79 3343/930/68 3345/931/77 3336/932/82
f 3354/912/426 3356/913/426 3357/914/426 3355/915/426
f 3346/920/67 3353/917/61 3354/918/75 3355/919/68
f 3351/921/50 3356/922/52 3354/923/75 3352/924/54
f 3349/925/45 3357/926/77 3356/927/52 3350/928/51
f 3348/932/82 3347/929/79 3355/930/68 3357/931/77
f 3366/912/426 3368/913/426 3369/914/426 3367/915/426
f 3365/917/61 3366/918/75 3367/919/68 3358/920/67
f 3363/921/76 3368/922/52 3366/923/75 3364/924/54
f 3362/928/51 3361/925/45 3369/926/77 3368/927/52
f 3359/929/66 3367/930/68 3369/931/77 3360/932/70
f 3378/912/426 3380/913/426 3381/914/426 3379/915/426
f 3377/917/61 3378/918/75 3379/919/68 3370/920/67
f 3375/921/76 3380/922/52 3378/923/75 3376/924/78
f 3374/928/145 3373/925/81 3381/926/77 3380/927/52
f 3372/932/82 3371/929/79 3379/930/68 3381/931/77
f 3390/912/426 3392/913/426 3393/914/426 3391/915/426
f 3389/917/61 3390/918/75 3391/919/68 3382/920/67
f 3388/924/54 3387/921/76 3392/922/52 3390/923/75
f 3385/925/45 3393/926/77 3392/927/52 3386/928/51
f 3384/932/82 3383/929/66 3391/930/68 3393/931/77
f 3402/912/426 3404/913/426 3405/914/426 3403/915/426
f 3394/920/67 3401/917/61 3402/918/75 3403/919/68
f 3399/921/50 3404/922/52 3402/923/75 3400/924/54
f 3397/925/45 3405/926/77 3404/927/52 3398/928/51
f 3396/932/70 3395/929/66 3403/930/68 3405/931/77
f 3414/912/520 3416/913/520 3417/914/520 3415/915/520
f 3406/920/35 3413/917/19 3414/918/33 3415/919/26
f 3411/921/8 3416/922/10 3414/923/33 3412/924/12
f 3409/925/3 3417/926/36 3416/927/10 3410/928/9
f 3408/932/28 3407/929/24 3415/930/26 3417/931/36
f 3420/880/110 3421/881/10 3422/882/9 3429/883/3
f 3425/887/566 3419/884/567 3418/885/563 3426/886/565
f 3430/888/1394 3420/889/110 3428/19/111 3431/21/569
f 3421/16/113 3420/308/1395 3430/294/568
f 3419/18/567 3430/294/568 3418/1640/563
f 3434/891/117 3435/892/26 3436/893/35 3443/894/34
f 3418/1641/563 3431/21/569 3427/89/564
f 3439/899/553 3433/896/123 3432/897/119 3440/898/121
f 3421/900/10 3419/901/567 3424/902/12 3423/903/8
f 3435/904/26 3433/905/123 3438/906/28 3437/907/24
f 3435/40/125 3434/908/476 3444/56/126
f 3444/909/1396 3434/910/117 3442/37/118 3445/39/124
f 3433/42/123 3444/56/126 3432/1634/119
f 3454/912/520 3456/913/520 3457/914/520 3455/915/520
f 3432/1635/119 3445/39/124 3441/91/120
f 3446/920/35 3453/917/34 3454/918/33 3455/919/26
f 3451/921/41 3456/922/10 3454/923/33 3452/924/38
f 3449/925/3 3457/926/36 3456/927/10 3450/928/9
f 3448/932/42 3447/929/39 3455/930/26 3457/931/36
f 3466/912/520 3468/913/520 3469/914/520 3467/915/520
f 3458/920/25 3465/917/19 3466/918/33 3467/919/26
f 3463/921/8 3468/922/10 3466/923/33 3464/924/38
f 3461/925/3 3469/926/36 3468/927/10 3462/928/9
f 3460/932/42 3459/929/39 3467/930/26 3469/931/36
f 3478/912/520 3480/913/520 3481/914/520 3479/915/520
f 3470/920/35 3477/917/34 3478/918/33 3479/919/26
f 3476/924/12 3475/921/8 3480/922/10 3478/923/33
f 3473/925/3 3481/926/36 3480/927/10 3474/928/9
f 3471/929/24 3479/930/26 3481/931/36 3472/932/28
f 3490/912/520 3492/913/520 3493/914/520 3491/915/520
f 3482/920/35 3489/917/34 3490/918/33 3491/919/26
f 3488/924/38 3487/921/8 3492/922/10 3490/923/33
f 3486/928/9 3485/925/3 3493/926/36 3492/927/10
f 3483/929/39 3491/930/26 3493/931/36 3484/932/28
f 3502/912/520 3504/913/520 3505/914/520 3503/915/520
f 3501/917/34 3502/918/33 3503/919/26 3494/920/35
f 3499/921/8 3504/922/10 3502/923/33 3500/924/12
f 3497/925/3 3505/926/36 3504/927/10 3498/928/9
f 3495/929/24 3503/930/26 3505/931/36 3496/932/28
f 3514/912/520 3516/913/520 3517/914/520 3515/915/520
f 3513/917/34 3514/918/33 3515/919/26 3506/920/35
f 3511/921/8 3516/922/10 3514/923/33 3512/924/12
f 3510/928/9 3509/925/3 3517/926/36 3516/927/10
f 3508/932/28 3507/929/24 3515/930/26 3517/931/36
f 3526/912/520 3528/913/520 3529/914/520 3527/915/520
f 3525/917/34 3526/918/33 3527/919/26 3518/920/35
f 3523/921/41 3528/922/10 3526/923/33 3524/924/12
f 3521/925/3 3529/926/36 3528/927/10 3522/928/9
f 3520/932/42 3519/929/24 3527/930/26 3529/931/36
f 3538/912/520 3540/913/520 3541/914/520 3539/915/520
f 3530/920/25 3537/917/19 3538/918/33 3539/919/26
f 3535/921/41 3540/922/10 3538/923/33 3536/924/12
f 3533/925/3 3541/926/36 3540/927/10 3534/928/9
f 3532/932/42 3531/929/39 3539/930/26 3541/931/36
f 3553/1014/426 3549/1015/426 3560/1016/426 3575/1017/426
f 3568/421/487 3571/425/487 3570/1018/487 3566/1019/487
f 3572/1018/492 3574/425/492 3577/421/492 3576/1019/492
f 3574/425/492 3543/424/492 3545/420/492 3577/421/492
f 3576/1020/426 3561/1021/426 3563/1022/426 3572/1023/426
f 3569/1024/487 3571/425/487 3542/424/487 3551/1025/487
f 3575/1026/492 3577/421/492 3545/420/492 3553/1027/492
f 3573/1024/492 3552/1025/492 3543/424/492 3574/425/492
f 3551/1028/520 3547/1029/520 3554/1030/520 3569/1031/520
f 3555/82/100 3579/82/100 3588/77/100 3557/77/100
f 3567/1017/520 3558/1016/520 3546/1015/520 3550/1014/520
f 3570/1023/520 3555/1022/520 3557/1021/520 3566/1020/520
f 3573/1031/426 3564/1030/426 3548/1029/426 3552/1028/426
f 3567/1026/487 3550/1027/487 3544/420/487 3568/421/487
f 3562/1032/1341 3561/1021/1341 3576/1020/1341 3577/1033/1341
f 3575/1017/1342 3560/1016/1342 3562/1032/1342 3577/1033/1342
f 3565/1034/1341 3564/1030/1341 3573/1031/1341 3574/1035/1341
f 3572/1023/1342 3563/1022/1342 3565/1034/1342 3574/1035/1342
f 3556/1034/1343 3555/1022/1343 3570/1023/1343 3571/1035/1343
f 3569/1031/1344 3554/1030/1344 3556/1034/1344 3571/1035/1344
f 3559/1032/1343 3558/1016/1343 3567/1017/1343 3568/1033/1343
f 3566/1020/1344 3557/1021/1344 3559/1032/1344 3568/1033/1344
f 3568/421/487 3544/420/487 3542/424/487 3571/425/487
f 3543/424/420 3552/1025/420 3551/1025/420 3542/424/420
f 3551/1028/420 3552/1028/420 3548/1029/420 3547/1029/420
f 3550/1027/417 3553/1027/417 3545/420/417 3544/420/417
f 3549/1015/417 3553/1014/417 3550/1014/417 3546/1015/417
f 3547/74/100 3548/74/100 3583/75/100 3582/75/100
f 3589/80/101 3587/1036/101 3586/1036/105 3588/80/105
f 3587/78/107 3584/79/107 3585/79/103 3586/78/103
f 3583/84/101 3581/1037/101 3580/1037/105 3582/84/105
f 3581/83/107 3578/85/107 3579/85/103 3580/83/103
f 3578/82/100 3563/82/100 3561/77/100 3589/77/100
f 3579/82/100 3578/82/100 3589/77/100 3588/77/100
f 3585/72/100 3584/72/100 3549/73/100 3546/73/100
f 4695/1042/420 4396/1039/420 4386/1040/420 4697/1041/420
f 4694/1042/417 4696/1041/417 4387/1040/417 4397/1039/417
f 4697/1041/426 4386/1040/426 4387/1040/426 4696/1041/426
f 4694/1042/520 4397/1039/520 4396/1039/520 4695/1042/520
f 4404/861/420 4408/862/420 4419/863/420 4417/864/420
f 4419/865/463 4421/350/463 4418/353/463 4417/866/463
f 4413/866/644 4415/353/644 4412/350/644 4411/865/644
f 4398/862/417 4402/861/417 4413/864/417 4411/863/417
f 4401/867/417 4389/868/417 4393/869/417 4414/870/417
f 4390/868/420 4405/867/420 4416/870/420 4394/869/420
f 4416/356/463 4418/353/463 4396/871/463 4394/352/463
f 4407/872/420 4391/873/420 4395/874/420 4420/875/420
f 4410/349/644 4412/350/644 4387/351/644 4392/348/644
f 4403/876/1664 4415/877/1664 4413/864/1664 4402/861/1664
f 4414/870/1665 4415/877/1665 4403/876/1665 4401/867/1665
f 4400/878/1664 4412/879/1664 4410/875/1664 4399/872/1664
f 4411/863/1665 4412/879/1665 4400/878/1665 4398/862/1665
f 4409/878/1783 4421/879/1783 4419/863/1783 4408/862/1783
f 4420/875/1668 4421/879/1668 4409/878/1668 4407/872/1668
f 4406/876/1667 4418/877/1667 4416/870/1667 4405/867/1667
f 4417/864/1669 4418/877/1669 4406/876/1669 4404/861/1669
f 4388/873/417 4399/872/417 4410/875/417 4392/874/417
f 4386/351/463 4396/871/463 4418/353/463 4421/350/463
f 4420/349/463 4395/348/463 4386/351/463 4421/350/463
f 4397/871/644 4387/351/644 4412/350/644 4415/353/644
f 4414/356/644 4393/352/644 4397/871/644 4415/353/644
f 4386/351/426 4395/348/426 4392/348/426 4387/351/426
f 4395/874/426 4391/873/426 4388/873/426 4392/874/426
f 4393/352/520 4394/352/520 4396/871/520 4397/871/520
f 4389/868/520 4390/868/520 4394/869/520 4393/869/520
f 4430/912/420 4432/913/420 4433/914/420 4431/915/420
f 4422/920/361 4429/917/360 4430/918/326 4431/919/328
f 4427/921/362 4432/922/332 4430/923/326 4428/924/325
f 4425/925/335 4433/926/334 4432/927/332 4426/928/365
f 4423/929/329 4431/930/328 4433/931/334 4424/932/336
f 4436/880/338 4437/881/332 4438/882/365 4445/883/335
f 4435/884/344 4434/885/340 4442/886/342 4441/887/343
f 4446/888/1670 4436/889/338 4444/305/339 4447/21/347
f 4437/16/345 4436/308/1671 4446/381/346
f 4435/18/344 4446/381/346 4434/1527/340
f 4459/894/327 4450/891/349 4451/892/328 4452/893/330
f 4434/309/340 4447/21/347 4443/89/341
f 4449/896/580 4448/897/645 4456/898/578 4455/899/579
f 4437/900/332 4435/901/344 4440/902/325 4439/903/333
f 4451/904/328 4449/905/580 4454/906/336 4453/907/329
f 4451/40/358 4450/908/1672 4460/429/582
f 4460/909/1673 4450/910/349 4458/37/350 4461/39/581
f 4449/42/580 4460/429/582 4448/1821/645
f 4470/912/420 4472/913/420 4473/914/420 4471/915/420
f 4448/1822/645 4461/39/581 4457/91/651
f 4462/920/330 4469/917/327 4470/918/326 4471/919/328
f 4467/921/333 4472/922/332 4470/923/326 4468/924/325
f 4465/925/335 4473/926/334 4472/927/332 4466/928/331
f 4464/932/355 4463/929/329 4471/930/328 4473/931/334
f 4483/915/420 4482/912/420 4484/913/420 4485/914/420
f 4481/917/360 4482/918/326 4483/919/328 4474/920/361
f 4479/921/333 4484/922/332 4482/923/326 4480/924/325
f 4477/925/366 4485/926/334 4484/927/332 4478/928/331
f 4475/929/329 4483/930/328 4485/931/334 4476/932/355
f 4494/912/420 4496/913/420 4497/914/420 4495/915/420
f 4493/917/327 4494/918/326 4495/919/328 4486/920/330
f 4492/924/325 4491/921/333 4496/922/332 4494/923/326
f 4489/925/335 4497/926/334 4496/927/332 4490/928/331
f 4487/929/329 4495/930/328 4497/931/334 4488/932/336
f 4506/912/420 4508/913/420 4509/914/420 4507/915/420
f 4505/917/327 4506/918/326 4507/919/328 4498/920/330
f 4504/924/325 4503/921/362 4508/922/332 4506/923/326
f 4501/925/335 4509/926/334 4508/927/332 4502/928/331
f 4499/929/329 4507/930/328 4509/931/334 4500/932/336
f 4518/912/420 4520/913/420 4521/914/420 4519/915/420
f 4510/920/330 4517/917/327 4518/918/326 4519/919/328
f 4515/921/333 4520/922/332 4518/923/326 4516/924/325
f 4513/925/335 4521/926/334 4520/927/332 4514/928/331
f 4512/932/336 4511/929/329 4519/930/328 4521/931/334
f 4530/912/420 4532/913/420 4533/914/420 4531/915/420
f 4529/917/360 4530/918/326 4531/919/328 4522/920/361
f 4527/921/362 4532/922/332 4530/923/326 4528/924/363
f 4526/928/365 4525/925/366 4533/926/334 4532/927/332
f 4523/929/329 4531/930/328 4533/931/334 4524/932/355
f 4542/912/420 4544/913/420 4545/914/420 4543/915/420
f 4541/917/327 4542/918/326 4543/919/328 4534/920/330
f 4539/921/333 4544/922/332 4542/923/326 4540/924/325
f 4537/925/366 4545/926/334 4544/927/332 4538/928/365
f 4535/929/329 4543/930/328 4545/931/334 4536/932/336
f 4554/912/420 4556/913/420 4557/914/420 4555/915/420
f 4553/917/327 4554/918/326 4555/919/328 4546/920/330
f 4551/921/333 4556/922/332 4554/923/326 4552/924/363
f 4549/925/335 4557/926/334 4556/927/332 4550/928/331
f 4548/932/336 4547/929/329 4555/930/328 4557/931/334
f 4566/912/417 4568/913/417 4569/914/417 4567/915/417
f 4558/920/372 4565/917/408 4566/918/368 4567/919/370
f 4563/921/375 4568/922/374 4566/923/368 4564/924/367
f 4561/925/377 4569/926/376 4568/927/374 4562/928/373
f 4560/932/378 4559/929/398 4567/930/370 4569/931/376
f 4572/880/380 4573/881/374 4574/882/373 4581/883/377
f 4571/884/388 4570/885/382 4578/886/384 4577/887/453
f 4582/888/1674 4572/889/380 4580/19/381 4583/21/391
f 4573/16/389 4572/308/1675 4582/430/390
f 4571/18/388 4582/430/390 4570/1047/382
f 4586/891/393 4587/892/370 4588/893/399 4595/894/369
f 4570/1048/382 4583/21/391 4579/89/383
f 4591/899/652 4585/896/401 4584/897/395 4592/898/397
f 4573/900/374 4571/901/388 4576/902/387 4575/903/385
f 4587/904/370 4585/905/401 4590/906/405 4589/907/371
f 4587/40/403 4586/908/510 4596/362/404
f 4596/909/1676 4586/910/393 4594/37/394 4597/39/402
f 4585/42/401 4596/362/404 4584/1530/395
f 4607/915/417 4606/912/417 4608/913/417 4609/914/417
f 4584/1531/395 4597/39/402 4593/91/396
f 4598/920/372 4605/917/408 4606/918/368 4607/919/370
f 4604/924/387 4603/921/385 4608/922/374 4606/923/368
f 4601/925/377 4609/926/376 4608/927/374 4602/928/373
f 4599/929/371 4607/930/370 4609/931/376 4600/932/405
f 4618/912/417 4620/913/417 4621/914/417 4619/915/417
f 4617/917/408 4618/918/368 4619/919/370 4610/920/372
f 4615/921/375 4620/922/374 4618/923/368 4616/924/367
f 4613/925/377 4621/926/376 4620/927/374 4614/928/373
f 4612/932/405 4611/929/371 4619/930/370 4621/931/376
f 4630/912/417 4632/913/417 4633/914/417 4631/915/417
f 4629/917/408 4630/918/368 4631/919/370 4622/920/372
f 4628/924/367 4627/921/385 4632/922/374 4630/923/368
f 4626/928/373 4625/925/377 4633/926/376 4632/927/374
f 4623/929/371 4631/930/370 4633/931/376 4624/932/378
f 4642/912/417 4644/913/417 4645/914/417 4643/915/417
f 4641/917/369 4642/918/368 4643/919/370 4634/920/399
f 4639/921/375 4644/922/374 4642/923/368 4640/924/367
f 4637/925/377 4645/926/376 4644/927/374 4638/928/373
f 4635/929/398 4643/930/370 4645/931/376 4636/932/378
f 4654/912/417 4656/913/417 4657/914/417 4655/915/417
f 4653/917/369 4654/918/368 4655/919/370 4646/920/372
f 4652/924/367 4651/921/375 4656/922/374 4654/923/368
f 4649/925/377 4657/926/376 4656/927/374 4650/928/373
f 4647/929/371 4655/930/370 4657/931/376 4648/932/378
f 4666/912/417 4668/913/417 4669/914/417 4667/915/417
f 4665/917/369 4666/918/368 4667/919/370 4658/920/399
f 4663/921/375 4668/922/374 4666/923/368 4664/924/367
f 4661/925/407 4669/926/376 4668/927/374 4662/928/406
f 4659/929/371 4667/930/370 4669/931/376 4660/932/405
f 4678/912/417 4680/913/417 4681/914/417 4679/915/417
f 4677/917/369 4678/918/368 4679/919/370 4670/920/399
f 4675/921/375 4680/922/374 4678/923/368 4676/924/387
f 4673/925/377 4681/926/376 4680/927/374 4674/928/406
f 4672/932/405 4671/929/371 4679/930/370 4681/931/376
f 4690/912/417 4692/913/417 4693/914/417 4691/915/417
f 4689/917/369 4690/918/368 4691/919/370 4682/920/399
f 4687/921/375 4692/922/374 4690/923/368 4688/924/367
f 4685/925/377 4693/926/376 4692/927/374 4686/928/373
f 4684/932/405 4683/929/398 4691/930/370 4693/931/376
f 4705/1014/420 4701/1015/420 4712/1016/420 4727/1017/420
f 4718/1019/490 4720/421/490 4723/425/490 4722/1018/490
f 4726/425/493 4729/421/493 4728/1019/493 4724/1018/493
f 4726/425/493 4695/424/493 4697/420/493 4729/421/493
f 4728/1020/420 4713/1021/420 4715/1022/420 4724/1023/420
f 4721/1024/490 4723/425/490 4694/424/490 4703/1025/490
f 4727/1026/493 4729/421/493 4697/420/493 4705/1027/493
f 4725/1024/493 4704/1025/493 4695/424/493 4726/425/493
f 4703/1028/417 4699/1029/417 4706/1030/417 4721/1031/417
f 4707/82/100 4731/82/100 4740/77/100 4709/77/100
f 4702/1014/417 4719/1017/417 4710/1016/417 4698/1015/417
f 4722/1023/417 4707/1022/417 4709/1021/417 4718/1020/417
f 4725/1031/420 4716/1030/420 4700/1029/420 4704/1028/420
f 4719/1026/490 4702/1027/490 4696/420/490 4720/421/490
f 4714/1032/1783 4713/1021/1783 4728/1020/1783 4729/1033/1783
f 4727/1017/1668 4712/1016/1668 4714/1032/1668 4729/1033/1668
f 4717/1034/1783 4716/1030/1783 4725/1031/1783 4726/1035/1783
f 4724/1023/1668 4715/1022/1668 4717/1034/1668 4726/1035/1668
f 4708/1034/1664 4707/1022/1664 4722/1023/1664 4723/1035/1664
f 4721/1031/1665 4706/1030/1665 4708/1034/1665 4723/1035/1665
f 4711/1032/1664 4710/1016/1664 4719/1017/1664 4720/1033/1664
f 4718/1020/1665 4709/1021/1665 4711/1032/1665 4720/1033/1665
f 4720/421/490 4696/420/490 4694/424/490 4723/425/490
f 4695/424/520 4704/1025/520 4703/1025/520 4694/424/520
f 4703/1028/520 4704/1028/520 4700/1029/520 4699/1029/520
f 4702/1027/426 4705/1027/426 4697/420/426 4696/420/426
f 4701/1015/426 4705/1014/426 4702/1014/426 4698/1015/426
f 4699/74/100 4700/74/100 4735/75/100 4734/75/100
f 4741/80/411 4739/1036/411 4738/1036/415 4740/80/415
f 4739/78/413 4736/79/413 4737/79/409 4738/78/409
f 4735/84/411 4733/1037/411 4732/1037/415 4734/84/415
f 4733/83/413 4730/85/413 4731/85/409 4732/83/409
f 4730/82/100 4715/82/100 4713/77/100 4741/77/100
f 4731/82/100 4730/82/100 4741/77/100 4740/77/100
f 4698/73/100 4737/72/100 4736/72/100 4701/73/100
f 5269/1039/426 5259/1040/426 5570/1041/426 5568/1042/426
f 5569/1041/520 5260/1040/520 5270/1039/520 5567/1042/520
f 5570/1041/417 5259/1040/417 5260/1040/417 5569/1041/417
f 5567/1042/420 5270/1039/420 5269/1039/420 5568/1042/420
f 5277/861/426 5281/862/426 5292/863/426 5290/864/426
f 5292/865/464 5294/350/464 5291/353/464 5290/866/464
f 5284/865/497 5286/866/497 5288/353/497 5285/350/497
f 5271/862/520 5275/861/520 5286/864/520 5284/863/520
f 5274/867/520 5262/868/520 5266/869/520 5287/870/520
f 5263/868/426 5278/867/426 5289/870/426 5267/869/426
f 5289/356/464 5291/353/464 5269/871/464 5267/352/464
f 5280/872/426 5264/873/426 5268/874/426 5293/875/426
f 5283/349/497 5285/350/497 5260/351/497 5265/348/497
f 5276/876/1343 5288/877/1343 5286/864/1343 5275/861/1343
f 5287/870/1344 5288/877/1344 5276/876/1344 5274/867/1344
f 5273/878/1343 5285/879/1343 5283/875/1343 5272/872/1343
f 5284/863/1344 5285/879/1344 5273/878/1344 5271/862/1344
f 5282/878/1341 5294/879/1341 5292/863/1341 5281/862/1341
f 5293/875/1342 5294/879/1342 5282/878/1342 5280/872/1342
f 5279/876/1341 5291/877/1341 5289/870/1341 5278/867/1341
f 5290/864/1342 5291/877/1342 5279/876/1342 5277/861/1342
f 5261/873/520 5272/872/520 5283/875/520 5265/874/520
f 5259/351/464 5269/871/464 5291/353/464 5294/350/464
f 5293/349/464 5268/348/464 5259/351/464 5294/350/464
f 5270/871/497 5260/351/497 5285/350/497 5288/353/497
f 5287/356/497 5266/352/497 5270/871/497 5288/353/497
f 5259/351/417 5268/348/417 5265/348/417 5260/351/417
f 5268/874/417 5264/873/417 5261/873/417 5265/874/417
f 5270/871/420 5266/352/420 5267/352/420 5269/871/420
f 5262/868/420 5263/868/420 5267/869/420 5266/869/420
f 5303/912/426 5305/913/426 5306/914/426 5304/915/426
f 5295/920/67 5302/917/144 5303/918/75 5304/919/68
f 5300/921/50 5305/922/52 5303/923/75 5301/924/54
f 5298/925/45 5306/926/77 5305/927/52 5299/928/51
f 5297/932/70 5296/929/66 5304/930/68 5306/931/77
f 5309/880/127 5310/881/52 5311/882/51 5318/883/81
f 5308/884/55 5307/885/47 5315/886/49 5314/887/53
f 5319/888/1397 5309/889/127 5317/19/128 5320/21/132
f 5310/16/130 5309/308/1398 5319/17/131
f 5308/18/55 5319/17/131 5307/1891/47
f 5323/891/134 5324/892/68 5325/893/67 5332/894/61
f 5307/1892/47 5320/21/132 5316/89/48
f 5328/899/551 5322/896/140 5321/897/136 5329/898/138
f 5312/903/50 5310/900/52 5308/901/55 5313/902/54
f 5324/904/68 5322/905/140 5327/906/82 5326/907/79
f 5324/40/142 5323/908/1399 5333/41/143
f 5333/909/1400 5323/910/134 5331/37/135 5334/39/141
f 5322/42/140 5333/41/143 5321/1446/136
f 5343/912/426 5345/913/426 5346/914/426 5344/915/426
f 5321/1046/136 5334/39/141 5330/91/137
f 5342/917/61 5343/918/75 5344/919/68 5335/920/67
f 5340/921/50 5345/922/52 5343/923/75 5341/924/78
f 5339/928/51 5338/925/45 5346/926/77 5345/927/52
f 5337/932/82 5336/929/79 5344/930/68 5346/931/77
f 5355/912/426 5357/913/426 5358/914/426 5356/915/426
f 5354/917/61 5355/918/75 5356/919/68 5347/920/80
f 5352/921/50 5357/922/52 5355/923/75 5353/924/54
f 5351/928/51 5350/925/45 5358/926/77 5357/927/52
f 5349/932/82 5348/929/66 5356/930/68 5358/931/77
f 5367/912/426 5369/913/426 5370/914/426 5368/915/426
f 5366/917/61 5367/918/75 5368/919/68 5359/920/80
f 5364/921/76 5369/922/52 5367/923/75 5365/924/54
f 5362/925/45 5370/926/77 5369/927/52 5363/928/51
f 5361/932/82 5360/929/79 5368/930/68 5370/931/77
f 5379/912/426 5381/913/426 5382/914/426 5380/915/426
f 5371/920/67 5378/917/61 5379/918/75 5380/919/68
f 5376/921/50 5381/922/52 5379/923/75 5377/924/54
f 5374/925/45 5382/926/77 5381/927/52 5375/928/51
f 5372/929/79 5380/930/68 5382/931/77 5373/932/82
f 5391/912/426 5393/913/426 5394/914/426 5392/915/426
f 5390/917/61 5391/918/75 5392/919/68 5383/920/67
f 5388/921/76 5393/922/52 5391/923/75 5389/924/78
f 5386/925/45 5394/926/77 5393/927/52 5387/928/51
f 5384/929/66 5392/930/68 5394/931/77 5385/932/70
f 5403/912/426 5405/913/426 5406/914/426 5404/915/426
f 5402/917/61 5403/918/75 5404/919/68 5395/920/67
f 5400/921/76 5405/922/52 5403/923/75 5401/924/78
f 5399/928/145 5398/925/81 5406/926/77 5405/927/52
f 5396/929/79 5404/930/68 5406/931/77 5397/932/82
f 5415/912/426 5417/913/426 5418/914/426 5416/915/426
f 5414/917/61 5415/918/75 5416/919/68 5407/920/67
f 5412/921/50 5417/922/52 5415/923/75 5413/924/54
f 5410/925/81 5418/926/77 5417/927/52 5411/928/145
f 5409/932/70 5408/929/66 5416/930/68 5418/931/77
f 5427/912/426 5429/913/426 5430/914/426 5428/915/426
f 5419/920/67 5426/917/61 5427/918/75 5428/919/68
f 5424/921/76 5429/922/52 5427/923/75 5425/924/54
f 5422/925/45 5430/926/77 5429/927/52 5423/928/51
f 5421/932/82 5420/929/66 5428/930/68 5430/931/77
f 5439/912/520 5441/913/520 5442/914/520 5440/915/520
f 5431/920/35 5438/917/34 5439/918/33 5440/919/26
f 5436/921/8 5441/922/10 5439/923/33 5437/924/12
f 5434/925/3 5442/926/36 5441/927/10 5435/928/9
f 5433/932/28 5432/929/24 5440/930/26 5442/931/36
f 5445/880/110 5446/881/10 5447/882/9 5454/883/3
f 5444/884/13 5443/885/112 5451/886/7 5450/887/552
f 5455/888/1394 5445/889/110 5453/19/111 5456/21/115
f 5446/16/113 5445/308/1395 5455/307/114
f 5444/18/13 5455/307/114 5443/1527/112
f 5459/891/117 5460/892/26 5461/893/35 5468/894/34
f 5443/309/112 5456/21/115 5452/89/6
f 5464/899/553 5458/896/123 5457/897/119 5465/898/121
f 5446/900/10 5444/901/13 5449/902/12 5448/903/8
f 5460/904/26 5458/905/123 5463/906/28 5462/907/24
f 5460/40/125 5459/908/476 5469/41/126
f 5469/909/1396 5459/910/117 5467/37/118 5470/39/124
f 5458/42/123 5469/41/126 5457/1634/119
f 5479/912/520 5481/913/520 5482/914/520 5480/915/520
f 5457/1893/119 5470/39/124 5466/91/120
f 5471/920/25 5478/917/19 5479/918/33 5480/919/26
f 5477/924/38 5476/921/8 5481/922/10 5479/923/33
f 5474/925/3 5482/926/36 5481/927/10 5475/928/9
f 5472/929/39 5480/930/26 5482/931/36 5473/932/28
f 5491/912/520 5493/913/520 5494/914/520 5492/915/520
f 5490/917/19 5491/918/33 5492/919/26 5483/920/25
f 5488/921/41 5493/922/10 5491/923/33 5489/924/38
f 5486/925/3 5494/926/36 5493/927/10 5487/928/9
f 5485/932/42 5484/929/39 5492/930/26 5494/931/36
f 5503/912/520 5505/913/520 5506/914/520 5504/915/520
f 5495/920/25 5502/917/19 5503/918/33 5504/919/26
f 5500/921/8 5505/922/10 5503/923/33 5501/924/12
f 5498/925/37 5506/926/36 5505/927/10 5499/928/40
f 5496/929/39 5504/930/26 5506/931/36 5497/932/42
f 5515/912/520 5517/913/520 5518/914/520 5516/915/520
f 5507/920/35 5514/917/34 5515/918/33 5516/919/26
f 5512/921/8 5517/922/10 5515/923/33 5513/924/12
f 5510/925/3 5518/926/36 5517/927/10 5511/928/9
f 5509/932/42 5508/929/39 5516/930/26 5518/931/36
f 5527/912/520 5529/913/520 5530/914/520 5528/915/520
f 5526/917/34 5527/918/33 5528/919/26 5519/920/35
f 5524/921/41 5529/922/10 5527/923/33 5525/924/38
f 5522/925/3 5530/926/36 5529/927/10 5523/928/9
f 5520/929/39 5528/930/26 5530/931/36 5521/932/28
f 5539/912/520 5541/913/520 5542/914/520 5540/915/520
f 5538/917/34 5539/918/33 5540/919/26 5531/920/35
f 5536/921/41 5541/922/10 5539/923/33 5537/924/12
f 5534/925/3 5542/926/36 5541/927/10 5535/928/9
f 5533/932/42 5532/929/24 5540/930/26 5542/931/36
f 5551/912/520 5553/913/520 5554/914/520 5552/915/520
f 5550/917/34 5551/918/33 5552/919/26 5543/920/35
f 5548/921/8 5553/922/10 5551/923/33 5549/924/12
f 5546/925/3 5554/926/36 5553/927/10 5547/928/9
f 5545/932/28 5544/929/24 5552/930/26 5554/931/36
f 5563/912/520 5565/913/520 5566/914/520 5564/915/520
f 5555/920/35 5562/917/34 5563/918/33 5564/919/26
f 5560/921/8 5565/922/10 5563/923/33 5561/924/12
f 5558/925/3 5566/926/36 5565/927/10 5559/928/9
f 5557/932/28 5556/929/24 5564/930/26 5566/931/36
f 5578/1014/426 5574/1015/426 5585/1016/426 5600/1017/426
f 5591/1019/487 5593/421/487 5596/425/487 5595/1018/487
f 5599/425/492 5602/421/492 5601/1019/492 5597/1018/492
f 5599/425/492 5568/424/492 5570/420/492 5602/421/492
f 5601/1020/426 5586/1021/426 5588/1022/426 5597/1023/426
f 5594/1024/487 5596/425/487 5567/424/487 5576/1025/487
f 5600/1026/492 5602/421/492 5570/420/492 5578/1027/492
f 5598/1024/492 5577/1025/492 5568/424/492 5599/425/492
f 5576/1028/520 5572/1029/520 5579/1030/520 5594/1031/520
f 5580/82/100 5604/82/100 5613/77/100 5582/77/100
f 5592/1017/520 5583/1016/520 5571/1015/520 5575/1014/520
f 5595/1023/520 5580/1022/520 5582/1021/520 5591/1020/520
f 5598/1031/426 5589/1030/426 5573/1029/426 5577/1028/426
f 5592/1026/487 5575/1027/487 5569/420/487 5593/421/487
f 5587/1032/1341 5586/1021/1341 5601/1020/1341 5602/1033/1341
f 5600/1017/1342 5585/1016/1342 5587/1032/1342 5602/1033/1342
f 5590/1034/1341 5589/1030/1341 5598/1031/1341 5599/1035/1341
f 5597/1023/1342 5588/1022/1342 5590/1034/1342 5599/1035/1342
f 5581/1034/1343 5580/1022/1343 5595/1023/1343 5596/1035/1343
f 5594/1031/1344 5579/1030/1344 5581/1034/1344 5596/1035/1344
f 5584/1032/1343 5583/1016/1343 5592/1017/1343 5593/1033/1343
f 5591/1020/1344 5582/1021/1344 5584/1032/1344 5593/1033/1344
f 5593/421/487 5569/420/487 5567/424/487 5596/425/487
f 5568/424/420 5577/1025/420 5576/1025/420 5567/424/420
f 5576/1028/420 5577/1028/420 5573/1029/420 5572/1029/420
f 5575/1027/417 5578/1027/417 5570/420/417 5569/420/417
f 5574/1015/417 5578/1014/417 5575/1014/417 5571/1015/417
f 5572/74/100 5573/74/100 5608/75/100 5607/75/100
f 5614/80/101 5612/1036/101 5611/1036/105 5613/80/105
f 5612/78/107 5609/79/107 5610/79/103 5611/78/103
f 5608/84/101 5606/1037/101 5605/1037/105 5607/84/105
f 5605/83/103 5606/83/107 5603/85/107 5604/85/103
f 5603/82/100 5588/82/100 5586/77/100 5614/77/100
f 5604/82/100 5603/82/100 5614/77/100 5613/77/100
f 5610/72/100 5609/72/100 5574/73/100 5571/73/100
f 6272/1042/420 5973/1039/420 5963/1040/420 6274/1041/420
f 6271/1042/417 6273/1041/417 5964/1040/417 5974/1039/417
f 6274/1041/426 5963/1040/426 5964/1040/426 6273/1041/426
f 6271/1042/520 5974/1039/520 5973/1039/520 6272/1042/520
f 5981/861/420 5985/862/420 5996/863/420 5994/864/420
f 5996/865/463 5998/350/463 5995/353/463 5994/866/463
f 5990/866/644 5992/353/644 5989/350/644 5988/865/644
f 5975/862/417 5979/861/417 5990/864/417 5988/863/417
f 5978/867/417 5966/868/417 5970/869/417 5991/870/417
f 5967/868/420 5982/867/420 5993/870/420 5971/869/420
f 5993/356/463 5995/353/463 5973/871/463 5971/352/463
f 5984/872/420 5968/873/420 5972/874/420 5997/875/420
f 5987/349/644 5989/350/644 5964/351/644 5969/348/644
f 5980/876/1664 5992/877/1664 5990/864/1664 5979/861/1664
f 5991/870/1666 5992/877/1666 5980/876/1666 5978/867/1666
f 5977/878/1664 5989/879/1664 5987/875/1664 5976/872/1664
f 5988/863/1666 5989/879/1666 5977/878/1666 5975/862/1666
f 5986/878/1667 5998/879/1667 5996/863/1667 5985/862/1667
f 5997/875/1668 5998/879/1668 5986/878/1668 5984/872/1668
f 5983/876/1667 5995/877/1667 5993/870/1667 5982/867/1667
f 5994/864/1668 5995/877/1668 5983/876/1668 5981/861/1668
f 5965/873/417 5976/872/417 5987/875/417 5969/874/417
f 5963/351/463 5973/871/463 5995/353/463 5998/350/463
f 5997/349/463 5972/348/463 5963/351/463 5998/350/463
f 5974/871/644 5964/351/644 5989/350/644 5992/353/644
f 5991/356/644 5970/352/644 5974/871/644 5992/353/644
f 5963/351/426 5972/348/426 5969/348/426 5964/351/426
f 5972/874/426 5968/873/426 5965/873/426 5969/874/426
f 5970/352/520 5971/352/520 5973/871/520 5974/871/520
f 5966/868/520 5967/868/520 5971/869/520 5970/869/520
f 6007/912/420 6009/913/420 6010/914/420 6008/915/420
f 6006/917/327 6007/918/326 6008/919/328 5999/920/330
f 6004/921/333 6009/922/332 6007/923/326 6005/924/325
f 6002/925/335 6010/926/334 6009/927/332 6003/928/331
f 6000/929/329 6008/930/328 6010/931/334 6001/932/336
f 6013/880/338 6014/881/332 6015/882/365 6022/883/366
f 6012/884/344 6011/885/340 6019/886/342 6018/887/498
f 6023/888/1670 6013/889/338 6021/88/339 6024/21/347
f 6014/16/345 6013/308/1671 6023/17/346
f 6012/18/344 6023/17/346 6011/1044/340
f 6027/891/349 6028/892/328 6029/893/330 6036/894/327
f 6011/326/340 6024/21/347 6020/89/341
f 6026/896/580 6025/897/645 6033/898/578 6032/899/579
f 6014/900/332 6012/901/344 6017/902/325 6016/903/333
f 6028/904/328 6026/905/580 6031/906/355 6030/907/364
f 6028/40/358 6027/908/1672 6037/265/582
f 6037/909/1673 6027/910/349 6035/37/350 6038/39/581
f 6026/42/580 6037/265/582 6025/1901/645
f 6047/912/420 6049/913/420 6050/914/420 6048/915/420
f 6025/1602/645 6038/39/581 6034/91/577
f 6046/917/327 6047/918/326 6048/919/328 6039/920/330
f 6045/924/325 6044/921/333 6049/922/332 6047/923/326
f 6043/928/331 6042/925/335 6050/926/334 6049/927/332
f 6040/929/329 6048/930/328 6050/931/334 6041/932/336
f 6059/912/420 6061/913/420 6062/914/420 6060/915/420
f 6058/917/360 6059/918/326 6060/919/328 6051/920/330
f 6057/924/325 6056/921/333 6061/922/332 6059/923/326
f 6054/925/335 6062/926/334 6061/927/332 6055/928/331
f 6052/929/329 6060/930/328 6062/931/334 6053/932/355
f 6071/912/420 6073/913/420 6074/914/420 6072/915/420
f 6063/920/330 6070/917/327 6071/918/326 6072/919/328
f 6069/924/325 6068/921/333 6073/922/332 6071/923/326
f 6066/925/335 6074/926/334 6073/927/332 6067/928/331
f 6065/932/355 6064/929/364 6072/930/328 6074/931/334
f 6083/912/420 6085/913/420 6086/914/420 6084/915/420
f 6075/920/330 6082/917/327 6083/918/326 6084/919/328
f 6081/924/325 6080/921/333 6085/922/332 6083/923/326
f 6078/925/335 6086/926/334 6085/927/332 6079/928/331
f 6076/929/364 6084/930/328 6086/931/334 6077/932/355
f 6095/912/420 6097/913/420 6098/914/420 6096/915/420
f 6087/920/330 6094/917/327 6095/918/326 6096/919/328
f 6093/924/325 6092/921/333 6097/922/332 6095/923/326
f 6090/925/335 6098/926/334 6097/927/332 6091/928/331
f 6088/929/329 6096/930/328 6098/931/334 6089/932/336
f 6107/912/420 6109/913/420 6110/914/420 6108/915/420
f 6106/917/327 6107/918/326 6108/919/328 6099/920/330
f 6104/921/362 6109/922/332 6107/923/326 6105/924/325
f 6102/925/366 6110/926/334 6109/927/332 6103/928/365
f 6100/929/329 6108/930/328 6110/931/334 6101/932/355
f 6119/912/420 6121/913/420 6122/914/420 6120/915/420
f 6118/917/327 6119/918/326 6120/919/328 6111/920/330
f 6117/924/363 6116/921/362 6121/922/332 6119/923/326
f 6114/925/335 6122/926/334 6121/927/332 6115/928/331
f 6112/929/329 6120/930/328 6122/931/334 6113/932/336
f 6131/912/420 6133/913/420 6134/914/420 6132/915/420
f 6123/920/330 6130/917/327 6131/918/326 6132/919/328
f 6128/921/362 6133/922/332 6131/923/326 6129/924/363
f 6127/928/331 6126/925/335 6134/926/334 6133/927/332
f 6125/932/355 6124/929/364 6132/930/328 6134/931/334
f 6143/912/417 6145/913/417 6146/914/417 6144/915/417
f 6142/917/408 6143/918/368 6144/919/370 6135/920/372
f 6141/924/367 6140/921/375 6145/922/374 6143/923/368
f 6138/925/377 6146/926/376 6145/927/374 6139/928/373
f 6136/929/398 6144/930/370 6146/931/376 6137/932/378
f 6149/880/380 6150/881/374 6151/882/373 6158/883/377
f 6148/884/388 6147/885/382 6155/886/384 6154/887/386
f 6159/888/1674 6149/889/380 6157/88/381 6160/21/391
f 6150/16/389 6149/308/1675 6159/17/390
f 6148/18/388 6159/17/390 6147/1891/382
f 6172/894/369 6163/891/393 6164/892/370 6165/893/399
f 6147/1892/382 6160/21/391 6156/89/383
f 6162/896/483 6161/897/479 6169/898/481 6168/899/482
f 6150/900/374 6148/901/388 6153/902/387 6152/903/385
f 6164/904/370 6162/905/483 6167/906/405 6166/907/398
f 6164/40/403 6163/908/510 6173/482/485
f 6173/909/1676 6163/910/393 6171/90/394 6174/39/484
f 6162/42/483 6173/482/485 6161/1601/479
f 6183/912/417 6185/913/417 6186/914/417 6184/915/417
f 6161/1602/479 6174/39/484 6170/91/574
f 6182/917/408 6183/918/368 6184/919/370 6175/920/372
f 6181/924/367 6180/921/375 6185/922/374 6183/923/368
f 6179/928/373 6178/925/377 6186/926/376 6185/927/374
f 6176/929/371 6184/930/370 6186/931/376 6177/932/378
f 6195/912/417 6197/913/417 6198/914/417 6196/915/417
f 6194/917/408 6195/918/368 6196/919/370 6187/920/372
f 6193/924/367 6192/921/375 6197/922/374 6195/923/368
f 6190/925/377 6198/926/376 6197/927/374 6191/928/373
f 6189/932/405 6188/929/371 6196/930/370 6198/931/376
f 6207/912/417 6209/913/417 6210/914/417 6208/915/417
f 6199/920/372 6206/917/369 6207/918/368 6208/919/370
f 6205/924/387 6204/921/385 6209/922/374 6207/923/368
f 6202/925/407 6210/926/376 6209/927/374 6203/928/406
f 6200/929/371 6208/930/370 6210/931/376 6201/932/405
f 6219/912/417 6221/913/417 6222/914/417 6220/915/417
f 6211/920/399 6218/917/369 6219/918/368 6220/919/370
f 6216/921/385 6221/922/374 6219/923/368 6217/924/387
f 6214/925/377 6222/926/376 6221/927/374 6215/928/373
f 6212/929/371 6220/930/370 6222/931/376 6213/932/405
f 6232/915/417 6231/912/417 6233/913/417 6234/914/417
f 6230/917/408 6231/918/368 6232/919/370 6223/920/372
f 6228/921/375 6233/922/374 6231/923/368 6229/924/367
f 6226/925/407 6234/926/376 6233/927/374 6227/928/406
f 6225/932/405 6224/929/371 6232/930/370 6234/931/376
f 6243/912/417 6245/913/417 6246/914/417 6244/915/417
f 6242/917/369 6243/918/368 6244/919/370 6235/920/399
f 6240/921/375 6245/922/374 6243/923/368 6241/924/367
f 6238/925/377 6246/926/376 6245/927/374 6239/928/373
f 6236/929/371 6244/930/370 6246/931/376 6237/932/405
f 6255/912/417 6257/913/417 6258/914/417 6256/915/417
f 6254/917/369 6255/918/368 6256/919/370 6247/920/372
f 6252/921/375 6257/922/374 6255/923/368 6253/924/367
f 6250/925/377 6258/926/376 6257/927/374 6251/928/373
f 6248/929/371 6256/930/370 6258/931/376 6249/932/378
f 6267/912/417 6269/913/417 6270/914/417 6268/915/417
f 6266/917/408 6267/918/368 6268/919/370 6259/920/372
f 6264/921/385 6269/922/374 6267/923/368 6265/924/367
f 6262/925/377 6270/926/376 6269/927/374 6263/928/373
f 6261/932/405 6260/929/371 6268/930/370 6270/931/376
f 6304/1017/420 6282/1014/420 6278/1015/420 6289/1016/420
f 6295/1019/490 6297/421/490 6300/425/490 6299/1018/490
f 6303/425/493 6306/421/493 6305/1019/493 6301/1018/493
f 6306/421/493 6303/425/493 6272/424/493 6274/420/493
f 6301/1023/420 6305/1020/420 6290/1021/420 6292/1022/420
f 6298/1024/490 6300/425/490 6271/424/490 6280/1025/490
f 6304/1026/493 6306/421/493 6274/420/493 6282/1027/493
f 6302/1024/493 6281/1025/493 6272/424/493 6303/425/493
f 6298/1031/417 6280/1028/417 6276/1029/417 6283/1030/417
f 6284/82/100 6308/82/100 6317/77/100 6286/77/100
f 6296/1017/417 6287/1016/417 6275/1015/417 6279/1014/417
f 6299/1023/417 6284/1022/417 6286/1021/417 6295/1020/417
f 6302/1031/420 6293/1030/420 6277/1029/420 6281/1028/420
f 6296/1026/490 6279/1027/490 6273/420/490 6297/421/490
f 6291/1032/1667 6290/1021/1667 6305/1020/1667 6306/1033/1667
f 6304/1017/1668 6289/1016/1668 6291/1032/1668 6306/1033/1668
f 6294/1034/1667 6293/1030/1667 6302/1031/1667 6303/1035/1667
f 6301/1023/1668 6292/1022/1668 6294/1034/1668 6303/1035/1668
f 6285/1034/1664 6284/1022/1664 6299/1023/1664 6300/1035/1664
f 6298/1031/1666 6283/1030/1666 6285/1034/1666 6300/1035/1666
f 6288/1032/1664 6287/1016/1664 6296/1017/1664 6297/1033/1664
f 6295/1020/1665 6286/1021/1665 6288/1032/1665 6297/1033/1665
f 6297/421/490 6273/420/490 6271/424/490 6300/425/490
f 6272/424/520 6281/1025/520 6280/1025/520 6271/424/520
f 6280/1028/520 6281/1028/520 6277/1029/520 6276/1029/520
f 6279/1027/426 6282/1027/426 6274/420/426 6273/420/426
f 6278/1015/426 6282/1014/426 6279/1014/426 6275/1015/426
f 6276/74/100 6277/74/100 6312/75/100 6311/75/100
f 6318/80/411 6316/1036/411 6315/1036/415 6317/80/415
f 6316/78/413 6313/79/413 6314/79/409 6315/78/409
f 6312/84/411 6310/1037/411 6309/1037/415 6311/84/415
f 6310/83/413 6307/85/413 6308/85/409 6309/83/409
f 6307/82/100 6292/82/100 6290/77/100 6318/77/100
f 6308/82/100 6307/82/100 6318/77/100 6317/77/100
f 6275/73/100 6314/72/100 6313/72/100 6278/73/100
f 7236/1042/420 6937/1039/420 6927/1040/420 7238/1041/420
f 7235/1042/417 7237/1041/417 6928/1040/417 6938/1039/417
f 7238/1041/426 6927/1040/426 6928/1040/426 7237/1041/426
f 7235/1042/520 6938/1039/520 6937/1039/520 7236/1042/520
f 6945/861/420 6949/862/420 6960/863/420 6958/864/420
f 6960/865/463 6962/350/463 6959/353/463 6958/866/463
f 6954/866/644 6956/353/644 6953/350/644 6952/865/644
f 6939/862/417 6943/861/417 6954/864/417 6952/863/417
f 6942/867/417 6930/868/417 6934/869/417 6955/870/417
f 6931/868/420 6946/867/420 6957/870/420 6935/869/420
f 6957/356/463 6959/353/463 6937/871/463 6935/352/463
f 6948/872/420 6932/873/420 6936/874/420 6961/875/420
f 6951/349/644 6953/350/644 6928/351/644 6933/348/644
f 6944/876/1780 6956/877/1780 6954/864/1780 6943/861/1780
f 6955/870/1666 6956/877/1666 6944/876/1666 6942/867/1666
f 6941/878/1664 6953/879/1664 6951/875/1664 6940/872/1664
f 6952/863/1666 6953/879/1666 6941/878/1666 6939/862/1666
f 6950/878/1783 6962/879/1783 6960/863/1783 6949/862/1783
f 6961/875/1668 6962/879/1668 6950/878/1668 6948/872/1668
f 6947/876/1667 6959/877/1667 6957/870/1667 6946/867/1667
f 6958/864/1668 6959/877/1668 6947/876/1668 6945/861/1668
f 6929/873/417 6940/872/417 6951/875/417 6933/874/417
f 6927/351/463 6937/871/463 6959/353/463 6962/350/463
f 6961/349/463 6936/348/463 6927/351/463 6962/350/463
f 6938/871/644 6928/351/644 6953/350/644 6956/353/644
f 6955/356/644 6934/352/644 6938/871/644 6956/353/644
f 6928/351/426 6927/351/426 6936/348/426 6933/348/426
f 6936/874/426 6932/873/426 6929/873/426 6933/874/426
f 6934/352/520 6935/352/520 6937/871/520 6938/871/520
f 6930/868/520 6931/868/520 6935/869/520 6934/869/520
f 6971/912/420 6973/913/420 6974/914/420 6972/915/420
f 6963/920/330 6970/917/360 6971/918/326 6972/919/328
f 6968/921/333 6973/922/332 6971/923/326 6969/924/363
f 6966/925/335 6974/926/334 6973/927/332 6967/928/331
f 6964/929/329 6972/930/328 6974/931/334 6965/932/336
f 6977/880/338 6978/881/332 6979/882/365 6986/883/366
f 6976/884/344 6975/885/340 6983/886/342 6982/887/343
f 6987/888/1670 6977/889/338 6985/19/339 6988/21/347
f 6978/16/345 6977/308/1671 6987/487/346
f 6976/18/344 6987/487/346 6975/1444/340
f 7000/894/327 6991/891/349 6992/892/328 6993/893/330
f 6975/1445/340 6988/21/347 6984/89/341
f 6996/899/724 6990/896/356 6989/897/458 6997/898/353
f 6980/903/333 6978/900/332 6976/901/344 6981/902/363
f 6992/904/328 6990/905/356 6995/906/355 6994/907/329
f 6992/40/358 6991/908/1672 7001/486/359
f 7001/909/1673 6991/910/349 6999/37/350 7002/39/357
f 6990/42/356 7001/486/359 6989/1049/458
f 7011/912/420 7013/913/420 7014/914/420 7012/915/420
f 6989/1050/458 7002/39/357 6998/91/352
f 7010/917/327 7011/918/326 7012/919/328 7003/920/330
f 7008/921/362 7013/922/332 7011/923/326 7009/924/363
f 7006/925/335 7014/926/334 7013/927/332 7007/928/331
f 7004/929/364 7012/930/328 7014/931/334 7005/932/355
f 7024/915/420 7023/912/420 7025/913/420 7026/914/420
f 7022/917/327 7023/918/326 7024/919/328 7015/920/330
f 7020/921/333 7025/922/332 7023/923/326 7021/924/325
f 7018/925/335 7026/926/334 7025/927/332 7019/928/331
f 7016/929/329 7024/930/328 7026/931/334 7017/932/336
f 7035/912/420 7037/913/420 7038/914/420 7036/915/420
f 7027/920/361 7034/917/360 7035/918/326 7036/919/328
f 7032/921/333 7037/922/332 7035/923/326 7033/924/363
f 7030/925/335 7038/926/334 7037/927/332 7031/928/331
f 7028/929/329 7036/930/328 7038/931/334 7029/932/336
f 7047/912/420 7049/913/420 7050/914/420 7048/915/420
f 7039/920/330 7046/917/327 7047/918/326 7048/919/328
f 7045/924/325 7044/921/333 7049/922/332 7047/923/326
f 7042/925/335 7050/926/334 7049/927/332 7043/928/331
f 7041/932/355 7040/929/364 7048/930/328 7050/931/334
f 7059/912/420 7061/913/420 7062/914/420 7060/915/420
f 7051/920/330 7058/917/327 7059/918/326 7060/919/328
f 7056/921/333 7061/922/332 7059/923/326 7057/924/325
f 7054/925/366 7062/926/334 7061/927/332 7055/928/365
f 7052/929/329 7060/930/328 7062/931/334 7053/932/336
f 7071/912/420 7073/913/420 7074/914/420 7072/915/420
f 7063/920/330 7070/917/327 7071/918/326 7072/919/328
f 7069/924/363 7068/921/333 7073/922/332 7071/923/326
f 7067/928/331 7066/925/366 7074/926/334 7073/927/332
f 7064/929/329 7072/930/328 7074/931/334 7065/932/336
f 7083/912/420 7085/913/420 7086/914/420 7084/915/420
f 7075/920/361 7082/917/327 7083/918/326 7084/919/328
f 7081/924/363 7080/921/333 7085/922/332 7083/923/326
f 7079/928/331 7078/925/335 7086/926/334 7085/927/332
f 7076/929/364 7084/930/328 7086/931/334 7077/932/336
f 7095/912/420 7097/913/420 7098/914/420 7096/915/420
f 7087/920/330 7094/917/360 7095/918/326 7096/919/328
f 7092/921/333 7097/922/332 7095/923/326 7093/924/363
f 7090/925/335 7098/926/334 7097/927/332 7091/928/331
f 7089/932/336 7088/929/364 7096/930/328 7098/931/334
f 7107/912/417 7109/913/417 7110/914/417 7108/915/417
f 7099/920/372 7106/917/408 7107/918/368 7108/919/370
f 7104/921/375 7109/922/374 7107/923/368 7105/924/367
f 7102/925/407 7110/926/376 7109/927/374 7103/928/406
f 7100/929/371 7108/930/370 7110/931/376 7101/932/378
f 7113/880/380 7114/881/374 7115/882/406 7122/883/407
f 7112/884/388 7111/885/382 7119/886/384 7118/887/386
f 7123/888/1674 7113/889/380 7121/19/381 7124/21/391
f 7114/16/389 7113/308/1675 7123/488/390
f 7112/18/388 7123/488/390 7111/1904/382
f 7127/891/393 7128/892/370 7129/893/372 7136/894/369
f 7111/1905/382 7124/21/391 7120/89/383
f 7132/899/652 7126/896/401 7125/897/736 7133/898/397
f 7114/900/374 7112/901/388 7117/902/387 7116/903/375
f 7128/904/370 7126/905/401 7131/906/405 7130/907/371
f 7128/40/403 7127/908/510 7137/489/404
f 7137/909/1676 7127/910/393 7135/37/394 7138/39/402
f 7126/42/401 7137/489/404 7125/1049/736
f 7147/912/417 7149/913/417 7150/914/417 7148/915/417
f 7125/1050/736 7138/39/402 7134/91/396
f 7146/917/408 7147/918/368 7148/919/370 7139/920/372
f 7144/921/375 7149/922/374 7147/923/368 7145/924/367
f 7142/925/407 7150/926/376 7149/927/374 7143/928/406
f 7140/929/371 7148/930/370 7150/931/376 7141/932/405
f 7159/912/417 7161/913/417 7162/914/417 7160/915/417
f 7158/917/369 7159/918/368 7160/919/370 7151/920/399
f 7156/921/375 7161/922/374 7159/923/368 7157/924/387
f 7154/925/407 7162/926/376 7161/927/374 7155/928/406
f 7153/932/405 7152/929/398 7160/930/370 7162/931/376
f 7171/912/417 7173/913/417 7174/914/417 7172/915/417
f 7163/920/372 7170/917/408 7171/918/368 7172/919/370
f 7168/921/375 7173/922/374 7171/923/368 7169/924/367
f 7166/925/377 7174/926/376 7173/927/374 7167/928/373
f 7164/929/371 7172/930/370 7174/931/376 7165/932/405
f 7183/912/417 7185/913/417 7186/914/417 7184/915/417
f 7175/920/399 7182/917/369 7183/918/368 7184/919/370
f 7180/921/385 7185/922/374 7183/923/368 7181/924/367
f 7178/925/377 7186/926/376 7185/927/374 7179/928/373
f 7176/929/371 7184/930/370 7186/931/376 7177/932/405
f 7195/912/417 7197/913/417 7198/914/417 7196/915/417
f 7194/917/369 7195/918/368 7196/919/370 7187/920/399
f 7192/921/375 7197/922/374 7195/923/368 7193/924/387
f 7191/928/406 7190/925/407 7198/926/376 7197/927/374
f 7188/929/398 7196/930/370 7198/931/376 7189/932/405
f 7207/912/417 7209/913/417 7210/914/417 7208/915/417
f 7206/917/369 7207/918/368 7208/919/370 7199/920/399
f 7204/921/375 7209/922/374 7207/923/368 7205/924/367
f 7203/928/373 7202/925/377 7210/926/376 7209/927/374
f 7200/929/398 7208/930/370 7210/931/376 7201/932/378
f 7219/912/417 7221/913/417 7222/914/417 7220/915/417
f 7218/917/369 7219/918/368 7220/919/370 7211/920/399
f 7216/921/385 7221/922/374 7219/923/368 7217/924/387
f 7215/928/373 7214/925/377 7222/926/376 7221/927/374
f 7212/929/371 7220/930/370 7222/931/376 7213/932/378
f 7231/912/417 7233/913/417 7234/914/417 7232/915/417
f 7230/917/369 7231/918/368 7232/919/370 7223/920/399
f 7228/921/375 7233/922/374 7231/923/368 7229/924/367
f 7226/925/377 7234/926/376 7233/927/374 7227/928/373
f 7224/929/371 7232/930/370 7234/931/376 7225/932/405
f 7246/1014/420 7242/1015/420 7253/1016/420 7268/1017/420
f 7261/421/490 7264/425/490 7263/1018/490 7259/1019/490
f 7267/425/493 7270/421/493 7269/1019/493 7265/1018/493
f 7267/425/493 7236/424/493 7238/420/493 7270/421/493
f 7269/1020/420 7254/1021/420 7256/1022/420 7265/1023/420
f 7262/1024/490 7264/425/490 7235/424/490 7244/1025/490
f 7268/1026/493 7270/421/493 7238/420/493 7246/1027/493
f 7266/1024/493 7245/1025/493 7236/424/493 7267/425/493
f 7244/1028/417 7240/1029/417 7247/1030/417 7262/1031/417
f 7248/82/100 7272/82/100 7281/77/100 7250/77/100
f 7260/1017/417 7251/1016/417 7239/1015/417 7243/1014/417
f 7263/1023/417 7248/1022/417 7250/1021/417 7259/1020/417
f 7266/1031/420 7257/1030/420 7241/1029/420 7245/1028/420
f 7260/1026/490 7243/1027/490 7237/420/490 7261/421/490
f 7255/1032/1667 7254/1021/1667 7269/1020/1667 7270/1033/1667
f 7268/1017/1668 7253/1016/1668 7255/1032/1668 7270/1033/1668
f 7258/1034/1667 7257/1030/1667 7266/1031/1667 7267/1035/1667
f 7265/1023/1668 7256/1022/1668 7258/1034/1668 7267/1035/1668
f 7249/1034/1664 7248/1022/1664 7263/1023/1664 7264/1035/1664
f 7262/1031/1666 7247/1030/1666 7249/1034/1666 7264/1035/1666
f 7252/1032/1664 7251/1016/1664 7260/1017/1664 7261/1033/1664
f 7259/1020/1665 7250/1021/1665 7252/1032/1665 7261/1033/1665
f 7261/421/490 7237/420/490 7235/424/490 7264/425/490
f 7236/424/520 7245/1025/520 7244/1025/520 7235/424/520
f 7244/1028/520 7245/1028/520 7241/1029/520 7240/1029/520
f 7243/1027/426 7246/1027/426 7238/420/426 7237/420/426
f 7242/1015/426 7246/1014/426 7243/1014/426 7239/1015/426
f 7240/74/100 7241/74/100 7276/75/100 7275/75/100
f 7282/80/411 7280/1036/411 7279/1036/415 7281/80/415
f 7280/78/413 7277/79/413 7278/79/409 7279/78/409
f 7276/84/411 7274/1037/411 7273/1037/415 7275/84/415
f 7274/83/413 7271/85/413 7272/85/409 7273/83/409
f 7271/82/100 7256/82/100 7254/77/100 7282/77/100
f 7272/82/100 7271/82/100 7282/77/100 7281/77/100
f 7239/73/100 7278/72/100 7277/72/100 7242/73/100
f 7781/1039/426 7771/1040/426 8082/1041/426 8080/1042/426
f 8081/1041/520 7772/1040/520 7782/1039/520 8079/1042/520
f 8082/1041/417 7771/1040/417 7772/1040/417 8081/1041/417
f 8080/1042/420 8079/1042/420 7782/1039/420 7781/1039/420
f 7789/861/426 7793/862/426 7804/863/426 7802/864/426
f 7804/865/464 7806/350/464 7803/353/464 7802/866/464
f 7798/866/497 7800/353/497 7797/350/497 7796/865/497
f 7783/862/520 7787/861/520 7798/864/520 7796/863/520
f 7786/867/520 7774/868/520 7778/869/520 7799/870/520
f 7775/868/426 7790/867/426 7801/870/426 7779/869/426
f 7801/356/464 7803/353/464 7781/871/464 7779/352/464
f 7792/872/426 7776/873/426 7780/874/426 7805/875/426
f 7795/349/497 7797/350/497 7772/351/497 7777/348/497
f 7788/876/1343 7800/877/1343 7798/864/1343 7787/861/1343
f 7799/870/1344 7800/877/1344 7788/876/1344 7786/867/1344
f 7785/878/1343 7797/879/1343 7795/875/1343 7784/872/1343
f 7796/863/1344 7797/879/1344 7785/878/1344 7783/862/1344
f 7794/878/1341 7806/879/1341 7804/863/1341 7793/862/1341
f 7805/875/1342 7806/879/1342 7794/878/1342 7792/872/1342
f 7791/876/1341 7803/877/1341 7801/870/1341 7790/867/1341
f 7802/864/1342 7803/877/1342 7791/876/1342 7789/861/1342
f 7773/873/520 7784/872/520 7795/875/520 7777/874/520
f 7771/351/464 7781/871/464 7803/353/464 7806/350/464
f 7805/349/464 7780/348/464 7771/351/464 7806/350/464
f 7782/871/497 7772/351/497 7797/350/497 7800/353/497
f 7799/356/497 7778/352/497 7782/871/497 7800/353/497
f 7771/351/417 7780/348/417 7777/348/417 7772/351/417
f 7780/874/417 7776/873/417 7773/873/417 7777/874/417
f 7778/352/420 7779/352/420 7781/871/420 7782/871/420
f 7774/868/420 7775/868/420 7779/869/420 7778/869/420
f 7815/912/426 7817/913/426 7818/914/426 7816/915/426
f 7807/920/80 7814/917/144 7815/918/75 7816/919/68
f 7812/921/50 7817/922/52 7815/923/75 7813/924/54
f 7810/925/45 7818/926/77 7817/927/52 7811/928/51
f 7809/932/70 7808/929/66 7816/930/68 7818/931/77
f 7821/880/127 7822/881/52 7823/882/145 7830/883/45
f 7826/887/756 7820/884/559 7819/885/555 7827/886/557
f 7831/888/1397 7821/889/127 7829/19/128 7832/21/561
f 7822/16/130 7821/308/1398 7831/510/560
f 7820/18/559 7831/510/560 7819/1899/555
f 7835/891/134 7836/892/68 7837/893/67 7844/894/61
f 7819/1900/555 7832/21/561 7828/365/556
f 7834/896/71 7833/897/63 7841/898/65 7840/899/69
f 7824/903/50 7822/900/52 7820/901/559 7825/902/54
f 7836/904/68 7834/905/71 7839/906/70 7838/907/66
f 7836/40/142 7835/908/1399 7845/509/513
f 7845/909/1400 7835/910/134 7843/37/135 7846/39/512
f 7834/42/71 7845/509/513 7833/1638/63
f 7855/912/426 7857/913/426 7858/914/426 7856/915/426
f 7833/1914/63 7846/39/512 7842/91/64
f 7847/920/67 7854/917/61 7855/918/75 7856/919/68
f 7852/921/50 7857/922/52 7855/923/75 7853/924/54
f 7850/925/45 7858/926/77 7857/927/52 7851/928/51
f 7849/932/82 7848/929/79 7856/930/68 7858/931/77
f 7867/912/426 7869/913/426 7870/914/426 7868/915/426
f 7866/917/61 7867/918/75 7868/919/68 7859/920/67
f 7864/921/76 7869/922/52 7867/923/75 7865/924/54
f 7862/925/45 7870/926/77 7869/927/52 7863/928/51
f 7861/932/70 7860/929/66 7868/930/68 7870/931/77
f 7879/912/426 7881/913/426 7882/914/426 7880/915/426
f 7878/917/144 7879/918/75 7880/919/68 7871/920/67
f 7876/921/50 7881/922/52 7879/923/75 7877/924/78
f 7874/925/45 7882/926/77 7881/927/52 7875/928/51
f 7873/932/70 7872/929/66 7880/930/68 7882/931/77
f 7891/912/426 7893/913/426 7894/914/426 7892/915/426
f 7890/917/61 7891/918/75 7892/919/68 7883/920/67
f 7888/921/50 7893/922/52 7891/923/75 7889/924/54
f 7886/925/45 7894/926/77 7893/927/52 7887/928/51
f 7884/929/66 7892/930/68 7894/931/77 7885/932/70
f 7903/912/426 7905/913/426 7906/914/426 7904/915/426
f 7902/917/144 7903/918/75 7904/919/68 7895/920/67
f 7900/921/76 7905/922/52 7903/923/75 7901/924/78
f 7898/925/45 7906/926/77 7905/927/52 7899/928/145
f 7896/929/66 7904/930/68 7906/931/77 7897/932/70
f 7915/912/426 7917/913/426 7918/914/426 7916/915/426
f 7914/917/61 7915/918/75 7916/919/68 7907/920/67
f 7912/921/76 7917/922/52 7915/923/75 7913/924/78
f 7911/928/145 7910/925/81 7918/926/77 7917/927/52
f 7909/932/82 7908/929/79 7916/930/68 7918/931/77
f 7927/912/426 7929/913/426 7930/914/426 7928/915/426
f 7926/917/61 7927/918/75 7928/919/68 7919/920/67
f 7924/921/50 7929/922/52 7927/923/75 7925/924/54
f 7922/925/81 7930/926/77 7929/927/52 7923/928/51
f 7921/932/82 7920/929/66 7928/930/68 7930/931/77
f 7939/912/426 7941/913/426 7942/914/426 7940/915/426
f 7938/917/61 7939/918/75 7940/919/68 7931/920/67
f 7936/921/76 7941/922/52 7939/923/75 7937/924/54
f 7935/928/51 7934/925/45 7942/926/77 7941/927/52
f 7933/932/82 7932/929/66 7940/930/68 7942/931/77
f 7951/912/520 7953/913/520 7954/914/520 7952/915/520
f 7943/920/25 7950/917/34 7951/918/33 7952/919/26
f 7948/921/8 7953/922/10 7951/923/33 7949/924/12
f 7946/925/3 7954/926/36 7953/927/10 7947/928/9
f 7945/932/28 7944/929/24 7952/930/26 7954/931/36
f 7957/880/110 7958/881/10 7959/882/9 7966/883/3
f 7956/884/13 7955/885/112 7963/886/7 7962/887/552
f 7967/888/1394 7957/889/110 7965/479/111 7968/21/115
f 7958/16/113 7957/308/1395 7967/487/114
f 7956/18/13 7967/487/114 7955/1527/112
f 7971/891/117 7972/892/26 7973/893/35 7980/894/34
f 7955/309/112 7968/21/115 7964/89/6
f 7970/896/29 7969/897/21 7977/898/23 7976/899/27
f 7958/900/10 7956/901/13 7961/902/12 7960/903/8
f 7972/904/26 7970/905/29 7975/906/28 7974/907/24
f 7972/40/125 7971/908/476 7981/41/761
f 7981/909/1396 7971/910/117 7979/37/118 7982/39/760
f 7970/42/29 7981/41/761 7969/1913/21
f 7991/912/520 7993/913/520 7994/914/520 7992/915/520
f 7969/1915/21 7982/39/760 7978/91/22
f 7983/920/35 7990/917/34 7991/918/33 7992/919/26
f 7988/921/8 7993/922/10 7991/923/33 7989/924/12
f 7986/925/3 7994/926/36 7993/927/10 7987/928/9
f 7984/929/39 7992/930/26 7994/931/36 7985/932/42
f 8003/912/520 8005/913/520 8006/914/520 8004/915/520
f 8002/917/19 8003/918/33 8004/919/26 7995/920/35
f 8000/921/41 8005/922/10 8003/923/33 8001/924/38
f 7998/925/3 8006/926/36 8005/927/10 7999/928/9
f 7997/932/28 7996/929/24 8004/930/26 8006/931/36
f 8015/912/520 8017/913/520 8018/914/520 8016/915/520
f 8007/920/35 8014/917/19 8015/918/33 8016/919/26
f 8013/924/38 8012/921/41 8017/922/10 8015/923/33
f 8010/925/3 8018/926/36 8017/927/10 8011/928/40
f 8008/929/24 8016/930/26 8018/931/36 8009/932/28
f 8027/912/520 8029/913/520 8030/914/520 8028/915/520
f 8026/917/34 8027/918/33 8028/919/26 8019/920/35
f 8024/921/41 8029/922/10 8027/923/33 8025/924/38
f 8022/925/3 8030/926/36 8029/927/10 8023/928/9
f 8021/932/28 8020/929/24 8028/930/26 8030/931/36
f 8039/912/520 8041/913/520 8042/914/520 8040/915/520
f 8038/917/19 8039/918/33 8040/919/26 8031/920/35
f 8036/921/41 8041/922/10 8039/923/33 8037/924/38
f 8034/925/3 8042/926/36 8041/927/10 8035/928/40
f 8032/929/24 8040/930/26 8042/931/36 8033/932/28
f 8051/912/520 8053/913/520 8054/914/520 8052/915/520
f 8043/920/35 8050/917/34 8051/918/33 8052/919/26
f 8048/921/41 8053/922/10 8051/923/33 8049/924/38
f 8046/925/3 8054/926/36 8053/927/10 8047/928/9
f 8045/932/28 8044/929/24 8052/930/26 8054/931/36
f 8063/912/520 8065/913/520 8066/914/520 8064/915/520
f 8055/920/35 8062/917/34 8063/918/33 8064/919/26
f 8060/921/8 8065/922/10 8063/923/33 8061/924/12
f 8058/925/3 8066/926/36 8065/927/10 8059/928/9
f 8057/932/42 8056/929/39 8064/930/26 8066/931/36
f 8075/912/520 8077/913/520 8078/914/520 8076/915/520
f 8074/917/19 8075/918/33 8076/919/26 8067/920/35
f 8072/921/41 8077/922/10 8075/923/33 8073/924/38
f 8070/925/3 8078/926/36 8077/927/10 8071/928/9
f 8069/932/28 8068/929/39 8076/930/26 8078/931/36
f 8090/1014/426 8086/1015/426 8097/1016/426 8112/1017/426
f 8105/421/487 8108/425/487 8107/1018/487 8103/1019/487
f 8111/425/492 8114/421/492 8113/1019/492 8109/1018/492
f 8111/425/492 8080/424/492 8082/420/492 8114/421/492
f 8113/1020/426 8098/1021/426 8100/1022/426 8109/1023/426
f 8106/1024/487 8108/425/487 8079/424/487 8088/1025/487
f 8112/1026/492 8114/421/492 8082/420/492 8090/1027/492
f 8110/1024/492 8089/1025/492 8080/424/492 8111/425/492
f 8088/1028/520 8084/1029/520 8091/1030/520 8106/1031/520
f 8092/82/100 8116/82/100 8125/77/100 8094/77/100
f 8104/1017/520 8095/1016/520 8083/1015/520 8087/1014/520
f 8107/1023/520 8092/1022/520 8094/1021/520 8103/1020/520
f 8110/1031/426 8101/1030/426 8085/1029/426 8089/1028/426
f 8104/1026/487 8087/1027/487 8081/420/487 8105/421/487
f 8099/1032/1341 8098/1021/1341 8113/1020/1341 8114/1033/1341
f 8112/1017/1342 8097/1016/1342 8099/1032/1342 8114/1033/1342
f 8102/1034/1341 8101/1030/1341 8110/1031/1341 8111/1035/1341
f 8109/1023/1342 8100/1022/1342 8102/1034/1342 8111/1035/1342
f 8093/1034/1343 8092/1022/1343 8107/1023/1343 8108/1035/1343
f 8106/1031/1344 8091/1030/1344 8093/1034/1344 8108/1035/1344
f 8096/1032/1343 8095/1016/1343 8104/1017/1343 8105/1033/1343
f 8103/1020/1344 8094/1021/1344 8096/1032/1344 8105/1033/1344
f 8108/425/487 8105/421/487 8081/420/487 8079/424/487
f 8080/424/420 8089/1025/420 8088/1025/420 8079/424/420
f 8088/1028/420 8089/1028/420 8085/1029/420 8084/1029/420
f 8087/1027/417 8090/1027/417 8082/420/417 8081/420/417
f 8086/1015/417 8090/1014/417 8087/1014/417 8083/1015/417
f 8084/74/100 8085/74/100 8120/75/100 8119/75/100
f 8126/80/101 8124/1036/101 8123/1036/105 8125/80/105
f 8124/78/107 8121/79/107 8122/79/103 8123/78/103
f 8120/84/101 8118/1037/101 8117/1037/105 8119/84/105
f 8117/83/103 8118/83/107 8115/85/107 8116/85/103
f 8115/82/100 8100/82/100 8098/77/100 8126/77/100
f 8116/82/100 8115/82/100 8126/77/100 8125/77/100
f 8122/72/100 8121/72/100 8086/73/100 8083/73/100
f 9562/1039/426 9552/1040/426 9863/1041/426 9861/1042/426
f 9862/1041/520 9553/1040/520 9563/1039/520 9860/1042/520
f 9863/1041/417 9552/1040/417 9553/1040/417 9862/1041/417
f 9860/1042/420 9563/1039/420 9562/1039/420 9861/1042/420
f 9570/861/426 9574/862/426 9585/863/426 9583/864/426
f 9583/866/464 9585/865/464 9587/350/464 9584/353/464
f 9577/865/497 9579/866/497 9581/353/497 9578/350/497
f 9564/862/520 9568/861/520 9579/864/520 9577/863/520
f 9567/867/520 9555/868/520 9559/869/520 9580/870/520
f 9556/868/426 9571/867/426 9582/870/426 9560/869/426
f 9582/356/464 9584/353/464 9562/871/464 9560/352/464
f 9573/872/426 9557/873/426 9561/874/426 9586/875/426
f 9576/349/497 9578/350/497 9553/351/497 9558/348/497
f 9569/876/1343 9581/877/1343 9579/864/1343 9568/861/1343
f 9580/870/1344 9581/877/1344 9569/876/1344 9567/867/1344
f 9566/878/1343 9578/879/1343 9576/875/1343 9565/872/1343
f 9577/863/1344 9578/879/1344 9566/878/1344 9564/862/1344
f 9575/878/1341 9587/879/1341 9585/863/1341 9574/862/1341
f 9586/875/1342 9587/879/1342 9575/878/1342 9573/872/1342
f 9572/876/1341 9584/877/1341 9582/870/1341 9571/867/1341
f 9583/864/1342 9584/877/1342 9572/876/1342 9570/861/1342
f 9554/873/520 9565/872/520 9576/875/520 9558/874/520
f 9552/351/464 9562/871/464 9584/353/464 9587/350/464
f 9586/349/464 9561/348/464 9552/351/464 9587/350/464
f 9563/871/497 9553/351/497 9578/350/497 9581/353/497
f 9580/356/497 9559/352/497 9563/871/497 9581/353/497
f 9552/351/417 9561/348/417 9558/348/417 9553/351/417
f 9561/874/417 9557/873/417 9554/873/417 9558/874/417
f 9559/352/420 9560/352/420 9562/871/420 9563/871/420
f 9555/868/420 9556/868/420 9560/869/420 9559/869/420
f 9596/912/426 9598/913/426 9599/914/426 9597/915/426
f 9588/920/67 9595/917/61 9596/918/75 9597/919/68
f 9593/921/76 9598/922/52 9596/923/75 9594/924/78
f 9591/925/45 9599/926/77 9598/927/52 9592/928/51
f 9589/929/66 9597/930/68 9599/931/77 9590/932/70
f 9602/880/127 9603/881/52 9604/882/51 9611/883/45
f 9601/884/55 9600/885/47 9608/886/49 9607/887/53
f 9612/888/1397 9602/889/127 9610/550/128 9613/21/132
f 9603/16/130 9602/308/1398 9612/549/131
f 9601/18/55 9612/549/131 9600/1960/47
f 9616/891/134 9617/892/68 9618/893/67 9625/894/61
f 9600/1961/47 9613/21/132 9609/89/48
f 9621/899/551 9615/896/140 9614/897/136 9622/898/138
f 9605/903/50 9603/900/52 9601/901/55 9606/902/54
f 9617/904/68 9615/905/140 9620/906/82 9619/907/79
f 9617/40/142 9616/908/1399 9626/93/143
f 9626/909/1400 9616/910/134 9624/37/135 9627/39/141
f 9615/42/140 9626/93/143 9614/1962/136
f 9636/912/426 9638/913/426 9639/914/426 9637/915/426
f 9614/1963/136 9627/39/141 9623/551/137
f 9635/917/61 9636/918/75 9637/919/68 9628/920/67
f 9633/921/76 9638/922/52 9636/923/75 9634/924/78
f 9631/925/45 9639/926/77 9638/927/52 9632/928/51
f 9629/929/79 9637/930/68 9639/931/77 9630/932/82
f 9648/912/426 9650/913/426 9651/914/426 9649/915/426
f 9647/917/144 9648/918/75 9649/919/68 9640/920/80
f 9645/921/76 9650/922/52 9648/923/75 9646/924/78
f 9644/928/51 9643/925/45 9651/926/77 9650/927/52
f 9641/929/79 9649/930/68 9651/931/77 9642/932/70
f 9660/912/426 9662/913/426 9663/914/426 9661/915/426
f 9652/920/80 9659/917/144 9660/918/75 9661/919/68
f 9658/924/78 9657/921/76 9662/922/52 9660/923/75
f 9655/925/45 9663/926/77 9662/927/52 9656/928/51
f 9653/929/79 9661/930/68 9663/931/77 9654/932/82
f 9672/912/426 9674/913/426 9675/914/426 9673/915/426
f 9664/920/67 9671/917/61 9672/918/75 9673/919/68
f 9669/921/76 9674/922/52 9672/923/75 9670/924/78
f 9667/925/45 9675/926/77 9674/927/52 9668/928/51
f 9665/929/79 9673/930/68 9675/931/77 9666/932/82
f 9684/912/426 9686/913/426 9687/914/426 9685/915/426
f 9676/920/80 9683/917/144 9684/918/75 9685/919/68
f 9681/921/76 9686/922/52 9684/923/75 9682/924/78
f 9680/928/145 9679/925/81 9687/926/77 9686/927/52
f 9678/932/82 9677/929/79 9685/930/68 9687/931/77
f 9696/912/426 9698/913/426 9699/914/426 9697/915/426
f 9695/917/144 9696/918/75 9697/919/68 9688/920/80
f 9693/921/76 9698/922/52 9696/923/75 9694/924/78
f 9692/928/145 9691/925/81 9699/926/77 9698/927/52
f 9690/932/82 9689/929/79 9697/930/68 9699/931/77
f 9708/912/426 9710/913/426 9711/914/426 9709/915/426
f 9700/920/67 9707/917/61 9708/918/75 9709/919/68
f 9705/921/76 9710/922/52 9708/923/75 9706/924/78
f 9704/928/145 9703/925/81 9711/926/77 9710/927/52
f 9702/932/82 9701/929/79 9709/930/68 9711/931/77
f 9720/912/426 9722/913/426 9723/914/426 9721/915/426
f 9712/920/67 9719/917/61 9720/918/75 9721/919/68
f 9717/921/50 9722/922/52 9720/923/75 9718/924/54
f 9716/928/51 9715/925/45 9723/926/77 9722/927/52
f 9714/932/70 9713/929/66 9721/930/68 9723/931/77
f 9732/912/520 9734/913/520 9735/914/520 9733/915/520
f 9724/920/25 9731/917/19 9732/918/33 9733/919/26
f 9729/921/8 9734/922/10 9732/923/33 9730/924/12
f 9727/925/3 9735/926/36 9734/927/10 9728/928/9
f 9726/932/28 9725/929/24 9733/930/26 9735/931/36
f 9738/880/110 9739/881/10 9740/882/9 9747/883/3
f 9737/884/13 9736/885/5 9744/886/7 9743/887/552
f 9748/888/1394 9738/889/110 9746/19/111 9749/21/115
f 9739/16/113 9738/308/1395 9748/17/114
f 9737/18/13 9748/17/114 9736/890/5
f 9752/891/117 9753/892/26 9754/893/35 9761/894/34
f 9736/895/5 9749/21/115 9745/552/6
f 9757/899/553 9751/896/123 9750/897/119 9758/898/121
f 9739/900/10 9737/901/13 9742/902/12 9741/903/8
f 9753/904/26 9751/905/123 9756/906/28 9755/907/24
f 9753/40/125 9752/908/476 9762/482/126
f 9762/909/1396 9752/910/117 9760/37/118 9763/39/124
f 9751/42/123 9762/482/126 9750/1962/119
f 9772/912/520 9774/913/520 9775/914/520 9773/915/520
f 9750/1964/119 9763/39/124 9759/553/120
f 9771/917/19 9772/918/33 9773/919/26 9764/920/25
f 9769/921/41 9774/922/10 9772/923/33 9770/924/38
f 9767/925/3 9775/926/36 9774/927/10 9768/928/40
f 9765/929/39 9773/930/26 9775/931/36 9766/932/42
f 9784/912/520 9786/913/520 9787/914/520 9785/915/520
f 9783/917/34 9784/918/33 9785/919/26 9776/920/25
f 9781/921/8 9786/922/10 9784/923/33 9782/924/38
f 9779/925/3 9787/926/36 9786/927/10 9780/928/9
f 9778/932/42 9777/929/39 9785/930/26 9787/931/36
f 9796/912/520 9798/913/520 9799/914/520 9797/915/520
f 9788/920/25 9795/917/19 9796/918/33 9797/919/26
f 9794/924/38 9793/921/41 9798/922/10 9796/923/33
f 9791/925/37 9799/926/36 9798/927/10 9792/928/40
f 9789/929/39 9797/930/26 9799/931/36 9790/932/42
f 9808/912/520 9810/913/520 9811/914/520 9809/915/520
f 9800/920/25 9807/917/34 9808/918/33 9809/919/26
f 9805/921/41 9810/922/10 9808/923/33 9806/924/38
f 9803/925/37 9811/926/36 9810/927/10 9804/928/9
f 9801/929/39 9809/930/26 9811/931/36 9802/932/42
f 9820/912/520 9822/913/520 9823/914/520 9821/915/520
f 9812/920/35 9819/917/34 9820/918/33 9821/919/26
f 9817/921/41 9822/922/10 9820/923/33 9818/924/38
f 9816/928/9 9815/925/3 9823/926/36 9822/927/10
f 9814/932/42 9813/929/39 9821/930/26 9823/931/36
f 9832/912/520 9834/913/520 9835/914/520 9833/915/520
f 9831/917/34 9832/918/33 9833/919/26 9824/920/35
f 9829/921/41 9834/922/10 9832/923/33 9830/924/38
f 9828/928/9 9827/925/3 9835/926/36 9834/927/10
f 9825/929/39 9833/930/26 9835/931/36 9826/932/42
f 9844/912/520 9846/913/520 9847/914/520 9845/915/520
f 9843/917/34 9844/918/33 9845/919/26 9836/920/35
f 9841/921/8 9846/922/10 9844/923/33 9842/924/12
f 9839/925/3 9847/926/36 9846/927/10 9840/928/9
f 9837/929/24 9845/930/26 9847/931/36 9838/932/28
f 9856/912/520 9858/913/520 9859/914/520 9857/915/520
f 9855/917/34 9856/918/33 9857/919/26 9848/920/35
f 9853/921/8 9858/922/10 9856/923/33 9854/924/12
f 9851/925/3 9859/926/36 9858/927/10 9852/928/9
f 9850/932/28 9849/929/24 9857/930/26 9859/931/36
f 9871/1014/426 9867/1015/426 9878/1016/426 9893/1017/426
f 9886/421/487 9889/425/487 9888/1018/487 9884/1019/487
f 9890/1018/492 9892/425/492 9895/421/492 9894/1019/492
f 9892/425/492 9861/424/492 9863/420/492 9895/421/492
f 9894/1020/426 9879/1021/426 9881/1022/426 9890/1023/426
f 9887/1024/487 9889/425/487 9860/424/487 9869/1025/487
f 9893/1026/492 9895/421/492 9863/420/492 9871/1027/492
f 9891/1024/492 9870/1025/492 9861/424/492 9892/425/492
f 9869/1028/520 9865/1029/520 9872/1030/520 9887/1031/520
f 9873/82/100 9897/82/100 9906/77/100 9875/77/100
f 9885/1017/520 9876/1016/520 9864/1015/520 9868/1014/520
f 9888/1023/520 9873/1022/520 9875/1021/520 9884/1020/520
f 9891/1031/426 9882/1030/426 9866/1029/426 9870/1028/426
f 9885/1026/487 9868/1027/487 9862/420/487 9886/421/487
f 9880/1032/1341 9879/1021/1341 9894/1020/1341 9895/1033/1341
f 9893/1017/1342 9878/1016/1342 9880/1032/1342 9895/1033/1342
f 9883/1034/1341 9882/1030/1341 9891/1031/1341 9892/1035/1341
f 9890/1023/1342 9881/1022/1342 9883/1034/1342 9892/1035/1342
f 9874/1034/1343 9873/1022/1343 9888/1023/1343 9889/1035/1343
f 9887/1031/1344 9872/1030/1344 9874/1034/1344 9889/1035/1344
f 9877/1032/1343 9876/1016/1343 9885/1017/1343 9886/1033/1343
f 9884/1020/1344 9875/1021/1344 9877/1032/1344 9886/1033/1344
f 9886/421/487 9862/420/487 9860/424/487 9889/425/487
f 9861/424/420 9870/1025/420 9869/1025/420 9860/424/420
f 9869/1028/420 9870/1028/420 9866/1029/420 9865/1029/420
f 9868/1027/417 9871/1027/417 9863/420/417 9862/420/417
f 9867/1015/417 9871/1014/417 9868/1014/417 9864/1015/417
f 9865/74/100 9866/74/100 9901/75/100 9900/75/100
f 9907/80/101 9905/1036/101 9904/1036/105 9906/80/105
f 9905/78/107 9902/79/107 9903/79/103 9904/78/103
f 9901/84/101 9899/1037/101 9898/1037/105 9900/84/105
f 9898/83/103 9899/83/107 9896/85/107 9897/85/103
f 9896/82/100 9881/82/100 9879/77/100 9907/77/100
f 9897/82/100 9896/82/100 9907/77/100 9906/77/100
f 9864/73/100 9903/72/100 9902/72/100 9867/73/100
f 9918/1039/426 9908/1040/426 10219/1041/426 10217/1042/426
f 10218/1041/520 9909/1040/520 9919/1039/520 10216/1042/520
f 10219/1041/417 9908/1040/417 9909/1040/417 10218/1041/417
f 10216/1042/420 9919/1039/420 9918/1039/420 10217/1042/420
f 9926/861/426 9930/862/426 9941/863/426 9939/864/426
f 9939/866/464 9941/865/464 9943/350/464 9940/353/464
f 9935/866/497 9937/353/497 9934/350/497 9933/865/497
f 9920/862/520 9924/861/520 9935/864/520 9933/863/520
f 9923/867/520 9911/868/520 9915/869/520 9936/870/520
f 9912/868/426 9927/867/426 9938/870/426 9916/869/426
f 9938/356/464 9940/353/464 9918/871/464 9916/352/464
f 9929/872/426 9913/873/426 9917/874/426 9942/875/426
f 9932/349/497 9934/350/497 9909/351/497 9914/348/497
f 9925/876/1343 9937/877/1343 9935/864/1343 9924/861/1343
f 9936/870/1344 9937/877/1344 9925/876/1344 9923/867/1344
f 9922/878/1343 9934/879/1343 9932/875/1343 9921/872/1343
f 9933/863/1344 9934/879/1344 9922/878/1344 9920/862/1344
f 9931/878/1341 9943/879/1341 9941/863/1341 9930/862/1341
f 9942/875/1342 9943/879/1342 9931/878/1342 9929/872/1342
f 9928/876/1341 9940/877/1341 9938/870/1341 9927/867/1341
f 9939/864/1342 9940/877/1342 9928/876/1342 9926/861/1342
f 9910/873/520 9921/872/520 9932/875/520 9914/874/520
f 9908/351/464 9918/871/464 9940/353/464 9943/350/464
f 9942/349/464 9917/348/464 9908/351/464 9943/350/464
f 9937/353/497 9919/871/497 9909/351/497 9934/350/497
f 9936/356/497 9915/352/497 9919/871/497 9937/353/497
f 9908/351/417 9917/348/417 9914/348/417 9909/351/417
f 9917/874/417 9913/873/417 9910/873/417 9914/874/417
f 9915/352/420 9916/352/420 9918/871/420 9919/871/420
f 9911/868/420 9912/868/420 9916/869/420 9915/869/420
f 9952/912/426 9954/913/426 9955/914/426 9953/915/426
f 9944/920/80 9951/917/144 9952/918/75 9953/919/68
f 9949/921/50 9954/922/52 9952/923/75 9950/924/78
f 9947/925/45 9955/926/77 9954/927/52 9948/928/51
f 9945/929/66 9953/930/68 9955/931/77 9946/932/70
f 9958/880/127 9959/881/52 9960/882/145 9967/883/81
f 9957/884/55 9956/885/47 9964/886/49 9963/887/129
f 9968/888/1397 9958/889/127 9966/19/128 9969/21/132
f 9959/16/130 9958/308/1398 9968/381/131
f 9957/18/55 9968/381/131 9956/1965/47
f 9972/891/134 9973/892/68 9974/893/67 9981/894/61
f 9956/1598/47 9969/21/132 9965/554/48
f 9971/896/71 9970/897/734 9978/898/65 9977/899/69
f 9961/903/50 9959/900/52 9957/901/55 9962/902/54
f 9973/904/68 9971/905/71 9976/906/70 9975/907/66
f 9973/40/142 9972/908/1399 9982/93/513
f 9982/909/1400 9972/910/134 9980/37/135 9983/39/512
f 9971/42/71 9982/93/513 9970/1601/734
f 9992/912/426 9994/913/426 9995/914/426 9993/915/426
f 9970/1966/734 9983/39/512 9979/555/64
f 9984/920/67 9991/917/61 9992/918/75 9993/919/68
f 9989/921/50 9994/922/52 9992/923/75 9990/924/54
f 9987/925/45 9995/926/77 9994/927/52 9988/928/51
f 9985/929/79 9993/930/68 9995/931/77 9986/932/82
f 10004/912/426 10006/913/426 10007/914/426 10005/915/426
f 10003/917/144 10004/918/75 10005/919/68 9996/920/80
f 10001/921/76 10006/922/52 10004/923/75 10002/924/78
f 10000/928/51 9999/925/45 10007/926/77 10006/927/52
f 9997/929/66 10005/930/68 10007/931/77 9998/932/70
f 10016/912/426 10018/913/426 10019/914/426 10017/915/426
f 10015/917/144 10016/918/75 10017/919/68 10008/920/67
f 10014/924/78 10013/921/76 10018/922/52 10016/923/75
f 10011/925/45 10019/926/77 10018/927/52 10012/928/51
f 10009/929/66 10017/930/68 10019/931/77 10010/932/70
f 10028/912/426 10030/913/426 10031/914/426 10029/915/426
f 10027/917/144 10028/918/75 10029/919/68 10020/920/67
f 10026/924/78 10025/921/76 10030/922/52 10028/923/75
f 10023/925/45 10031/926/77 10030/927/52 10024/928/51
f 10021/929/66 10029/930/68 10031/931/77 10022/932/70
f 10040/912/426 10042/913/426 10043/914/426 10041/915/426
f 10039/917/144 10040/918/75 10041/919/68 10032/920/80
f 10037/921/76 10042/922/52 10040/923/75 10038/924/78
f 10035/925/45 10043/926/77 10042/927/52 10036/928/145
f 10034/932/70 10033/929/66 10041/930/68 10043/931/77
f 10052/912/426 10054/913/426 10055/914/426 10053/915/426
f 10051/917/61 10052/918/75 10053/919/68 10044/920/67
f 10049/921/76 10054/922/52 10052/923/75 10050/924/78
f 10048/928/51 10047/925/81 10055/926/77 10054/927/52
f 10046/932/82 10045/929/79 10053/930/68 10055/931/77
f 10064/912/426 10066/913/426 10067/914/426 10065/915/426
f 10063/917/61 10064/918/75 10065/919/68 10056/920/80
f 10061/921/50 10066/922/52 10064/923/75 10062/924/54
f 10059/925/81 10067/926/77 10066/927/52 10060/928/51
f 10058/932/82 10057/929/79 10065/930/68 10067/931/77
f 10076/912/426 10078/913/426 10079/914/426 10077/915/426
f 10075/917/61 10076/918/75 10077/919/68 10068/920/67
f 10073/921/50 10078/922/52 10076/923/75 10074/924/54
f 10072/928/51 10071/925/45 10079/926/77 10078/927/52
f 10070/932/82 10069/929/66 10077/930/68 10079/931/77
f 10088/912/520 10090/913/520 10091/914/520 10089/915/520
f 10080/920/35 10087/917/19 10088/918/33 10089/919/26
f 10086/924/12 10085/921/8 10090/922/10 10088/923/33
f 10083/925/3 10091/926/36 10090/927/10 10084/928/9
f 10082/932/28 10081/929/24 10089/930/26 10091/931/36
f 10094/880/110 10095/881/10 10096/882/9 10103/883/3
f 10093/884/13 10092/885/112 10100/886/7 10099/887/11
f 10104/888/1394 10094/889/110 10102/19/111 10105/21/115
f 10095/16/113 10094/308/1395 10104/417/114
f 10093/18/13 10104/417/114 10092/1967/112
f 10108/891/117 10109/892/26 10110/893/35 10117/894/34
f 10092/1812/112 10105/21/115 10101/556/6
f 10107/896/29 10106/897/21 10114/898/23 10113/899/807
f 10095/900/10 10093/901/13 10098/902/12 10097/903/8
f 10109/904/26 10107/905/29 10112/906/28 10111/907/24
f 10109/40/125 10108/908/476 10118/265/761
f 10118/909/1396 10108/910/117 10116/557/118 10119/39/760
f 10107/42/29 10118/265/761 10106/1968/21
f 10128/912/520 10130/913/520 10131/914/520 10129/915/520
f 10106/1969/21 10119/39/760 10115/91/22
f 10120/920/25 10127/917/19 10128/918/33 10129/919/26
f 10125/921/8 10130/922/10 10128/923/33 10126/924/12
f 10123/925/37 10131/926/36 10130/927/10 10124/928/9
f 10121/929/39 10129/930/26 10131/931/36 10122/932/42
f 10140/912/520 10142/913/520 10143/914/520 10141/915/520
f 10139/917/19 10140/918/33 10141/919/26 10132/920/25
f 10137/921/41 10142/922/10 10140/923/33 10138/924/38
f 10135/925/3 10143/926/36 10142/927/10 10136/928/9
f 10134/932/28 10133/929/39 10141/930/26 10143/931/36
f 10152/912/520 10154/913/520 10155/914/520 10153/915/520
f 10151/917/19 10152/918/33 10153/919/26 10144/920/25
f 10150/924/38 10149/921/41 10154/922/10 10152/923/33
f 10147/925/37 10155/926/36 10154/927/10 10148/928/40
f 10145/929/24 10153/930/26 10155/931/36 10146/932/28
f 10164/912/520 10166/913/520 10167/914/520 10165/915/520
f 10163/917/19 10164/918/33 10165/919/26 10156/920/35
f 10162/924/38 10161/921/41 10166/922/10 10164/923/33
f 10159/925/3 10167/926/36 10166/927/10 10160/928/40
f 10157/929/24 10165/930/26 10167/931/36 10158/932/28
f 10176/912/520 10178/913/520 10179/914/520 10177/915/520
f 10175/917/19 10176/918/33 10177/919/26 10168/920/25
f 10173/921/41 10178/922/10 10176/923/33 10174/924/38
f 10171/925/37 10179/926/36 10178/927/10 10172/928/40
f 10170/932/28 10169/929/39 10177/930/26 10179/931/36
f 10188/912/520 10190/913/520 10191/914/520 10189/915/520
f 10180/920/35 10187/917/19 10188/918/33 10189/919/26
f 10185/921/41 10190/922/10 10188/923/33 10186/924/38
f 10183/925/3 10191/926/36 10190/927/10 10184/928/40
f 10181/929/39 10189/930/26 10191/931/36 10182/932/42
f 10200/912/520 10202/913/520 10203/914/520 10201/915/520
f 10199/917/34 10200/918/33 10201/919/26 10192/920/35
f 10197/921/8 10202/922/10 10200/923/33 10198/924/12
f 10195/925/3 10203/926/36 10202/927/10 10196/928/9
f 10193/929/24 10201/930/26 10203/931/36 10194/932/28
f 10212/912/520 10214/913/520 10215/914/520 10213/915/520
f 10211/917/34 10212/918/33 10213/919/26 10204/920/35
f 10209/921/8 10214/922/10 10212/923/33 10210/924/12
f 10207/925/3 10215/926/36 10214/927/10 10208/928/9
f 10206/932/28 10205/929/24 10213/930/26 10215/931/36
f 10227/1014/426 10223/1015/426 10234/1016/426 10249/1017/426
f 10240/1019/487 10242/421/487 10245/425/487 10244/1018/487
f 10246/1018/492 10248/425/492 10251/421/492 10250/1019/492
f 10248/425/492 10217/424/492 10219/420/492 10251/421/492
f 10250/1020/426 10235/1021/426 10237/1022/426 10246/1023/426
f 10243/1024/487 10245/425/487 10216/424/487 10225/1025/487
f 10249/1026/492 10251/421/492 10219/420/492 10227/1027/492
f 10247/1024/492 10226/1025/492 10217/424/492 10248/425/492
f 10225/1028/520 10221/1029/520 10228/1030/520 10243/1031/520
f 10229/82/100 10253/82/100 10262/77/100 10231/77/100
f 10241/1017/520 10232/1016/520 10220/1015/520 10224/1014/520
f 10244/1023/520 10229/1022/520 10231/1021/520 10240/1020/520
f 10247/1031/426 10238/1030/426 10222/1029/426 10226/1028/426
f 10241/1026/487 10224/1027/487 10218/420/487 10242/421/487
f 10236/1032/1341 10235/1021/1341 10250/1020/1341 10251/1033/1341
f 10249/1017/1342 10234/1016/1342 10236/1032/1342 10251/1033/1342
f 10239/1034/1392 10238/1030/1392 10247/1031/1392 10248/1035/1392
f 10246/1023/1342 10237/1022/1342 10239/1034/1342 10248/1035/1342
f 10230/1034/1343 10229/1022/1343 10244/1023/1343 10245/1035/1343
f 10243/1031/1344 10228/1030/1344 10230/1034/1344 10245/1035/1344
f 10233/1032/1343 10232/1016/1343 10241/1017/1343 10242/1033/1343
f 10240/1020/1344 10231/1021/1344 10233/1032/1344 10242/1033/1344
f 10242/421/487 10218/420/487 10216/424/487 10245/425/487
f 10217/424/420 10226/1025/420 10225/1025/420 10216/424/420
f 10225/1028/420 10226/1028/420 10222/1029/420 10221/1029/420
f 10224/1027/417 10227/1027/417 10219/420/417 10218/420/417
f 10223/1015/417 10227/1014/417 10224/1014/417 10220/1015/417
f 10221/74/100 10222/74/100 10257/75/100 10256/75/100
f 10263/80/101 10261/1036/101 10260/1036/105 10262/80/105
f 10261/78/107 10258/79/107 10259/79/103 10260/78/103
f 10257/84/101 10255/1037/101 10254/1037/105 10256/84/105
f 10255/83/107 10252/85/107 10253/85/103 10254/83/103
f 10252/82/100 10237/82/100 10235/77/100 10263/77/100
f 10253/82/100 10252/82/100 10263/77/100 10262/77/100
f 10220/73/100 10259/72/100 10258/72/100 10223/73/100
usemtl texture.096
f 1477/268/417 1457/269/418 1460/270/419
f 1736/271/420 1448/272/421 1450/273/422
f 1745/268/420 1454/270/423 1456/274/424
f 1745/268/420 1451/275/422 1454/270/423
f 1736/271/420 1445/276/425 1448/272/421
f 1477/268/417 1460/270/419 1462/281/427
f 1439/271/417 1463/282/427 1466/272/428
f 1439/271/417 1466/272/428 1468/283/429
f 1496/284/430 1495/285/431 1440/286/432
f 1492/287/433 1491/288/434 1498/289/435
f 1440/286/436 1441/290/436 1496/284/436
f 1442/291/437 1443/289/437 1494/292/437
f 1444/290/438 1497/286/438 1490/293/438
f 1498/289/439 1499/291/439 1492/287/439
f 1500/1/440 1512/2/440 1513/3/440
f 1502/4/441 1511/5/335 1510/6/442
f 1500/7/443 1509/8/444 1508/9/445
f 1505/10/333 1504/11/331 1503/12/332
f 1507/13/446 1506/14/325 1501/15/447
f 1503/16/448 1512/294/449 1501/18/447
f 1510/19/442 1509/89/444 1513/21/450
f 1524/43/363 1522/44/326 1523/45/360
f 1526/49/331 1520/50/332 1525/51/362
f 1568/43/363 1570/44/326 1569/45/360
f 1519/52/334 1527/53/335 1528/54/336
f 1571/46/328 1517/47/364 1518/48/361
f 1521/46/328 1529/47/329 1530/48/361
f 1537/43/325 1539/44/326 1538/45/327
f 1540/46/328 1532/47/364 1531/48/330
f 1535/49/365 1541/50/332 1536/51/362
f 1542/52/334 1534/53/366 1533/54/355
f 1550/49/365 1544/50/332 1549/51/362
f 1545/46/328 1553/47/329 1554/48/330
f 1543/52/334 1551/53/366 1552/54/336
f 1548/43/363 1546/44/326 1547/45/360
f 1562/49/365 1556/50/332 1561/51/362
f 1557/46/328 1565/47/364 1566/48/330
f 1555/52/334 1563/53/366 1564/54/355
f 1560/43/363 1558/44/326 1559/45/327
f 1514/49/365 1572/50/332 1567/51/362
f 1573/52/334 1515/53/366 1516/54/355
f 1580/43/363 1582/44/326 1581/45/327
f 1583/46/328 1577/47/329 1578/48/330
f 1574/49/331 1584/50/332 1579/51/362
f 1585/52/334 1575/53/335 1576/54/336
f 1586/1/379 1598/2/379 1599/3/379
f 1588/4/451 1597/5/377 1596/6/452
f 1586/7/382 1595/8/383 1594/9/384
f 1591/10/385 1590/11/373 1589/12/374
f 1593/13/453 1592/14/387 1587/15/388
f 1589/16/454 1598/295/455 1587/18/388
f 1596/19/452 1595/89/383 1599/21/456
f 1610/43/367 1608/44/368 1609/45/408
f 1612/49/373 1606/50/374 1611/51/375
f 1654/43/367 1656/44/368 1655/45/369
f 1605/52/376 1613/53/377 1614/54/405
f 1657/46/370 1603/47/371 1604/48/399
f 1607/46/370 1615/47/371 1616/48/372
f 1623/43/387 1625/44/368 1624/45/369
f 1626/46/370 1618/47/398 1617/48/399
f 1621/49/406 1627/50/374 1622/51/375
f 1628/52/376 1620/53/377 1619/54/378
f 1636/49/373 1630/50/374 1635/51/375
f 1631/46/370 1639/47/398 1640/48/399
f 1629/52/376 1637/53/407 1638/54/405
f 1634/43/387 1632/44/368 1633/45/369
f 1648/49/373 1642/50/374 1647/51/385
f 1643/46/370 1651/47/371 1652/48/399
f 1641/52/376 1649/53/377 1650/54/405
f 1646/43/367 1644/44/368 1645/45/369
f 1600/49/373 1658/50/374 1653/51/375
f 1659/52/376 1601/53/377 1602/54/405
f 1666/43/367 1668/44/368 1667/45/408
f 1669/46/370 1663/47/398 1664/48/372
f 1660/49/373 1670/50/374 1665/51/375
f 1671/52/376 1661/53/377 1662/54/378
f 1777/72/100 1737/73/100 1750/72/100
f 1738/74/100 1774/75/100 1746/75/100
f 1739/74/100 1756/75/100 1775/75/100
f 1752/72/100 1740/73/100 1776/72/100
f 1751/76/100 1749/77/100 1780/77/100
f 1750/72/100 1751/76/100 1777/72/100
f 1778/78/409 1777/79/409 1751/78/410
f 1753/77/100 1754/76/100 1781/77/100
f 1754/76/100 1752/72/100 1776/72/100
f 1779/78/411 1781/80/411 1754/78/412
f 1757/81/100 1755/82/100 1770/82/100
f 1756/75/100 1757/81/100 1775/75/100
f 1773/83/411 1775/84/411 1757/83/412
f 1748/81/100 1746/75/100 1774/75/100
f 1747/82/100 1748/81/100 1771/82/100
f 1772/83/409 1771/85/409 1748/83/410
f 1776/79/413 1779/78/413 1754/78/414
f 1780/80/415 1778/78/415 1751/78/416
f 1770/85/413 1773/83/413 1757/83/414
f 1774/84/415 1772/83/415 1748/83/416
f 1478/1447/420 1443/1448/420 1451/275/422 1745/268/420
f 1736/271/426 1479/1449/426 1438/1449/426 1439/271/426
f 1462/281/427 1498/1448/1677 1480/1447/1677 1477/268/417
f 1463/282/427 1439/271/417 1438/1449/417 1497/1450/417
f 1456/274/424 1445/276/425 1736/271/420 1745/268/420
f 1444/1451/1678 1441/1451/1678 1449/1452/1679 1464/1453/1680
f 1499/1454/1681 1461/1455/1682 1452/1456/1683 1442/1454/1684
f 1455/1457/1685 1458/1458/1686 1467/1459/1687 1446/1460/1688
f 1447/1461/1689 1446/1460/1688 1467/1459/1687 1465/1461/1690
f 1449/1452/1679 1447/1461/1689 1465/1461/1690 1464/1453/1680
f 1461/1455/1682 1459/1462/1691 1453/1462/1692 1452/1456/1683
f 1459/1462/1691 1458/1458/1686 1455/1457/1685 1453/1462/1692
f 1457/269/418 1477/268/417 1439/271/417 1468/283/429
f 1477/268/520 1480/1447/520 1478/1447/520 1745/268/520
f 1445/1463/1693 1446/1464/1694 1447/1465/1695 1448/1466/1696
f 1450/1467/1697 1448/1466/1696 1447/1465/1695 1449/1468/1698
f 1451/1469/1699 1452/1470/1700 1453/1471/1701 1454/1472/1702
f 1456/1473/1703 1454/1472/1702 1453/1471/1701 1455/1474/1704
f 1463/1475/1705 1464/1476/1706 1465/1465/1707 1466/1466/1708
f 1468/1477/1709 1466/1466/1708 1465/1465/1707 1467/1478/1710
f 1457/1479/1711 1458/1480/1712 1459/1471/1713 1460/1472/1714
f 1462/1481/1715 1460/1472/1714 1459/1471/1713 1461/1482/1716
f 1456/1473/1703 1455/1474/1704 1446/1464/1694 1445/1463/1693
f 1440/1483/1717 1450/1467/1697 1449/1468/1698 1441/1484/1717
f 1458/1480/1712 1457/1479/1711 1468/1477/1709 1467/1478/1710
f 1464/1476/1706 1463/1475/1705 1497/1483/1718 1444/1484/1718
f 1452/1470/1700 1451/1469/1699 1443/1485/1719 1442/1486/1719
f 1461/1482/1716 1499/1486/1720 1498/1485/1720 1462/1481/1715
f 1450/273/422 1440/1450/1721 1479/1449/1721 1736/271/420
f 1483/1487/417 1470/1488/417 1474/1489/417 1491/1490/417
f 1471/1488/420 1485/1487/420 1493/1490/420 1475/1489/420
f 1487/1491/420 1472/1492/420 1476/1493/420 1495/1494/420
f 1495/285/431 1476/1495/463 1479/1496/463 1440/286/432
f 1491/1490/434 1492/1497/433 1484/1498/1722 1483/1487/1722
f 1482/1499/1723 1490/1500/1724 1489/1494/1725 1481/1491/1723
f 1495/1494/431 1496/1500/430 1488/1499/1726 1487/1491/1726
f 1486/1498/1727 1494/1497/1728 1493/1490/1729 1485/1487/1727
f 1473/1493/417 1469/1492/417 1481/1491/417 1489/1494/417
f 1490/293/1730 1496/284/1730 1441/290/1678 1444/290/1678
f 1438/1496/644 1473/1495/644 1489/285/1725 1497/286/1731
f 1491/288/434 1474/1501/644 1480/1502/644 1498/289/435
f 1438/1496/426 1479/1496/426 1476/1495/426 1473/1495/426
f 1494/292/1728 1443/289/1732 1493/288/1729
f 1476/1493/426 1472/1492/426 1469/1492/426 1473/1493/426
f 1474/1501/520 1475/1501/520 1478/1502/520 1480/1502/520
f 1474/1489/520 1470/1488/520 1471/1488/520 1475/1489/520
f 1492/1497/1733 1494/1497/1733 1486/1498/1734 1484/1498/1734
f 1490/293/1724 1497/286/1731 1489/285/1725
f 1496/1500/1730 1490/1500/1730 1482/1499/1735 1488/1499/1735
f 1492/287/1733 1499/291/1681 1442/291/1684 1494/292/1733
f 1478/1502/463 1475/1501/463 1493/288/1729 1443/289/1732
f 1502/880/441 1503/881/332 1504/882/331 1511/883/335
f 1507/887/446 1501/884/447 1500/885/443 1508/886/445
f 1512/888/1736 1502/889/441 1510/19/442 1513/21/450
f 1503/16/448 1502/308/1737 1512/294/449
f 1501/18/447 1512/294/449 1500/1503/443
f 1522/912/420 1520/913/420 1519/914/420 1521/915/420
f 1500/1504/443 1513/21/450 1509/89/444
f 1515/925/366 1573/926/334 1572/927/332 1514/928/365
f 1529/929/329 1521/930/328 1519/931/334 1528/932/336
f 1567/921/362 1572/922/332 1570/923/326 1568/924/363
f 1503/900/332 1501/901/447 1506/902/325 1505/903/333
f 1527/925/335 1519/926/334 1520/927/332 1526/928/331
f 1524/924/363 1525/921/362 1520/922/332 1522/923/326
f 1523/917/360 1522/918/326 1521/919/328 1530/920/361
f 1518/920/361 1569/917/360 1570/918/326 1571/919/328
f 1516/932/355 1517/929/364 1571/930/328 1573/931/334
f 1570/912/420 1572/913/420 1573/914/420 1571/915/420
f 1539/912/420 1541/913/420 1542/914/420 1540/915/420
f 1531/920/330 1538/917/327 1539/918/326 1540/919/328
f 1536/921/362 1541/922/332 1539/923/326 1537/924/325
f 1534/925/366 1542/926/334 1541/927/332 1535/928/365
f 1532/929/364 1540/930/328 1542/931/334 1533/932/355
f 1546/912/420 1544/913/420 1543/914/420 1545/915/420
f 1549/921/362 1544/922/332 1546/923/326 1548/924/363
f 1552/932/336 1553/929/329 1545/930/328 1543/931/334
f 1547/917/360 1546/918/326 1545/919/328 1554/920/330
f 1550/928/365 1551/925/366 1543/926/334 1544/927/332
f 1558/912/420 1556/913/420 1555/914/420 1557/915/420
f 1561/921/362 1556/922/332 1558/923/326 1560/924/363
f 1564/932/355 1565/929/364 1557/930/328 1555/931/334
f 1559/917/327 1558/918/326 1557/919/328 1566/920/330
f 1562/928/365 1563/925/366 1555/926/334 1556/927/332
f 1574/928/331 1575/925/335 1585/926/334 1584/927/332
f 1579/921/362 1584/922/332 1582/923/326 1580/924/363
f 1581/917/327 1582/918/326 1583/919/328 1578/920/330
f 1577/929/329 1583/930/328 1585/931/334 1576/932/336
f 1582/912/420 1584/913/420 1585/914/420 1583/915/420
f 1597/883/377 1588/880/451 1589/881/374 1590/882/373
f 1587/884/388 1586/885/382 1594/886/384 1593/887/453
f 1598/888/1738 1588/889/451 1596/19/452 1599/21/456
f 1589/16/454 1588/308/1739 1598/295/455
f 1587/18/388 1598/295/455 1586/1505/382
f 1608/912/417 1606/913/417 1605/914/417 1607/915/417
f 1586/1506/382 1599/21/456 1595/89/383
f 1601/925/377 1659/926/376 1658/927/374 1600/928/373
f 1615/929/371 1607/930/370 1605/931/376 1614/932/405
f 1653/921/375 1658/922/374 1656/923/368 1654/924/367
f 1591/903/385 1589/900/374 1587/901/388 1592/902/387
f 1612/928/373 1613/925/377 1605/926/376 1606/927/374
f 1611/921/375 1606/922/374 1608/923/368 1610/924/367
f 1609/917/408 1608/918/368 1607/919/370 1616/920/372
f 1604/920/399 1655/917/369 1656/918/368 1657/919/370
f 1603/929/371 1657/930/370 1659/931/376 1602/932/405
f 1656/912/417 1658/913/417 1659/914/417 1657/915/417
f 1625/912/417 1627/913/417 1628/914/417 1626/915/417
f 1617/920/399 1624/917/369 1625/918/368 1626/919/370
f 1622/921/375 1627/922/374 1625/923/368 1623/924/387
f 1620/925/377 1628/926/376 1627/927/374 1621/928/406
f 1618/929/398 1626/930/370 1628/931/376 1619/932/378
f 1632/912/417 1630/913/417 1629/914/417 1631/915/417
f 1635/921/375 1630/922/374 1632/923/368 1634/924/387
f 1639/929/398 1631/930/370 1629/931/376 1638/932/405
f 1633/917/369 1632/918/368 1631/919/370 1640/920/399
f 1636/928/373 1637/925/407 1629/926/376 1630/927/374
f 1644/912/417 1642/913/417 1641/914/417 1643/915/417
f 1647/921/385 1642/922/374 1644/923/368 1646/924/367
f 1651/929/371 1643/930/370 1641/931/376 1650/932/405
f 1645/917/369 1644/918/368 1643/919/370 1652/920/399
f 1648/928/373 1649/925/377 1641/926/376 1642/927/374
f 1660/928/373 1661/925/377 1671/926/376 1670/927/374
f 1666/924/367 1665/921/375 1670/922/374 1668/923/368
f 1667/917/408 1668/918/368 1669/919/370 1664/920/372
f 1663/929/398 1669/930/370 1671/931/376 1662/932/378
f 1668/912/417 1670/913/417 1671/914/417 1669/915/417
f 1675/1507/1740 1674/1508/1740 1678/1509/1741 1679/1510/1742
f 1678/1511/1741 1672/1512/1743 1673/1513/1743 1679/1514/1742
f 1673/1515/426 1672/1516/426 1677/1517/426 1676/1518/426
f 1684/1519/1744 1687/1520/1745 1686/1521/1746 1685/1522/1747
f 1684/1523/1744 1682/1523/1748 1683/1524/1748 1687/1524/1745
f 1680/1525/1749 1685/1525/1747 1686/1526/1746 1681/1526/1749
f 1695/1510/1750 1694/1509/1751 1690/1508/1752 1691/1507/1752
f 1689/1513/1753 1688/1512/1753 1694/1511/1751 1695/1514/1750
f 1693/1517/426 1688/1516/426 1689/1515/426 1692/1518/426
f 1702/1521/1754 1703/1520/1755 1700/1519/1756 1701/1522/1757
f 1699/1524/1758 1698/1523/1758 1700/1523/1756 1703/1524/1755
f 1702/1526/1754 1701/1525/1757 1696/1525/1759 1697/1526/1759
f 1711/1510/1760 1710/1509/1761 1706/1508/1762 1707/1507/1762
f 1705/1513/1763 1704/1512/1763 1710/1511/1761 1711/1514/1760
f 1708/1518/520 1709/1517/520 1704/1516/520 1705/1515/520
f 1718/1521/1764 1719/1520/1765 1716/1519/1766 1717/1522/1767
f 1715/1524/1768 1714/1523/1768 1716/1523/1766 1719/1524/1765
f 1718/1526/1764 1717/1525/1767 1712/1525/1769 1713/1526/1769
f 1723/1507/1770 1722/1508/1770 1726/1509/1771 1727/1510/1772
f 1726/1511/1771 1720/1512/1773 1721/1513/1773 1727/1514/1772
f 1721/1515/520 1720/1516/520 1725/1517/520 1724/1518/520
f 1732/1519/1774 1735/1520/1775 1734/1521/1776 1733/1522/1777
f 1732/1523/1774 1730/1523/1778 1731/1524/1778 1735/1524/1775
f 1728/1525/1779 1733/1525/1777 1734/1526/1776 1729/1526/1779
f 1744/1014/420 1740/1015/420 1752/1016/420 1767/1017/420
f 1758/1019/490 1760/421/490 1763/425/490 1762/1018/490
f 1766/425/493 1769/421/493 1768/1019/493 1764/1018/493
f 1769/421/493 1766/425/493 1745/424/493 1736/420/493
f 1768/1020/420 1753/1021/420 1755/1022/420 1764/1023/420
f 1761/1024/490 1763/425/490 1477/424/490 1742/1025/490
f 1767/1026/493 1769/421/493 1736/420/493 1744/1027/493
f 1765/1024/493 1743/1025/493 1745/424/493 1766/425/493
f 1761/1031/417 1742/1028/417 1738/1029/417 1746/1030/417
f 1747/82/100 1771/82/100 1780/77/100 1749/77/100
f 1759/1017/417 1750/1016/417 1737/1015/417 1741/1014/417
f 1762/1023/417 1747/1022/417 1749/1021/417 1758/1020/417
f 1765/1031/420 1756/1030/420 1739/1029/420 1743/1028/420
f 1759/1026/490 1741/1027/490 1439/420/490 1760/421/490
f 1754/1032/1667 1753/1021/1667 1768/1020/1667 1769/1033/1667
f 1767/1017/1668 1752/1016/1668 1754/1032/1668 1769/1033/1668
f 1757/1034/1667 1756/1030/1667 1765/1031/1667 1766/1035/1667
f 1764/1023/1668 1755/1022/1668 1757/1034/1668 1766/1035/1668
f 1748/1034/1664 1747/1022/1664 1762/1023/1664 1763/1035/1664
f 1761/1031/1666 1746/1030/1666 1748/1034/1666 1763/1035/1666
f 1751/1032/1664 1750/1016/1664 1759/1017/1664 1760/1033/1664
f 1758/1020/1665 1749/1021/1665 1751/1032/1665 1760/1033/1665
f 1760/421/490 1439/420/490 1477/424/490 1763/425/490
f 1745/424/520 1743/1025/520 1742/1025/520 1477/424/520
f 1742/1028/520 1743/1028/520 1739/1029/520 1738/1029/520
f 1741/1027/426 1744/1027/426 1736/420/426 1439/420/426
f 1740/1015/426 1744/1014/426 1741/1014/426 1737/1015/426
f 1738/74/100 1739/74/100 1775/75/100 1774/75/100
f 1781/80/411 1779/1036/411 1778/1036/415 1780/80/415
f 1779/78/413 1776/79/413 1777/79/409 1778/78/409
f 1775/84/411 1773/1037/411 1772/1037/415 1774/84/415
f 1773/83/413 1770/85/413 1771/85/409 1772/83/409
f 1770/82/100 1755/82/100 1753/77/100 1781/77/100
f 1771/82/100 1770/82/100 1781/77/100 1780/77/100
f 1737/73/100 1777/72/100 1776/72/100 1740/73/100
usemtl texture.098
f 2146/297/460 2148/298/461 2147/299/462
f 2143/300/463 2173/301/463 2176/300/463
f 2142/302/464 2162/303/464 2161/304/464
f 2177/1/43 2189/2/43 2190/3/43
f 2179/4/127 2188/5/45 2187/6/128
f 2177/7/47 2186/8/48 2185/9/49
f 2182/10/50 2181/11/51 2180/12/52
f 2184/13/53 2183/14/54 2178/15/55
f 2180/16/130 2189/92/131 2178/18/55
f 2190/21/132 2187/305/128 2186/89/48
f 2197/43/54 2199/44/75 2198/45/61
f 2200/46/68 2192/47/66 2191/48/67
f 2195/49/51 2201/50/52 2196/51/50
f 2202/52/77 2194/53/45 2193/54/82
f 2209/43/54 2211/44/75 2210/45/61
f 2212/46/68 2204/47/66 2203/48/67
f 2207/49/51 2213/50/52 2208/51/50
f 2214/52/77 2206/53/45 2205/54/70
f 2221/43/54 2223/44/75 2222/45/144
f 2224/46/68 2216/47/66 2215/48/80
f 2219/49/51 2225/50/52 2220/51/50
f 2226/52/77 2218/53/45 2217/54/70
f 2233/43/78 2235/44/75 2234/45/61
f 2236/46/68 2228/47/79 2227/48/67
f 2231/49/51 2237/50/52 2232/51/50
f 2238/52/77 2230/53/45 2229/54/70
f 2245/43/54 2247/44/75 2246/45/61
f 2248/46/68 2240/47/66 2239/48/67
f 2243/49/51 2249/50/52 2244/51/50
f 2250/52/77 2242/53/45 2241/54/70
f 2257/43/325 2259/44/326 2258/45/327
f 2260/46/328 2252/47/329 2251/48/361
f 2255/49/331 2261/50/332 2256/51/333
f 2262/52/334 2254/53/335 2253/54/336
f 2263/22/465 2275/23/465 2276/24/465
f 2265/25/349 2274/26/327 2273/27/350
f 2263/28/351 2272/29/352 2271/30/353
f 2268/31/329 2267/32/330 2266/33/328
f 2270/34/354 2269/35/355 2264/36/356
f 2273/37/350 2272/91/352 2276/39/357
f 2266/40/358 2275/306/359 2264/42/356
f 2283/43/325 2285/44/326 2284/45/360
f 2286/46/328 2278/47/329 2277/48/330
f 2281/49/331 2287/50/332 2282/51/362
f 2288/52/334 2280/53/335 2279/54/355
f 2295/43/363 2297/44/326 2296/45/360
f 2298/46/328 2290/47/364 2289/48/361
f 2293/49/331 2299/50/332 2294/51/362
f 2300/52/334 2292/53/335 2291/54/355
f 2307/43/363 2309/44/326 2308/45/360
f 2310/46/328 2302/47/364 2301/48/330
f 2305/49/331 2311/50/332 2306/51/362
f 2312/52/334 2304/53/335 2303/54/355
f 2319/43/8 2320/45/40 2321/44/10
f 2322/46/36 2313/48/37 2314/47/28
f 2317/49/34 2318/51/12 2323/50/33
f 2324/52/26 2315/54/24 2316/53/35
f 2325/1/466 2338/3/466 2337/2/466
f 2327/4/467 2335/6/468 2336/5/35
f 2325/7/469 2333/9/470 2334/8/471
f 2330/10/12 2328/12/33 2329/11/34
f 2332/13/472 2326/15/473 2331/14/8
f 2328/16/474 2326/18/473 2337/307/475
f 2328/16/474 2337/307/475 2327/308/476
f 2338/21/477 2334/89/471 2335/19/468
f 2325/309/469 2334/89/471 2338/21/477
f 2345/43/8 2346/45/40 2347/44/10
f 2348/46/36 2339/48/37 2340/47/28
f 2343/49/19 2344/51/12 2349/50/33
f 2350/52/26 2341/54/24 2342/53/25
f 2357/43/367 2359/44/368 2358/45/408
f 2360/46/370 2352/47/398 2351/48/399
f 2355/49/406 2361/50/374 2356/51/375
f 2362/52/376 2354/53/407 2353/54/405
f 2363/22/478 2375/23/478 2376/24/478
f 2365/25/393 2374/26/369 2373/27/394
f 2363/28/479 2372/29/480 2371/30/481
f 2368/31/398 2367/32/399 2366/33/370
f 2370/34/482 2369/35/405 2364/36/483
f 2376/39/484 2373/37/394 2372/91/480
f 2366/40/403 2375/296/485 2364/42/483
f 2383/43/367 2385/44/368 2384/45/408
f 2386/46/370 2378/47/398 2377/48/399
f 2381/49/406 2387/50/374 2382/51/375
f 2388/52/376 2380/53/377 2379/54/378
f 2138/310/486 2397/311/487 2139/312/487
f 2412/313/100 2430/314/100 2420/315/100
f 2392/316/488 2138/310/486 2391/317/489
f 2391/317/489 2389/317/490 2400/318/491
f 2155/312/492 2411/311/492 2165/319/492
f 2144/320/493 2390/320/493 2418/321/493
f 2421/74/100 2428/75/100 2407/75/100
f 2394/74/100 2423/75/100 2429/75/100
f 2399/81/100 2398/82/100 2424/82/100
f 2423/75/100 2399/81/100 2429/75/100
f 2427/83/103 2429/84/103 2399/83/104
f 2408/81/100 2407/75/100 2428/75/100
f 2422/82/100 2408/81/100 2425/82/100
f 2426/83/101 2425/85/101 2408/83/102
f 2424/85/105 2427/83/105 2399/83/106
f 2428/84/107 2426/83/107 2408/83/108
f 2398/82/100 2430/322/100 2424/82/100
f 2425/82/100 2412/322/100 2422/82/100
f 2431/74/100 2440/75/100 2433/75/100
f 2432/74/100 2435/75/100 2441/75/100
f 2415/81/100 2434/82/100 2436/82/100
f 2435/75/100 2415/81/100 2441/75/100
f 2439/83/411 2441/84/411 2415/83/412
f 2403/81/100 2433/75/100 2440/75/100
f 2404/82/100 2403/81/100 2437/82/100
f 2438/83/409 2437/85/409 2403/83/410
f 2436/85/413 2439/83/413 2415/83/414
f 2440/84/415 2438/83/415 2403/83/416
f 2434/82/100 2420/322/100 2436/82/100
f 2437/82/100 2430/322/100 2404/82/100
f 2450/297/494 2452/298/495 2451/299/496
f 2447/300/497 2477/301/497 2480/300/497
f 2446/302/463 2466/303/463 2465/304/463
f 2481/1/337 2493/2/337 2494/3/337
f 2483/4/338 2492/5/335 2491/6/339
f 2481/7/457 2490/8/341 2489/9/342
f 2486/10/333 2485/11/365 2484/12/332
f 2488/13/498 2487/14/325 2482/15/344
f 2484/16/345 2493/323/346 2482/18/344
f 2491/19/339 2490/324/341 2494/21/347
f 2501/43/363 2503/44/326 2502/45/327
f 2504/46/328 2496/47/364 2495/48/330
f 2499/49/331 2505/50/332 2500/51/362
f 2506/52/334 2498/53/366 2497/54/355
f 2513/43/363 2515/44/326 2514/45/327
f 2516/46/328 2508/47/364 2507/48/330
f 2511/49/331 2517/50/332 2512/51/362
f 2518/52/334 2510/53/335 2509/54/355
f 2525/43/363 2527/44/326 2526/45/360
f 2528/46/328 2520/47/364 2519/48/361
f 2523/49/331 2529/50/332 2524/51/362
f 2530/52/334 2522/53/335 2521/54/336
f 2537/43/363 2539/44/326 2538/45/360
f 2540/46/328 2532/47/364 2531/48/361
f 2535/49/331 2541/50/332 2536/51/362
f 2542/52/334 2534/53/366 2533/54/355
f 2549/43/363 2551/44/326 2550/45/327
f 2552/46/328 2544/47/364 2543/48/330
f 2547/49/365 2553/50/332 2548/51/362
f 2554/52/334 2546/53/366 2545/54/355
f 2561/43/12 2563/44/33 2562/45/34
f 2564/46/26 2556/47/24 2555/48/35
f 2559/49/9 2565/50/10 2560/51/41
f 2566/52/36 2558/53/3 2557/54/28
f 2567/22/116 2579/23/116 2580/24/116
f 2569/25/117 2578/26/34 2577/27/118
f 2567/28/499 2576/29/120 2575/30/121
f 2572/31/24 2571/32/35 2570/33/26
f 2574/34/122 2573/35/28 2568/36/123
f 2577/37/118 2576/91/120 2580/39/124
f 2570/40/125 2579/265/126 2568/42/123
f 2587/43/38 2589/44/33 2588/45/34
f 2590/46/26 2582/47/39 2581/48/35
f 2585/49/40 2591/50/10 2586/51/41
f 2592/52/36 2584/53/37 2583/54/42
f 2599/43/38 2601/44/33 2600/45/34
f 2602/46/26 2594/47/39 2593/48/35
f 2597/49/9 2603/50/10 2598/51/41
f 2604/52/36 2596/53/3 2595/54/42
f 2611/43/12 2613/44/33 2612/45/34
f 2614/46/26 2606/47/39 2605/48/35
f 2609/49/9 2615/50/10 2610/51/41
f 2616/52/36 2608/53/3 2607/54/42
f 2623/43/385 2624/45/406 2625/44/374
f 2626/46/376 2617/48/407 2618/47/378
f 2621/49/369 2622/51/387 2627/50/368
f 2628/52/370 2619/54/398 2620/53/399
f 2629/1/500 2642/3/500 2641/2/500
f 2631/4/501 2639/6/502 2640/5/399
f 2629/7/503 2637/9/504 2638/8/505
f 2634/10/387 2632/12/368 2633/11/369
f 2636/13/506 2630/15/507 2635/14/385
f 2632/16/508 2630/18/507 2641/325/509
f 2632/16/508 2641/325/509 2631/308/510
f 2639/19/502 2642/21/511 2638/89/505
f 2629/326/503 2638/89/505 2642/21/511
f 2649/43/385 2650/45/373 2651/44/374
f 2652/46/376 2643/48/377 2644/47/378
f 2647/49/408 2648/51/387 2653/50/368
f 2654/52/370 2645/54/398 2646/53/372
f 2661/43/78 2663/44/75 2662/45/144
f 2664/46/68 2656/47/66 2655/48/67
f 2659/49/145 2665/50/52 2660/51/76
f 2666/52/77 2658/53/81 2657/54/70
f 2667/22/59 2679/23/59 2680/24/59
f 2669/25/134 2678/26/144 2677/27/135
f 2667/28/63 2676/29/64 2675/30/65
f 2672/31/79 2671/32/80 2670/33/68
f 2674/34/69 2673/35/70 2668/36/71
f 2677/37/135 2676/327/64 2680/39/512
f 2670/40/142 2679/56/513 2668/42/71
f 2687/43/78 2689/44/75 2688/45/61
f 2690/46/68 2682/47/66 2681/48/67
f 2685/49/51 2691/50/52 2686/51/76
f 2692/52/77 2684/53/45 2683/54/70
f 2442/310/514 2701/311/490 2443/312/490
f 2716/313/100 2734/314/100 2724/315/100
f 2696/316/515 2442/310/514 2695/317/516
f 2695/317/516 2693/317/492 2704/318/517
f 2459/312/493 2715/311/493 2469/319/493
f 2448/320/487 2694/320/487 2722/321/487
f 2725/74/100 2732/75/100 2711/75/100
f 2698/74/100 2727/75/100 2733/75/100
f 2703/81/100 2702/82/100 2728/82/100
f 2727/75/100 2703/81/100 2733/75/100
f 2731/83/409 2733/84/409 2703/83/410
f 2712/81/100 2711/75/100 2732/75/100
f 2726/82/100 2712/81/100 2729/82/100
f 2730/83/411 2729/85/411 2712/83/412
f 2728/85/415 2731/83/415 2703/83/416
f 2732/84/413 2730/83/413 2712/83/414
f 2702/82/100 2734/322/100 2728/82/100
f 2729/82/100 2716/322/100 2726/82/100
f 2735/74/100 2744/75/100 2737/75/100
f 2736/74/100 2739/75/100 2745/75/100
f 2719/81/100 2738/82/100 2740/82/100
f 2739/75/100 2719/81/100 2745/75/100
f 2743/83/103 2745/84/103 2719/83/104
f 2707/81/100 2737/75/100 2744/75/100
f 2708/82/100 2707/81/100 2741/82/100
f 2742/83/101 2741/85/101 2707/83/102
f 2740/85/105 2743/83/105 2719/83/106
f 2744/84/107 2742/83/107 2707/83/108
f 2738/82/100 2724/322/100 2740/82/100
f 2741/82/100 2734/322/100 2708/82/100
f 6327/297/494 6329/298/495 6328/299/496
f 6324/300/497 6354/301/497 6357/300/497
f 6323/302/463 6343/303/463 6342/304/463
f 6358/1/337 6370/2/337 6371/3/337
f 6360/4/338 6369/5/366 6368/6/339
f 6358/7/457 6367/8/341 6366/9/342
f 6363/10/333 6362/11/365 6361/12/332
f 6365/13/498 6364/14/325 6359/15/344
f 6361/16/345 6370/478/346 6359/18/344
f 6368/19/339 6367/483/341 6371/21/347
f 6378/43/363 6380/44/326 6379/45/327
f 6381/46/328 6373/47/364 6372/48/330
f 6376/49/331 6382/50/332 6377/51/362
f 6383/52/334 6375/53/335 6374/54/355
f 6390/43/363 6392/44/326 6391/45/327
f 6393/46/328 6385/47/329 6384/48/361
f 6388/49/331 6394/50/332 6389/51/362
f 6395/52/334 6387/53/335 6386/54/336
f 6402/43/363 6404/44/326 6403/45/360
f 6405/46/328 6397/47/329 6396/48/361
f 6400/49/331 6406/50/332 6401/51/362
f 6407/52/334 6399/53/335 6398/54/336
f 6414/43/363 6416/44/326 6415/45/360
f 6417/46/328 6409/47/364 6408/48/361
f 6412/49/331 6418/50/332 6413/51/362
f 6419/52/334 6411/53/366 6410/54/355
f 6426/43/363 6428/44/326 6427/45/327
f 6429/46/328 6421/47/364 6420/48/330
f 6424/49/365 6430/50/332 6425/51/362
f 6431/52/334 6423/53/366 6422/54/355
f 6438/43/12 6440/44/33 6439/45/34
f 6441/46/26 6433/47/24 6432/48/35
f 6436/49/9 6442/50/10 6437/51/41
f 6443/52/36 6435/53/3 6434/54/28
f 6444/22/733 6456/23/733 6457/24/733
f 6446/25/117 6455/26/34 6454/27/118
f 6444/28/499 6453/29/120 6452/30/121
f 6449/31/24 6448/32/35 6447/33/26
f 6451/34/122 6450/35/28 6445/36/123
f 6454/37/118 6453/91/120 6457/39/124
f 6447/40/125 6456/429/126 6445/42/123
f 6464/43/12 6466/44/33 6465/45/34
f 6467/46/26 6459/47/39 6458/48/35
f 6462/49/40 6468/50/10 6463/51/41
f 6469/52/36 6461/53/37 6460/54/42
f 6476/43/12 6478/44/33 6477/45/34
f 6479/46/26 6471/47/39 6470/48/35
f 6474/49/9 6480/50/10 6475/51/41
f 6481/52/36 6473/53/3 6472/54/42
f 6488/43/38 6490/44/33 6489/45/34
f 6491/46/26 6483/47/24 6482/48/35
f 6486/49/9 6492/50/10 6487/51/41
f 6493/52/36 6485/53/37 6484/54/42
f 6500/43/385 6501/45/406 6502/44/374
f 6503/46/376 6494/48/407 6495/47/378
f 6498/49/369 6499/51/387 6504/50/368
f 6505/52/370 6496/54/398 6497/53/399
f 6506/1/500 6519/3/500 6518/2/500
f 6508/4/501 6516/6/502 6517/5/399
f 6506/7/503 6514/9/504 6515/8/505
f 6511/10/387 6509/12/368 6510/11/369
f 6513/13/506 6507/15/507 6512/14/375
f 6509/16/508 6507/18/507 6518/417/509
f 6509/16/508 6518/417/509 6508/308/510
f 6516/19/502 6519/21/511 6515/484/505
f 6506/485/503 6515/484/505 6519/21/511
f 6526/43/385 6527/45/373 6528/44/374
f 6529/46/376 6520/48/377 6521/47/378
f 6524/49/408 6525/51/387 6530/50/368
f 6531/52/370 6522/54/398 6523/53/399
f 6538/43/54 6540/44/75 6539/45/61
f 6541/46/68 6533/47/66 6532/48/80
f 6536/49/145 6542/50/52 6537/51/76
f 6543/52/77 6535/53/81 6534/54/70
f 6544/22/59 6556/23/59 6557/24/59
f 6546/25/134 6555/26/144 6554/27/135
f 6544/28/734 6553/29/64 6552/30/65
f 6549/31/66 6548/32/80 6547/33/68
f 6551/34/69 6550/35/70 6545/36/71
f 6554/37/135 6553/91/64 6557/39/512
f 6547/40/142 6556/56/513 6545/42/71
f 6564/43/54 6566/44/75 6565/45/61
f 6567/46/68 6559/47/66 6558/48/67
f 6562/49/51 6568/50/52 6563/51/50
f 6569/52/77 6561/53/45 6560/54/70
f 6319/310/514 6578/311/490 6320/312/490
f 6593/313/100 6611/314/100 6601/315/100
f 6573/316/515 6319/310/514 6572/317/516
f 6572/317/516 6570/317/492 6581/318/517
f 6336/312/493 6592/311/493 6346/319/493
f 6325/320/487 6571/320/487 6599/321/487
f 6602/74/100 6609/75/100 6588/75/100
f 6575/74/100 6604/75/100 6610/75/100
f 6580/81/100 6579/82/100 6605/82/100
f 6604/75/100 6580/81/100 6610/75/100
f 6608/83/409 6610/84/409 6580/83/410
f 6589/81/100 6588/75/100 6609/75/100
f 6603/82/100 6589/81/100 6606/82/100
f 6607/83/411 6606/85/411 6589/83/412
f 6605/85/415 6608/83/415 6580/83/416
f 6609/84/413 6607/83/413 6589/83/414
f 6579/82/100 6611/322/100 6605/82/100
f 6606/82/100 6593/322/100 6603/82/100
f 6612/74/100 6621/75/100 6614/75/100
f 6613/74/100 6616/75/100 6622/75/100
f 6596/81/100 6615/82/100 6617/82/100
f 6616/75/100 6596/81/100 6622/75/100
f 6620/83/103 6622/84/103 6596/83/104
f 6584/81/100 6614/75/100 6621/75/100
f 6585/82/100 6584/81/100 6618/82/100
f 6619/83/101 6618/85/101 6584/83/102
f 6617/85/105 6620/83/105 6596/83/106
f 6621/84/107 6619/83/107 6584/83/108
f 6615/82/100 6601/322/100 6617/82/100
f 6618/82/100 6611/322/100 6585/82/100
f 6631/297/460 6633/298/461 6632/299/462
f 6628/300/463 6658/301/463 6661/300/463
f 6627/302/464 6647/303/464 6646/304/464
f 6662/1/43 6674/2/43 6675/3/43
f 6664/4/127 6673/5/45 6672/6/128
f 6662/7/47 6671/8/48 6670/9/49
f 6667/10/50 6666/11/51 6665/12/52
f 6669/13/53 6668/14/54 6663/15/55
f 6665/16/130 6674/295/131 6663/18/55
f 6672/19/128 6671/266/48 6675/21/132
f 6682/43/78 6684/44/75 6683/45/61
f 6685/46/68 6677/47/66 6676/48/67
f 6680/49/51 6686/50/52 6681/51/76
f 6687/52/77 6679/53/45 6678/54/70
f 6694/43/54 6696/44/75 6695/45/61
f 6697/46/68 6689/47/66 6688/48/67
f 6692/49/51 6698/50/52 6693/51/50
f 6699/52/77 6691/53/45 6690/54/70
f 6706/43/78 6708/44/75 6707/45/144
f 6709/46/68 6701/47/66 6700/48/67
f 6704/49/51 6710/50/52 6705/51/50
f 6711/52/77 6703/53/45 6702/54/70
f 6718/43/78 6720/44/75 6719/45/144
f 6721/46/68 6713/47/66 6712/48/67
f 6716/49/51 6722/50/52 6717/51/76
f 6723/52/77 6715/53/45 6714/54/70
f 6730/43/54 6732/44/75 6731/45/61
f 6733/46/68 6725/47/66 6724/48/67
f 6728/49/51 6734/50/52 6729/51/50
f 6735/52/77 6727/53/45 6726/54/70
f 6742/43/325 6744/44/326 6743/45/327
f 6745/46/328 6737/47/329 6736/48/330
f 6740/49/331 6746/50/332 6741/51/333
f 6747/52/334 6739/53/335 6738/54/336
f 6748/22/575 6760/23/575 6761/24/575
f 6750/25/349 6759/26/327 6758/27/350
f 6748/28/576 6757/29/577 6756/30/578
f 6753/31/329 6752/32/330 6751/33/328
f 6755/34/579 6754/35/355 6749/36/580
f 6758/37/350 6757/91/577 6761/39/581
f 6751/40/358 6760/486/582 6749/42/580
f 6768/43/325 6770/44/326 6769/45/327
f 6771/46/328 6763/47/364 6762/48/330
f 6766/49/365 6772/50/332 6767/51/362
f 6773/52/334 6765/53/366 6764/54/355
f 6780/43/363 6782/44/326 6781/45/327
f 6783/46/328 6775/47/364 6774/48/330
f 6778/49/331 6784/50/332 6779/51/362
f 6785/52/334 6777/53/366 6776/54/355
f 6792/43/325 6794/44/326 6793/45/327
f 6795/46/328 6787/47/329 6786/48/330
f 6790/49/365 6796/50/332 6791/51/362
f 6797/52/334 6789/53/366 6788/54/355
f 6804/43/8 6805/45/40 6806/44/10
f 6807/46/36 6798/48/37 6799/47/28
f 6802/49/34 6803/51/12 6808/50/33
f 6809/52/26 6800/54/24 6801/53/35
f 6810/1/466 6823/3/466 6822/2/466
f 6812/4/467 6820/6/468 6821/5/35
f 6810/7/735 6818/9/470 6819/8/471
f 6815/10/38 6813/12/33 6814/11/34
f 6817/13/472 6811/15/473 6816/14/41
f 6813/16/474 6811/18/473 6822/307/475
f 6813/16/474 6822/307/475 6812/308/476
f 6820/19/468 6823/21/477 6819/89/471
f 6810/309/735 6819/89/471 6823/21/477
f 6830/43/8 6831/45/9 6832/44/10
f 6833/46/36 6824/48/3 6825/47/28
f 6828/49/19 6829/51/12 6834/50/33
f 6835/52/26 6826/54/24 6827/53/25
f 6842/43/367 6844/44/368 6843/45/408
f 6845/46/370 6837/47/371 6836/48/372
f 6840/49/406 6846/50/374 6841/51/375
f 6847/52/376 6839/53/407 6838/54/405
f 6848/22/478 6860/23/478 6861/24/478
f 6850/25/393 6859/26/369 6858/27/394
f 6848/28/479 6857/29/480 6856/30/481
f 6853/31/398 6852/32/399 6851/33/370
f 6855/34/482 6854/35/405 6849/36/483
f 6861/39/484 6858/37/394 6857/91/480
f 6851/40/403 6860/296/485 6849/42/483
f 6868/43/367 6870/44/368 6869/45/408
f 6871/46/370 6863/47/398 6862/48/372
f 6866/49/373 6872/50/374 6867/51/385
f 6873/52/376 6865/53/377 6864/54/378
f 6623/310/486 6882/311/487 6624/312/487
f 6897/313/100 6915/314/100 6905/315/100
f 6877/316/488 6623/310/486 6876/317/489
f 6876/317/489 6874/317/490 6885/318/491
f 6640/312/492 6896/311/492 6650/319/492
f 6629/320/493 6875/320/493 6903/321/493
f 6906/74/100 6913/75/100 6892/75/100
f 6879/74/100 6908/75/100 6914/75/100
f 6884/81/100 6883/82/100 6909/82/100
f 6908/75/100 6884/81/100 6914/75/100
f 6912/83/103 6914/84/103 6884/83/104
f 6893/81/100 6892/75/100 6913/75/100
f 6907/82/100 6893/81/100 6910/82/100
f 6911/83/101 6910/85/101 6893/83/102
f 6909/85/105 6912/83/105 6884/83/106
f 6913/84/107 6911/83/107 6893/83/108
f 6883/82/100 6915/322/100 6909/82/100
f 6910/82/100 6897/322/100 6907/82/100
f 6916/74/100 6925/75/100 6918/75/100
f 6917/74/100 6920/75/100 6926/75/100
f 6900/81/100 6919/82/100 6921/82/100
f 6920/75/100 6900/81/100 6926/75/100
f 6924/83/411 6926/84/411 6900/83/412
f 6888/81/100 6918/75/100 6925/75/100
f 6889/82/100 6888/81/100 6922/82/100
f 6923/83/409 6922/85/409 6888/83/410
f 6921/85/413 6924/83/413 6900/83/414
f 6925/84/415 6923/83/415 6888/83/416
f 6919/82/100 6905/322/100 6921/82/100
f 6922/82/100 6915/322/100 6889/82/100
f 2391/1532/417 2148/1533/417 2141/1533/417 2389/1532/417
f 2140/1534/520 2147/1535/520 2138/1536/520 2139/1537/520
f 2391/1538/1781 2138/1539/1781 2147/1540/1781 2148/1541/1781
f 2141/1533/529 2143/1542/529 2144/1543/529 2389/1532/529
f 2155/1537/417 2142/1534/417 2140/1534/417 2139/1537/417
f 2165/1544/426 2162/1545/426 2142/1534/426 2155/1537/426
f 2144/1543/420 2143/1542/420 2176/1542/420 2390/1543/420
f 2162/1546/1782 2165/1547/1782 2390/1548/1782 2176/1549/1782
f 2146/1550/520 2149/1551/520 2150/1552/520 2145/1553/520
f 2140/302/497 2149/1554/497 2146/297/460 2147/299/462
f 2148/298/461 2146/297/460 2152/297/644 2141/298/644
f 2151/1553/417 2152/1550/417 2146/1550/417 2145/1553/417
f 2152/297/529 2167/1555/529 2143/300/529 2141/298/529
f 2140/302/417 2142/302/417 2154/1554/417 2149/1554/417
f 2151/1553/529 2166/1556/529 2167/1557/529 2152/1550/529
f 2149/1551/417 2154/1551/417 2153/1552/417 2150/1552/417
f 2156/1558/426 2153/1552/426 2154/1551/426 2160/1559/426
f 2158/1560/1392 2161/1561/1392 2159/1562/1392 2157/1563/1392
f 2160/1559/1393 2161/1561/1393 2158/1560/1393 2156/1558/1393
f 2176/300/463 2173/301/463 2172/1555/463 2174/1555/463
f 2160/1564/464 2154/1554/464 2142/302/464 2161/304/464
f 2163/1565/426 2157/1563/426 2159/1562/426 2164/1566/426
f 2168/1556/420 2175/1556/420 2174/1557/420 2172/1557/420
f 2159/1567/464 2161/304/464 2162/303/464 2164/1568/464
f 2171/1555/463 2173/301/463 2143/300/463 2167/1555/463
f 2170/1569/1783 2173/1570/1783 2171/1557/1783 2169/1556/1783
f 2172/1557/1668 2173/1570/1668 2170/1569/1668 2168/1556/1668
f 2166/1556/420 2169/1556/420 2171/1557/420 2167/1557/420
f 2176/300/1784 2174/1555/1784 2164/1568/1784 2162/303/1784
f 2175/1556/1782 2163/1565/1782 2164/1566/1782 2174/1557/1782
f 2179/880/127 2180/881/52 2181/882/51 2188/883/45
f 2178/884/55 2177/885/47 2185/886/49 2184/887/53
f 2189/888/1397 2179/889/127 2187/305/128 2190/21/132
f 2180/16/130 2179/308/1398 2189/92/131
f 2178/18/55 2189/92/131 2177/1571/47
f 2182/903/50 2180/900/52 2178/901/55 2183/902/54
f 2177/895/47 2190/21/132 2186/89/48
f 2199/912/426 2201/913/426 2202/914/426 2200/915/426
f 2198/917/61 2199/918/75 2200/919/68 2191/920/67
f 2196/921/50 2201/922/52 2199/923/75 2197/924/54
f 2194/925/45 2202/926/77 2201/927/52 2195/928/51
f 2193/932/82 2192/929/66 2200/930/68 2202/931/77
f 2211/912/426 2213/913/426 2214/914/426 2212/915/426
f 2203/920/67 2210/917/61 2211/918/75 2212/919/68
f 2209/924/54 2208/921/50 2213/922/52 2211/923/75
f 2206/925/45 2214/926/77 2213/927/52 2207/928/51
f 2204/929/66 2212/930/68 2214/931/77 2205/932/70
f 2223/912/426 2225/913/426 2226/914/426 2224/915/426
f 2215/920/80 2222/917/144 2223/918/75 2224/919/68
f 2221/924/54 2220/921/50 2225/922/52 2223/923/75
f 2218/925/45 2226/926/77 2225/927/52 2219/928/51
f 2216/929/66 2224/930/68 2226/931/77 2217/932/70
f 2235/912/426 2237/913/426 2238/914/426 2236/915/426
f 2227/920/67 2234/917/61 2235/918/75 2236/919/68
f 2232/921/50 2237/922/52 2235/923/75 2233/924/78
f 2230/925/45 2238/926/77 2237/927/52 2231/928/51
f 2229/932/70 2228/929/79 2236/930/68 2238/931/77
f 2247/912/426 2249/913/426 2250/914/426 2248/915/426
f 2246/917/61 2247/918/75 2248/919/68 2239/920/67
f 2244/921/50 2249/922/52 2247/923/75 2245/924/54
f 2243/928/51 2242/925/45 2250/926/77 2249/927/52
f 2240/929/66 2248/930/68 2250/931/77 2241/932/70
f 2259/912/420 2261/913/420 2262/914/420 2260/915/420
f 2251/920/361 2258/917/327 2259/918/326 2260/919/328
f 2257/924/325 2256/921/333 2261/922/332 2259/923/326
f 2254/925/335 2262/926/334 2261/927/332 2255/928/331
f 2252/929/329 2260/930/328 2262/931/334 2253/932/336
f 2265/891/349 2266/892/328 2267/893/330 2274/894/327
f 2270/899/354 2264/896/356 2263/897/351 2271/898/353
f 2268/907/329 2266/904/328 2264/905/356 2269/906/355
f 2266/40/358 2265/908/1672 2275/306/359
f 2275/909/1673 2265/910/349 2273/37/350 2276/39/357
f 2264/42/356 2275/306/359 2263/1049/351
f 2285/912/420 2287/913/420 2288/914/420 2286/915/420
f 2263/1050/351 2276/39/357 2272/91/352
f 2284/917/360 2285/918/326 2286/919/328 2277/920/330
f 2283/924/325 2282/921/362 2287/922/332 2285/923/326
f 2281/928/331 2280/925/335 2288/926/334 2287/927/332
f 2278/929/329 2286/930/328 2288/931/334 2279/932/355
f 2297/912/420 2299/913/420 2300/914/420 2298/915/420
f 2289/920/361 2296/917/360 2297/918/326 2298/919/328
f 2295/924/363 2294/921/362 2299/922/332 2297/923/326
f 2292/925/335 2300/926/334 2299/927/332 2293/928/331
f 2290/929/364 2298/930/328 2300/931/334 2291/932/355
f 2309/912/420 2311/913/420 2312/914/420 2310/915/420
f 2301/920/330 2308/917/360 2309/918/326 2310/919/328
f 2306/921/362 2311/922/332 2309/923/326 2307/924/363
f 2304/925/335 2312/926/334 2311/927/332 2305/928/331
f 2302/929/364 2310/930/328 2312/931/334 2303/932/355
f 2324/914/520 2323/913/520 2321/912/520 2322/915/520
f 2322/919/36 2321/918/10 2320/917/40 2313/920/37
f 2319/924/8 2321/923/10 2323/922/33 2318/921/12
f 2317/928/34 2323/927/33 2324/926/26 2316/925/35
f 2324/931/26 2322/930/36 2314/929/28 2315/932/24
f 2329/882/34 2328/881/33 2327/880/467 2336/883/35
f 2333/886/470 2325/885/469 2326/884/473 2332/887/472
f 2335/19/468 2327/889/467 2337/888/1785 2338/21/477
f 2325/1527/469 2337/307/475 2326/18/473
f 2331/902/8 2326/901/473 2328/900/33 2330/903/12
f 2350/914/520 2349/913/520 2347/912/520 2348/915/520
f 2348/919/36 2347/918/10 2346/917/40 2339/920/37
f 2347/923/10 2349/922/33 2344/921/12 2345/924/8
f 2343/928/19 2349/927/33 2350/926/26 2342/925/25
f 2350/931/26 2348/930/36 2340/929/28 2341/932/24
f 2359/912/417 2361/913/417 2362/914/417 2360/915/417
f 2358/917/408 2359/918/368 2360/919/370 2351/920/399
f 2356/921/375 2361/922/374 2359/923/368 2357/924/367
f 2355/928/406 2354/925/407 2362/926/376 2361/927/374
f 2352/929/398 2360/930/370 2362/931/376 2353/932/405
f 2365/891/393 2366/892/370 2367/893/399 2374/894/369
f 2364/896/483 2363/897/479 2371/898/481 2370/899/482
f 2366/904/370 2364/905/483 2369/906/405 2368/907/398
f 2366/40/403 2365/908/510 2375/296/485
f 2375/909/1676 2365/910/393 2373/37/394 2376/39/484
f 2364/42/483 2375/296/485 2363/1572/479
f 2385/912/417 2387/913/417 2388/914/417 2386/915/417
f 2363/1573/479 2376/39/484 2372/91/480
f 2384/917/408 2385/918/368 2386/919/370 2377/920/399
f 2382/921/375 2387/922/374 2385/923/368 2383/924/367
f 2380/925/377 2388/926/376 2387/927/374 2381/928/406
f 2379/932/378 2378/929/398 2386/930/370 2388/931/376
f 2391/317/489 2400/318/491 2401/316/1786 2392/316/488
f 2396/1574/520 2423/1575/520 2394/1576/520 2393/1577/520
f 2402/1578/427 2405/1578/427 2431/1579/427 2433/1579/427
f 2395/1580/487 2397/311/487 2138/310/486 2392/316/488
f 2139/312/487 2397/311/487 2396/1581/487 2393/1582/487
f 2392/1578/520 2430/1579/520 2398/1583/520 2395/1584/520
f 2399/1585/1787 2423/1575/1787 2396/1574/1787 2397/1586/1787
f 2395/1584/1788 2398/1583/1788 2399/1585/1788 2397/1586/1788
f 2403/1587/1789 2404/1579/1789 2401/1578/1789 2400/1588/1789
f 2402/1578/1790 2433/1579/1790 2403/1587/1790 2400/1588/1790
f 2139/312/417 2393/1582/417 2406/1582/417 2155/312/417
f 2401/1578/1791 2404/1579/1791 2430/1579/1791 2392/1578/1791
f 2402/316/490 2400/318/491 2389/317/490 2405/316/490
f 2432/1589/747 2431/1579/747 2405/1578/520 2414/1590/520
f 2405/316/520 2389/317/529 2144/320/529 2414/1591/520
f 2394/1576/417 2421/1576/417 2406/1577/417 2393/1577/417
f 2409/1581/492 2411/311/492 2155/312/492 2406/1582/492
f 2406/1577/426 2421/1576/426 2407/1575/426 2409/1574/426
f 2408/1585/1392 2422/1583/1392 2410/1584/1392 2411/1586/1392
f 2409/1574/1393 2407/1575/1393 2408/1585/1393 2411/1586/1393
f 2416/1591/493 2418/321/493 2390/320/493 2419/1591/493
f 2413/1592/1792 2419/1591/1792 2390/320/1792 2165/319/1792
f 2410/1584/426 2422/1583/426 2412/1593/426 2413/1594/426
f 2417/1590/420 2435/1589/420 2432/1589/420 2414/1590/420
f 2419/1590/420 2420/1589/420 2434/1589/420 2416/1590/420
f 2417/1591/493 2414/1591/493 2144/320/493 2418/321/493
f 2415/1595/1783 2435/1589/1783 2417/1590/1783 2418/1596/1783
f 2416/1590/1668 2434/1589/1668 2415/1595/1668 2418/1596/1668
f 2419/1590/1782 2413/1594/1782 2412/1593/1782 2420/1589/1782
f 2165/319/492 2411/311/492 2410/1580/492 2413/1592/492
f 2428/75/100 2421/74/100 2394/74/100 2429/75/100
f 2429/84/103 2427/1037/103 2426/1037/107 2428/84/107
f 2427/83/105 2424/85/105 2425/85/101 2426/83/101
f 2425/82/100 2424/82/100 2430/322/100 2412/322/100
f 2440/75/100 2431/74/100 2432/74/100 2441/75/100
f 2441/84/411 2439/1037/411 2438/1037/415 2440/84/415
f 2439/83/413 2436/85/413 2437/85/409 2438/83/409
f 2430/322/100 2437/82/100 2436/82/100 2420/322/100
f 2695/1532/426 2452/1533/426 2445/1533/426 2693/1532/426
f 2444/1534/417 2451/1535/417 2442/1536/417 2443/1537/417
f 2695/1538/633 2442/1539/633 2451/1540/633 2452/1541/633
f 2693/1532/1793 2445/1533/1793 2447/1542/1793 2448/1543/1793
f 2459/1537/426 2446/1534/426 2444/1534/426 2443/1537/426
f 2469/1544/420 2466/1545/420 2446/1534/420 2459/1537/420
f 2694/1543/520 2448/1543/520 2447/1542/520 2480/1542/520
f 2466/1546/1794 2469/1547/1794 2694/1548/1794 2480/1549/1794
f 2450/1550/417 2453/1551/417 2454/1552/417 2449/1553/417
f 2444/302/644 2453/1554/644 2450/297/494 2451/299/496
f 2452/298/495 2450/297/494 2456/297/464 2445/298/464
f 2455/1553/426 2456/1550/426 2450/1550/426 2449/1553/426
f 2456/297/1793 2471/1555/1793 2447/300/1793 2445/298/1793
f 2453/1554/426 2444/302/426 2446/302/426 2458/1554/426
f 2455/1553/1793 2470/1556/1793 2471/1557/1793 2456/1550/1793
f 2453/1551/426 2458/1551/426 2457/1552/426 2454/1552/426
f 2460/1558/420 2457/1552/420 2458/1551/420 2464/1559/420
f 2462/1560/1667 2465/1561/1667 2463/1562/1667 2461/1563/1667
f 2464/1559/1668 2465/1561/1668 2462/1560/1668 2460/1558/1668
f 2480/300/497 2477/301/497 2476/1555/497 2478/1555/497
f 2464/1564/463 2458/1554/463 2446/302/463 2465/304/463
f 2467/1565/420 2461/1563/420 2463/1562/420 2468/1566/420
f 2472/1556/520 2479/1556/520 2478/1557/520 2476/1557/520
f 2463/1567/463 2465/304/463 2466/303/463 2468/1568/463
f 2475/1555/497 2477/301/497 2447/300/497 2471/1555/497
f 2474/1569/1343 2477/1570/1343 2475/1557/1343 2473/1556/1343
f 2476/1557/1344 2477/1570/1344 2474/1569/1344 2472/1556/1344
f 2470/1556/520 2473/1556/520 2475/1557/520 2471/1557/520
f 2478/1555/1795 2468/1568/1795 2466/303/1795 2480/300/1795
f 2478/1557/1794 2479/1556/1794 2467/1565/1794 2468/1566/1794
f 2483/880/338 2484/881/332 2485/882/365 2492/883/335
f 2482/884/344 2481/885/457 2489/886/342 2488/887/498
f 2493/888/1670 2483/889/338 2491/19/339 2494/21/347
f 2484/16/345 2483/308/1671 2493/323/346
f 2482/18/344 2493/323/346 2481/1597/457
f 2484/900/332 2482/901/344 2487/902/325 2486/903/333
f 2481/1598/457 2494/21/347 2490/324/341
f 2504/915/420 2503/912/420 2505/913/420 2506/914/420
f 2502/917/327 2503/918/326 2504/919/328 2495/920/330
f 2500/921/362 2505/922/332 2503/923/326 2501/924/363
f 2498/925/366 2506/926/334 2505/927/332 2499/928/331
f 2497/932/355 2496/929/364 2504/930/328 2506/931/334
f 2515/912/420 2517/913/420 2518/914/420 2516/915/420
f 2507/920/330 2514/917/327 2515/918/326 2516/919/328
f 2512/921/362 2517/922/332 2515/923/326 2513/924/363
f 2510/925/335 2518/926/334 2517/927/332 2511/928/331
f 2509/932/355 2508/929/364 2516/930/328 2518/931/334
f 2527/912/420 2529/913/420 2530/914/420 2528/915/420
f 2519/920/361 2526/917/360 2527/918/326 2528/919/328
f 2525/924/363 2524/921/362 2529/922/332 2527/923/326
f 2522/925/335 2530/926/334 2529/927/332 2523/928/331
f 2520/929/364 2528/930/328 2530/931/334 2521/932/336
f 2539/912/420 2541/913/420 2542/914/420 2540/915/420
f 2531/920/361 2538/917/360 2539/918/326 2540/919/328
f 2537/924/363 2536/921/362 2541/922/332 2539/923/326
f 2534/925/366 2542/926/334 2541/927/332 2535/928/331
f 2532/929/364 2540/930/328 2542/931/334 2533/932/355
f 2551/912/420 2553/913/420 2554/914/420 2552/915/420
f 2543/920/330 2550/917/327 2551/918/326 2552/919/328
f 2548/921/362 2553/922/332 2551/923/326 2549/924/363
f 2547/928/365 2546/925/366 2554/926/334 2553/927/332
f 2545/932/355 2544/929/364 2552/930/328 2554/931/334
f 2563/912/520 2565/913/520 2566/914/520 2564/915/520
f 2555/920/35 2562/917/34 2563/918/33 2564/919/26
f 2560/921/41 2565/922/10 2563/923/33 2561/924/12
f 2558/925/3 2566/926/36 2565/927/10 2559/928/9
f 2557/932/28 2556/929/24 2564/930/26 2566/931/36
f 2569/891/117 2570/892/26 2571/893/35 2578/894/34
f 2574/899/122 2568/896/123 2567/897/499 2575/898/121
f 2570/904/26 2568/905/123 2573/906/28 2572/907/24
f 2570/40/125 2569/908/476 2579/265/126
f 2579/909/1396 2569/910/117 2577/37/118 2580/39/124
f 2568/42/123 2579/265/126 2567/1049/499
f 2589/912/520 2591/913/520 2592/914/520 2590/915/520
f 2567/1599/499 2580/39/124 2576/91/120
f 2581/920/35 2588/917/34 2589/918/33 2590/919/26
f 2586/921/41 2591/922/10 2589/923/33 2587/924/38
f 2584/925/37 2592/926/36 2591/927/10 2585/928/40
f 2583/932/42 2582/929/39 2590/930/26 2592/931/36
f 2601/912/520 2603/913/520 2604/914/520 2602/915/520
f 2600/917/34 2601/918/33 2602/919/26 2593/920/35
f 2598/921/41 2603/922/10 2601/923/33 2599/924/38
f 2596/925/3 2604/926/36 2603/927/10 2597/928/9
f 2595/932/42 2594/929/39 2602/930/26 2604/931/36
f 2613/912/520 2615/913/520 2616/914/520 2614/915/520
f 2605/920/35 2612/917/34 2613/918/33 2614/919/26
f 2610/921/41 2615/922/10 2613/923/33 2611/924/12
f 2608/925/3 2616/926/36 2615/927/10 2609/928/9
f 2607/932/42 2606/929/39 2614/930/26 2616/931/36
f 2628/914/417 2627/913/417 2625/912/417 2626/915/417
f 2626/919/376 2625/918/374 2624/917/406 2617/920/407
f 2623/924/385 2625/923/374 2627/922/368 2622/921/387
f 2621/928/369 2627/927/368 2628/926/370 2620/925/399
f 2628/931/370 2626/930/376 2618/929/378 2619/932/398
f 2633/882/369 2632/881/368 2631/880/501 2640/883/399
f 2637/886/504 2629/885/503 2630/884/507 2636/887/506
f 2639/19/502 2631/889/501 2641/888/1796 2642/21/511
f 2629/1600/503 2641/325/509 2630/18/507
f 2635/902/385 2630/901/507 2632/900/368 2634/903/387
f 2654/914/417 2653/913/417 2651/912/417 2652/915/417
f 2652/919/376 2651/918/374 2650/917/373 2643/920/377
f 2649/924/385 2651/923/374 2653/922/368 2648/921/387
f 2647/928/408 2653/927/368 2654/926/370 2646/925/372
f 2654/931/370 2652/930/376 2644/929/378 2645/932/398
f 2664/915/426 2663/912/426 2665/913/426 2666/914/426
f 2655/920/67 2662/917/144 2663/918/75 2664/919/68
f 2660/921/76 2665/922/52 2663/923/75 2661/924/78
f 2659/928/145 2658/925/81 2666/926/77 2665/927/52
f 2656/929/66 2664/930/68 2666/931/77 2657/932/70
f 2669/891/134 2670/892/68 2671/893/80 2678/894/144
f 2668/896/71 2667/897/63 2675/898/65 2674/899/69
f 2670/904/68 2668/905/71 2673/906/70 2672/907/79
f 2670/40/142 2669/908/1399 2679/56/513
f 2679/909/1400 2669/910/134 2677/37/135 2680/39/512
f 2668/42/71 2679/56/513 2667/1601/63
f 2689/912/426 2691/913/426 2692/914/426 2690/915/426
f 2667/1602/63 2680/39/512 2676/327/64
f 2688/917/61 2689/918/75 2690/919/68 2681/920/67
f 2686/921/76 2691/922/52 2689/923/75 2687/924/78
f 2685/928/51 2684/925/45 2692/926/77 2691/927/52
f 2682/929/66 2690/930/68 2692/931/77 2683/932/70
f 2695/317/516 2704/318/517 2705/316/1797 2696/316/515
f 2700/1574/417 2727/1575/417 2698/1576/417 2697/1577/417
f 2706/1578/744 2709/1578/744 2735/1579/744 2737/1579/744
f 2699/1580/490 2701/311/490 2442/310/514 2696/316/515
f 2443/312/490 2701/311/490 2700/1581/490 2697/1582/490
f 2696/1578/417 2734/1579/417 2702/1583/417 2699/1584/417
f 2703/1585/1664 2727/1575/1664 2700/1574/1664 2701/1586/1664
f 2699/1584/1666 2702/1583/1666 2703/1585/1666 2701/1586/1666
f 2707/1587/1798 2708/1579/1798 2705/1578/1798 2704/1588/1798
f 2706/1578/1799 2737/1579/1799 2707/1587/1799 2704/1588/1799
f 2443/312/426 2697/1582/426 2710/1582/426 2459/312/426
f 2705/1578/1800 2708/1579/1800 2734/1579/1800 2696/1578/1800
f 2706/316/492 2704/318/517 2693/317/492 2709/316/492
f 2736/1589/1801 2735/1579/1801 2709/1578/417 2718/1590/417
f 2709/316/417 2693/317/1793 2448/320/1793 2718/1591/417
f 2698/1576/426 2725/1576/426 2710/1577/426 2697/1577/426
f 2713/1581/493 2715/311/493 2459/312/493 2710/1582/493
f 2710/1577/420 2725/1576/420 2711/1575/420 2713/1574/420
f 2712/1585/1667 2726/1583/1667 2714/1584/1667 2715/1586/1667
f 2713/1574/1668 2711/1575/1668 2712/1585/1668 2715/1586/1668
f 2720/1591/487 2722/321/487 2694/320/487 2723/1591/487
f 2723/1591/1802 2694/320/1802 2469/319/1802 2717/1592/1802
f 2717/1594/420 2714/1584/420 2726/1583/420 2716/1593/420
f 2721/1590/520 2739/1589/520 2736/1589/520 2718/1590/520
f 2723/1590/520 2724/1589/520 2738/1589/520 2720/1590/520
f 2721/1591/487 2718/1591/487 2448/320/487 2722/321/487
f 2719/1595/1343 2739/1589/1343 2721/1590/1343 2722/1596/1343
f 2720/1590/1344 2738/1589/1344 2719/1595/1344 2722/1596/1344
f 2723/1590/1794 2717/1594/1794 2716/1593/1794 2724/1589/1794
f 2469/319/493 2715/311/493 2714/1580/493 2717/1592/493
f 2725/74/100 2698/74/100 2733/75/100 2732/75/100
f 2733/84/409 2731/1037/409 2730/1037/413 2732/84/413
f 2731/83/415 2728/85/415 2729/85/411 2730/83/411
f 2729/82/100 2728/82/100 2734/322/100 2716/322/100
f 2744/75/100 2735/74/100 2736/74/100 2745/75/100
f 2744/84/107 2745/84/103 2743/1037/103 2742/1037/107
f 2743/83/105 2740/85/105 2741/85/101 2742/83/101
f 2734/322/100 2741/82/100 2740/82/100 2724/322/100
f 6572/1532/426 6329/1533/426 6322/1533/426 6570/1532/426
f 6321/1534/417 6328/1535/417 6319/1536/417 6320/1537/417
f 6572/1538/633 6319/1539/633 6328/1540/633 6329/1541/633
f 6570/1532/1793 6322/1533/1793 6324/1542/1793 6325/1543/1793
f 6336/1537/426 6323/1534/426 6321/1534/426 6320/1537/426
f 6346/1544/420 6343/1545/420 6323/1534/420 6336/1537/420
f 6571/1543/520 6325/1543/520 6324/1542/520 6357/1542/520
f 6343/1546/1794 6346/1547/1794 6571/1548/1794 6357/1549/1794
f 6327/1550/417 6330/1551/417 6331/1552/417 6326/1553/417
f 6321/302/644 6330/1554/644 6327/297/494 6328/299/496
f 6329/298/495 6327/297/494 6333/297/464 6322/298/464
f 6332/1553/426 6333/1550/426 6327/1550/426 6326/1553/426
f 6333/297/1793 6348/1555/1793 6324/300/1793 6322/298/1793
f 6321/302/426 6323/302/426 6335/1554/426 6330/1554/426
f 6332/1553/1793 6347/1556/1793 6348/1557/1793 6333/1550/1793
f 6330/1551/426 6335/1551/426 6334/1552/426 6331/1552/426
f 6337/1558/420 6334/1552/420 6335/1551/420 6341/1559/420
f 6339/1560/1667 6342/1561/1667 6340/1562/1667 6338/1563/1667
f 6341/1559/1668 6342/1561/1668 6339/1560/1668 6337/1558/1668
f 6357/300/497 6354/301/497 6353/1555/497 6355/1555/497
f 6341/1564/463 6335/1554/463 6323/302/463 6342/304/463
f 6344/1565/420 6338/1563/420 6340/1562/420 6345/1566/420
f 6349/1556/520 6356/1556/520 6355/1557/520 6353/1557/520
f 6340/1567/463 6342/304/463 6343/303/463 6345/1568/463
f 6352/1555/497 6354/301/497 6324/300/497 6348/1555/497
f 6351/1569/1343 6354/1570/1343 6352/1557/1343 6350/1556/1343
f 6353/1557/1344 6354/1570/1344 6351/1569/1344 6349/1556/1344
f 6347/1556/520 6350/1556/520 6352/1557/520 6348/1557/520
f 6355/1555/1795 6345/1568/1795 6343/303/1795 6357/300/1795
f 6356/1556/1794 6344/1565/1794 6345/1566/1794 6355/1557/1794
f 6369/883/366 6360/880/338 6361/881/332 6362/882/365
f 6359/884/344 6358/885/457 6366/886/342 6365/887/498
f 6370/888/1670 6360/889/338 6368/19/339 6371/21/347
f 6361/16/345 6360/308/1671 6370/478/346
f 6359/18/344 6370/478/346 6358/1044/457
f 6361/900/332 6359/901/344 6364/902/325 6363/903/333
f 6358/326/457 6371/21/347 6367/483/341
f 6381/915/420 6380/912/420 6382/913/420 6383/914/420
f 6379/917/327 6380/918/326 6381/919/328 6372/920/330
f 6377/921/362 6382/922/332 6380/923/326 6378/924/363
f 6375/925/335 6383/926/334 6382/927/332 6376/928/331
f 6374/932/355 6373/929/364 6381/930/328 6383/931/334
f 6392/912/420 6394/913/420 6395/914/420 6393/915/420
f 6391/917/327 6392/918/326 6393/919/328 6384/920/361
f 6389/921/362 6394/922/332 6392/923/326 6390/924/363
f 6387/925/335 6395/926/334 6394/927/332 6388/928/331
f 6386/932/336 6385/929/329 6393/930/328 6395/931/334
f 6404/912/420 6406/913/420 6407/914/420 6405/915/420
f 6403/917/360 6404/918/326 6405/919/328 6396/920/361
f 6401/921/362 6406/922/332 6404/923/326 6402/924/363
f 6399/925/335 6407/926/334 6406/927/332 6400/928/331
f 6397/929/329 6405/930/328 6407/931/334 6398/932/336
f 6416/912/420 6418/913/420 6419/914/420 6417/915/420
f 6408/920/361 6415/917/360 6416/918/326 6417/919/328
f 6414/924/363 6413/921/362 6418/922/332 6416/923/326
f 6412/928/331 6411/925/366 6419/926/334 6418/927/332
f 6409/929/364 6417/930/328 6419/931/334 6410/932/355
f 6428/912/420 6430/913/420 6431/914/420 6429/915/420
f 6427/917/327 6428/918/326 6429/919/328 6420/920/330
f 6425/921/362 6430/922/332 6428/923/326 6426/924/363
f 6424/928/365 6423/925/366 6431/926/334 6430/927/332
f 6421/929/364 6429/930/328 6431/931/334 6422/932/355
f 6440/912/520 6442/913/520 6443/914/520 6441/915/520
f 6432/920/35 6439/917/34 6440/918/33 6441/919/26
f 6437/921/41 6442/922/10 6440/923/33 6438/924/12
f 6435/925/3 6443/926/36 6442/927/10 6436/928/9
f 6434/932/28 6433/929/24 6441/930/26 6443/931/36
f 6446/891/117 6447/892/26 6448/893/35 6455/894/34
f 6451/899/122 6445/896/123 6444/897/499 6452/898/121
f 6447/904/26 6445/905/123 6450/906/28 6449/907/24
f 6447/40/125 6446/908/476 6456/429/126
f 6456/909/1396 6446/910/117 6454/37/118 6457/39/124
f 6445/42/123 6456/429/126 6444/1049/499
f 6466/912/520 6468/913/520 6469/914/520 6467/915/520
f 6444/1599/499 6457/39/124 6453/91/120
f 6458/920/35 6465/917/34 6466/918/33 6467/919/26
f 6463/921/41 6468/922/10 6466/923/33 6464/924/12
f 6461/925/37 6469/926/36 6468/927/10 6462/928/40
f 6460/932/42 6459/929/39 6467/930/26 6469/931/36
f 6478/912/520 6480/913/520 6481/914/520 6479/915/520
f 6477/917/34 6478/918/33 6479/919/26 6470/920/35
f 6475/921/41 6480/922/10 6478/923/33 6476/924/12
f 6473/925/3 6481/926/36 6480/927/10 6474/928/9
f 6472/932/42 6471/929/39 6479/930/26 6481/931/36
f 6490/912/520 6492/913/520 6493/914/520 6491/915/520
f 6489/917/34 6490/918/33 6491/919/26 6482/920/35
f 6487/921/41 6492/922/10 6490/923/33 6488/924/38
f 6485/925/37 6493/926/36 6492/927/10 6486/928/9
f 6484/932/42 6483/929/24 6491/930/26 6493/931/36
f 6505/914/417 6504/913/417 6502/912/417 6503/915/417
f 6503/919/376 6502/918/374 6501/917/406 6494/920/407
f 6500/924/385 6502/923/374 6504/922/368 6499/921/387
f 6498/928/369 6504/927/368 6505/926/370 6497/925/399
f 6505/931/370 6503/930/376 6495/929/378 6496/932/398
f 6510/882/369 6509/881/368 6508/880/501 6517/883/399
f 6514/886/504 6506/885/503 6507/884/507 6513/887/506
f 6516/19/502 6508/889/501 6518/888/1796 6519/21/511
f 6506/1600/503 6518/417/509 6507/18/507
f 6512/902/375 6507/901/507 6509/900/368 6511/903/387
f 6531/914/417 6530/913/417 6528/912/417 6529/915/417
f 6529/919/376 6528/918/374 6527/917/373 6520/920/377
f 6526/924/385 6528/923/374 6530/922/368 6525/921/387
f 6530/927/368 6531/926/370 6523/925/399 6524/928/408
f 6531/931/370 6529/930/376 6521/929/378 6522/932/398
f 6540/912/426 6542/913/426 6543/914/426 6541/915/426
f 6532/920/80 6539/917/61 6540/918/75 6541/919/68
f 6538/924/54 6537/921/76 6542/922/52 6540/923/75
f 6535/925/81 6543/926/77 6542/927/52 6536/928/145
f 6533/929/66 6541/930/68 6543/931/77 6534/932/70
f 6546/891/134 6547/892/68 6548/893/80 6555/894/144
f 6545/896/71 6544/897/734 6552/898/65 6551/899/69
f 6547/904/68 6545/905/71 6550/906/70 6549/907/66
f 6547/40/142 6546/908/1399 6556/56/513
f 6556/909/1400 6546/910/134 6554/37/135 6557/39/512
f 6545/42/71 6556/56/513 6544/1601/734
f 6566/912/426 6568/913/426 6569/914/426 6567/915/426
f 6544/1602/734 6557/39/512 6553/91/64
f 6565/917/61 6566/918/75 6567/919/68 6558/920/67
f 6564/924/54 6563/921/50 6568/922/52 6566/923/75
f 6562/928/51 6561/925/45 6569/926/77 6568/927/52
f 6559/929/66 6567/930/68 6569/931/77 6560/932/70
f 6572/317/516 6581/318/517 6582/316/1797 6573/316/515
f 6577/1574/417 6604/1575/417 6575/1576/417 6574/1577/417
f 6583/1578/744 6586/1578/744 6612/1579/744 6614/1579/744
f 6576/1580/490 6578/311/490 6319/310/514 6573/316/515
f 6320/312/490 6578/311/490 6577/1581/490 6574/1582/490
f 6573/1578/417 6611/1579/417 6579/1583/417 6576/1584/417
f 6580/1585/1664 6604/1575/1664 6577/1574/1664 6578/1586/1664
f 6576/1584/1666 6579/1583/1666 6580/1585/1666 6578/1586/1666
f 6584/1587/1798 6585/1579/1798 6582/1578/1798 6581/1588/1798
f 6583/1578/1799 6614/1579/1799 6584/1587/1799 6581/1588/1799
f 6320/312/426 6574/1582/426 6587/1582/426 6336/312/426
f 6582/1578/1800 6585/1579/1800 6611/1579/1800 6573/1578/1800
f 6583/316/492 6581/318/517 6570/317/492 6586/316/492
f 6613/1589/1801 6612/1579/1801 6586/1578/417 6595/1590/417
f 6586/316/417 6570/317/1793 6325/320/1793 6595/1591/417
f 6575/1576/426 6602/1576/426 6587/1577/426 6574/1577/426
f 6590/1581/493 6592/311/493 6336/312/493 6587/1582/493
f 6587/1577/420 6602/1576/420 6588/1575/420 6590/1574/420
f 6589/1585/1667 6603/1583/1667 6591/1584/1667 6592/1586/1667
f 6590/1574/1668 6588/1575/1668 6589/1585/1668 6592/1586/1668
f 6597/1591/487 6599/321/487 6571/320/487 6600/1591/487
f 6600/1591/1802 6571/320/1802 6346/319/1802 6594/1592/1802
f 6594/1594/420 6591/1584/420 6603/1583/420 6593/1593/420
f 6595/1590/520 6598/1590/520 6616/1589/520 6613/1589/520
f 6600/1590/520 6601/1589/520 6615/1589/520 6597/1590/520
f 6598/1591/487 6595/1591/487 6325/320/487 6599/321/487
f 6596/1595/1343 6616/1589/1343 6598/1590/1343 6599/1596/1343
f 6597/1590/1344 6615/1589/1344 6596/1595/1344 6599/1596/1344
f 6600/1590/1794 6594/1594/1794 6593/1593/1794 6601/1589/1794
f 6346/319/493 6592/311/493 6591/1580/493 6594/1592/493
f 6602/74/100 6575/74/100 6610/75/100 6609/75/100
f 6610/84/409 6608/1037/409 6607/1037/413 6609/84/413
f 6608/83/415 6605/85/415 6606/85/411 6607/83/411
f 6606/82/100 6605/82/100 6611/322/100 6593/322/100
f 6621/75/100 6612/74/100 6613/74/100 6622/75/100
f 6621/84/107 6622/84/103 6620/1037/103 6619/1037/107
f 6620/83/105 6617/85/105 6618/85/101 6619/83/101
f 6611/322/100 6618/82/100 6617/82/100 6601/322/100
f 6876/1532/417 6633/1533/417 6626/1533/417 6874/1532/417
f 6625/1534/520 6632/1535/520 6623/1536/520 6624/1537/520
f 6876/1538/1781 6623/1539/1781 6632/1540/1781 6633/1541/1781
f 6626/1533/529 6628/1542/529 6629/1543/529 6874/1532/529
f 6640/1537/417 6627/1534/417 6625/1534/417 6624/1537/417
f 6650/1544/426 6647/1545/426 6627/1534/426 6640/1537/426
f 6629/1543/420 6628/1542/420 6661/1542/420 6875/1543/420
f 6647/1546/1782 6650/1547/1782 6875/1548/1782 6661/1549/1782
f 6631/1550/520 6634/1551/520 6635/1552/520 6630/1553/520
f 6625/302/497 6634/1554/497 6631/297/460 6632/299/462
f 6633/298/461 6631/297/460 6637/297/644 6626/298/644
f 6636/1553/417 6637/1550/417 6631/1550/417 6630/1553/417
f 6637/297/529 6652/1555/529 6628/300/529 6626/298/529
f 6625/302/417 6627/302/417 6639/1554/417 6634/1554/417
f 6636/1553/529 6651/1556/529 6652/1557/529 6637/1550/529
f 6634/1551/417 6639/1551/417 6638/1552/417 6635/1552/417
f 6641/1558/426 6638/1552/426 6639/1551/426 6645/1559/426
f 6643/1560/1341 6646/1561/1341 6644/1562/1341 6642/1563/1341
f 6645/1559/1342 6646/1561/1342 6643/1560/1342 6641/1558/1342
f 6661/300/463 6658/301/463 6657/1555/463 6659/1555/463
f 6645/1564/464 6639/1554/464 6627/302/464 6646/304/464
f 6648/1565/426 6642/1563/426 6644/1562/426 6649/1566/426
f 6653/1556/420 6660/1556/420 6659/1557/420 6657/1557/420
f 6644/1567/464 6646/304/464 6647/303/464 6649/1568/464
f 6656/1555/463 6658/301/463 6628/300/463 6652/1555/463
f 6655/1569/1783 6658/1570/1783 6656/1557/1783 6654/1556/1783
f 6657/1557/1669 6658/1570/1669 6655/1569/1669 6653/1556/1669
f 6651/1556/420 6654/1556/420 6656/1557/420 6652/1557/420
f 6661/300/1784 6659/1555/1784 6649/1568/1784 6647/303/1784
f 6660/1556/1782 6648/1565/1782 6649/1566/1782 6659/1557/1782
f 6664/880/127 6665/881/52 6666/882/51 6673/883/45
f 6663/884/55 6662/885/47 6670/886/49 6669/887/53
f 6674/888/1397 6664/889/127 6672/19/128 6675/21/132
f 6665/16/130 6664/308/1398 6674/295/131
f 6663/18/55 6674/295/131 6662/1571/47
f 6665/900/52 6663/901/55 6668/902/54 6667/903/50
f 6662/895/47 6675/21/132 6671/266/48
f 6684/912/426 6686/913/426 6687/914/426 6685/915/426
f 6683/917/61 6684/918/75 6685/919/68 6676/920/67
f 6681/921/76 6686/922/52 6684/923/75 6682/924/78
f 6679/925/45 6687/926/77 6686/927/52 6680/928/51
f 6678/932/70 6677/929/66 6685/930/68 6687/931/77
f 6696/912/426 6698/913/426 6699/914/426 6697/915/426
f 6695/917/61 6696/918/75 6697/919/68 6688/920/67
f 6694/924/54 6693/921/50 6698/922/52 6696/923/75
f 6691/925/45 6699/926/77 6698/927/52 6692/928/51
f 6689/929/66 6697/930/68 6699/931/77 6690/932/70
f 6708/912/426 6710/913/426 6711/914/426 6709/915/426
f 6707/917/144 6708/918/75 6709/919/68 6700/920/67
f 6705/921/50 6710/922/52 6708/923/75 6706/924/78
f 6703/925/45 6711/926/77 6710/927/52 6704/928/51
f 6701/929/66 6709/930/68 6711/931/77 6702/932/70
f 6720/912/426 6722/913/426 6723/914/426 6721/915/426
f 6719/917/144 6720/918/75 6721/919/68 6712/920/67
f 6717/921/76 6722/922/52 6720/923/75 6718/924/78
f 6715/925/45 6723/926/77 6722/927/52 6716/928/51
f 6714/932/70 6713/929/66 6721/930/68 6723/931/77
f 6732/912/426 6734/913/426 6735/914/426 6733/915/426
f 6731/917/61 6732/918/75 6733/919/68 6724/920/67
f 6729/921/50 6734/922/52 6732/923/75 6730/924/54
f 6727/925/45 6735/926/77 6734/927/52 6728/928/51
f 6725/929/66 6733/930/68 6735/931/77 6726/932/70
f 6744/912/420 6746/913/420 6747/914/420 6745/915/420
f 6736/920/330 6743/917/327 6744/918/326 6745/919/328
f 6742/924/325 6741/921/333 6746/922/332 6744/923/326
f 6739/925/335 6747/926/334 6746/927/332 6740/928/331
f 6737/929/329 6745/930/328 6747/931/334 6738/932/336
f 6750/891/349 6751/892/328 6752/893/330 6759/894/327
f 6749/896/580 6748/897/576 6756/898/578 6755/899/579
f 6753/907/329 6751/904/328 6749/905/580 6754/906/355
f 6751/40/358 6750/908/1672 6760/486/582
f 6760/909/1673 6750/910/349 6758/37/350 6761/39/581
f 6749/42/580 6760/486/582 6748/1902/576
f 6770/912/420 6772/913/420 6773/914/420 6771/915/420
f 6748/1903/576 6761/39/581 6757/91/577
f 6762/920/330 6769/917/327 6770/918/326 6771/919/328
f 6768/924/325 6767/921/362 6772/922/332 6770/923/326
f 6765/925/366 6773/926/334 6772/927/332 6766/928/365
f 6763/929/364 6771/930/328 6773/931/334 6764/932/355
f 6782/912/420 6784/913/420 6785/914/420 6783/915/420
f 6781/917/327 6782/918/326 6783/919/328 6774/920/330
f 6780/924/363 6779/921/362 6784/922/332 6782/923/326
f 6777/925/366 6785/926/334 6784/927/332 6778/928/331
f 6775/929/364 6783/930/328 6785/931/334 6776/932/355
f 6794/912/420 6796/913/420 6797/914/420 6795/915/420
f 6793/917/327 6794/918/326 6795/919/328 6786/920/330
f 6791/921/362 6796/922/332 6794/923/326 6792/924/325
f 6789/925/366 6797/926/334 6796/927/332 6790/928/365
f 6787/929/329 6795/930/328 6797/931/334 6788/932/355
f 6809/914/520 6808/913/520 6806/912/520 6807/915/520
f 6807/919/36 6806/918/10 6805/917/40 6798/920/37
f 6804/924/8 6806/923/10 6808/922/33 6803/921/12
f 6808/927/33 6809/926/26 6801/925/35 6802/928/34
f 6809/931/26 6807/930/36 6799/929/28 6800/932/24
f 6814/882/34 6813/881/33 6812/880/467 6821/883/35
f 6818/886/470 6810/885/735 6811/884/473 6817/887/472
f 6820/19/468 6812/889/467 6822/888/1785 6823/21/477
f 6810/1527/735 6822/307/475 6811/18/473
f 6816/902/41 6811/901/473 6813/900/33 6815/903/38
f 6835/914/520 6834/913/520 6832/912/520 6833/915/520
f 6833/919/36 6832/918/10 6831/917/9 6824/920/3
f 6832/923/10 6834/922/33 6829/921/12 6830/924/8
f 6828/928/19 6834/927/33 6835/926/26 6827/925/25
f 6826/932/24 6835/931/26 6833/930/36 6825/929/28
f 6844/912/417 6846/913/417 6847/914/417 6845/915/417
f 6843/917/408 6844/918/368 6845/919/370 6836/920/372
f 6842/924/367 6841/921/375 6846/922/374 6844/923/368
f 6839/925/407 6847/926/376 6846/927/374 6840/928/406
f 6838/932/405 6837/929/371 6845/930/370 6847/931/376
f 6859/894/369 6850/891/393 6851/892/370 6852/893/399
f 6849/896/483 6848/897/479 6856/898/481 6855/899/482
f 6851/904/370 6849/905/483 6854/906/405 6853/907/398
f 6851/40/403 6850/908/510 6860/296/485
f 6860/909/1676 6850/910/393 6858/37/394 6861/39/484
f 6849/42/483 6860/296/485 6848/1572/479
f 6870/912/417 6872/913/417 6873/914/417 6871/915/417
f 6848/1573/479 6861/39/484 6857/91/480
f 6869/917/408 6870/918/368 6871/919/370 6862/920/372
f 6867/921/385 6872/922/374 6870/923/368 6868/924/367
f 6865/925/377 6873/926/376 6872/927/374 6866/928/373
f 6864/932/378 6863/929/398 6871/930/370 6873/931/376
f 6876/317/489 6885/318/491 6886/316/1786 6877/316/488
f 6881/1574/520 6908/1575/520 6879/1576/520 6878/1577/520
f 6887/1578/427 6890/1578/427 6916/1579/427 6918/1579/427
f 6880/1580/487 6882/311/487 6623/310/486 6877/316/488
f 6624/312/487 6882/311/487 6881/1581/487 6878/1582/487
f 6877/1578/520 6915/1579/520 6883/1583/520 6880/1584/520
f 6884/1585/1343 6908/1575/1343 6881/1574/1343 6882/1586/1343
f 6880/1584/1344 6883/1583/1344 6884/1585/1344 6882/1586/1344
f 6888/1587/1789 6889/1579/1789 6886/1578/1789 6885/1588/1789
f 6887/1578/1790 6918/1579/1790 6888/1587/1790 6885/1588/1790
f 6624/312/417 6878/1582/417 6891/1582/417 6640/312/417
f 6886/1578/1791 6889/1579/1791 6915/1579/1791 6877/1578/1791
f 6887/316/490 6885/318/491 6874/317/490 6890/316/490
f 6917/1589/747 6916/1579/747 6890/1578/520 6899/1590/520
f 6890/316/520 6874/317/529 6629/320/529 6899/1591/520
f 6879/1576/417 6906/1576/417 6891/1577/417 6878/1577/417
f 6894/1581/492 6896/311/492 6640/312/492 6891/1582/492
f 6891/1577/426 6906/1576/426 6892/1575/426 6894/1574/426
f 6893/1585/1392 6907/1583/1392 6895/1584/1392 6896/1586/1392
f 6894/1574/1393 6892/1575/1393 6893/1585/1393 6896/1586/1393
f 6901/1591/493 6903/321/493 6875/320/493 6904/1591/493
f 6898/1592/1792 6904/1591/1792 6875/320/1792 6650/319/1792
f 6895/1584/426 6907/1583/426 6897/1593/426 6898/1594/426
f 6902/1590/420 6920/1589/420 6917/1589/420 6899/1590/420
f 6904/1590/420 6905/1589/420 6919/1589/420 6901/1590/420
f 6902/1591/493 6899/1591/493 6629/320/493 6903/321/493
f 6900/1595/1783 6920/1589/1783 6902/1590/1783 6903/1596/1783
f 6901/1590/1668 6919/1589/1668 6900/1595/1668 6903/1596/1668
f 6904/1590/1782 6898/1594/1782 6897/1593/1782 6905/1589/1782
f 6650/319/492 6896/311/492 6895/1580/492 6898/1592/492
f 6913/75/100 6906/74/100 6879/74/100 6914/75/100
f 6914/84/103 6912/1037/103 6911/1037/107 6913/84/107
f 6912/83/105 6909/85/105 6910/85/101 6911/83/101
f 6910/82/100 6909/82/100 6915/322/100 6897/322/100
f 6925/75/100 6916/74/100 6917/74/100 6926/75/100
f 6926/84/411 6924/1037/411 6923/1037/415 6925/84/415
f 6924/83/413 6921/85/413 6922/85/409 6923/83/409
f 6915/322/100 6922/82/100 6921/82/100 6905/322/100
usemtl texture.103
f 2750/328/518 2997/329/519 2996/330/520
f 2750/328/518 2998/331/521 2997/329/519
f 2750/328/518 3000/332/522 2999/333/523
f 2750/328/518 2996/330/520 3001/334/520
f 2750/328/518 3001/334/520 3002/335/520
f 2750/328/518 3002/335/520 3000/332/522
f 2875/336/524 3004/333/525 3003/337/426
f 2875/336/524 3005/338/526 3004/333/525
f 2875/336/524 3007/339/527 3006/329/528
f 2875/336/524 3003/337/426 3008/335/426
f 2875/336/524 3008/335/426 3009/334/426
f 2875/336/524 3009/334/426 3007/339/527
f 2847/340/529 2751/341/530 2752/342/531
f 2847/340/529 2752/342/531 2753/343/520
f 2848/344/532 2754/345/520 2755/346/533
f 2848/344/532 2755/346/533 2756/347/534
f 2759/348/497 2767/349/497 2769/350/497
f 2747/351/497 2769/350/497 2749/351/497
f 2760/352/497 2746/351/497 2772/353/497
f 2782/46/26 2774/47/24 2773/48/25
f 2784/52/36 2776/53/37 2775/54/28
f 2777/49/40 2783/50/10 2778/51/8
f 2779/43/12 2781/44/33 2780/45/19
f 2785/1/1 2797/2/1 2798/3/1
f 2787/4/535 2796/5/37 2795/6/536
f 2785/7/5 2794/8/6 2793/9/7
f 2790/10/8 2789/11/40 2788/12/10
f 2792/13/11 2791/14/12 2786/15/13
f 2788/16/537 2797/354/538 2786/18/13
f 2798/21/539 2795/355/536 2794/89/6
f 2813/46/26 2805/47/24 2804/48/25
f 2799/49/9 2817/50/10 2822/51/8
f 2818/46/26 2802/47/24 2803/48/25
f 2810/43/38 2812/44/33 2811/45/19
f 2808/49/40 2814/50/10 2809/51/41
f 2815/52/36 2807/53/37 2806/54/28
f 2821/43/12 2819/44/33 2820/45/19
f 2816/52/36 2800/53/3 2801/54/28
f 2830/49/40 2824/50/10 2829/51/41
f 2825/46/26 2833/47/24 2834/48/35
f 2823/52/36 2831/53/37 2832/54/28
f 2828/43/38 2826/44/33 2827/45/19
f 2835/52/36 2843/53/37 2844/54/42
f 2840/43/12 2838/44/33 2839/45/34
f 2837/46/26 2845/47/24 2846/48/35
f 2842/49/40 2836/50/10 2841/51/41
f 2868/72/100 2849/73/100 2857/72/100
f 2850/74/100 2867/75/100 2853/75/100
f 2858/76/100 2856/77/100 2870/77/100
f 2857/72/100 2858/76/100 2868/72/100
f 2869/78/103 2868/79/103 2858/78/104
f 2855/81/100 2853/75/100 2867/75/100
f 2854/82/100 2855/81/100 2865/82/100
f 2866/83/103 2865/85/103 2855/83/104
f 2870/80/105 2869/78/105 2858/78/106
f 2867/84/105 2866/83/105 2855/83/106
f 2748/351/497 2772/353/497 2746/351/497
f 2771/356/497 2760/352/497 2772/353/497
f 2747/351/497 2759/348/497 2769/350/497
f 2972/340/540 2876/357/541 2877/342/542
f 2972/340/540 2877/342/542 2878/358/426
f 2973/344/543 2879/359/426 2880/346/544
f 2973/344/543 2880/346/544 2881/360/545
f 2884/348/464 2892/349/464 2894/350/464
f 2872/351/464 2894/350/464 2874/351/464
f 2885/352/464 2871/351/464 2897/353/464
f 2907/46/68 2899/47/66 2898/48/67
f 2909/52/77 2901/53/81 2900/54/70
f 2902/49/51 2908/50/52 2903/51/50
f 2904/43/78 2906/44/75 2905/45/61
f 2910/1/43 2922/2/43 2923/3/43
f 2912/4/546 2921/5/81 2920/6/547
f 2910/7/47 2919/8/48 2918/9/49
f 2915/10/50 2914/11/145 2913/12/52
f 2917/13/53 2916/14/54 2911/15/55
f 2913/16/548 2922/294/549 2911/18/55
f 2923/21/550 2920/361/547 2919/89/48
f 2938/46/68 2930/47/66 2929/48/67
f 2924/49/51 2942/50/52 2947/51/50
f 2943/46/68 2927/47/66 2928/48/67
f 2935/43/78 2937/44/75 2936/45/61
f 2933/49/145 2939/50/52 2934/51/76
f 2940/52/77 2932/53/81 2931/54/70
f 2946/43/54 2944/44/75 2945/45/61
f 2941/52/77 2925/53/45 2926/54/70
f 2955/49/51 2949/50/52 2954/51/76
f 2950/46/68 2958/47/66 2959/48/80
f 2948/52/77 2956/53/81 2957/54/70
f 2953/43/78 2951/44/75 2952/45/61
f 2960/52/77 2968/53/45 2969/54/82
f 2965/43/78 2963/44/75 2964/45/61
f 2962/46/68 2970/47/79 2971/48/67
f 2967/49/51 2961/50/52 2966/51/76
f 2993/72/100 2974/73/100 2982/72/100
f 2975/74/100 2992/75/100 2978/75/100
f 2983/76/100 2981/77/100 2995/77/100
f 2982/72/100 2983/76/100 2993/72/100
f 2994/78/101 2993/79/101 2983/78/102
f 2980/81/100 2978/75/100 2992/75/100
f 2979/82/100 2980/81/100 2990/82/100
f 2991/83/101 2990/85/101 2980/83/102
f 2995/80/107 2994/78/107 2983/78/108
f 2992/84/107 2991/83/107 2980/83/108
f 2873/351/464 2897/353/464 2871/351/464
f 2896/356/464 2885/352/464 2897/353/464
f 2872/351/464 2884/348/464 2894/350/464
f 3016/43/54 3018/44/75 3017/45/61
f 3019/46/68 3011/47/66 3010/48/67
f 3014/49/51 3020/50/52 3015/51/76
f 3021/52/77 3013/53/45 3012/54/70
f 3022/1/43 3034/2/43 3035/3/43
f 3024/4/127 3033/5/45 3032/6/128
f 3022/7/47 3031/8/48 3030/9/49
f 3027/10/50 3026/11/51 3025/12/52
f 3029/13/53 3028/14/54 3023/15/55
f 3025/16/130 3034/307/131 3023/18/55
f 3035/21/132 3032/88/128 3031/89/48
f 3036/22/133 3048/23/133 3049/24/133
f 3038/25/134 3047/26/144 3046/27/135
f 3036/28/136 3045/29/137 3044/30/138
f 3041/31/79 3040/32/80 3039/33/68
f 3043/34/551 3042/35/82 3037/36/140
f 3049/39/141 3046/37/135 3045/91/137
f 3039/40/142 3048/362/143 3037/42/140
f 3056/43/78 3058/44/75 3057/45/144
f 3059/46/68 3051/47/66 3050/48/67
f 3054/49/51 3060/50/52 3055/51/76
f 3061/52/77 3053/53/45 3052/54/70
f 3068/43/54 3070/44/75 3069/45/61
f 3071/46/68 3063/47/66 3062/48/67
f 3066/49/51 3072/50/52 3067/51/76
f 3073/52/77 3065/53/45 3064/54/70
f 3080/43/78 3082/44/75 3081/45/144
f 3083/46/68 3075/47/79 3074/48/80
f 3078/49/145 3084/50/52 3079/51/76
f 3085/52/77 3077/53/81 3076/54/82
f 3092/43/78 3094/44/75 3093/45/61
f 3095/46/68 3087/47/79 3086/48/67
f 3090/49/145 3096/50/52 3091/51/76
f 3097/52/77 3089/53/81 3088/54/82
f 3104/43/78 3106/44/75 3105/45/144
f 3107/46/68 3099/47/79 3098/48/80
f 3102/49/145 3108/50/52 3103/51/76
f 3109/52/77 3101/53/81 3100/54/82
f 3116/43/78 3118/44/75 3117/45/144
f 3119/46/68 3111/47/79 3110/48/80
f 3114/49/51 3120/50/52 3115/51/76
f 3121/52/77 3113/53/45 3112/54/82
f 3128/43/38 3130/44/33 3129/45/19
f 3131/46/26 3123/47/24 3122/48/25
f 3126/49/9 3132/50/10 3127/51/41
f 3133/52/36 3125/53/3 3124/54/28
f 3134/1/1 3146/2/1 3147/3/1
f 3136/4/110 3145/5/3 3144/6/111
f 3134/7/112 3143/8/6 3142/9/7
f 3139/10/8 3138/11/9 3137/12/10
f 3141/13/552 3140/14/12 3135/15/13
f 3137/16/113 3146/295/114 3135/18/13
f 3144/19/111 3143/363/6 3147/21/115
f 3148/22/116 3160/23/116 3161/24/116
f 3150/25/117 3159/26/34 3158/27/118
f 3148/28/499 3157/29/120 3156/30/121
f 3153/31/39 3152/32/35 3151/33/26
f 3155/34/553 3154/35/42 3149/36/123
f 3158/37/118 3157/364/120 3161/39/124
f 3151/40/125 3160/265/126 3149/42/123
f 3168/43/12 3170/44/33 3169/45/34
f 3171/46/26 3163/47/24 3162/48/35
f 3166/49/9 3172/50/10 3167/51/8
f 3173/52/36 3165/53/3 3164/54/28
f 3180/43/12 3182/44/33 3181/45/34
f 3183/46/26 3175/47/24 3174/48/35
f 3178/49/9 3184/50/10 3179/51/8
f 3185/52/36 3177/53/3 3176/54/28
f 3192/43/12 3194/44/33 3193/45/34
f 3195/46/26 3187/47/24 3186/48/35
f 3190/49/9 3196/50/10 3191/51/8
f 3197/52/36 3189/53/3 3188/54/28
f 3204/43/12 3206/44/33 3205/45/34
f 3207/46/26 3199/47/24 3198/48/35
f 3202/49/9 3208/50/10 3203/51/41
f 3209/52/36 3201/53/3 3200/54/28
f 3216/43/12 3218/44/33 3217/45/34
f 3219/46/26 3211/47/24 3210/48/35
f 3214/49/9 3220/50/10 3215/51/41
f 3221/52/36 3213/53/3 3212/54/42
f 3228/43/38 3230/44/33 3229/45/34
f 3231/46/26 3223/47/39 3222/48/35
f 3226/49/9 3232/50/10 3227/51/41
f 3233/52/36 3225/53/3 3224/54/42
f 7287/490/737 7534/329/738 7533/330/739
f 7287/490/737 7535/491/740 7534/329/738
f 7287/490/737 7537/332/522 7536/333/741
f 7287/490/737 7533/330/739 7538/334/520
f 7287/490/737 7538/334/520 7539/335/520
f 7287/490/737 7539/335/520 7537/332/522
f 7412/492/742 7541/333/743 7540/493/744
f 7412/492/742 7542/494/745 7541/333/743
f 7412/492/742 7544/495/527 7543/329/746
f 7412/492/742 7540/493/744 7545/335/426
f 7412/492/742 7545/335/426 7546/334/426
f 7412/492/742 7546/334/426 7544/495/527
f 7384/340/520 7288/496/747 7289/497/739
f 7384/340/520 7289/497/739 7290/358/532
f 7385/344/532 7291/498/520 7292/346/748
f 7385/344/532 7292/346/748 7293/499/749
f 7536/500/741 7289/501/750 7287/502/737
f 7296/348/497 7304/349/497 7306/350/497
f 7284/351/497 7306/350/497 7286/351/497
f 7297/352/497 7283/351/497 7309/353/497
f 7319/46/26 7311/47/24 7310/48/35
f 7321/52/36 7313/53/37 7312/54/28
f 7314/49/40 7320/50/10 7315/51/41
f 7316/43/12 7318/44/33 7317/45/34
f 7322/1/1 7334/2/1 7335/3/1
f 7324/4/535 7333/5/37 7332/6/536
f 7322/7/112 7331/8/6 7330/9/7
f 7327/10/8 7326/11/9 7325/12/10
f 7329/13/11 7328/14/12 7323/15/13
f 7325/16/537 7334/354/538 7323/18/13
f 7332/19/536 7331/365/6 7335/21/539
f 7350/46/26 7342/47/24 7341/48/25
f 7336/49/9 7354/50/10 7359/51/8
f 7355/46/26 7339/47/24 7340/48/35
f 7347/43/38 7349/44/33 7348/45/19
f 7345/49/40 7351/50/10 7346/51/41
f 7352/52/36 7344/53/37 7343/54/28
f 7358/43/12 7356/44/33 7357/45/34
f 7353/52/36 7337/53/3 7338/54/28
f 7367/49/40 7361/50/10 7366/51/41
f 7362/46/26 7370/47/24 7371/48/35
f 7360/52/36 7368/53/37 7369/54/28
f 7365/43/38 7363/44/33 7364/45/34
f 7372/52/36 7380/53/37 7381/54/42
f 7377/43/38 7375/44/33 7376/45/19
f 7374/46/26 7382/47/39 7383/48/35
f 7379/49/40 7373/50/10 7378/51/41
f 7405/72/100 7386/73/100 7394/72/100
f 7387/74/100 7404/75/100 7390/75/100
f 7395/76/100 7393/77/100 7407/77/100
f 7394/72/100 7395/76/100 7405/72/100
f 7406/78/103 7405/79/103 7395/78/104
f 7392/81/100 7390/75/100 7404/75/100
f 7391/82/100 7392/81/100 7402/82/100
f 7403/83/103 7402/85/103 7392/83/104
f 7407/80/105 7406/78/105 7395/78/106
f 7404/84/105 7403/83/105 7392/83/106
f 7285/351/497 7309/353/497 7283/351/497
f 7308/356/497 7297/352/497 7309/353/497
f 7284/351/497 7296/348/497 7306/350/497
f 7509/340/426 7413/496/751 7414/503/744
f 7509/340/426 7414/503/744 7415/504/543
f 7510/344/543 7416/505/426 7417/346/752
f 7510/344/543 7417/346/752 7418/499/753
f 7543/500/746 7414/506/754 7412/507/742
f 7421/348/464 7429/349/464 7431/350/464
f 7409/351/464 7431/350/464 7411/351/464
f 7422/352/464 7408/351/464 7434/353/464
f 7444/46/68 7436/47/66 7435/48/67
f 7446/52/77 7438/53/81 7437/54/70
f 7439/49/145 7445/50/52 7440/51/76
f 7441/43/78 7443/44/75 7442/45/61
f 7447/1/43 7459/2/43 7460/3/43
f 7449/4/546 7458/5/81 7457/6/547
f 7447/7/755 7456/8/48 7455/9/49
f 7452/10/50 7451/11/51 7450/12/52
f 7454/13/53 7453/14/54 7448/15/55
f 7450/16/548 7459/294/549 7448/18/55
f 7460/21/550 7457/19/547 7456/89/48
f 7475/46/68 7467/47/66 7466/48/67
f 7461/49/51 7479/50/52 7484/51/50
f 7480/46/68 7464/47/66 7465/48/67
f 7472/43/78 7474/44/75 7473/45/144
f 7470/49/145 7476/50/52 7471/51/76
f 7477/52/77 7469/53/81 7468/54/70
f 7483/43/54 7481/44/75 7482/45/61
f 7478/52/77 7462/53/45 7463/54/70
f 7492/49/145 7486/50/52 7491/51/76
f 7487/46/68 7495/47/66 7496/48/80
f 7485/52/77 7493/53/45 7494/54/70
f 7490/43/78 7488/44/75 7489/45/144
f 7497/52/77 7505/53/45 7506/54/70
f 7502/43/78 7500/44/75 7501/45/144
f 7499/46/68 7507/47/66 7508/48/67
f 7504/49/145 7498/50/52 7503/51/50
f 7530/72/100 7511/73/100 7519/72/100
f 7512/74/100 7529/75/100 7515/75/100
f 7520/76/100 7518/77/100 7532/77/100
f 7519/72/100 7520/76/100 7530/72/100
f 7531/78/101 7530/79/101 7520/78/102
f 7517/81/100 7515/75/100 7529/75/100
f 7516/82/100 7517/81/100 7527/82/100
f 7528/83/101 7527/85/101 7517/83/102
f 7532/80/107 7531/78/107 7520/78/108
f 7529/84/107 7528/83/107 7517/83/108
f 7410/351/464 7434/353/464 7408/351/464
f 7433/356/464 7422/352/464 7434/353/464
f 7409/351/464 7421/348/464 7431/350/464
f 7553/43/78 7555/44/75 7554/45/61
f 7556/46/68 7548/47/66 7547/48/67
f 7551/49/51 7557/50/52 7552/51/76
f 7558/52/77 7550/53/45 7549/54/70
f 7559/1/554 7571/2/554 7572/3/554
f 7561/4/127 7570/5/81 7569/6/128
f 7559/7/555 7568/8/556 7567/9/557
f 7564/10/76 7563/11/145 7562/12/52
f 7566/13/756 7565/14/54 7560/15/559
f 7562/16/130 7571/508/560 7560/18/559
f 7569/19/128 7568/365/556 7572/21/757
f 7573/22/59 7585/23/59 7586/24/59
f 7575/25/134 7584/26/61 7583/27/135
f 7573/28/63 7582/29/64 7581/30/65
f 7578/31/66 7577/32/67 7576/33/68
f 7580/34/758 7579/35/70 7574/36/71
f 7583/37/135 7582/91/64 7586/39/512
f 7576/40/142 7585/509/513 7574/42/71
f 7593/43/54 7595/44/75 7594/45/61
f 7596/46/68 7588/47/66 7587/48/67
f 7591/49/51 7597/50/52 7592/51/50
f 7598/52/77 7590/53/45 7589/54/70
f 7605/43/54 7607/44/75 7606/45/61
f 7608/46/68 7600/47/66 7599/48/67
f 7603/49/51 7609/50/52 7604/51/50
f 7610/52/77 7602/53/45 7601/54/70
f 7617/43/78 7619/44/75 7618/45/144
f 7620/46/68 7612/47/66 7611/48/67
f 7615/49/145 7621/50/52 7616/51/76
f 7622/52/77 7614/53/45 7613/54/70
f 7629/43/78 7631/44/75 7630/45/144
f 7632/46/68 7624/47/79 7623/48/67
f 7627/49/51 7633/50/52 7628/51/76
f 7634/52/77 7626/53/81 7625/54/82
f 7641/43/54 7643/44/75 7642/45/61
f 7644/46/68 7636/47/66 7635/48/67
f 7639/49/51 7645/50/52 7640/51/50
f 7646/52/77 7638/53/45 7637/54/82
f 7653/43/54 7655/44/75 7654/45/61
f 7656/46/68 7648/47/66 7647/48/67
f 7651/49/51 7657/50/52 7652/51/50
f 7658/52/77 7650/53/45 7649/54/82
f 7665/43/38 7667/44/33 7666/45/19
f 7668/46/26 7660/47/24 7659/48/35
f 7663/49/9 7669/50/10 7664/51/41
f 7670/52/36 7662/53/3 7661/54/28
f 7671/1/562 7683/2/562 7684/3/562
f 7673/4/110 7682/5/3 7681/6/111
f 7671/7/563 7680/8/564 7679/9/565
f 7676/10/8 7675/11/9 7674/12/10
f 7678/13/566 7677/14/38 7672/15/567
f 7674/16/113 7683/294/568 7672/18/567
f 7681/19/111 7680/89/564 7684/21/569
f 7685/22/17 7697/23/17 7698/24/17
f 7687/25/117 7696/26/34 7695/27/118
f 7685/28/759 7694/29/22 7693/30/23
f 7690/31/24 7689/32/35 7688/33/26
f 7692/34/27 7691/35/28 7686/36/29
f 7698/39/760 7695/90/118 7694/91/22
f 7688/40/125 7697/429/761 7686/42/29
f 7705/43/12 7707/44/33 7706/45/34
f 7708/46/26 7700/47/24 7699/48/35
f 7703/49/9 7709/50/10 7704/51/8
f 7710/52/36 7702/53/3 7701/54/28
f 7717/43/12 7719/44/33 7718/45/34
f 7720/46/26 7712/47/24 7711/48/35
f 7715/49/9 7721/50/10 7716/51/8
f 7722/52/36 7714/53/3 7713/54/28
f 7729/43/12 7731/44/33 7730/45/34
f 7732/46/26 7724/47/24 7723/48/35
f 7727/49/9 7733/50/10 7728/51/8
f 7734/52/36 7726/53/3 7725/54/28
f 7741/43/12 7743/44/33 7742/45/34
f 7744/46/26 7736/47/24 7735/48/35
f 7739/49/9 7745/50/10 7740/51/41
f 7746/52/36 7738/53/3 7737/54/28
f 7753/43/12 7755/44/33 7754/45/34
f 7756/46/26 7748/47/24 7747/48/35
f 7751/49/9 7757/50/10 7752/51/8
f 7758/52/36 7750/53/3 7749/54/42
f 7765/43/38 7767/44/33 7766/45/19
f 7768/46/26 7760/47/24 7759/48/25
f 7763/49/9 7769/50/10 7764/51/41
f 7770/52/36 7762/53/3 7761/54/28
f 8131/328/518 8378/329/519 8377/330/739
f 8131/328/518 8379/331/521 8378/329/519
f 8131/328/518 8381/332/522 8380/333/523
f 8131/328/518 8377/330/739 8382/334/520
f 8131/328/518 8382/334/520 8383/335/520
f 8131/328/518 8383/335/520 8381/332/522
f 8256/511/524 8385/333/525 8384/493/744
f 8256/511/524 8386/512/526 8385/333/525
f 8256/511/524 8388/513/527 8387/329/528
f 8256/511/524 8384/493/744 8389/335/426
f 8256/511/524 8389/335/426 8390/334/426
f 8256/511/524 8390/334/426 8388/513/527
f 8228/340/529 8132/514/762 8133/342/763
f 8228/340/529 8133/342/763 8134/358/520
f 8229/344/532 8135/345/520 8136/346/764
f 8229/344/532 8136/346/764 8137/515/534
f 8140/348/497 8148/349/497 8150/350/497
f 8128/351/497 8150/350/497 8130/351/497
f 8141/352/497 8127/351/497 8153/353/497
f 8163/46/26 8155/47/24 8154/48/35
f 8165/52/36 8157/53/3 8156/54/28
f 8158/49/40 8164/50/10 8159/51/41
f 8160/43/38 8162/44/33 8161/45/19
f 8166/1/1 8178/2/1 8179/3/1
f 8168/4/535 8177/5/3 8176/6/536
f 8166/7/5 8175/8/6 8174/9/7
f 8171/10/8 8170/11/40 8169/12/10
f 8173/13/11 8172/14/12 8167/15/13
f 8169/16/537 8178/516/538 8167/18/13
f 8176/19/536 8175/517/6 8179/21/539
f 8194/46/26 8186/47/24 8185/48/25
f 8180/49/9 8198/50/10 8203/51/8
f 8199/46/26 8183/47/24 8184/48/35
f 8191/43/38 8193/44/33 8192/45/19
f 8189/49/40 8195/50/10 8190/51/41
f 8196/52/36 8188/53/37 8187/54/28
f 8202/43/12 8200/44/33 8201/45/34
f 8197/52/36 8181/53/3 8182/54/28
f 8211/49/40 8205/50/10 8210/51/41
f 8206/46/26 8214/47/24 8215/48/35
f 8204/52/36 8212/53/37 8213/54/42
f 8209/43/12 8207/44/33 8208/45/34
f 8216/52/36 8224/53/3 8225/54/28
f 8221/43/38 8219/44/33 8220/45/19
f 8218/46/26 8226/47/24 8227/48/35
f 8223/49/40 8217/50/10 8222/51/41
f 8249/72/100 8230/73/100 8238/72/100
f 8231/74/100 8248/75/100 8234/75/100
f 8239/76/100 8237/77/100 8251/77/100
f 8238/72/100 8239/76/100 8249/72/100
f 8250/78/103 8249/79/103 8239/78/104
f 8236/81/100 8234/75/100 8248/75/100
f 8235/82/100 8236/81/100 8246/82/100
f 8247/83/103 8246/85/103 8236/83/104
f 8251/80/105 8250/78/105 8239/78/106
f 8248/84/105 8247/83/105 8236/83/106
f 8129/351/497 8153/353/497 8127/351/497
f 8152/356/497 8141/352/497 8153/353/497
f 8128/351/497 8140/348/497 8150/350/497
f 8353/340/540 8257/518/541 8258/342/542
f 8353/340/540 8258/342/542 8259/358/426
f 8354/344/543 8260/345/426 8261/346/544
f 8354/344/543 8261/346/544 8262/515/545
f 8265/348/464 8273/349/464 8275/350/464
f 8253/351/464 8275/350/464 8255/351/464
f 8266/352/464 8252/351/464 8278/353/464
f 8288/46/68 8280/47/66 8279/48/67
f 8290/52/77 8282/53/45 8281/54/70
f 8283/49/145 8289/50/52 8284/51/76
f 8285/43/78 8287/44/75 8286/45/144
f 8291/1/43 8303/2/43 8304/3/43
f 8293/4/546 8302/5/45 8301/6/547
f 8291/7/755 8300/8/48 8299/9/49
f 8296/10/50 8295/11/51 8294/12/52
f 8298/13/53 8297/14/54 8292/15/55
f 8294/16/548 8303/87/549 8292/18/55
f 8304/21/550 8301/519/547 8300/89/48
f 8319/46/68 8311/47/66 8310/48/67
f 8305/49/51 8323/50/52 8328/51/50
f 8324/46/68 8308/47/66 8309/48/67
f 8316/43/78 8318/44/75 8317/45/61
f 8314/49/145 8320/50/52 8315/51/76
f 8321/52/77 8313/53/81 8312/54/70
f 8327/43/54 8325/44/75 8326/45/61
f 8322/52/77 8306/53/45 8307/54/70
f 8336/49/145 8330/50/52 8335/51/50
f 8331/46/68 8339/47/66 8340/48/80
f 8329/52/77 8337/53/45 8338/54/70
f 8334/43/54 8332/44/75 8333/45/144
f 8341/52/77 8349/53/45 8350/54/70
f 8346/43/54 8344/44/75 8345/45/144
f 8343/46/68 8351/47/66 8352/48/67
f 8348/49/145 8342/50/52 8347/51/50
f 8374/72/100 8355/73/100 8363/72/100
f 8356/74/100 8373/75/100 8359/75/100
f 8364/76/100 8362/77/100 8376/77/100
f 8363/72/100 8364/76/100 8374/72/100
f 8375/78/101 8374/79/101 8364/78/102
f 8361/81/100 8359/75/100 8373/75/100
f 8360/82/100 8361/81/100 8371/82/100
f 8372/83/101 8371/85/101 8361/83/102
f 8376/80/107 8375/78/107 8364/78/108
f 8373/84/107 8372/83/107 8361/83/108
f 8254/351/464 8278/353/464 8252/351/464
f 8277/356/464 8266/352/464 8278/353/464
f 8253/351/464 8265/348/464 8275/350/464
f 8397/43/78 8399/44/75 8398/45/61
f 8400/46/68 8392/47/66 8391/48/67
f 8395/49/51 8401/50/52 8396/51/76
f 8402/52/77 8394/53/45 8393/54/70
f 8403/1/554 8415/2/554 8416/3/554
f 8405/4/127 8414/5/45 8413/6/128
f 8403/7/555 8412/8/556 8411/9/557
f 8408/10/50 8407/11/51 8406/12/52
f 8410/13/756 8409/14/54 8404/15/559
f 8406/16/130 8415/17/560 8404/18/559
f 8413/19/128 8412/520/556 8416/21/561
f 8417/22/59 8429/23/59 8430/24/59
f 8419/25/134 8428/26/61 8427/27/135
f 8417/28/63 8426/29/64 8425/30/65
f 8422/31/66 8421/32/67 8420/33/68
f 8424/34/69 8423/35/70 8418/36/71
f 8427/37/135 8426/55/64 8430/39/512
f 8420/40/142 8429/41/513 8418/42/71
f 8437/43/54 8439/44/75 8438/45/61
f 8440/46/68 8432/47/66 8431/48/67
f 8435/49/51 8441/50/52 8436/51/50
f 8442/52/77 8434/53/45 8433/54/70
f 8449/43/54 8451/44/75 8450/45/61
f 8452/46/68 8444/47/66 8443/48/67
f 8447/49/51 8453/50/52 8448/51/50
f 8454/52/77 8446/53/45 8445/54/70
f 8461/43/54 8463/44/75 8462/45/144
f 8464/46/68 8456/47/66 8455/48/67
f 8459/49/145 8465/50/52 8460/51/76
f 8466/52/77 8458/53/45 8457/54/70
f 8473/43/78 8475/44/75 8474/45/61
f 8476/46/68 8468/47/79 8467/48/67
f 8471/49/145 8477/50/52 8472/51/76
f 8478/52/77 8470/53/81 8469/54/82
f 8485/43/54 8487/44/75 8486/45/61
f 8488/46/68 8480/47/79 8479/48/67
f 8483/49/51 8489/50/52 8484/51/50
f 8490/52/77 8482/53/81 8481/54/82
f 8497/43/78 8499/44/75 8498/45/61
f 8500/46/68 8492/47/66 8491/48/67
f 8495/49/51 8501/50/52 8496/51/76
f 8502/52/77 8494/53/45 8493/54/82
f 8509/43/38 8511/44/33 8510/45/19
f 8512/46/26 8504/47/24 8503/48/35
f 8507/49/9 8513/50/10 8508/51/41
f 8514/52/36 8506/53/3 8505/54/28
f 8515/1/562 8527/2/562 8528/3/562
f 8517/4/110 8526/5/3 8525/6/111
f 8515/7/563 8524/8/564 8523/9/565
f 8520/10/8 8519/11/9 8518/12/10
f 8522/13/765 8521/14/12 8516/15/567
f 8518/16/113 8527/17/568 8516/18/567
f 8525/19/111 8524/89/564 8528/21/569
f 8529/22/17 8541/23/17 8542/24/17
f 8531/25/117 8540/26/34 8539/27/118
f 8529/28/21 8538/29/22 8537/30/23
f 8534/31/24 8533/32/35 8532/33/26
f 8536/34/27 8535/35/28 8530/36/29
f 8539/37/118 8538/55/22 8542/39/760
f 8532/40/125 8541/41/761 8530/42/29
f 8549/43/12 8551/44/33 8550/45/34
f 8552/46/26 8544/47/24 8543/48/35
f 8547/49/9 8553/50/10 8548/51/8
f 8554/52/36 8546/53/3 8545/54/28
f 8561/43/12 8563/44/33 8562/45/34
f 8564/46/26 8556/47/24 8555/48/35
f 8559/49/9 8565/50/10 8560/51/8
f 8566/52/36 8558/53/3 8557/54/28
f 8573/43/38 8575/44/33 8574/45/19
f 8576/46/26 8568/47/24 8567/48/35
f 8571/49/40 8577/50/10 8572/51/41
f 8578/52/36 8570/53/3 8569/54/28
f 8585/43/38 8587/44/33 8586/45/34
f 8588/46/26 8580/47/39 8579/48/35
f 8583/49/9 8589/50/10 8584/51/41
f 8590/52/36 8582/53/3 8581/54/42
f 8597/43/12 8599/44/33 8598/45/34
f 8600/46/26 8592/47/39 8591/48/35
f 8595/49/9 8601/50/10 8596/51/8
f 8602/52/36 8594/53/3 8593/54/42
f 8609/43/38 8611/44/33 8610/45/19
f 8612/46/26 8604/47/39 8603/48/25
f 8607/49/9 8613/50/10 8608/51/41
f 8614/52/36 8606/53/3 8605/54/42
f 9068/328/518 9315/329/519 9314/330/520
f 9068/328/518 9316/541/521 9315/329/519
f 9068/328/518 9318/542/522 9317/333/795
f 9068/328/518 9314/330/520 9319/334/520
f 9068/328/518 9319/334/520 9320/335/520
f 9068/328/518 9320/335/520 9318/542/522
f 9193/543/796 9322/333/797 9321/337/798
f 9193/543/796 9324/329/525 9323/544/799
f 9193/543/796 9325/495/800 9324/329/525
f 9193/543/796 9321/337/798 9326/335/426
f 9193/543/796 9326/335/426 9327/334/426
f 9193/543/796 9327/334/426 9325/495/800
f 9165/340/529 9069/545/762 9070/342/763
f 9165/340/529 9070/342/763 9071/504/520
f 9166/344/532 9072/345/520 9073/346/533
f 9166/344/532 9073/346/533 9074/360/534
f 9077/348/497 9085/349/497 9087/350/497
f 9065/351/497 9087/350/497 9067/351/497
f 9078/352/497 9064/351/497 9090/353/497
f 9100/46/26 9092/47/24 9091/48/25
f 9102/52/36 9094/53/3 9093/54/28
f 9095/49/40 9101/50/10 9096/51/8
f 9097/43/12 9099/44/33 9098/45/34
f 9103/1/1 9115/2/1 9116/3/1
f 9105/4/535 9114/5/37 9113/6/536
f 9103/7/5 9112/8/6 9111/9/7
f 9108/10/8 9107/11/40 9106/12/10
f 9110/13/11 9109/14/12 9104/15/13
f 9106/16/537 9115/92/538 9104/18/13
f 9116/21/539 9113/19/536 9112/89/6
f 9131/46/26 9123/47/24 9122/48/25
f 9117/49/9 9135/50/10 9140/51/8
f 9136/46/26 9120/47/24 9121/48/25
f 9128/43/38 9130/44/33 9129/45/19
f 9126/49/40 9132/50/10 9127/51/41
f 9133/52/36 9125/53/37 9124/54/28
f 9139/43/12 9137/44/33 9138/45/34
f 9134/52/36 9118/53/3 9119/54/28
f 9148/49/9 9142/50/10 9147/51/8
f 9143/46/26 9151/47/24 9152/48/35
f 9141/52/36 9149/53/3 9150/54/28
f 9146/43/38 9144/44/33 9145/45/34
f 9153/52/36 9161/53/3 9162/54/42
f 9158/43/38 9156/44/33 9157/45/34
f 9155/46/26 9163/47/39 9164/48/35
f 9160/49/9 9154/50/10 9159/51/41
f 9186/72/100 9167/73/100 9175/72/100
f 9168/74/100 9185/75/100 9171/75/100
f 9176/76/100 9174/77/100 9188/77/100
f 9175/72/100 9176/76/100 9186/72/100
f 9187/78/103 9186/79/103 9176/78/104
f 9173/81/100 9171/75/100 9185/75/100
f 9172/82/100 9173/81/100 9183/82/100
f 9184/83/103 9183/85/103 9173/83/104
f 9188/80/105 9187/78/105 9176/78/106
f 9185/84/105 9184/83/105 9173/83/106
f 9066/351/497 9090/353/497 9064/351/497
f 9089/356/497 9078/352/497 9090/353/497
f 9065/351/497 9077/348/497 9087/350/497
f 9290/340/426 9194/496/751 9195/503/744
f 9290/340/426 9195/503/744 9196/358/543
f 9291/344/543 9197/345/426 9198/346/752
f 9291/344/543 9198/346/752 9199/546/753
f 9324/500/801 9195/506/754 9323/547/799
f 9202/348/464 9210/349/464 9212/350/464
f 9190/351/464 9212/350/464 9192/351/464
f 9203/352/464 9189/351/464 9215/353/464
f 9225/46/68 9217/47/66 9216/48/80
f 9227/52/77 9219/53/81 9218/54/70
f 9220/49/51 9226/50/52 9221/51/76
f 9222/43/78 9224/44/75 9223/45/61
f 9228/1/43 9240/2/43 9241/3/43
f 9230/4/546 9239/5/45 9238/6/547
f 9228/7/755 9237/8/48 9236/9/49
f 9233/10/50 9232/11/51 9231/12/52
f 9235/13/53 9234/14/54 9229/15/55
f 9231/16/548 9240/307/549 9229/18/55
f 9238/19/547 9237/266/48 9241/21/550
f 9256/46/68 9248/47/66 9247/48/67
f 9242/49/51 9260/50/52 9265/51/50
f 9261/46/68 9245/47/66 9246/48/67
f 9253/43/78 9255/44/75 9254/45/61
f 9251/49/145 9257/50/52 9252/51/76
f 9258/52/77 9250/53/45 9249/54/70
f 9264/43/54 9262/44/75 9263/45/61
f 9259/52/77 9243/53/45 9244/54/70
f 9273/49/145 9267/50/52 9272/51/76
f 9268/46/68 9276/47/66 9277/48/80
f 9266/52/77 9274/53/81 9275/54/70
f 9271/43/78 9269/44/75 9270/45/61
f 9278/52/77 9286/53/45 9287/54/70
f 9283/43/78 9281/44/75 9282/45/61
f 9280/46/68 9288/47/66 9289/48/67
f 9285/49/145 9279/50/52 9284/51/76
f 9311/72/100 9292/73/100 9300/72/100
f 9293/74/100 9310/75/100 9296/75/100
f 9301/76/100 9299/77/100 9313/77/100
f 9300/72/100 9301/76/100 9311/72/100
f 9312/78/101 9311/79/101 9301/78/102
f 9298/81/100 9296/75/100 9310/75/100
f 9297/82/100 9298/81/100 9308/82/100
f 9309/83/101 9308/85/101 9298/83/102
f 9313/80/107 9312/78/107 9301/78/108
f 9310/84/107 9309/83/107 9298/83/108
f 9191/351/464 9215/353/464 9189/351/464
f 9214/356/464 9203/352/464 9215/353/464
f 9190/351/464 9202/348/464 9212/350/464
f 9334/43/78 9336/44/75 9335/45/61
f 9337/46/68 9329/47/66 9328/48/67
f 9332/49/51 9338/50/52 9333/51/76
f 9339/52/77 9331/53/45 9330/54/70
f 9340/1/554 9352/2/554 9353/3/554
f 9342/4/127 9351/5/45 9350/6/128
f 9340/7/555 9349/8/556 9348/9/557
f 9345/10/50 9344/11/51 9343/12/52
f 9347/13/756 9346/14/54 9341/15/559
f 9343/16/130 9352/17/560 9341/18/559
f 9353/21/561 9350/88/128 9349/89/556
f 9354/22/59 9366/23/59 9367/24/59
f 9356/25/134 9365/26/144 9364/27/135
f 9354/28/63 9363/29/64 9362/30/65
f 9359/31/66 9358/32/67 9357/33/68
f 9361/34/69 9360/35/70 9355/36/71
f 9364/37/135 9363/91/64 9367/39/512
f 9357/40/142 9366/509/513 9355/42/71
f 9374/43/54 9376/44/75 9375/45/61
f 9377/46/68 9369/47/79 9368/48/80
f 9372/49/51 9378/50/52 9373/51/50
f 9379/52/77 9371/53/45 9370/54/82
f 9386/43/54 9388/44/75 9387/45/61
f 9389/46/68 9381/47/66 9380/48/67
f 9384/49/51 9390/50/52 9385/51/50
f 9391/52/77 9383/53/45 9382/54/70
f 9398/43/78 9400/44/75 9399/45/144
f 9401/46/68 9393/47/66 9392/48/67
f 9396/49/145 9402/50/52 9397/51/76
f 9403/52/77 9395/53/45 9394/54/70
f 9410/43/54 9412/44/75 9411/45/61
f 9413/46/68 9405/47/66 9404/48/67
f 9408/49/145 9414/50/52 9409/51/76
f 9415/52/77 9407/53/81 9406/54/70
f 9422/43/54 9424/44/75 9423/45/61
f 9425/46/68 9417/47/79 9416/48/80
f 9420/49/145 9426/50/52 9421/51/50
f 9427/52/77 9419/53/81 9418/54/82
f 9434/43/54 9436/44/75 9435/45/61
f 9437/46/68 9429/47/66 9428/48/67
f 9432/49/145 9438/50/52 9433/51/76
f 9439/52/77 9431/53/45 9430/54/82
f 9446/43/38 9448/44/33 9447/45/19
f 9449/46/26 9441/47/24 9440/48/35
f 9444/49/9 9450/50/10 9445/51/41
f 9451/52/36 9443/53/3 9442/54/28
f 9452/1/802 9464/2/802 9465/3/802
f 9454/4/110 9463/5/3 9462/6/111
f 9452/7/563 9461/8/564 9460/9/565
f 9457/10/8 9456/11/9 9455/12/10
f 9459/13/803 9458/14/12 9453/15/567
f 9455/16/113 9464/323/568 9453/18/567
f 9462/19/111 9461/363/564 9465/21/804
f 9466/22/17 9478/23/17 9479/24/17
f 9468/25/117 9477/26/34 9476/27/118
f 9466/28/759 9475/29/22 9474/30/23
f 9471/31/24 9470/32/35 9469/33/26
f 9473/34/27 9472/35/28 9467/36/29
f 9479/39/760 9476/548/118 9475/91/22
f 9469/40/125 9478/429/761 9467/42/29
f 9486/43/12 9488/44/33 9487/45/34
f 9489/46/26 9481/47/24 9480/48/35
f 9484/49/9 9490/50/10 9485/51/8
f 9491/52/36 9483/53/3 9482/54/28
f 9498/43/12 9500/44/33 9499/45/34
f 9501/46/26 9493/47/24 9492/48/35
f 9496/49/9 9502/50/10 9497/51/8
f 9503/52/36 9495/53/3 9494/54/28
f 9510/43/12 9512/44/33 9511/45/34
f 9513/46/26 9505/47/24 9504/48/35
f 9508/49/9 9514/50/10 9509/51/8
f 9515/52/36 9507/53/3 9506/54/28
f 9522/43/12 9524/44/33 9523/45/34
f 9525/46/26 9517/47/24 9516/48/35
f 9520/49/9 9526/50/10 9521/51/8
f 9527/52/36 9519/53/3 9518/54/28
f 9534/43/12 9536/44/33 9535/45/34
f 9537/46/26 9529/47/39 9528/48/35
f 9532/49/9 9538/50/10 9533/51/8
f 9539/52/36 9531/53/3 9530/54/42
f 9546/43/38 9548/44/33 9547/45/34
f 9549/46/26 9541/47/39 9540/48/35
f 9544/49/9 9550/50/10 9545/51/41
f 9551/52/36 9543/53/3 9542/54/42
f 2748/1603/100 3002/1604/100 3001/1605/100 2749/1606/100
f 2753/343/520 2748/367/532 2746/1607/532 2847/340/529
f 2754/345/520 2848/344/532 2747/1608/529 2749/371/529
f 2751/341/530 2847/340/529 2848/344/532 2756/347/534
f 2754/1609/1803 2996/1610/1804 2997/1611/1805 2755/1612/1806
f 2756/1613/1807 2755/1612/1806 2997/1611/1805 2998/1614/521
f 2751/1615/1808 2750/1616/518 2999/500/523 2752/1617/1809
f 2753/1618/1810 2752/1617/1809 2999/500/523 3000/1619/1811
f 2750/1616/518 2751/1615/1808 2756/1613/1807 2998/1614/521
f 3000/1619/1811 3002/1620/1812 2748/1621/1812 2753/1618/1810
f 2996/1610/1804 2754/1609/1803 2749/1622/1813 3001/1623/1813
f 2770/866/497 2772/353/497 2769/350/497 2768/865/497
f 2761/862/520 2765/861/520 2770/864/520 2768/863/520
f 2764/867/520 2758/868/520 2760/869/520 2771/870/520
f 2766/876/1343 2772/877/1343 2770/864/1343 2765/861/1343
f 2771/870/1344 2772/877/1344 2766/876/1344 2764/867/1344
f 2763/878/1343 2769/879/1343 2767/875/1343 2762/872/1343
f 2768/863/1344 2769/879/1344 2763/878/1344 2761/862/1344
f 2757/873/520 2762/872/520 2767/875/520 2759/874/520
f 2972/340/417 2871/1607/417 2747/1608/417 2848/344/417
f 2781/912/520 2783/913/520 2784/914/520 2782/915/520
f 2776/925/37 2784/926/36 2783/927/10 2777/928/40
f 2778/921/8 2783/922/10 2781/923/33 2779/924/12
f 2774/929/24 2782/930/26 2784/931/36 2775/932/28
f 2773/920/25 2780/917/19 2781/918/33 2782/919/26
f 2796/883/37 2787/880/535 2788/881/10 2789/882/40
f 2786/884/13 2785/885/5 2793/886/7 2792/887/11
f 2797/888/1814 2787/889/535 2795/355/536 2798/21/539
f 2788/16/537 2787/308/1815 2797/354/538
f 2786/18/13 2797/354/538 2785/1571/5
f 2812/912/520 2814/913/520 2815/914/520 2813/915/520
f 2785/895/5 2798/21/539 2794/89/6
f 2807/925/37 2815/926/36 2814/927/10 2808/928/40
f 2821/924/12 2822/921/8 2817/922/10 2819/923/33
f 2788/900/10 2786/901/13 2791/902/12 2790/903/8
f 2810/924/38 2809/921/41 2814/922/10 2812/923/33
f 2805/929/24 2813/930/26 2815/931/36 2806/932/28
f 2800/925/3 2816/926/36 2817/927/10 2799/928/9
f 2811/917/19 2812/918/33 2813/919/26 2804/920/25
f 2819/912/520 2817/913/520 2816/914/520 2818/915/520
f 2802/929/24 2818/930/26 2816/931/36 2801/932/28
f 2803/920/25 2820/917/19 2819/918/33 2818/919/26
f 2826/912/520 2824/913/520 2823/914/520 2825/915/520
f 2829/921/41 2824/922/10 2826/923/33 2828/924/38
f 2832/932/28 2833/929/24 2825/930/26 2823/931/36
f 2834/920/35 2827/917/19 2826/918/33 2825/919/26
f 2831/925/37 2823/926/36 2824/927/10 2830/928/40
f 2838/912/520 2836/913/520 2835/914/520 2837/915/520
f 2844/932/42 2845/929/24 2837/930/26 2835/931/36
f 2841/921/41 2836/922/10 2838/923/33 2840/924/12
f 2842/928/40 2843/925/37 2835/926/36 2836/927/10
f 2839/917/34 2838/918/33 2837/919/26 2846/920/35
f 2861/421/487 2864/425/487 2863/1018/487 2859/1019/487
f 2862/1024/487 2864/425/487 2847/424/487 2852/1025/487
f 2852/1028/520 2850/1029/520 2853/1030/520 2862/1031/520
f 2854/82/100 2865/82/100 2870/77/100 2856/77/100
f 2860/1017/520 2857/1016/520 2849/1015/520 2851/1014/520
f 2863/1023/520 2854/1022/520 2856/1021/520 2859/1020/520
f 2860/1026/487 2851/1027/487 2848/420/487 2861/421/487
f 2855/1034/1787 2854/1022/1787 2863/1023/1787 2864/1035/1787
f 2862/1031/1788 2853/1030/1788 2855/1034/1788 2864/1035/1788
f 2858/1032/1787 2857/1016/1787 2860/1017/1787 2861/1033/1787
f 2859/1020/1788 2856/1021/1788 2858/1032/1788 2861/1033/1788
f 2861/421/487 2848/420/487 2847/424/487 2864/425/487
f 2872/351/420 2746/871/420 2760/352/420 2884/348/420
f 2852/1025/420 2847/424/420 2973/420/420 2976/1027/420
f 2758/868/420 2882/873/420 2884/874/420 2760/869/420
f 2850/1029/420 2852/1028/420 2976/1014/420 2974/1015/420
f 2867/75/100 2850/74/100 2974/73/100 2993/72/100
f 2866/1037/105 2867/84/105 2993/79/101 2994/78/101
f 2851/1027/417 2977/1025/417 2972/424/417 2848/420/417
f 2769/350/497 2772/353/497 2748/351/497 2749/351/497
f 2973/344/420 2847/340/420 2746/1607/420 2872/1608/420
f 2990/85/101 2991/83/101 2869/1036/105 2870/80/105
f 2874/1606/100 2873/1603/100 3009/1604/100 3008/1605/100
f 2878/358/426 2873/367/543 2871/1607/543 2972/340/540
f 2879/359/426 2973/344/543 2872/1608/540 2874/371/540
f 2972/340/540 2973/344/543 2881/360/545 2876/357/541
f 2879/1624/1816 3003/1610/1817 3004/1611/1818 2880/1612/1819
f 2881/1625/1820 2880/1612/1819 3004/1611/1818 3005/1626/526
f 2876/1627/1821 2875/1616/524 3006/500/528 2877/1617/1822
f 2878/1628/1823 2877/1617/1822 3006/500/528 3007/1629/1824
f 2875/1616/524 2876/1627/1821 2881/1625/1820 3005/1626/526
f 3007/1629/1824 3009/1620/1825 2873/1621/1825 2878/1628/1823
f 3003/1610/1817 2879/1624/1816 2874/1622/1826 3008/1623/1826
f 2895/866/464 2897/353/464 2894/350/464 2893/865/464
f 2886/862/426 2890/861/426 2895/864/426 2893/863/426
f 2889/867/426 2883/868/426 2885/869/426 2896/870/426
f 2891/876/1392 2897/877/1392 2895/864/1392 2890/861/1392
f 2896/870/1393 2897/877/1393 2891/876/1393 2889/867/1393
f 2888/878/1341 2894/879/1341 2892/875/1341 2887/872/1341
f 2893/863/1342 2894/879/1342 2888/878/1342 2886/862/1342
f 2882/873/426 2887/872/426 2892/875/426 2884/874/426
f 2871/871/417 2885/352/417 2759/348/417 2747/351/417
f 2906/912/426 2908/913/426 2909/914/426 2907/915/426
f 2901/925/81 2909/926/77 2908/927/52 2902/928/51
f 2903/921/50 2908/922/52 2906/923/75 2904/924/78
f 2899/929/66 2907/930/68 2909/931/77 2900/932/70
f 2898/920/67 2905/917/61 2906/918/75 2907/919/68
f 2921/883/81 2912/880/546 2913/881/52 2914/882/145
f 2911/884/55 2910/885/47 2918/886/49 2917/887/53
f 2922/888/1827 2912/889/546 2920/361/547 2923/21/550
f 2913/16/548 2912/308/1828 2922/294/549
f 2911/18/55 2922/294/549 2910/1047/47
f 2937/912/426 2939/913/426 2940/914/426 2938/915/426
f 2910/1048/47 2923/21/550 2919/89/48
f 2932/925/81 2940/926/77 2939/927/52 2933/928/145
f 2946/924/54 2947/921/50 2942/922/52 2944/923/75
f 2913/900/52 2911/901/55 2916/902/54 2915/903/50
f 2934/921/76 2939/922/52 2937/923/75 2935/924/78
f 2930/929/66 2938/930/68 2940/931/77 2931/932/70
f 2925/925/45 2941/926/77 2942/927/52 2924/928/51
f 2936/917/61 2937/918/75 2938/919/68 2929/920/67
f 2944/912/426 2942/913/426 2941/914/426 2943/915/426
f 2927/929/66 2943/930/68 2941/931/77 2926/932/70
f 2928/920/67 2945/917/61 2944/918/75 2943/919/68
f 2951/912/426 2949/913/426 2948/914/426 2950/915/426
f 2954/921/76 2949/922/52 2951/923/75 2953/924/78
f 2957/932/70 2958/929/66 2950/930/68 2948/931/77
f 2959/920/80 2952/917/61 2951/918/75 2950/919/68
f 2956/925/81 2948/926/77 2949/927/52 2955/928/51
f 2963/912/426 2961/913/426 2960/914/426 2962/915/426
f 2969/932/82 2970/929/79 2962/930/68 2960/931/77
f 2966/921/76 2961/922/52 2963/923/75 2965/924/78
f 2967/928/51 2968/925/45 2960/926/77 2961/927/52
f 2971/920/67 2964/917/61 2963/918/75 2962/919/68
f 2986/421/492 2989/425/492 2988/1018/492 2984/1019/492
f 2987/1024/492 2989/425/492 2972/424/492 2977/1025/492
f 2977/1028/426 2975/1029/426 2978/1030/426 2987/1031/426
f 2979/82/100 2990/82/100 2995/77/100 2981/77/100
f 2985/1017/426 2982/1016/426 2974/1015/426 2976/1014/426
f 2988/1023/426 2979/1022/426 2981/1021/426 2984/1020/426
f 2985/1026/492 2976/1027/492 2973/420/492 2986/421/492
f 2980/1034/1392 2979/1022/1392 2988/1023/1392 2989/1035/1392
f 2987/1031/1393 2978/1030/1393 2980/1034/1393 2989/1035/1393
f 2983/1032/1392 2982/1016/1392 2985/1017/1392 2986/1033/1392
f 2984/1020/1393 2981/1021/1393 2983/1032/1393 2986/1033/1393
f 2986/421/492 2973/420/492 2972/424/492 2989/425/492
f 2885/869/417 2883/868/417 2757/873/417 2759/874/417
f 2975/1029/417 2977/1028/417 2851/1014/417 2849/1015/417
f 2992/75/100 2975/74/100 2849/73/100 2868/72/100
f 2991/1037/107 2992/84/107 2868/79/103 2869/78/103
f 2894/350/464 2897/353/464 2873/351/464 2874/351/464
f 2990/82/100 2870/77/100 2865/82/100 2995/77/100
f 2865/85/103 2866/83/103 2994/1036/107 2995/80/107
f 3018/912/426 3020/913/426 3021/914/426 3019/915/426
f 3017/917/61 3018/918/75 3019/919/68 3010/920/67
f 3015/921/76 3020/922/52 3018/923/75 3016/924/54
f 3014/928/51 3013/925/45 3021/926/77 3020/927/52
f 3012/932/70 3011/929/66 3019/930/68 3021/931/77
f 3024/880/127 3025/881/52 3026/882/51 3033/883/45
f 3023/884/55 3022/885/47 3030/886/49 3029/887/53
f 3034/888/1397 3024/889/127 3032/88/128 3035/21/132
f 3025/16/130 3024/308/1398 3034/307/131
f 3023/18/55 3034/307/131 3022/1630/47
f 3038/891/134 3039/892/68 3040/893/80 3047/894/144
f 3022/1631/47 3035/21/132 3031/89/48
f 3043/899/551 3037/896/140 3036/897/136 3044/898/138
f 3027/903/50 3025/900/52 3023/901/55 3028/902/54
f 3039/904/68 3037/905/140 3042/906/82 3041/907/79
f 3039/40/142 3038/908/1399 3048/362/143
f 3048/909/1400 3038/910/134 3046/37/135 3049/39/141
f 3037/42/140 3048/362/143 3036/1632/136
f 3058/912/426 3060/913/426 3061/914/426 3059/915/426
f 3036/1633/136 3049/39/141 3045/91/137
f 3057/917/144 3058/918/75 3059/919/68 3050/920/67
f 3055/921/76 3060/922/52 3058/923/75 3056/924/78
f 3054/928/51 3053/925/45 3061/926/77 3060/927/52
f 3052/932/70 3051/929/66 3059/930/68 3061/931/77
f 3070/912/426 3072/913/426 3073/914/426 3071/915/426
f 3069/917/61 3070/918/75 3071/919/68 3062/920/67
f 3067/921/76 3072/922/52 3070/923/75 3068/924/54
f 3066/928/51 3065/925/45 3073/926/77 3072/927/52
f 3063/929/66 3071/930/68 3073/931/77 3064/932/70
f 3082/912/426 3084/913/426 3085/914/426 3083/915/426
f 3081/917/144 3082/918/75 3083/919/68 3074/920/80
f 3080/924/78 3079/921/76 3084/922/52 3082/923/75
f 3077/925/81 3085/926/77 3084/927/52 3078/928/145
f 3075/929/79 3083/930/68 3085/931/77 3076/932/82
f 3094/912/426 3096/913/426 3097/914/426 3095/915/426
f 3093/917/61 3094/918/75 3095/919/68 3086/920/67
f 3092/924/78 3091/921/76 3096/922/52 3094/923/75
f 3090/928/145 3089/925/81 3097/926/77 3096/927/52
f 3087/929/79 3095/930/68 3097/931/77 3088/932/82
f 3106/912/426 3108/913/426 3109/914/426 3107/915/426
f 3105/917/144 3106/918/75 3107/919/68 3098/920/80
f 3103/921/76 3108/922/52 3106/923/75 3104/924/78
f 3101/925/81 3109/926/77 3108/927/52 3102/928/145
f 3099/929/79 3107/930/68 3109/931/77 3100/932/82
f 3118/912/426 3120/913/426 3121/914/426 3119/915/426
f 3110/920/80 3117/917/144 3118/918/75 3119/919/68
f 3115/921/76 3120/922/52 3118/923/75 3116/924/78
f 3113/925/45 3121/926/77 3120/927/52 3114/928/51
f 3112/932/82 3111/929/79 3119/930/68 3121/931/77
f 3130/912/520 3132/913/520 3133/914/520 3131/915/520
f 3129/917/19 3130/918/33 3131/919/26 3122/920/25
f 3127/921/41 3132/922/10 3130/923/33 3128/924/38
f 3126/928/9 3125/925/3 3133/926/36 3132/927/10
f 3123/929/24 3131/930/26 3133/931/36 3124/932/28
f 3136/880/110 3137/881/10 3138/882/9 3145/883/3
f 3135/884/13 3134/885/112 3142/886/7 3141/887/552
f 3146/888/1394 3136/889/110 3144/19/111 3147/21/115
f 3137/16/113 3136/308/1395 3146/295/114
f 3135/18/13 3146/295/114 3134/1444/112
f 3150/891/117 3151/892/26 3152/893/35 3159/894/34
f 3134/1445/112 3147/21/115 3143/363/6
f 3155/899/553 3149/896/123 3148/897/499 3156/898/121
f 3137/900/10 3135/901/13 3140/902/12 3139/903/8
f 3151/904/26 3149/905/123 3154/906/42 3153/907/39
f 3151/40/125 3150/908/476 3160/265/126
f 3160/909/1396 3150/910/117 3158/37/118 3161/39/124
f 3149/42/123 3160/265/126 3148/1634/499
f 3170/912/520 3172/913/520 3173/914/520 3171/915/520
f 3148/1635/499 3161/39/124 3157/364/120
f 3169/917/34 3170/918/33 3171/919/26 3162/920/35
f 3168/924/12 3167/921/8 3172/922/10 3170/923/33
f 3166/928/9 3165/925/3 3173/926/36 3172/927/10
f 3163/929/24 3171/930/26 3173/931/36 3164/932/28
f 3182/912/520 3184/913/520 3185/914/520 3183/915/520
f 3181/917/34 3182/918/33 3183/919/26 3174/920/35
f 3179/921/8 3184/922/10 3182/923/33 3180/924/12
f 3178/928/9 3177/925/3 3185/926/36 3184/927/10
f 3176/932/28 3175/929/24 3183/930/26 3185/931/36
f 3194/912/520 3196/913/520 3197/914/520 3195/915/520
f 3193/917/34 3194/918/33 3195/919/26 3186/920/35
f 3191/921/8 3196/922/10 3194/923/33 3192/924/12
f 3189/925/3 3197/926/36 3196/927/10 3190/928/9
f 3188/932/28 3187/929/24 3195/930/26 3197/931/36
f 3206/912/520 3208/913/520 3209/914/520 3207/915/520
f 3205/917/34 3206/918/33 3207/919/26 3198/920/35
f 3204/924/12 3203/921/41 3208/922/10 3206/923/33
f 3201/925/3 3209/926/36 3208/927/10 3202/928/9
f 3199/929/24 3207/930/26 3209/931/36 3200/932/28
f 3218/912/520 3220/913/520 3221/914/520 3219/915/520
f 3210/920/35 3217/917/34 3218/918/33 3219/919/26
f 3215/921/41 3220/922/10 3218/923/33 3216/924/12
f 3214/928/9 3213/925/3 3221/926/36 3220/927/10
f 3211/929/24 3219/930/26 3221/931/36 3212/932/42
f 3230/912/520 3232/913/520 3233/914/520 3231/915/520
f 3222/920/35 3229/917/34 3230/918/33 3231/919/26
f 3227/921/41 3232/922/10 3230/923/33 3228/924/38
f 3225/925/3 3233/926/36 3232/927/10 3226/928/9
f 3224/932/42 3223/929/39 3231/930/26 3233/931/36
f 7286/1606/100 7285/1603/100 7539/1604/100 7538/1605/100
f 7290/358/532 7285/367/532 7283/1607/532 7384/340/520
f 7291/498/520 7385/344/532 7284/1608/529 7286/371/529
f 7384/340/520 7385/344/532 7293/499/749 7288/496/747
f 7291/1624/1803 7533/1610/1804 7534/1611/2097 7292/1612/2098
f 7293/1906/2099 7292/1612/2098 7534/1611/2097 7535/1907/740
f 7290/1628/2100 7289/501/750 7536/500/741 7537/1908/2101
f 7287/502/737 7289/501/750 7288/1909/2102
f 7535/1907/740 7287/502/737 7288/1909/2102 7293/1906/2099
f 7537/1908/2101 7539/1620/1812 7285/1621/1812 7290/1628/2100
f 7533/1610/1804 7291/1624/1803 7286/1622/1813 7538/1623/1813
f 7305/865/497 7307/866/497 7309/353/497 7306/350/497
f 7298/862/520 7302/861/520 7307/864/520 7305/863/520
f 7301/867/520 7295/868/520 7297/869/520 7308/870/520
f 7303/876/1343 7309/877/1343 7307/864/1343 7302/861/1343
f 7308/870/1344 7309/877/1344 7303/876/1344 7301/867/1344
f 7300/878/1343 7306/879/1343 7304/875/1343 7299/872/1343
f 7305/863/1344 7306/879/1344 7300/878/1344 7298/862/1344
f 7294/873/520 7299/872/520 7304/875/520 7296/874/520
f 7385/344/417 7509/340/417 7408/1607/417 7284/1608/417
f 7318/912/520 7320/913/520 7321/914/520 7319/915/520
f 7313/925/37 7321/926/36 7320/927/10 7314/928/40
f 7315/921/41 7320/922/10 7318/923/33 7316/924/12
f 7312/932/28 7311/929/24 7319/930/26 7321/931/36
f 7317/917/34 7318/918/33 7319/919/26 7310/920/35
f 7333/883/37 7324/880/535 7325/881/10 7326/882/9
f 7323/884/13 7322/885/112 7330/886/7 7329/887/11
f 7334/888/1814 7324/889/535 7332/19/536 7335/21/539
f 7325/16/537 7324/308/1815 7334/354/538
f 7323/18/13 7334/354/538 7322/1910/112
f 7349/912/520 7351/913/520 7352/914/520 7350/915/520
f 7322/1911/112 7335/21/539 7331/365/6
f 7344/925/37 7352/926/36 7351/927/10 7345/928/40
f 7359/921/8 7354/922/10 7356/923/33 7358/924/12
f 7327/903/8 7325/900/10 7323/901/13 7328/902/12
f 7347/924/38 7346/921/41 7351/922/10 7349/923/33
f 7342/929/24 7350/930/26 7352/931/36 7343/932/28
f 7337/925/3 7353/926/36 7354/927/10 7336/928/9
f 7348/917/19 7349/918/33 7350/919/26 7341/920/25
f 7356/912/520 7354/913/520 7353/914/520 7355/915/520
f 7339/929/24 7355/930/26 7353/931/36 7338/932/28
f 7340/920/35 7357/917/34 7356/918/33 7355/919/26
f 7363/912/520 7361/913/520 7360/914/520 7362/915/520
f 7366/921/41 7361/922/10 7363/923/33 7365/924/38
f 7369/932/28 7370/929/24 7362/930/26 7360/931/36
f 7364/917/34 7363/918/33 7362/919/26 7371/920/35
f 7368/925/37 7360/926/36 7361/927/10 7367/928/40
f 7375/912/520 7373/913/520 7372/914/520 7374/915/520
f 7382/929/39 7374/930/26 7372/931/36 7381/932/42
f 7378/921/41 7373/922/10 7375/923/33 7377/924/38
f 7379/928/40 7380/925/37 7372/926/36 7373/927/10
f 7376/917/19 7375/918/33 7374/919/26 7383/920/35
f 7396/1019/487 7398/421/487 7401/425/487 7400/1018/487
f 7399/1024/487 7401/425/487 7384/424/487 7389/1025/487
f 7389/1028/520 7387/1029/520 7390/1030/520 7399/1031/520
f 7391/82/100 7402/82/100 7407/77/100 7393/77/100
f 7397/1017/520 7394/1016/520 7386/1015/520 7388/1014/520
f 7400/1023/520 7391/1022/520 7393/1021/520 7396/1020/520
f 7397/1026/487 7388/1027/487 7385/420/487 7398/421/487
f 7392/1034/1343 7391/1022/1343 7400/1023/1343 7401/1035/1343
f 7399/1031/1344 7390/1030/1344 7392/1034/1344 7401/1035/1344
f 7395/1032/1343 7394/1016/1343 7397/1017/1343 7398/1033/1343
f 7396/1020/1344 7393/1021/1344 7395/1032/1344 7398/1033/1344
f 7398/421/487 7385/420/487 7384/424/487 7401/425/487
f 7409/351/420 7283/871/420 7297/352/420 7421/348/420
f 7513/1027/420 7389/1025/420 7384/424/420 7510/420/420
f 7295/868/420 7419/873/420 7421/874/420 7297/869/420
f 7511/1015/420 7387/1029/420 7389/1028/420 7513/1014/420
f 7404/75/100 7387/74/100 7511/73/100 7530/72/100
f 7403/1037/105 7404/84/105 7530/79/101 7531/78/101
f 7385/420/417 7388/1027/417 7514/1025/417 7509/424/417
f 7309/353/497 7285/351/497 7286/351/497 7306/350/497
f 7384/340/420 7283/1607/420 7409/1608/420 7510/344/420
f 7527/85/101 7528/83/101 7406/1036/105 7407/80/105
f 7410/1603/100 7546/1604/100 7545/1605/100 7411/1606/100
f 7415/504/543 7410/367/543 7408/1607/543 7509/340/426
f 7416/505/426 7510/344/543 7409/1608/540 7411/371/540
f 7509/340/426 7510/344/543 7418/499/753 7413/496/751
f 7416/1912/1816 7540/1610/1817 7541/1611/2103 7417/1612/2104
f 7418/1906/2105 7417/1612/2104 7541/1611/2103 7542/1907/745
f 7415/1618/2106 7414/506/754 7543/500/746 7544/1629/2107
f 7412/507/742 7414/506/754 7413/1909/2108
f 7542/1907/745 7412/507/742 7413/1909/2108 7418/1906/2105
f 7544/1629/2107 7546/1620/1825 7410/1621/1825 7415/1618/2106
f 7540/1610/1817 7416/1912/1816 7411/1622/1826 7545/1623/1826
f 7432/866/464 7434/353/464 7431/350/464 7430/865/464
f 7423/862/426 7427/861/426 7432/864/426 7430/863/426
f 7426/867/426 7420/868/426 7422/869/426 7433/870/426
f 7428/876/1392 7434/877/1392 7432/864/1392 7427/861/1392
f 7433/870/1393 7434/877/1393 7428/876/1393 7426/867/1393
f 7425/878/1341 7431/879/1341 7429/875/1341 7424/872/1341
f 7430/863/1342 7431/879/1342 7425/878/1342 7423/862/1342
f 7419/873/426 7424/872/426 7429/875/426 7421/874/426
f 7408/871/417 7422/352/417 7296/348/417 7284/351/417
f 7443/912/426 7445/913/426 7446/914/426 7444/915/426
f 7438/925/81 7446/926/77 7445/927/52 7439/928/145
f 7440/921/76 7445/922/52 7443/923/75 7441/924/78
f 7436/929/66 7444/930/68 7446/931/77 7437/932/70
f 7442/917/61 7443/918/75 7444/919/68 7435/920/67
f 7458/883/81 7449/880/546 7450/881/52 7451/882/51
f 7448/884/55 7447/885/755 7455/886/49 7454/887/53
f 7459/888/1827 7449/889/546 7457/19/547 7460/21/550
f 7450/16/548 7449/308/1828 7459/294/549
f 7448/18/55 7459/294/549 7447/1047/755
f 7474/912/426 7476/913/426 7477/914/426 7475/915/426
f 7447/1048/755 7460/21/550 7456/89/48
f 7469/925/81 7477/926/77 7476/927/52 7470/928/145
f 7484/921/50 7479/922/52 7481/923/75 7483/924/54
f 7450/900/52 7448/901/55 7453/902/54 7452/903/50
f 7471/921/76 7476/922/52 7474/923/75 7472/924/78
f 7467/929/66 7475/930/68 7477/931/77 7468/932/70
f 7462/925/45 7478/926/77 7479/927/52 7461/928/51
f 7473/917/144 7474/918/75 7475/919/68 7466/920/67
f 7481/912/426 7479/913/426 7478/914/426 7480/915/426
f 7464/929/66 7480/930/68 7478/931/77 7463/932/70
f 7465/920/67 7482/917/61 7481/918/75 7480/919/68
f 7488/912/426 7486/913/426 7485/914/426 7487/915/426
f 7491/921/76 7486/922/52 7488/923/75 7490/924/78
f 7494/932/70 7495/929/66 7487/930/68 7485/931/77
f 7489/917/144 7488/918/75 7487/919/68 7496/920/80
f 7492/928/145 7493/925/45 7485/926/77 7486/927/52
f 7500/912/426 7498/913/426 7497/914/426 7499/915/426
f 7506/932/70 7507/929/66 7499/930/68 7497/931/77
f 7503/921/50 7498/922/52 7500/923/75 7502/924/78
f 7505/925/45 7497/926/77 7498/927/52 7504/928/145
f 7501/917/144 7500/918/75 7499/919/68 7508/920/67
f 7523/421/492 7526/425/492 7525/1018/492 7521/1019/492
f 7524/1024/492 7526/425/492 7509/424/492 7514/1025/492
f 7514/1028/426 7512/1029/426 7515/1030/426 7524/1031/426
f 7516/82/100 7527/82/100 7532/77/100 7518/77/100
f 7522/1017/426 7519/1016/426 7511/1015/426 7513/1014/426
f 7525/1023/426 7516/1022/426 7518/1021/426 7521/1020/426
f 7522/1026/492 7513/1027/492 7510/420/492 7523/421/492
f 7517/1034/1392 7516/1022/1392 7525/1023/1392 7526/1035/1392
f 7524/1031/1393 7515/1030/1393 7517/1034/1393 7526/1035/1393
f 7520/1032/1341 7519/1016/1341 7522/1017/1341 7523/1033/1341
f 7521/1020/1342 7518/1021/1342 7520/1032/1342 7523/1033/1342
f 7523/421/492 7510/420/492 7509/424/492 7526/425/492
f 7422/869/417 7420/868/417 7294/873/417 7296/874/417
f 7512/1029/417 7514/1028/417 7388/1014/417 7386/1015/417
f 7529/75/100 7512/74/100 7386/73/100 7405/72/100
f 7528/1037/107 7529/84/107 7405/79/103 7406/78/103
f 7431/350/464 7434/353/464 7410/351/464 7411/351/464
f 7407/77/100 7402/82/100 7532/77/100 7527/82/100
f 7532/80/107 7402/85/103 7403/83/103 7531/1036/107
f 7555/912/426 7557/913/426 7558/914/426 7556/915/426
f 7554/917/61 7555/918/75 7556/919/68 7547/920/67
f 7552/921/76 7557/922/52 7555/923/75 7553/924/78
f 7551/928/51 7550/925/45 7558/926/77 7557/927/52
f 7549/932/70 7548/929/66 7556/930/68 7558/931/77
f 7561/880/127 7562/881/52 7563/882/145 7570/883/81
f 7566/887/756 7560/884/559 7559/885/555 7567/886/557
f 7571/888/1397 7561/889/127 7569/19/128 7572/21/757
f 7562/16/130 7561/308/1398 7571/508/560
f 7560/18/559 7571/508/560 7559/1899/555
f 7575/891/134 7576/892/68 7577/893/67 7584/894/61
f 7559/1900/555 7572/21/757 7568/365/556
f 7574/896/71 7573/897/63 7581/898/65 7580/899/758
f 7564/903/76 7562/900/52 7560/901/559 7565/902/54
f 7576/904/68 7574/905/71 7579/906/70 7578/907/66
f 7576/40/142 7575/908/1399 7585/509/513
f 7585/909/1400 7575/910/134 7583/37/135 7586/39/512
f 7574/42/71 7585/509/513 7573/1638/63
f 7595/912/426 7597/913/426 7598/914/426 7596/915/426
f 7573/916/63 7586/39/512 7582/91/64
f 7594/917/61 7595/918/75 7596/919/68 7587/920/67
f 7592/921/50 7597/922/52 7595/923/75 7593/924/54
f 7590/925/45 7598/926/77 7597/927/52 7591/928/51
f 7589/932/70 7588/929/66 7596/930/68 7598/931/77
f 7607/912/426 7609/913/426 7610/914/426 7608/915/426
f 7606/917/61 7607/918/75 7608/919/68 7599/920/67
f 7604/921/50 7609/922/52 7607/923/75 7605/924/54
f 7602/925/45 7610/926/77 7609/927/52 7603/928/51
f 7600/929/66 7608/930/68 7610/931/77 7601/932/70
f 7619/912/426 7621/913/426 7622/914/426 7620/915/426
f 7618/917/144 7619/918/75 7620/919/68 7611/920/67
f 7617/924/78 7616/921/76 7621/922/52 7619/923/75
f 7614/925/45 7622/926/77 7621/927/52 7615/928/145
f 7612/929/66 7620/930/68 7622/931/77 7613/932/70
f 7631/912/426 7633/913/426 7634/914/426 7632/915/426
f 7630/917/144 7631/918/75 7632/919/68 7623/920/67
f 7629/924/78 7628/921/76 7633/922/52 7631/923/75
f 7626/925/81 7634/926/77 7633/927/52 7627/928/51
f 7624/929/79 7632/930/68 7634/931/77 7625/932/82
f 7643/912/426 7645/913/426 7646/914/426 7644/915/426
f 7635/920/67 7642/917/61 7643/918/75 7644/919/68
f 7640/921/50 7645/922/52 7643/923/75 7641/924/54
f 7638/925/45 7646/926/77 7645/927/52 7639/928/51
f 7637/932/82 7636/929/66 7644/930/68 7646/931/77
f 7655/912/426 7657/913/426 7658/914/426 7656/915/426
f 7654/917/61 7655/918/75 7656/919/68 7647/920/67
f 7652/921/50 7657/922/52 7655/923/75 7653/924/54
f 7650/925/45 7658/926/77 7657/927/52 7651/928/51
f 7649/932/82 7648/929/66 7656/930/68 7658/931/77
f 7667/912/520 7669/913/520 7670/914/520 7668/915/520
f 7659/920/35 7666/917/19 7667/918/33 7668/919/26
f 7665/924/38 7664/921/41 7669/922/10 7667/923/33
f 7662/925/3 7670/926/36 7669/927/10 7663/928/9
f 7660/929/24 7668/930/26 7670/931/36 7661/932/28
f 7673/880/110 7674/881/10 7675/882/9 7682/883/3
f 7678/887/566 7672/884/567 7671/885/563 7679/886/565
f 7683/888/1394 7673/889/110 7681/19/111 7684/21/569
f 7674/16/113 7673/308/1395 7683/294/568
f 7672/18/567 7683/294/568 7671/1640/563
f 7687/891/117 7688/892/26 7689/893/35 7696/894/34
f 7671/1641/563 7684/21/569 7680/89/564
f 7686/896/29 7685/897/759 7693/898/23 7692/899/27
f 7674/900/10 7672/901/567 7677/902/38 7676/903/8
f 7688/904/26 7686/905/29 7691/906/28 7690/907/24
f 7688/40/125 7687/908/476 7697/429/761
f 7697/909/1396 7687/910/117 7695/90/118 7698/39/760
f 7686/42/29 7697/429/761 7685/1913/759
f 7707/912/520 7709/913/520 7710/914/520 7708/915/520
f 7685/934/759 7698/39/760 7694/91/22
f 7706/917/34 7707/918/33 7708/919/26 7699/920/35
f 7705/924/12 7704/921/8 7709/922/10 7707/923/33
f 7702/925/3 7710/926/36 7709/927/10 7703/928/9
f 7700/929/24 7708/930/26 7710/931/36 7701/932/28
f 7719/912/520 7721/913/520 7722/914/520 7720/915/520
f 7718/917/34 7719/918/33 7720/919/26 7711/920/35
f 7717/924/12 7716/921/8 7721/922/10 7719/923/33
f 7714/925/3 7722/926/36 7721/927/10 7715/928/9
f 7712/929/24 7720/930/26 7722/931/36 7713/932/28
f 7731/912/520 7733/913/520 7734/914/520 7732/915/520
f 7730/917/34 7731/918/33 7732/919/26 7723/920/35
f 7728/921/8 7733/922/10 7731/923/33 7729/924/12
f 7726/925/3 7734/926/36 7733/927/10 7727/928/9
f 7724/929/24 7732/930/26 7734/931/36 7725/932/28
f 7743/912/520 7745/913/520 7746/914/520 7744/915/520
f 7742/917/34 7743/918/33 7744/919/26 7735/920/35
f 7740/921/41 7745/922/10 7743/923/33 7741/924/12
f 7738/925/3 7746/926/36 7745/927/10 7739/928/9
f 7736/929/24 7744/930/26 7746/931/36 7737/932/28
f 7755/912/520 7757/913/520 7758/914/520 7756/915/520
f 7754/917/34 7755/918/33 7756/919/26 7747/920/35
f 7753/924/12 7752/921/8 7757/922/10 7755/923/33
f 7750/925/3 7758/926/36 7757/927/10 7751/928/9
f 7748/929/24 7756/930/26 7758/931/36 7749/932/42
f 7767/912/520 7769/913/520 7770/914/520 7768/915/520
f 7766/917/19 7767/918/33 7768/919/26 7759/920/25
f 7764/921/41 7769/922/10 7767/923/33 7765/924/38
f 7762/925/3 7770/926/36 7769/927/10 7763/928/9
f 7761/932/28 7760/929/24 7768/930/26 7770/931/36
f 8129/1603/100 8383/1604/100 8382/1605/100 8130/1606/100
f 8134/358/520 8129/367/532 8127/1607/532 8228/340/529
f 8135/345/520 8229/344/532 8128/1608/529 8130/371/529
f 8228/340/529 8229/344/532 8137/515/534 8132/514/762
f 8135/1609/1803 8377/1610/1804 8378/1611/1805 8136/1612/1806
f 8137/1916/1807 8136/1612/1806 8378/1611/1805 8379/1917/521
f 8132/1918/1808 8131/1616/518 8380/500/523 8133/1617/1809
f 8134/1919/1810 8133/1617/1809 8380/500/523 8381/1629/1811
f 8131/1616/518 8132/1918/1808 8137/1916/1807 8379/1917/521
f 8381/1629/1811 8383/1620/1812 8129/1621/1812 8134/1919/1810
f 8377/1610/1804 8135/1609/1803 8130/1622/1813 8382/1623/1813
f 8151/866/497 8153/353/497 8150/350/497 8149/865/497
f 8142/862/520 8146/861/520 8151/864/520 8149/863/520
f 8145/867/520 8139/868/520 8141/869/520 8152/870/520
f 8147/876/1343 8153/877/1343 8151/864/1343 8146/861/1343
f 8152/870/1344 8153/877/1344 8147/876/1344 8145/867/1344
f 8144/878/1343 8150/879/1343 8148/875/1343 8143/872/1343
f 8149/863/1344 8150/879/1344 8144/878/1344 8142/862/1344
f 8138/873/520 8143/872/520 8148/875/520 8140/874/520
f 8229/344/417 8353/340/417 8252/1607/417 8128/1608/417
f 8162/912/520 8164/913/520 8165/914/520 8163/915/520
f 8157/925/3 8165/926/36 8164/927/10 8158/928/40
f 8159/921/41 8164/922/10 8162/923/33 8160/924/38
f 8155/929/24 8163/930/26 8165/931/36 8156/932/28
f 8154/920/35 8161/917/19 8162/918/33 8163/919/26
f 8177/883/3 8168/880/535 8169/881/10 8170/882/40
f 8167/884/13 8166/885/5 8174/886/7 8173/887/11
f 8178/888/1814 8168/889/535 8176/19/536 8179/21/539
f 8169/16/537 8168/308/1815 8178/516/538
f 8167/18/13 8178/516/538 8166/890/5
f 8193/912/520 8195/913/520 8196/914/520 8194/915/520
f 8166/895/5 8179/21/539 8175/517/6
f 8188/925/37 8196/926/36 8195/927/10 8189/928/40
f 8203/921/8 8198/922/10 8200/923/33 8202/924/12
f 8171/903/8 8169/900/10 8167/901/13 8172/902/12
f 8190/921/41 8195/922/10 8193/923/33 8191/924/38
f 8187/932/28 8186/929/24 8194/930/26 8196/931/36
f 8181/925/3 8197/926/36 8198/927/10 8180/928/9
f 8185/920/25 8192/917/19 8193/918/33 8194/919/26
f 8200/912/520 8198/913/520 8197/914/520 8199/915/520
f 8182/932/28 8183/929/24 8199/930/26 8197/931/36
f 8184/920/35 8201/917/34 8200/918/33 8199/919/26
f 8207/912/520 8205/913/520 8204/914/520 8206/915/520
f 8210/921/41 8205/922/10 8207/923/33 8209/924/12
f 8213/932/42 8214/929/24 8206/930/26 8204/931/36
f 8215/920/35 8208/917/34 8207/918/33 8206/919/26
f 8212/925/37 8204/926/36 8205/927/10 8211/928/40
f 8219/912/520 8217/913/520 8216/914/520 8218/915/520
f 8226/929/24 8218/930/26 8216/931/36 8225/932/28
f 8222/921/41 8217/922/10 8219/923/33 8221/924/38
f 8223/928/40 8224/925/3 8216/926/36 8217/927/10
f 8220/917/19 8219/918/33 8218/919/26 8227/920/35
f 8240/1019/487 8242/421/487 8245/425/487 8244/1018/487
f 8243/1024/487 8245/425/487 8228/424/487 8233/1025/487
f 8233/1028/520 8231/1029/520 8234/1030/520 8243/1031/520
f 8235/82/100 8246/82/100 8251/77/100 8237/77/100
f 8241/1017/520 8238/1016/520 8230/1015/520 8232/1014/520
f 8244/1023/520 8235/1022/520 8237/1021/520 8240/1020/520
f 8241/1026/487 8232/1027/487 8229/420/487 8242/421/487
f 8236/1034/1343 8235/1022/1343 8244/1023/1343 8245/1035/1343
f 8243/1031/1344 8234/1030/1344 8236/1034/1344 8245/1035/1344
f 8239/1032/1343 8238/1016/1343 8241/1017/1343 8242/1033/1343
f 8240/1020/1344 8237/1021/1344 8239/1032/1344 8242/1033/1344
f 8242/421/487 8229/420/487 8228/424/487 8245/425/487
f 8253/351/420 8127/871/420 8141/352/420 8265/348/420
f 8357/1027/420 8233/1025/420 8228/424/420 8354/420/420
f 8139/868/420 8263/873/420 8265/874/420 8141/869/420
f 8355/1015/420 8231/1029/420 8233/1028/420 8357/1014/420
f 8248/75/100 8231/74/100 8355/73/100 8374/72/100
f 8247/1037/105 8248/84/105 8374/79/101 8375/78/101
f 8229/420/417 8232/1027/417 8358/1025/417 8353/424/417
f 8153/353/497 8129/351/497 8130/351/497 8150/350/497
f 8228/340/420 8127/1607/420 8253/1608/420 8354/344/420
f 8371/85/101 8372/83/101 8250/1036/105 8251/80/105
f 8254/1603/100 8390/1604/100 8389/1605/100 8255/1606/100
f 8259/358/426 8254/367/543 8252/1607/543 8353/340/540
f 8260/345/426 8354/344/543 8253/1608/540 8255/371/540
f 8353/340/540 8354/344/543 8262/515/545 8257/518/541
f 8260/1609/1816 8384/1610/1817 8385/1611/1818 8261/1612/1819
f 8262/1625/1820 8261/1612/1819 8385/1611/1818 8386/1917/526
f 8257/1920/1821 8256/1616/524 8387/500/528 8258/1617/1822
f 8259/1628/1823 8258/1617/1822 8387/500/528 8388/1629/1824
f 8256/1616/524 8257/1920/1821 8262/1625/1820 8386/1917/526
f 8388/1629/1824 8390/1620/1825 8254/1621/1825 8259/1628/1823
f 8384/1610/1817 8260/1609/1816 8255/1622/1826 8389/1623/1826
f 8276/866/464 8278/353/464 8275/350/464 8274/865/464
f 8267/862/426 8271/861/426 8276/864/426 8274/863/426
f 8270/867/426 8264/868/426 8266/869/426 8277/870/426
f 8272/876/1392 8278/877/1392 8276/864/1392 8271/861/1392
f 8277/870/1393 8278/877/1393 8272/876/1393 8270/867/1393
f 8269/878/1341 8275/879/1341 8273/875/1341 8268/872/1341
f 8274/863/1342 8275/879/1342 8269/878/1342 8267/862/1342
f 8263/873/426 8268/872/426 8273/875/426 8265/874/426
f 8252/871/417 8266/352/417 8140/348/417 8128/351/417
f 8287/912/426 8289/913/426 8290/914/426 8288/915/426
f 8282/925/45 8290/926/77 8289/927/52 8283/928/145
f 8284/921/76 8289/922/52 8287/923/75 8285/924/78
f 8280/929/66 8288/930/68 8290/931/77 8281/932/70
f 8286/917/144 8287/918/75 8288/919/68 8279/920/67
f 8302/883/45 8293/880/546 8294/881/52 8295/882/51
f 8292/884/55 8291/885/755 8299/886/49 8298/887/53
f 8303/888/1827 8293/889/546 8301/519/547 8304/21/550
f 8294/16/548 8293/308/1828 8303/87/549
f 8292/18/55 8303/87/549 8291/1044/755
f 8318/912/426 8320/913/426 8321/914/426 8319/915/426
f 8291/326/755 8304/21/550 8300/89/48
f 8314/928/145 8313/925/81 8321/926/77 8320/927/52
f 8328/921/50 8323/922/52 8325/923/75 8327/924/54
f 8296/903/50 8294/900/52 8292/901/55 8297/902/54
f 8315/921/76 8320/922/52 8318/923/75 8316/924/78
f 8311/929/66 8319/930/68 8321/931/77 8312/932/70
f 8306/925/45 8322/926/77 8323/927/52 8305/928/51
f 8317/917/61 8318/918/75 8319/919/68 8310/920/67
f 8325/912/426 8323/913/426 8322/914/426 8324/915/426
f 8308/929/66 8324/930/68 8322/931/77 8307/932/70
f 8309/920/67 8326/917/61 8325/918/75 8324/919/68
f 8332/912/426 8330/913/426 8329/914/426 8331/915/426
f 8334/924/54 8335/921/50 8330/922/52 8332/923/75
f 8338/932/70 8339/929/66 8331/930/68 8329/931/77
f 8333/917/144 8332/918/75 8331/919/68 8340/920/80
f 8337/925/45 8329/926/77 8330/927/52 8336/928/145
f 8344/912/426 8342/913/426 8341/914/426 8343/915/426
f 8350/932/70 8351/929/66 8343/930/68 8341/931/77
f 8347/921/50 8342/922/52 8344/923/75 8346/924/54
f 8349/925/45 8341/926/77 8342/927/52 8348/928/145
f 8345/917/144 8344/918/75 8343/919/68 8352/920/67
f 8367/421/492 8370/425/492 8369/1018/492 8365/1019/492
f 8368/1024/492 8370/425/492 8353/424/492 8358/1025/492
f 8358/1028/426 8356/1029/426 8359/1030/426 8368/1031/426
f 8360/82/100 8371/82/100 8376/77/100 8362/77/100
f 8366/1017/426 8363/1016/426 8355/1015/426 8357/1014/426
f 8369/1023/426 8360/1022/426 8362/1021/426 8365/1020/426
f 8366/1026/492 8357/1027/492 8354/420/492 8367/421/492
f 8361/1034/1392 8360/1022/1392 8369/1023/1392 8370/1035/1392
f 8368/1031/1393 8359/1030/1393 8361/1034/1393 8370/1035/1393
f 8364/1032/1341 8363/1016/1341 8366/1017/1341 8367/1033/1341
f 8365/1020/1342 8362/1021/1342 8364/1032/1342 8367/1033/1342
f 8367/421/492 8354/420/492 8353/424/492 8370/425/492
f 8266/869/417 8264/868/417 8138/873/417 8140/874/417
f 8356/1029/417 8358/1028/417 8232/1014/417 8230/1015/417
f 8373/75/100 8356/74/100 8230/73/100 8249/72/100
f 8372/1037/107 8373/84/107 8249/79/103 8250/78/103
f 8278/353/464 8254/351/464 8255/351/464 8275/350/464
f 8251/77/100 8246/82/100 8376/77/100 8371/82/100
f 8376/80/107 8246/85/103 8247/83/103 8375/1036/107
f 8399/912/426 8401/913/426 8402/914/426 8400/915/426
f 8398/917/61 8399/918/75 8400/919/68 8391/920/67
f 8396/921/76 8401/922/52 8399/923/75 8397/924/78
f 8394/925/45 8402/926/77 8401/927/52 8395/928/51
f 8393/932/70 8392/929/66 8400/930/68 8402/931/77
f 8405/880/127 8406/881/52 8407/882/51 8414/883/45
f 8410/887/756 8404/884/559 8403/885/555 8411/886/557
f 8415/888/1397 8405/889/127 8413/19/128 8416/21/561
f 8406/16/130 8405/308/1398 8415/17/560
f 8404/18/559 8415/17/560 8403/1921/555
f 8428/894/61 8419/891/134 8420/892/68 8421/893/67
f 8403/1922/555 8416/21/561 8412/520/556
f 8418/896/71 8417/897/63 8425/898/65 8424/899/69
f 8406/900/52 8404/901/559 8409/902/54 8408/903/50
f 8420/904/68 8418/905/71 8423/906/70 8422/907/66
f 8420/40/142 8419/908/1399 8429/41/513
f 8429/909/1400 8419/910/134 8427/37/135 8430/39/512
f 8418/42/71 8429/41/513 8417/911/63
f 8439/912/426 8441/913/426 8442/914/426 8440/915/426
f 8417/1923/63 8430/39/512 8426/55/64
f 8438/917/61 8439/918/75 8440/919/68 8431/920/67
f 8436/921/50 8441/922/52 8439/923/75 8437/924/54
f 8434/925/45 8442/926/77 8441/927/52 8435/928/51
f 8433/932/70 8432/929/66 8440/930/68 8442/931/77
f 8451/912/426 8453/913/426 8454/914/426 8452/915/426
f 8450/917/61 8451/918/75 8452/919/68 8443/920/67
f 8448/921/50 8453/922/52 8451/923/75 8449/924/54
f 8447/928/51 8446/925/45 8454/926/77 8453/927/52
f 8444/929/66 8452/930/68 8454/931/77 8445/932/70
f 8463/912/426 8465/913/426 8466/914/426 8464/915/426
f 8462/917/144 8463/918/75 8464/919/68 8455/920/67
f 8460/921/76 8465/922/52 8463/923/75 8461/924/54
f 8458/925/45 8466/926/77 8465/927/52 8459/928/145
f 8456/929/66 8464/930/68 8466/931/77 8457/932/70
f 8475/912/426 8477/913/426 8478/914/426 8476/915/426
f 8474/917/61 8475/918/75 8476/919/68 8467/920/67
f 8473/924/78 8472/921/76 8477/922/52 8475/923/75
f 8471/928/145 8470/925/81 8478/926/77 8477/927/52
f 8468/929/79 8476/930/68 8478/931/77 8469/932/82
f 8487/912/426 8489/913/426 8490/914/426 8488/915/426
f 8486/917/61 8487/918/75 8488/919/68 8479/920/67
f 8484/921/50 8489/922/52 8487/923/75 8485/924/54
f 8483/928/51 8482/925/81 8490/926/77 8489/927/52
f 8480/929/79 8488/930/68 8490/931/77 8481/932/82
f 8499/912/426 8501/913/426 8502/914/426 8500/915/426
f 8498/917/61 8499/918/75 8500/919/68 8491/920/67
f 8496/921/76 8501/922/52 8499/923/75 8497/924/78
f 8494/925/45 8502/926/77 8501/927/52 8495/928/51
f 8493/932/82 8492/929/66 8500/930/68 8502/931/77
f 8511/912/520 8513/913/520 8514/914/520 8512/915/520
f 8510/917/19 8511/918/33 8512/919/26 8503/920/35
f 8509/924/38 8508/921/41 8513/922/10 8511/923/33
f 8506/925/3 8514/926/36 8513/927/10 8507/928/9
f 8504/929/24 8512/930/26 8514/931/36 8505/932/28
f 8517/880/110 8518/881/10 8519/882/9 8526/883/3
f 8522/887/765 8516/884/567 8515/885/563 8523/886/565
f 8527/888/1394 8517/889/110 8525/19/111 8528/21/569
f 8518/16/113 8517/308/1395 8527/17/568
f 8516/18/567 8527/17/568 8515/1924/563
f 8531/891/117 8532/892/26 8533/893/35 8540/894/34
f 8515/1922/563 8528/21/569 8524/89/564
f 8530/896/29 8529/897/21 8537/898/23 8536/899/27
f 8518/900/10 8516/901/567 8521/902/12 8520/903/8
f 8532/904/26 8530/905/29 8535/906/28 8534/907/24
f 8532/40/125 8531/908/476 8541/41/761
f 8541/909/1396 8531/910/117 8539/37/118 8542/39/760
f 8530/42/29 8541/41/761 8529/1925/21
f 8551/912/520 8553/913/520 8554/914/520 8552/915/520
f 8529/1926/21 8542/39/760 8538/55/22
f 8543/920/35 8550/917/34 8551/918/33 8552/919/26
f 8548/921/8 8553/922/10 8551/923/33 8549/924/12
f 8546/925/3 8554/926/36 8553/927/10 8547/928/9
f 8545/932/28 8544/929/24 8552/930/26 8554/931/36
f 8563/912/520 8565/913/520 8566/914/520 8564/915/520
f 8562/917/34 8563/918/33 8564/919/26 8555/920/35
f 8560/921/8 8565/922/10 8563/923/33 8561/924/12
f 8558/925/3 8566/926/36 8565/927/10 8559/928/9
f 8556/929/24 8564/930/26 8566/931/36 8557/932/28
f 8575/912/520 8577/913/520 8578/914/520 8576/915/520
f 8567/920/35 8574/917/19 8575/918/33 8576/919/26
f 8573/924/38 8572/921/41 8577/922/10 8575/923/33
f 8570/925/3 8578/926/36 8577/927/10 8571/928/40
f 8568/929/24 8576/930/26 8578/931/36 8569/932/28
f 8587/912/520 8589/913/520 8590/914/520 8588/915/520
f 8579/920/35 8586/917/34 8587/918/33 8588/919/26
f 8584/921/41 8589/922/10 8587/923/33 8585/924/38
f 8582/925/3 8590/926/36 8589/927/10 8583/928/9
f 8580/929/39 8588/930/26 8590/931/36 8581/932/42
f 8599/912/520 8601/913/520 8602/914/520 8600/915/520
f 8598/917/34 8599/918/33 8600/919/26 8591/920/35
f 8596/921/8 8601/922/10 8599/923/33 8597/924/12
f 8595/928/9 8594/925/3 8602/926/36 8601/927/10
f 8592/929/39 8600/930/26 8602/931/36 8593/932/42
f 8611/912/520 8613/913/520 8614/914/520 8612/915/520
f 8610/917/19 8611/918/33 8612/919/26 8603/920/25
f 8608/921/41 8613/922/10 8611/923/33 8609/924/38
f 8606/925/3 8614/926/36 8613/927/10 8607/928/9
f 8604/929/39 8612/930/26 8614/931/36 8605/932/42
f 9066/1603/100 9320/1604/100 9319/1605/100 9067/1606/100
f 9071/504/520 9066/367/532 9064/1607/532 9165/340/529
f 9072/345/520 9166/344/532 9065/1608/529 9067/371/529
f 9165/340/529 9166/344/532 9074/360/534 9069/545/762
f 9072/1609/1803 9314/1949/1804 9315/1611/1805 9073/1612/1806
f 9074/1950/1807 9073/1612/1806 9315/1611/1805 9316/1951/521
f 9069/1952/1808 9068/1616/518 9317/500/795 9070/1617/1809
f 9071/1953/1810 9070/1617/1809 9317/500/795 9318/1908/1811
f 9068/1616/518 9069/1952/1808 9074/1950/1807 9316/1951/521
f 9318/1908/1811 9320/1620/1812 9066/1621/1812 9071/1953/1810
f 9314/1949/1804 9072/1609/1803 9067/1622/1813 9319/1623/1813
f 9088/866/497 9090/353/497 9087/350/497 9086/865/497
f 9079/862/520 9083/861/520 9088/864/520 9086/863/520
f 9082/867/520 9076/868/520 9078/869/520 9089/870/520
f 9084/876/1787 9090/877/1787 9088/864/1787 9083/861/1787
f 9089/870/1788 9090/877/1788 9084/876/1788 9082/867/1788
f 9081/878/1787 9087/879/1787 9085/875/1787 9080/872/1787
f 9086/863/1788 9087/879/1788 9081/878/1788 9079/862/1788
f 9075/873/520 9080/872/520 9085/875/520 9077/874/520
f 9290/340/417 9189/1607/417 9065/1608/417 9166/344/417
f 9099/912/520 9101/913/520 9102/914/520 9100/915/520
f 9094/925/3 9102/926/36 9101/927/10 9095/928/40
f 9096/921/8 9101/922/10 9099/923/33 9097/924/12
f 9092/929/24 9100/930/26 9102/931/36 9093/932/28
f 9091/920/25 9098/917/34 9099/918/33 9100/919/26
f 9114/883/37 9105/880/535 9106/881/10 9107/882/40
f 9104/884/13 9103/885/5 9111/886/7 9110/887/11
f 9115/888/1814 9105/889/535 9113/19/536 9116/21/539
f 9106/16/537 9105/308/1815 9115/92/538
f 9104/18/13 9115/92/538 9103/1505/5
f 9130/912/520 9132/913/520 9133/914/520 9131/915/520
f 9103/1506/5 9116/21/539 9112/89/6
f 9125/925/37 9133/926/36 9132/927/10 9126/928/40
f 9140/921/8 9135/922/10 9137/923/33 9139/924/12
f 9108/903/8 9106/900/10 9104/901/13 9109/902/12
f 9128/924/38 9127/921/41 9132/922/10 9130/923/33
f 9123/929/24 9131/930/26 9133/931/36 9124/932/28
f 9118/925/3 9134/926/36 9135/927/10 9117/928/9
f 9129/917/19 9130/918/33 9131/919/26 9122/920/25
f 9137/912/520 9135/913/520 9134/914/520 9136/915/520
f 9119/932/28 9120/929/24 9136/930/26 9134/931/36
f 9121/920/25 9138/917/34 9137/918/33 9136/919/26
f 9144/912/520 9142/913/520 9141/914/520 9143/915/520
f 9147/921/8 9142/922/10 9144/923/33 9146/924/38
f 9150/932/28 9151/929/24 9143/930/26 9141/931/36
f 9145/917/34 9144/918/33 9143/919/26 9152/920/35
f 9149/925/3 9141/926/36 9142/927/10 9148/928/9
f 9156/912/520 9154/913/520 9153/914/520 9155/915/520
f 9162/932/42 9163/929/39 9155/930/26 9153/931/36
f 9159/921/41 9154/922/10 9156/923/33 9158/924/38
f 9160/928/9 9161/925/3 9153/926/36 9154/927/10
f 9157/917/34 9156/918/33 9155/919/26 9164/920/35
f 9177/1019/487 9179/421/487 9182/425/487 9181/1018/487
f 9180/1024/487 9182/425/487 9165/424/487 9170/1025/487
f 9170/1028/520 9168/1029/520 9171/1030/520 9180/1031/520
f 9172/82/100 9183/82/100 9188/77/100 9174/77/100
f 9178/1017/520 9175/1016/520 9167/1015/520 9169/1014/520
f 9181/1023/520 9172/1022/520 9174/1021/520 9177/1020/520
f 9178/1026/487 9169/1027/487 9166/420/487 9179/421/487
f 9173/1034/1343 9172/1022/1343 9181/1023/1343 9182/1035/1343
f 9180/1031/1344 9171/1030/1344 9173/1034/1344 9182/1035/1344
f 9176/1032/1343 9175/1016/1343 9178/1017/1343 9179/1033/1343
f 9177/1020/1344 9174/1021/1344 9176/1032/1344 9179/1033/1344
f 9179/421/487 9166/420/487 9165/424/487 9182/425/487
f 9064/871/420 9078/352/420 9202/348/420 9190/351/420
f 9170/1025/420 9165/424/420 9291/420/420 9294/1027/420
f 9076/868/420 9200/873/420 9202/874/420 9078/869/420
f 9168/1029/420 9170/1028/420 9294/1014/420 9292/1015/420
f 9185/75/100 9168/74/100 9292/73/100 9311/72/100
f 9184/1037/105 9185/84/105 9311/79/101 9312/78/101
f 9169/1027/417 9295/1025/417 9290/424/417 9166/420/417
f 9090/353/497 9066/351/497 9067/351/497 9087/350/497
f 9291/344/420 9165/340/420 9064/1607/420 9190/1608/420
f 9308/85/101 9309/83/101 9187/1036/105 9188/80/105
f 9191/1603/100 9327/1604/100 9326/1605/100 9192/1606/100
f 9196/358/543 9191/367/543 9189/1607/543 9290/340/426
f 9197/345/426 9291/344/543 9190/1608/540 9192/371/540
f 9290/340/426 9291/344/543 9199/546/753 9194/496/751
f 9197/1609/1816 9321/1610/1817 9322/1611/797 9198/1612/2104
f 9199/1906/2105 9198/1612/2104 9322/1611/797 9193/1954/796
f 9196/1628/2106 9195/506/754 9324/500/801 9325/1629/2107
f 9323/547/799 9195/506/754 9194/1909/2216
f 9193/1954/796 9323/547/799 9194/1909/2216 9199/1906/2105
f 9325/1629/2107 9327/1620/1825 9191/1621/1825 9196/1628/2106
f 9321/1610/1817 9197/1609/1816 9192/1622/1826 9326/1623/1826
f 9213/866/464 9215/353/464 9212/350/464 9211/865/464
f 9204/862/426 9208/861/426 9213/864/426 9211/863/426
f 9207/867/426 9201/868/426 9203/869/426 9214/870/426
f 9209/876/1392 9215/877/1392 9213/864/1392 9208/861/1392
f 9214/870/1393 9215/877/1393 9209/876/1393 9207/867/1393
f 9206/878/1341 9212/879/1341 9210/875/1341 9205/872/1341
f 9211/863/1342 9212/879/1342 9206/878/1342 9204/862/1342
f 9200/873/426 9205/872/426 9210/875/426 9202/874/426
f 9189/871/417 9203/352/417 9077/348/417 9065/351/417
f 9224/912/426 9226/913/426 9227/914/426 9225/915/426
f 9219/925/81 9227/926/77 9226/927/52 9220/928/51
f 9222/924/78 9221/921/76 9226/922/52 9224/923/75
f 9217/929/66 9225/930/68 9227/931/77 9218/932/70
f 9223/917/61 9224/918/75 9225/919/68 9216/920/80
f 9239/883/45 9230/880/546 9231/881/52 9232/882/51
f 9229/884/55 9228/885/755 9236/886/49 9235/887/53
f 9240/888/1827 9230/889/546 9238/19/547 9241/21/550
f 9231/16/548 9230/308/1828 9240/307/549
f 9229/18/55 9240/307/549 9228/1527/755
f 9255/912/426 9257/913/426 9258/914/426 9256/915/426
f 9228/309/755 9241/21/550 9237/266/48
f 9250/925/45 9258/926/77 9257/927/52 9251/928/145
f 9264/924/54 9265/921/50 9260/922/52 9262/923/75
f 9231/900/52 9229/901/55 9234/902/54 9233/903/50
f 9253/924/78 9252/921/76 9257/922/52 9255/923/75
f 9248/929/66 9256/930/68 9258/931/77 9249/932/70
f 9243/925/45 9259/926/77 9260/927/52 9242/928/51
f 9254/917/61 9255/918/75 9256/919/68 9247/920/67
f 9262/912/426 9260/913/426 9259/914/426 9261/915/426
f 9245/929/66 9261/930/68 9259/931/77 9244/932/70
f 9246/920/67 9263/917/61 9262/918/75 9261/919/68
f 9269/912/426 9267/913/426 9266/914/426 9268/915/426
f 9272/921/76 9267/922/52 9269/923/75 9271/924/78
f 9275/932/70 9276/929/66 9268/930/68 9266/931/77
f 9270/917/61 9269/918/75 9268/919/68 9277/920/80
f 9274/925/81 9266/926/77 9267/927/52 9273/928/145
f 9281/912/426 9279/913/426 9278/914/426 9280/915/426
f 9287/932/70 9288/929/66 9280/930/68 9278/931/77
f 9284/921/76 9279/922/52 9281/923/75 9283/924/78
f 9286/925/45 9278/926/77 9279/927/52 9285/928/145
f 9282/917/61 9281/918/75 9280/919/68 9289/920/67
f 9304/421/492 9307/425/492 9306/1018/492 9302/1019/492
f 9305/1024/492 9307/425/492 9290/424/492 9295/1025/492
f 9295/1028/426 9293/1029/426 9296/1030/426 9305/1031/426
f 9297/82/100 9308/82/100 9313/77/100 9299/77/100
f 9303/1017/426 9300/1016/426 9292/1015/426 9294/1014/426
f 9306/1023/426 9297/1022/426 9299/1021/426 9302/1020/426
f 9303/1026/492 9294/1027/492 9291/420/492 9304/421/492
f 9298/1034/1392 9297/1022/1392 9306/1023/1392 9307/1035/1392
f 9305/1031/1393 9296/1030/1393 9298/1034/1393 9307/1035/1393
f 9301/1032/1392 9300/1016/1392 9303/1017/1392 9304/1033/1392
f 9302/1020/1393 9299/1021/1393 9301/1032/1393 9304/1033/1393
f 9307/425/492 9304/421/492 9291/420/492 9290/424/492
f 9203/869/417 9201/868/417 9075/873/417 9077/874/417
f 9293/1029/417 9295/1028/417 9169/1014/417 9167/1015/417
f 9310/75/100 9293/74/100 9167/73/100 9186/72/100
f 9309/1037/107 9310/84/107 9186/79/103 9187/78/103
f 9212/350/464 9215/353/464 9191/351/464 9192/351/464
f 9308/82/100 9188/77/100 9183/82/100 9313/77/100
f 9183/85/103 9184/83/103 9312/1036/107 9313/80/107
f 9336/912/426 9338/913/426 9339/914/426 9337/915/426
f 9335/917/61 9336/918/75 9337/919/68 9328/920/67
f 9333/921/76 9338/922/52 9336/923/75 9334/924/78
f 9331/925/45 9339/926/77 9338/927/52 9332/928/51
f 9330/932/70 9329/929/66 9337/930/68 9339/931/77
f 9342/880/127 9343/881/52 9344/882/51 9351/883/45
f 9347/887/756 9341/884/559 9340/885/555 9348/886/557
f 9352/888/1397 9342/889/127 9350/88/128 9353/21/561
f 9343/16/130 9342/308/1398 9352/17/560
f 9341/18/559 9352/17/560 9340/1955/555
f 9356/891/134 9357/892/68 9358/893/67 9365/894/144
f 9340/1956/555 9353/21/561 9349/89/556
f 9355/896/71 9354/897/63 9362/898/65 9361/899/69
f 9345/903/50 9343/900/52 9341/901/559 9346/902/54
f 9357/904/68 9355/905/71 9360/906/70 9359/907/66
f 9357/40/142 9356/908/1399 9366/509/513
f 9366/909/1400 9356/910/134 9364/37/135 9367/39/512
f 9355/42/71 9366/509/513 9354/1957/63
f 9376/912/426 9378/913/426 9379/914/426 9377/915/426
f 9354/1958/63 9367/39/512 9363/91/64
f 9375/917/61 9376/918/75 9377/919/68 9368/920/80
f 9373/921/50 9378/922/52 9376/923/75 9374/924/54
f 9371/925/45 9379/926/77 9378/927/52 9372/928/51
f 9370/932/82 9369/929/79 9377/930/68 9379/931/77
f 9388/912/426 9390/913/426 9391/914/426 9389/915/426
f 9387/917/61 9388/918/75 9389/919/68 9380/920/67
f 9385/921/50 9390/922/52 9388/923/75 9386/924/54
f 9383/925/45 9391/926/77 9390/927/52 9384/928/51
f 9381/929/66 9389/930/68 9391/931/77 9382/932/70
f 9400/912/426 9402/913/426 9403/914/426 9401/915/426
f 9399/917/144 9400/918/75 9401/919/68 9392/920/67
f 9398/924/78 9397/921/76 9402/922/52 9400/923/75
f 9395/925/45 9403/926/77 9402/927/52 9396/928/145
f 9393/929/66 9401/930/68 9403/931/77 9394/932/70
f 9412/912/426 9414/913/426 9415/914/426 9413/915/426
f 9411/917/61 9412/918/75 9413/919/68 9404/920/67
f 9409/921/76 9414/922/52 9412/923/75 9410/924/54
f 9407/925/81 9415/926/77 9414/927/52 9408/928/145
f 9405/929/66 9413/930/68 9415/931/77 9406/932/70
f 9424/912/426 9426/913/426 9427/914/426 9425/915/426
f 9423/917/61 9424/918/75 9425/919/68 9416/920/80
f 9421/921/50 9426/922/52 9424/923/75 9422/924/54
f 9419/925/81 9427/926/77 9426/927/52 9420/928/145
f 9417/929/79 9425/930/68 9427/931/77 9418/932/82
f 9436/912/426 9438/913/426 9439/914/426 9437/915/426
f 9435/917/61 9436/918/75 9437/919/68 9428/920/67
f 9433/921/76 9438/922/52 9436/923/75 9434/924/54
f 9431/925/45 9439/926/77 9438/927/52 9432/928/145
f 9430/932/82 9429/929/66 9437/930/68 9439/931/77
f 9448/912/520 9450/913/520 9451/914/520 9449/915/520
f 9447/917/19 9448/918/33 9449/919/26 9440/920/35
f 9445/921/41 9450/922/10 9448/923/33 9446/924/38
f 9444/928/9 9443/925/3 9451/926/36 9450/927/10
f 9441/929/24 9449/930/26 9451/931/36 9442/932/28
f 9454/880/110 9455/881/10 9456/882/9 9463/883/3
f 9459/887/803 9453/884/567 9452/885/563 9460/886/565
f 9464/888/1394 9454/889/110 9462/19/111 9465/21/804
f 9455/16/113 9454/308/1395 9464/323/568
f 9453/18/567 9464/323/568 9452/1640/563
f 9468/891/117 9469/892/26 9470/893/35 9477/894/34
f 9452/1641/563 9465/21/804 9461/363/564
f 9467/896/29 9466/897/759 9474/898/23 9473/899/27
f 9455/900/10 9453/901/567 9458/902/12 9457/903/8
f 9469/904/26 9467/905/29 9472/906/28 9471/907/24
f 9469/40/125 9468/908/476 9478/429/761
f 9478/909/1396 9468/910/117 9476/548/118 9479/39/760
f 9467/42/29 9478/429/761 9466/1959/759
f 9488/912/520 9490/913/520 9491/914/520 9489/915/520
f 9466/1914/759 9479/39/760 9475/91/22
f 9487/917/34 9488/918/33 9489/919/26 9480/920/35
f 9485/921/8 9490/922/10 9488/923/33 9486/924/12
f 9483/925/3 9491/926/36 9490/927/10 9484/928/9
f 9482/932/28 9481/929/24 9489/930/26 9491/931/36
f 9500/912/520 9502/913/520 9503/914/520 9501/915/520
f 9499/917/34 9500/918/33 9501/919/26 9492/920/35
f 9497/921/8 9502/922/10 9500/923/33 9498/924/12
f 9495/925/3 9503/926/36 9502/927/10 9496/928/9
f 9493/929/24 9501/930/26 9503/931/36 9494/932/28
f 9512/912/520 9514/913/520 9515/914/520 9513/915/520
f 9511/917/34 9512/918/33 9513/919/26 9504/920/35
f 9510/924/12 9509/921/8 9514/922/10 9512/923/33
f 9507/925/3 9515/926/36 9514/927/10 9508/928/9
f 9505/929/24 9513/930/26 9515/931/36 9506/932/28
f 9524/912/520 9526/913/520 9527/914/520 9525/915/520
f 9523/917/34 9524/918/33 9525/919/26 9516/920/35
f 9522/924/12 9521/921/8 9526/922/10 9524/923/33
f 9519/925/3 9527/926/36 9526/927/10 9520/928/9
f 9517/929/24 9525/930/26 9527/931/36 9518/932/28
f 9536/912/520 9538/913/520 9539/914/520 9537/915/520
f 9535/917/34 9536/918/33 9537/919/26 9528/920/35
f 9533/921/8 9538/922/10 9536/923/33 9534/924/12
f 9531/925/3 9539/926/36 9538/927/10 9532/928/9
f 9529/929/39 9537/930/26 9539/931/36 9530/932/42
f 9548/912/520 9550/913/520 9551/914/520 9549/915/520
f 9547/917/34 9548/918/33 9549/919/26 9540/920/35
f 9545/921/41 9550/922/10 9548/923/33 9546/924/38
f 9544/928/9 9543/925/3 9551/926/36 9550/927/10
f 9542/932/42 9541/929/39 9549/930/26 9551/931/36
usemtl texture.106
f 3630/366/420 3601/367/420 3590/368/420
f 3632/366/417 3596/340/417 3597/367/417
f 3592/369/417 3633/370/417 3599/371/417
f 3595/369/420 3600/371/420 3631/370/420
f 3596/340/417 3621/372/427 3597/367/417
f 3596/340/417 3616/373/418 3619/342/570
f 3993/344/420 3607/346/421 3609/374/422
f 3603/340/420 3613/342/571 3615/375/424
f 3603/340/420 3610/376/422 3613/342/571
f 3993/344/420 3604/377/425 3607/346/421
f 3596/340/417 3619/342/570 3621/372/427
f 3650/344/417 3622/378/427 3625/346/572
f 3650/344/417 3625/346/572 3627/379/573
f 3630/366/420 3590/368/420 3593/380/420
f 3590/368/520 3596/340/520 3591/368/520
f 3681/43/387 3683/44/368 3682/45/369
f 3684/46/370 3676/47/371 3675/48/399
f 3679/49/406 3685/50/374 3680/51/385
f 3686/52/376 3678/53/407 3677/54/405
f 3687/1/379 3699/2/379 3700/3/379
f 3689/4/380 3698/5/377 3697/6/381
f 3687/7/382 3696/8/383 3695/9/384
f 3692/10/375 3691/11/373 3690/12/374
f 3694/13/386 3693/14/367 3688/15/388
f 3690/16/389 3699/381/390 3688/18/388
f 3700/21/391 3697/382/381 3696/89/383
f 3701/22/478 3713/23/478 3714/24/478
f 3703/25/393 3712/26/408 3711/27/394
f 3701/28/479 3710/29/574 3709/30/481
f 3706/31/371 3705/32/372 3704/33/370
f 3708/34/482 3707/35/378 3702/36/483
f 3711/37/394 3710/364/574 3714/39/484
f 3704/40/403 3713/296/485 3702/42/483
f 3721/43/387 3723/44/368 3722/45/369
f 3724/46/370 3716/47/398 3715/48/399
f 3719/49/406 3725/50/374 3720/51/385
f 3726/52/376 3718/53/407 3717/54/378
f 3733/43/367 3735/44/368 3734/45/369
f 3736/46/370 3728/47/371 3727/48/399
f 3731/49/406 3737/50/374 3732/51/375
f 3738/52/376 3730/53/407 3729/54/405
f 3746/49/406 3740/50/374 3745/51/385
f 3741/46/370 3749/47/398 3750/48/372
f 3739/52/376 3747/53/407 3748/54/378
f 3744/43/387 3742/44/368 3743/45/408
f 3757/43/387 3759/44/368 3758/45/408
f 3760/46/370 3752/47/398 3751/48/372
f 3755/49/373 3761/50/374 3756/51/385
f 3762/52/376 3754/53/377 3753/54/378
f 3769/43/325 3771/44/326 3770/45/327
f 3772/46/328 3764/47/364 3763/48/330
f 3767/49/331 3773/50/332 3768/51/333
f 3774/52/334 3766/53/335 3765/54/336
f 3775/1/337 3787/2/337 3788/3/337
f 3777/4/338 3786/5/335 3785/6/339
f 3775/7/457 3784/8/341 3783/9/342
f 3780/10/333 3779/11/331 3778/12/332
f 3782/13/498 3781/14/363 3776/15/344
f 3778/16/345 3787/92/346 3776/18/344
f 3785/19/339 3784/89/341 3788/21/347
f 3789/22/575 3801/23/575 3802/24/575
f 3791/25/349 3800/26/327 3799/27/350
f 3789/28/576 3798/29/577 3797/30/578
f 3794/31/329 3793/32/330 3792/33/328
f 3796/34/579 3795/35/336 3790/36/580
f 3799/37/350 3798/383/577 3802/39/581
f 3792/40/358 3801/41/582 3790/42/580
f 3809/43/325 3811/44/326 3810/45/327
f 3812/46/328 3804/47/329 3803/48/330
f 3807/49/331 3813/50/332 3808/51/333
f 3814/52/334 3806/53/366 3805/54/336
f 3821/43/325 3823/44/326 3822/45/327
f 3824/46/328 3816/47/329 3815/48/330
f 3819/49/331 3825/50/332 3820/51/333
f 3826/52/334 3818/53/335 3817/54/336
f 3834/49/331 3828/50/332 3833/51/333
f 3829/46/328 3837/47/329 3838/48/330
f 3827/52/334 3835/53/335 3836/54/336
f 3832/43/325 3830/44/326 3831/45/327
f 3845/43/325 3847/44/326 3846/45/327
f 3848/46/328 3840/47/329 3839/48/361
f 3843/49/331 3849/50/332 3844/51/333
f 3850/52/334 3842/53/366 3841/54/336
f 3869/384/583 3868/385/584 3865/386/585
f 3867/387/586 3866/386/587 3868/385/588
f 3864/388/589 3865/389/590 3866/389/591
f 3861/390/592 3862/386/593 3859/385/594
f 3877/391/595 3882/392/596 3881/393/597
f 3883/391/598 3884/394/599 3885/393/600
f 3888/395/601 3889/396/602 3886/397/603
f 3897/398/604 3898/393/605 3892/391/606
f 3893/399/607 3894/396/608 3895/397/609
f 3909/67/610 3910/400/611 3916/68/612
f 3919/61/613 3918/401/614 3917/62/615
f 3931/71/616 3933/59/617 3935/58/616
f 3941/71/618 3943/59/618 3945/58/618
f 3957/402/619 3958/61/620 3956/62/621
f 3967/63/622 3968/403/623 3969/65/624
f 3966/404/625 3965/67/626 3972/68/627
f 3974/57/628 3982/58/628 3980/59/628
f 3986/86/629 3984/57/629 3992/58/629
f 4033/72/100 3994/73/100 4006/72/100
f 3995/74/100 4030/75/100 4002/75/100
f 3996/74/100 4012/75/100 4031/75/100
f 4008/72/100 3997/73/100 4032/72/100
f 4007/76/100 4005/77/100 4036/77/100
f 4006/72/100 4007/76/100 4033/72/100
f 4034/78/409 4033/79/409 4007/78/410
f 4009/77/100 4010/76/100 4037/77/100
f 4010/76/100 4008/72/100 4032/72/100
f 4035/78/411 4037/80/411 4010/78/412
f 4013/81/100 4011/82/100 4026/82/100
f 4012/75/100 4013/81/100 4031/75/100
f 4029/83/411 4031/84/411 4013/83/412
f 4004/81/100 4002/75/100 4030/75/100
f 4003/82/100 4004/81/100 4027/82/100
f 4028/83/409 4027/85/409 4004/83/410
f 4032/79/413 4035/78/413 4010/78/414
f 4036/80/415 4034/78/415 4007/78/416
f 4026/85/413 4029/83/413 4013/83/414
f 4030/84/415 4028/83/415 4004/83/416
f 3902/86/630 3904/71/630 3900/57/630
f 3949/86/631 3947/57/631 3951/71/631
f 8656/366/426 8628/367/426 8618/521/426
f 8658/366/520 8623/340/520 8624/367/520
f 8617/344/520 8659/370/520 8626/371/520
f 8622/522/426 8627/371/426 8657/370/426
f 8636/523/426 8618/521/426 8628/367/426
f 8623/340/520 8647/524/532 8624/367/520
f 8622/522/426 8633/346/766 8635/525/767
f 8623/340/520 8642/496/747 8644/526/768
f 8618/521/426 8639/342/769 8641/527/545
f 8618/521/426 8636/523/426 8639/342/769
f 8622/522/426 8630/528/770 8633/346/766
f 8623/340/520 8644/526/768 8647/524/532
f 8617/344/520 8648/378/520 8651/346/764
f 8617/344/520 8651/346/764 8653/529/747
f 8645/500/771 8644/530/772 8643/531/773
f 8622/522/426 8635/525/767 8627/371/426
f 8656/366/426 8615/368/426 8619/532/426
f 8676/369/426 8657/370/426 8619/532/426
f 8621/369/520 8659/370/520 8617/344/520
f 8707/43/12 8709/44/33 8708/45/19
f 8710/46/26 8702/47/39 8701/48/25
f 8705/49/40 8711/50/10 8706/51/8
f 8712/52/36 8704/53/37 8703/54/28
f 8713/1/1 8725/2/1 8726/3/1
f 8715/4/110 8724/5/3 8723/6/111
f 8713/7/112 8722/8/6 8721/9/7
f 8718/10/8 8717/11/9 8716/12/10
f 8720/13/11 8719/14/12 8714/15/13
f 8716/16/113 8725/510/114 8714/18/13
f 8726/21/115 8723/305/111 8722/89/6
f 8727/22/17 8739/23/17 8740/24/17
f 8729/25/117 8738/26/34 8737/27/118
f 8727/28/759 8736/29/22 8735/30/23
f 8732/31/24 8731/32/35 8730/33/26
f 8734/34/27 8733/35/28 8728/36/29
f 8737/37/118 8736/364/22 8740/39/760
f 8730/40/125 8739/482/761 8728/42/29
f 8747/43/12 8749/44/33 8748/45/34
f 8750/46/26 8742/47/24 8741/48/35
f 8745/49/9 8751/50/10 8746/51/8
f 8752/52/36 8744/53/3 8743/54/28
f 8759/43/38 8761/44/33 8760/45/34
f 8762/46/26 8754/47/24 8753/48/35
f 8757/49/9 8763/50/10 8758/51/41
f 8764/52/36 8756/53/3 8755/54/28
f 8772/49/9 8766/50/10 8771/51/8
f 8767/46/26 8775/47/24 8776/48/25
f 8765/52/36 8773/53/3 8774/54/28
f 8770/43/12 8768/44/33 8769/45/19
f 8783/43/12 8785/44/33 8784/45/34
f 8786/46/26 8778/47/24 8777/48/35
f 8781/49/40 8787/50/10 8782/51/8
f 8788/52/36 8780/53/37 8779/54/28
f 8795/43/54 8797/44/75 8796/45/61
f 8798/46/68 8790/47/79 8789/48/80
f 8793/49/51 8799/50/52 8794/51/50
f 8800/52/77 8792/53/45 8791/54/70
f 8801/1/43 8813/2/43 8814/3/43
f 8803/4/127 8812/5/45 8811/6/128
f 8801/7/47 8810/8/48 8809/9/49
f 8806/10/76 8805/11/145 8804/12/52
f 8808/13/53 8807/14/78 8802/15/55
f 8804/16/130 8813/323/131 8802/18/55
f 8814/21/132 8811/305/128 8810/89/48
f 8815/22/59 8827/23/59 8828/24/59
f 8817/25/134 8826/26/144 8825/27/135
f 8815/28/734 8824/29/64 8823/30/65
f 8820/31/66 8819/32/67 8818/33/68
f 8822/34/774 8821/35/82 8816/36/71
f 8828/39/512 8825/37/135 8824/91/64
f 8818/40/142 8827/56/513 8816/42/71
f 8835/43/54 8837/44/75 8836/45/61
f 8838/46/68 8830/47/66 8829/48/67
f 8833/49/51 8839/50/52 8834/51/50
f 8840/52/77 8832/53/45 8831/54/70
f 8847/43/78 8849/44/75 8848/45/144
f 8850/46/68 8842/47/66 8841/48/80
f 8845/49/145 8851/50/52 8846/51/76
f 8852/52/77 8844/53/45 8843/54/82
f 8860/49/145 8854/50/52 8859/51/50
f 8855/46/68 8863/47/66 8864/48/67
f 8853/52/77 8861/53/81 8862/54/70
f 8858/43/54 8856/44/75 8857/45/61
f 8871/43/54 8873/44/75 8872/45/144
f 8874/46/68 8866/47/66 8865/48/80
f 8869/49/145 8875/50/52 8870/51/50
f 8876/52/77 8868/53/45 8867/54/70
f 8912/533/775 8911/534/776 8913/534/777
f 8909/535/778 8910/396/779 8911/397/780
f 8936/67/781 8937/536/782 8943/68/783
f 8946/61/784 8945/537/785 8944/62/786
f 8958/71/787 8960/59/787 8962/58/787
f 8968/71/788 8970/59/788 8972/58/788
f 8984/538/84 8985/61/85 8983/62/86
f 8994/63/87 8995/539/88 8996/65/789
f 8993/540/790 8992/67/791 8999/68/92
f 9001/57/792 9009/58/792 9007/59/792
f 9013/86/793 9011/57/793 9019/58/793
f 9059/72/100 9020/73/100 9032/72/100
f 9021/74/100 9056/75/100 9028/75/100
f 9022/74/100 9038/75/100 9057/75/100
f 9034/72/100 9023/73/100 9058/72/100
f 9033/76/100 9031/77/100 9062/77/100
f 9032/72/100 9033/76/100 9059/72/100
f 9060/78/103 9059/79/103 9033/78/104
f 9035/77/100 9036/76/100 9063/77/100
f 9036/76/100 9034/72/100 9058/72/100
f 9061/78/101 9063/80/101 9036/78/102
f 9039/81/100 9037/82/100 9052/82/100
f 9038/75/100 9039/81/100 9057/75/100
f 9055/83/101 9057/84/101 9039/83/102
f 9030/81/100 9028/75/100 9056/75/100
f 9029/82/100 9030/81/100 9053/82/100
f 9054/83/103 9053/85/103 9030/83/104
f 9058/79/107 9061/78/107 9036/78/108
f 9062/80/105 9060/78/105 9033/78/106
f 9052/85/107 9055/83/107 9039/83/108
f 9056/84/105 9054/83/105 9030/83/106
f 8929/86/794 8931/71/794 8927/57/794
f 8976/86/83 8974/57/83 8978/71/83
f 3636/1642/420 3640/1643/420 3641/1644/420 3634/1645/420
f 3602/1646/100 3628/1647/100 3598/1647/100 3629/1646/100
f 3637/1645/417 3639/1644/417 3638/1643/417 3635/1642/417
f 3638/1648/1829 3639/1649/1829 3633/1650/1829 3632/1651/1829
f 3597/1652/100 3629/1646/100 3598/1647/100 3599/1653/100
f 3600/1653/100 3628/1647/100 3602/1646/100 3601/1652/100
f 3640/1654/1830 3636/1655/1830 3601/1621/1830 3630/1656/1830
f 3590/368/420 3601/367/420 3610/376/422 3603/340/420
f 3993/344/426 3595/369/426 3592/369/426 3650/344/426
f 3622/378/427 3650/344/417 3592/369/417 3599/371/417
f 3604/377/425 3993/344/420 3603/340/420 3615/375/424
f 3614/1657/1685 3617/1658/1686 3626/1659/1687 3605/1660/1688
f 3606/1661/1831 3605/1660/1688 3626/1659/1687 3624/1661/1832
f 3608/1662/1833 3606/1661/1831 3624/1661/1832 3623/1663/1834
f 3620/1664/1835 3618/1665/1836 3612/1665/1837 3611/1666/1838
f 3618/1665/1836 3617/1658/1686 3614/1657/1685 3612/1665/1837
f 3596/340/417 3650/344/417 3627/379/573 3616/373/418
f 3604/1667/1693 3605/1668/1694 3606/1611/1839 3607/1612/1840
f 3590/368/520 3603/340/520 3596/340/520
f 3609/1669/1841 3607/1612/1840 3606/1611/1839 3608/1670/1842
f 3610/1671/1843 3611/1672/1844 3612/500/1845 3613/1617/1846
f 3615/1673/1703 3613/1617/1846 3612/500/1845 3614/1674/1704
f 3622/1675/1847 3623/1676/1848 3624/1611/1849 3625/1612/1850
f 3627/1677/1709 3625/1612/1850 3624/1611/1849 3626/1678/1710
f 3616/1679/1711 3617/1680/1712 3618/500/1851 3619/1617/1852
f 3621/1681/1853 3619/1617/1852 3618/500/1851 3620/1682/1854
f 3615/1673/1703 3614/1674/1704 3605/1668/1694 3604/1667/1693
f 3617/1680/1712 3616/1679/1711 3627/1677/1709 3626/1678/1710
f 3620/1682/1854 3629/1620/1855 3597/1621/1855 3621/1681/1853
f 3609/374/422 3600/371/420 3595/369/420 3993/344/420
f 3623/1676/1848 3622/1675/1847 3599/1622/1856 3598/1623/1856
f 3600/1622/1857 3609/1669/1841 3608/1670/1842 3628/1623/1857
f 3628/1683/1858 3608/1662/1833 3623/1663/1834 3598/1683/1858
f 3611/1672/1844 3610/1671/1843 3601/1621/1859 3602/1620/1859
f 3620/1664/1835 3611/1666/1838 3602/1684/1860 3629/1684/1860
f 3632/366/417 3633/370/417 3592/369/417 3594/380/417
f 3632/366/417 3594/380/417 3591/368/417 3596/340/417
f 3593/380/420 3595/369/420 3631/370/420 3630/366/420
f 3641/1685/1861 3631/1686/1861 3600/1622/1861 3634/1687/1861
f 3638/1654/1862 3632/1656/1862 3597/1621/1862 3635/1655/1862
f 3636/1688/100 3634/1689/100 3600/1653/100 3601/1652/100
f 3640/1648/1863 3630/1651/1863 3631/1650/1863 3641/1649/1863
f 3637/1689/100 3635/1688/100 3597/1652/100 3599/1653/100
f 3639/1685/1864 3637/1687/1864 3599/1622/1864 3633/1686/1864
f 3657/861/420 3661/862/420 3672/863/420 3670/864/420
f 3672/865/463 3674/350/463 3671/353/463 3670/866/463
f 3666/866/644 3668/353/644 3665/350/644 3664/865/644
f 3651/862/417 3655/861/417 3666/864/417 3664/863/417
f 3654/867/417 3643/868/417 3647/869/417 3667/870/417
f 3644/868/420 3658/867/420 3669/870/420 3648/869/420
f 3669/356/463 3671/353/463 3590/871/463 3648/352/463
f 3660/872/420 3645/873/420 3649/874/420 3673/875/420
f 3663/349/644 3665/350/644 3592/351/644 3646/348/644
f 3656/876/1664 3668/877/1664 3666/864/1664 3655/861/1664
f 3667/870/1666 3668/877/1666 3656/876/1666 3654/867/1666
f 3653/878/1664 3665/879/1664 3663/875/1664 3652/872/1664
f 3664/863/1666 3665/879/1666 3653/878/1666 3651/862/1666
f 3662/878/1667 3674/879/1667 3672/863/1667 3661/862/1667
f 3673/875/1668 3674/879/1668 3662/878/1668 3660/872/1668
f 3659/876/1667 3671/877/1667 3669/870/1667 3658/867/1667
f 3670/864/1668 3671/877/1668 3659/876/1668 3657/861/1668
f 3642/873/417 3652/872/417 3663/875/417 3646/874/417
f 3595/351/463 3590/871/463 3671/353/463 3674/350/463
f 3673/349/463 3649/348/463 3595/351/463 3674/350/463
f 3591/871/644 3592/351/644 3665/350/644 3668/353/644
f 3667/356/644 3647/352/644 3591/871/644 3668/353/644
f 3592/351/426 3595/351/426 3649/348/426 3646/348/426
f 3649/874/426 3645/873/426 3642/873/426 3646/874/426
f 3647/352/520 3648/352/520 3590/871/520 3591/871/520
f 3647/869/520 3643/868/520 3644/868/520 3648/869/520
f 3683/912/417 3685/913/417 3686/914/417 3684/915/417
f 3675/920/399 3682/917/369 3683/918/368 3684/919/370
f 3680/921/385 3685/922/374 3683/923/368 3681/924/387
f 3678/925/407 3686/926/376 3685/927/374 3679/928/406
f 3677/932/405 3676/929/371 3684/930/370 3686/931/376
f 3689/880/380 3690/881/374 3691/882/373 3698/883/377
f 3688/884/388 3687/885/382 3695/886/384 3694/887/386
f 3699/888/1674 3689/889/380 3697/382/381 3700/21/391
f 3690/16/389 3689/308/1675 3699/381/390
f 3688/18/388 3699/381/390 3687/1690/382
f 3703/891/393 3704/892/370 3705/893/372 3712/894/408
f 3687/1691/382 3700/21/391 3696/89/383
f 3702/896/483 3701/897/479 3709/898/481 3708/899/482
f 3692/903/375 3690/900/374 3688/901/388 3693/902/367
f 3704/904/370 3702/905/483 3707/906/378 3706/907/371
f 3704/40/403 3703/908/510 3713/296/485
f 3713/909/1676 3703/910/393 3711/37/394 3714/39/484
f 3702/42/483 3713/296/485 3701/1601/479
f 3723/912/417 3725/913/417 3726/914/417 3724/915/417
f 3701/1602/479 3714/39/484 3710/364/574
f 3715/920/399 3722/917/369 3723/918/368 3724/919/370
f 3720/921/385 3725/922/374 3723/923/368 3721/924/387
f 3718/925/407 3726/926/376 3725/927/374 3719/928/406
f 3717/932/378 3716/929/398 3724/930/370 3726/931/376
f 3735/912/417 3737/913/417 3738/914/417 3736/915/417
f 3734/917/369 3735/918/368 3736/919/370 3727/920/399
f 3732/921/375 3737/922/374 3735/923/368 3733/924/367
f 3731/928/406 3730/925/407 3738/926/376 3737/927/374
f 3729/932/405 3728/929/371 3736/930/370 3738/931/376
f 3742/912/417 3740/913/417 3739/914/417 3741/915/417
f 3745/921/385 3740/922/374 3742/923/368 3744/924/387
f 3748/932/378 3749/929/398 3741/930/370 3739/931/376
f 3743/917/408 3742/918/368 3741/919/370 3750/920/372
f 3747/925/407 3739/926/376 3740/927/374 3746/928/406
f 3760/915/417 3759/912/417 3761/913/417 3762/914/417
f 3751/920/372 3758/917/408 3759/918/368 3760/919/370
f 3757/924/387 3756/921/385 3761/922/374 3759/923/368
f 3754/925/377 3762/926/376 3761/927/374 3755/928/373
f 3752/929/398 3760/930/370 3762/931/376 3753/932/378
f 3772/915/420 3771/912/420 3773/913/420 3774/914/420
f 3763/920/330 3770/917/327 3771/918/326 3772/919/328
f 3769/924/325 3768/921/333 3773/922/332 3771/923/326
f 3766/925/335 3774/926/334 3773/927/332 3767/928/331
f 3764/929/364 3772/930/328 3774/931/334 3765/932/336
f 3786/883/335 3777/880/338 3778/881/332 3779/882/331
f 3776/884/344 3775/885/457 3783/886/342 3782/887/498
f 3787/888/1670 3777/889/338 3785/19/339 3788/21/347
f 3778/16/345 3777/308/1671 3787/92/346
f 3776/18/344 3787/92/346 3775/1505/457
f 3800/894/327 3791/891/349 3792/892/328 3793/893/330
f 3775/1506/457 3788/21/347 3784/89/341
f 3790/896/580 3789/897/576 3797/898/578 3796/899/579
f 3778/900/332 3776/901/344 3781/902/363 3780/903/333
f 3792/904/328 3790/905/580 3795/906/336 3794/907/329
f 3792/40/358 3791/908/1672 3801/41/582
f 3801/909/1673 3791/910/349 3799/37/350 3802/39/581
f 3790/42/580 3801/41/582 3789/1692/576
f 3812/915/420 3811/912/420 3813/913/420 3814/914/420
f 3789/1693/576 3802/39/581 3798/383/577
f 3803/920/330 3810/917/327 3811/918/326 3812/919/328
f 3808/921/333 3813/922/332 3811/923/326 3809/924/325
f 3806/925/366 3814/926/334 3813/927/332 3807/928/331
f 3805/932/336 3804/929/329 3812/930/328 3814/931/334
f 3824/915/420 3823/912/420 3825/913/420 3826/914/420
f 3822/917/327 3823/918/326 3824/919/328 3815/920/330
f 3820/921/333 3825/922/332 3823/923/326 3821/924/325
f 3819/928/331 3818/925/335 3826/926/334 3825/927/332
f 3817/932/336 3816/929/329 3824/930/328 3826/931/334
f 3829/915/420 3830/912/420 3828/913/420 3827/914/420
f 3833/921/333 3828/922/332 3830/923/326 3832/924/325
f 3837/929/329 3829/930/328 3827/931/334 3836/932/336
f 3831/917/327 3830/918/326 3829/919/328 3838/920/330
f 3835/925/335 3827/926/334 3828/927/332 3834/928/331
f 3847/912/420 3849/913/420 3850/914/420 3848/915/420
f 3839/920/361 3846/917/327 3847/918/326 3848/919/328
f 3845/924/325 3844/921/333 3849/922/332 3847/923/326
f 3842/925/366 3850/926/334 3849/927/332 3843/928/331
f 3841/932/336 3840/929/329 3848/930/328 3850/931/334
f 3851/1694/1865 3852/1695/1865 3854/1696/1866 3853/1697/1866
f 3854/1698/1866 3856/1698/1867 3855/1699/1868 3853/1699/1866
f 3856/1696/1867 3852/1695/1865 3851/1694/1865 3855/1697/1868
f 3860/1700/1869 3859/385/1870 3857/386/1871 3858/1701/1871
f 3860/1699/1869 3861/1699/1872 3859/1698/1870
f 3861/1697/592 3863/1694/1873 3862/1702/593
f 3857/389/1871 3862/389/1874 3863/388/1874 3858/388/1871
f 3869/1699/583 3867/1699/1875 3868/1698/584
f 3864/1694/589 3869/1697/1876 3865/1703/590
f 3875/1704/1877 3874/391/1878 3872/393/1879 3873/1705/1879
f 3867/1697/586 3864/1694/1880 3866/1702/587
f 3871/1706/1881 3870/1707/1881 3874/1707/1878 3875/1706/1877
f 3872/393/1879 3870/391/1881 3871/1704/1881 3873/1705/1879
f 3879/391/1882 3881/393/1883 3880/1705/1883 3878/1704/1882
f 3882/1708/596 3880/1708/1884 3881/534/597
f 3876/1706/1885 3877/1707/595 3879/1707/1882 3878/1706/1882
f 3876/1709/1885 3882/1710/596 3877/1711/595
f 3890/1706/1886 3883/1707/598 3889/1707/602 3888/1706/601
f 3890/1709/1886 3884/1710/599 3883/1712/598
f 3887/1705/1887 3888/1704/1888 3886/1713/1889
f 3887/1708/1887 3886/534/1889 3885/534/1890 3884/1708/1890
f 3891/1706/1891 3892/1707/1892 3894/1707/608 3893/1706/607
f 3891/1709/1891 3897/1710/1893 3892/1714/1892
f 3895/534/1894 3898/534/605 3897/1708/604 3896/1708/1895
f 3896/1705/1895 3893/1704/1896 3895/1715/1894
f 3900/985/1897 3899/984/1897 3901/983/1897 3902/986/1897
f 3904/987/1898 3902/990/1898 3901/989/1898 3903/988/1898
f 3906/991/1899 3904/994/1899 3903/993/1899 3905/992/1899
f 3908/58/630 3900/57/630 3904/71/630 3906/59/630
f 3906/997/1900 3905/996/1900 3907/995/1900 3908/998/1900
f 3908/58/1901 3907/1000/1901 3899/999/1901 3900/57/1901
f 3910/1012/611 3909/62/610 3911/61/1902 3912/1013/1903
f 3915/1003/1904 3912/1006/1905 3913/1005/1906 3914/1004/1906
f 3911/63/1902 3913/65/1907 3912/1716/1903
f 3915/1010/1904 3914/1009/1908 3916/1008/1908 3910/1011/1909
f 3921/1001/1910 3918/1002/614 3919/63/613 3920/65/1911
f 3923/1003/1912 3921/1006/1912 3920/1005/1912 3922/1004/1912
f 3925/466/1913 3918/1717/614 3921/464/1910 3923/465/1913
f 3923/1010/1914 3922/1009/1914 3924/1008/1914 3925/1011/1914
f 3925/466/1915 3924/68/1915 3917/67/1915 3918/1717/1915
f 3927/985/1916 3926/984/1916 3928/983/1916 3929/986/1916
f 3931/987/1917 3929/990/1917 3928/989/1917 3930/988/1917
f 3933/991/1918 3931/994/1918 3930/993/1918 3932/992/1918
f 3933/997/1919 3932/996/1919 3934/995/1919 3935/998/1919
f 3935/58/1920 3934/1000/1920 3926/999/1920 3927/57/1920
f 3937/985/1921 3936/984/1921 3938/983/1921 3939/986/1921
f 3941/987/1922 3939/990/1922 3938/989/1922 3940/988/1922
f 3943/991/1923 3941/994/1923 3940/993/1923 3942/992/1923
f 3943/997/1924 3942/996/1924 3944/995/1924 3945/998/1924
f 3945/58/1925 3944/1000/1925 3936/999/1925 3937/57/1925
f 3948/983/1926 3946/984/1926 3947/985/1926 3949/986/1926
f 3951/987/1927 3950/988/1927 3948/989/1927 3949/990/1927
f 3953/991/1928 3952/992/1928 3950/993/1928 3951/994/1928
f 3951/71/631 3947/57/631 3955/58/631 3953/59/631
f 3954/995/1929 3952/996/1929 3953/997/1929 3955/998/1929
f 3946/999/1930 3954/1000/1930 3955/58/1930 3947/57/1930
f 3960/1001/1931 3959/65/1932 3958/63/620 3957/1002/619
f 3962/1003/1933 3961/1004/1933 3959/1005/1933 3960/1006/1933
f 3960/464/1931 3957/1718/619 3964/466/1934 3962/465/1934
f 3963/1008/1935 3961/1009/1935 3962/1010/1935 3964/1011/1935
f 3956/67/1936 3963/68/1936 3964/466/1936 3957/1718/1936
f 3967/61/622 3965/62/626 3966/1012/625 3968/1013/623
f 3971/1003/1937 3970/1004/1937 3969/1005/1937 3968/1006/1937
f 3972/1008/1938 3970/1009/1938 3971/1010/1939 3966/1011/625
f 3975/983/1940 3973/984/1940 3974/985/1940 3976/986/1940
f 3978/987/1941 3977/988/1941 3975/989/1941 3976/990/1941
f 3980/991/1942 3979/992/1942 3977/993/1942 3978/994/1942
f 3981/995/1943 3979/996/1943 3980/997/1943 3982/998/1943
f 3973/999/1944 3981/1000/1944 3982/58/1944 3974/57/1944
f 3985/983/1945 3983/984/1945 3984/985/1945 3986/986/1945
f 3988/987/1946 3987/988/1946 3985/989/1946 3986/990/1946
f 3990/991/1947 3989/992/1947 3987/993/1947 3988/994/1947
f 3991/995/1948 3989/996/1948 3990/997/1948 3992/998/1948
f 3983/999/1949 3991/1000/1949 3992/58/1949 3984/57/1949
f 4001/1014/420 3997/1015/420 4008/1016/420 4023/1017/420
f 4016/421/490 4019/425/490 4018/1018/490 4014/1019/490
f 4022/425/493 4025/421/493 4024/1019/493 4020/1018/493
f 4022/425/493 3603/424/493 3993/420/493 4025/421/493
f 4020/1023/420 4024/1020/420 4009/1021/420 4011/1022/420
f 4017/1024/490 4019/425/490 3596/424/490 3999/1025/490
f 4023/1026/493 4025/421/493 3993/420/493 4001/1027/493
f 4021/1024/493 4000/1025/493 3603/424/493 4022/425/493
f 4017/1031/417 3999/1028/417 3995/1029/417 4002/1030/417
f 4003/82/100 4027/82/100 4036/77/100 4005/77/100
f 4015/1017/417 4006/1016/417 3994/1015/417 3998/1014/417
f 4018/1023/417 4003/1022/417 4005/1021/417 4014/1020/417
f 4021/1031/420 4012/1030/420 3996/1029/420 4000/1028/420
f 4015/1026/490 3998/1027/490 3650/420/490 4016/421/490
f 4010/1032/1667 4009/1021/1667 4024/1020/1667 4025/1033/1667
f 4023/1017/1668 4008/1016/1668 4010/1032/1668 4025/1033/1668
f 4013/1034/1667 4012/1030/1667 4021/1031/1667 4022/1035/1667
f 4020/1023/1668 4011/1022/1668 4013/1034/1668 4022/1035/1668
f 4004/1034/1664 4003/1022/1664 4018/1023/1664 4019/1035/1664
f 4017/1031/1666 4002/1030/1666 4004/1034/1666 4019/1035/1666
f 4007/1032/1780 4006/1016/1780 4015/1017/1780 4016/1033/1780
f 4014/1020/1666 4005/1021/1666 4007/1032/1666 4016/1033/1666
f 4016/421/490 3650/420/490 3596/424/490 4019/425/490
f 3603/424/520 4000/1025/520 3999/1025/520 3596/424/520
f 3999/1028/520 4000/1028/520 3996/1029/520 3995/1029/520
f 3998/1027/426 4001/1027/426 3993/420/426 3650/420/426
f 3997/1015/426 4001/1014/426 3998/1014/426 3994/1015/426
f 3995/74/100 3996/74/100 4031/75/100 4030/75/100
f 4037/80/411 4035/1036/411 4034/1036/415 4036/80/415
f 4035/78/413 4032/79/413 4033/79/409 4034/78/409
f 4031/84/411 4029/1037/411 4028/1037/415 4030/84/415
f 4029/83/413 4026/85/413 4027/85/409 4028/83/409
f 4026/82/100 4011/82/100 4009/77/100 4037/77/100
f 4027/82/100 4026/82/100 4037/77/100 4036/77/100
f 3994/73/100 4033/72/100 4032/72/100 3997/73/100
f 3937/57/618 3939/86/618 3941/71/618 3945/58/618
f 3927/57/616 3929/86/616 3931/71/616 3935/58/616
f 3978/71/628 3976/86/628 3974/57/628 3980/59/628
f 3910/400/1909 3912/1719/1905 3915/465/1904
f 3966/404/625 3971/465/1939 3968/1720/623
f 3992/58/629 3990/59/629 3988/71/629 3986/86/629
f 8666/1643/426 8667/1644/426 8660/1645/426 8662/1642/426
f 8629/1646/100 8654/1647/100 8625/1647/100 8655/1646/100
f 8663/1645/520 8665/1644/520 8664/1643/520 8661/1642/520
f 8665/1649/2109 8659/1650/2109 8658/1651/2109 8664/1648/2109
f 8624/1652/100 8655/1646/100 8625/1647/100 8626/1653/100
f 8627/1653/100 8654/1647/100 8629/1646/100 8628/1652/100
f 8666/1654/2110 8662/1655/2110 8628/1621/2110 8656/1656/2110
f 8641/527/545 8630/528/770 8622/522/426 8618/521/426
f 8617/344/520 8626/371/520 8648/378/520
f 8640/1927/2111 8643/1928/2112 8652/1929/2113 8631/1930/2114
f 8632/1661/2115 8631/1930/2114 8652/1929/2113 8650/1661/2116
f 8634/1931/2117 8632/1661/2115 8650/1661/2116 8649/1663/2118
f 8646/1664/2119 8645/1665/2120 8638/1665/2121 8637/1932/2122
f 8645/1665/2120 8643/1928/2112 8640/1927/2111 8638/1665/2121
f 8623/340/520 8617/344/520 8653/529/747 8642/496/747
f 8630/1933/2123 8631/1668/2124 8632/1611/2125 8633/1612/2126
f 8635/1669/2127 8633/1612/2126 8632/1611/2125 8634/1934/2128
f 8636/1935/2129 8637/1936/2130 8638/500/2131 8639/1617/2132
f 8641/1937/2133 8639/1617/2132 8638/500/2131 8640/1938/2134
f 8648/1675/2135 8649/1676/2136 8650/1611/2137 8651/1612/2138
f 8653/1939/2139 8651/1612/2138 8650/1611/2137 8652/1940/2140
f 8647/1941/2141 8644/530/772 8645/500/771 8646/1942/2142
f 8643/531/773 8644/530/772 8642/1909/2143
f 8641/1937/2133 8640/1938/2134 8631/1668/2124 8630/1933/2123
f 8652/1940/2140 8643/531/773 8642/1909/2143 8653/1939/2139
f 8646/1942/2142 8655/1620/2144 8624/1621/2144 8647/1941/2141
f 8649/1676/2136 8648/1675/2135 8626/1622/2145 8625/1623/2145
f 8627/1622/2146 8635/1669/2127 8634/1934/2128 8654/1623/2146
f 8654/1683/2147 8634/1931/2117 8649/1663/2118 8625/1683/2147
f 8637/1936/2130 8636/1935/2129 8628/1621/2148 8629/1620/2148
f 8646/1664/2119 8637/1932/2122 8629/1684/2149 8655/1684/2149
f 8659/370/520 8621/369/520 8620/380/520 8658/366/520
f 8656/366/426 8618/521/426 8615/368/426
f 8658/366/520 8620/380/520 8616/368/520 8623/340/520
f 8676/369/426 8622/522/426 8657/370/426
f 8617/344/417 8622/522/417 8676/369/417 8621/369/417
f 8657/370/426 8656/366/426 8619/532/426
f 8623/340/420 8616/368/420 8615/368/420 8618/521/420
f 8667/1685/2150 8657/1686/2150 8627/1622/2150 8660/1687/2150
f 8664/1654/2151 8658/1656/2151 8624/1621/2151 8661/1655/2151
f 8660/1689/100 8627/1653/100 8628/1652/100 8662/1688/100
f 8667/1649/2152 8666/1648/2152 8656/1651/2152 8657/1650/2152
f 8663/1689/100 8661/1688/100 8624/1652/100 8626/1653/100
f 8665/1685/2153 8663/1687/2153 8626/1622/2153 8659/1686/2153
f 8683/861/426 8687/862/426 8698/863/426 8696/864/426
f 8696/866/464 8698/865/464 8700/350/464 8697/353/464
f 8692/866/497 8694/353/497 8691/350/497 8690/865/497
f 8677/862/520 8681/861/520 8692/864/520 8690/863/520
f 8680/867/520 8669/868/520 8673/869/520 8693/870/520
f 8670/868/426 8684/867/426 8695/870/426 8674/869/426
f 8695/356/464 8697/353/464 8615/871/464 8674/352/464
f 8686/872/426 8671/873/426 8675/874/426 8699/875/426
f 8689/349/497 8691/350/497 8621/351/497 8672/348/497
f 8682/876/1343 8694/877/1343 8692/864/1343 8681/861/1343
f 8693/870/1344 8694/877/1344 8682/876/1344 8680/867/1344
f 8679/878/1343 8691/879/1343 8689/875/1343 8678/872/1343
f 8690/863/1344 8691/879/1344 8679/878/1344 8677/862/1344
f 8688/878/1341 8700/879/1341 8698/863/1341 8687/862/1341
f 8699/875/1342 8700/879/1342 8688/878/1342 8686/872/1342
f 8685/876/1341 8697/877/1341 8695/870/1341 8684/867/1341
f 8696/864/1342 8697/877/1342 8685/876/1342 8683/861/1342
f 8668/873/520 8678/872/520 8689/875/520 8672/874/520
f 8676/351/464 8615/871/464 8697/353/464 8700/350/464
f 8699/349/464 8675/348/464 8676/351/464 8700/350/464
f 8616/871/497 8621/351/497 8691/350/497 8694/353/497
f 8693/356/497 8673/352/497 8616/871/497 8694/353/497
f 8676/351/417 8675/348/417 8672/348/417 8621/351/417
f 8675/874/417 8671/873/417 8668/873/417 8672/874/417
f 8673/352/420 8674/352/420 8615/871/420 8616/871/420
f 8669/868/420 8670/868/420 8674/869/420 8673/869/420
f 8709/912/520 8711/913/520 8712/914/520 8710/915/520
f 8701/920/25 8708/917/19 8709/918/33 8710/919/26
f 8706/921/8 8711/922/10 8709/923/33 8707/924/12
f 8704/925/37 8712/926/36 8711/927/10 8705/928/40
f 8702/929/39 8710/930/26 8712/931/36 8703/932/28
f 8715/880/110 8716/881/10 8717/882/9 8724/883/3
f 8714/884/13 8713/885/112 8721/886/7 8720/887/11
f 8725/888/1394 8715/889/110 8723/305/111 8726/21/115
f 8716/16/113 8715/308/1395 8725/510/114
f 8714/18/13 8725/510/114 8713/1505/112
f 8729/891/117 8730/892/26 8731/893/35 8738/894/34
f 8713/1506/112 8726/21/115 8722/89/6
f 8728/896/29 8727/897/759 8735/898/23 8734/899/27
f 8716/900/10 8714/901/13 8719/902/12 8718/903/8
f 8730/904/26 8728/905/29 8733/906/28 8732/907/24
f 8730/40/125 8729/908/476 8739/482/761
f 8739/909/1396 8729/910/117 8737/37/118 8740/39/760
f 8728/42/29 8739/482/761 8727/1913/759
f 8749/912/520 8751/913/520 8752/914/520 8750/915/520
f 8727/934/759 8740/39/760 8736/364/22
f 8741/920/35 8748/917/34 8749/918/33 8750/919/26
f 8747/924/12 8746/921/8 8751/922/10 8749/923/33
f 8744/925/3 8752/926/36 8751/927/10 8745/928/9
f 8742/929/24 8750/930/26 8752/931/36 8743/932/28
f 8761/912/520 8763/913/520 8764/914/520 8762/915/520
f 8760/917/34 8761/918/33 8762/919/26 8753/920/35
f 8758/921/41 8763/922/10 8761/923/33 8759/924/38
f 8757/928/9 8756/925/3 8764/926/36 8763/927/10
f 8755/932/28 8754/929/24 8762/930/26 8764/931/36
f 8768/912/520 8766/913/520 8765/914/520 8767/915/520
f 8771/921/8 8766/922/10 8768/923/33 8770/924/12
f 8775/929/24 8767/930/26 8765/931/36 8774/932/28
f 8776/920/25 8769/917/19 8768/918/33 8767/919/26
f 8773/925/3 8765/926/36 8766/927/10 8772/928/9
f 8785/912/520 8787/913/520 8788/914/520 8786/915/520
f 8777/920/35 8784/917/34 8785/918/33 8786/919/26
f 8782/921/8 8787/922/10 8785/923/33 8783/924/12
f 8780/925/37 8788/926/36 8787/927/10 8781/928/40
f 8779/932/28 8778/929/24 8786/930/26 8788/931/36
f 8797/912/426 8799/913/426 8800/914/426 8798/915/426
f 8789/920/80 8796/917/61 8797/918/75 8798/919/68
f 8795/924/54 8794/921/50 8799/922/52 8797/923/75
f 8792/925/45 8800/926/77 8799/927/52 8793/928/51
f 8790/929/79 8798/930/68 8800/931/77 8791/932/70
f 8803/880/127 8804/881/52 8805/882/145 8812/883/45
f 8802/884/55 8801/885/47 8809/886/49 8808/887/53
f 8813/888/1397 8803/889/127 8811/305/128 8814/21/132
f 8804/16/130 8803/308/1398 8813/323/131
f 8802/18/55 8813/323/131 8801/1896/47
f 8826/894/144 8817/891/134 8818/892/68 8819/893/67
f 8801/1897/47 8814/21/132 8810/89/48
f 8816/896/71 8815/897/734 8823/898/65 8822/899/774
f 8804/900/52 8802/901/55 8807/902/78 8806/903/76
f 8818/904/68 8816/905/71 8821/906/82 8820/907/66
f 8818/40/142 8817/908/1399 8827/56/513
f 8827/909/1400 8817/910/134 8825/37/135 8828/39/512
f 8816/42/71 8827/56/513 8815/1601/734
f 8837/912/426 8839/913/426 8840/914/426 8838/915/426
f 8815/1602/734 8828/39/512 8824/91/64
f 8829/920/67 8836/917/61 8837/918/75 8838/919/68
f 8834/921/50 8839/922/52 8837/923/75 8835/924/54
f 8832/925/45 8840/926/77 8839/927/52 8833/928/51
f 8831/932/70 8830/929/66 8838/930/68 8840/931/77
f 8849/912/426 8851/913/426 8852/914/426 8850/915/426
f 8848/917/144 8849/918/75 8850/919/68 8841/920/80
f 8846/921/76 8851/922/52 8849/923/75 8847/924/78
f 8845/928/145 8844/925/45 8852/926/77 8851/927/52
f 8843/932/82 8842/929/66 8850/930/68 8852/931/77
f 8856/912/426 8854/913/426 8853/914/426 8855/915/426
f 8858/924/54 8859/921/50 8854/922/52 8856/923/75
f 8863/929/66 8855/930/68 8853/931/77 8862/932/70
f 8857/917/61 8856/918/75 8855/919/68 8864/920/67
f 8861/925/81 8853/926/77 8854/927/52 8860/928/145
f 8873/912/426 8875/913/426 8876/914/426 8874/915/426
f 8865/920/80 8872/917/144 8873/918/75 8874/919/68
f 8871/924/54 8870/921/50 8875/922/52 8873/923/75
f 8868/925/45 8876/926/77 8875/927/52 8869/928/145
f 8866/929/66 8874/930/68 8876/931/77 8867/932/70
f 8880/386/2154 8882/385/2155 8881/1700/2156 8879/1701/2154
f 8882/385/2155 8884/386/2157 8883/1701/2157 8881/1700/2156
f 8878/1695/2158 8880/1696/2159 8879/1697/2159 8877/1694/2160
f 8884/1696/2161 8878/1695/2158 8877/1694/2160 8883/1697/2161
f 8898/385/2155 8900/386/2157 8899/1701/2157 8897/1700/2156
f 8885/1696/2161 8891/1695/2158 8892/1694/2160 8886/1697/2161
f 8891/1695/2158 8889/1696/2159 8890/1697/2159 8892/1694/2160
f 8887/385/2155 8885/386/2157 8886/1701/2157 8888/1700/2156
f 8896/386/2154 8898/385/2155 8897/1700/2156 8895/1701/2154
f 8900/1696/2161 8894/1695/2158 8893/1694/2160 8899/1697/2161
f 8894/1695/2158 8896/1696/2159 8895/1697/2159 8893/1694/2160
f 8889/386/2154 8887/385/2155 8888/1700/2156 8890/1701/2154
f 8906/1704/2162 8905/391/2162 8903/393/2163 8904/1705/2163
f 8901/1707/2164 8905/1707/2162 8906/1706/2162 8902/1706/2165
f 8903/393/2163 8901/391/2164 8902/1704/2165 8904/1705/2163
f 8913/393/2166 8908/391/2167 8907/1704/2168 8912/1705/2166
f 8908/1707/2167 8910/1707/779 8909/1706/778 8907/1706/2168
f 8912/1705/775 8909/1704/2169 8911/1943/776
f 8916/393/2163 8914/391/2164 8915/1704/2165 8917/1705/2163
f 8919/1704/2162 8918/391/2162 8916/393/2163 8917/1705/2163
f 8914/1707/2164 8918/1707/2162 8919/1706/2162 8915/1706/2165
f 8924/1705/2170 8925/393/2170 8921/391/2171 8920/1704/2172
f 8921/1707/2171 8923/1707/2173 8922/1706/2174 8920/1706/2172
f 8923/391/2173 8925/393/2170 8924/1705/2170 8922/1704/2174
f 8927/985/2175 8926/984/2175 8928/983/2175 8929/986/2175
f 8931/987/2176 8929/990/2176 8928/989/2176 8930/988/2176
f 8933/991/2177 8931/994/2177 8930/993/2177 8932/992/2177
f 8935/58/794 8927/57/794 8931/71/794 8933/59/794
f 8933/997/2178 8932/996/2178 8934/995/2178 8935/998/2178
f 8935/58/2179 8934/1000/2179 8926/999/2179 8927/57/2179
f 8937/1012/782 8936/62/781 8938/61/2180 8939/1013/2181
f 8942/1003/2182 8939/1006/2183 8940/1005/2184 8941/1004/2184
f 8938/63/2180 8940/65/2185 8939/1944/2181
f 8942/1010/2182 8941/1009/2186 8943/1008/2186 8937/1011/2187
f 8948/1001/2188 8945/1002/785 8946/63/784 8947/65/2189
f 8950/1003/2190 8948/1006/2190 8947/1005/2190 8949/1004/2190
f 8952/466/2191 8945/1945/785 8948/464/2188 8950/465/2191
f 8950/1010/2192 8949/1009/2192 8951/1008/2192 8952/1011/2192
f 8952/466/2193 8951/68/2193 8944/67/2193 8945/1945/2193
f 8954/985/2194 8953/984/2194 8955/983/2194 8956/986/2194
f 8958/987/2195 8956/990/2195 8955/989/2195 8957/988/2195
f 8960/991/2196 8958/994/2196 8957/993/2196 8959/992/2196
f 8960/997/2197 8959/996/2197 8961/995/2197 8962/998/2197
f 8962/58/2198 8961/1000/2198 8953/999/2198 8954/57/2198
f 8964/985/2199 8963/984/2199 8965/983/2199 8966/986/2199
f 8968/987/2200 8966/990/2200 8965/989/2200 8967/988/2200
f 8970/991/2201 8968/994/2201 8967/993/2201 8969/992/2201
f 8970/997/2202 8969/996/2202 8971/995/2202 8972/998/2202
f 8972/58/2203 8971/1000/2203 8963/999/2203 8964/57/2203
f 8975/983/1365 8973/984/1365 8974/985/1365 8976/986/1365
f 8978/987/1366 8977/988/1366 8975/989/1366 8976/990/1366
f 8980/991/1367 8979/992/1367 8977/993/1367 8978/994/1367
f 8978/71/83 8974/57/83 8982/58/83 8980/59/83
f 8981/995/1368 8979/996/1368 8980/997/1368 8982/998/1368
f 8973/999/2204 8981/1000/2204 8982/58/2204 8974/57/2204
f 8987/1001/2205 8986/65/1371 8985/63/85 8984/1002/84
f 8989/1003/1372 8988/1004/1372 8986/1005/1372 8987/1006/1372
f 8987/464/2205 8984/1946/84 8991/466/1373 8989/465/1373
f 8990/1008/1374 8988/1009/1374 8989/1010/1374 8991/1011/1374
f 8983/67/1375 8990/68/1375 8991/466/1375 8984/1946/1375
f 8994/61/87 8992/62/791 8993/1012/790 8995/1013/88
f 8998/1003/1376 8997/1004/1376 8996/1005/1376 8995/1006/1376
f 8999/1008/1377 8997/1009/1377 8998/1010/1378 8993/1011/790
f 9002/983/2206 9000/984/2206 9001/985/2206 9003/986/2206
f 9005/987/2207 9004/988/2207 9002/989/2207 9003/990/2207
f 9007/991/2208 9006/992/2208 9004/993/2208 9005/994/2208
f 9008/995/2209 9006/996/2209 9007/997/2209 9009/998/2209
f 9000/999/2210 9008/1000/2210 9009/58/2210 9001/57/2210
f 9012/983/2211 9010/984/2211 9011/985/2211 9013/986/2211
f 9015/987/2212 9014/988/2212 9012/989/2212 9013/990/2212
f 9017/991/2213 9016/992/2213 9014/993/2213 9015/994/2213
f 9018/995/2214 9016/996/2214 9017/997/2214 9019/998/2214
f 9010/999/2215 9018/1000/2215 9019/58/2215 9011/57/2215
f 9027/1014/426 9023/1015/426 9034/1016/426 9049/1017/426
f 9042/421/487 9045/425/487 9044/1018/487 9040/1019/487
f 9048/425/492 9051/421/492 9050/1019/492 9046/1018/492
f 9048/425/492 8618/424/492 8622/420/492 9051/421/492
f 9050/1020/426 9035/1021/426 9037/1022/426 9046/1023/426
f 9043/1024/487 9045/425/487 8623/424/487 9025/1025/487
f 9049/1026/492 9051/421/492 8622/420/492 9027/1027/492
f 9047/1024/492 9026/1025/492 8618/424/492 9048/425/492
f 9025/1028/520 9021/1029/520 9028/1030/520 9043/1031/520
f 9029/82/100 9053/82/100 9062/77/100 9031/77/100
f 9041/1017/520 9032/1016/520 9020/1015/520 9024/1014/520
f 9044/1023/520 9029/1022/520 9031/1021/520 9040/1020/520
f 9047/1031/426 9038/1030/426 9022/1029/426 9026/1028/426
f 9041/1026/487 9024/1027/487 8617/420/487 9042/421/487
f 9036/1032/1341 9035/1021/1341 9050/1020/1341 9051/1033/1341
f 9049/1017/1342 9034/1016/1342 9036/1032/1342 9051/1033/1342
f 9039/1034/1341 9038/1030/1341 9047/1031/1341 9048/1035/1341
f 9046/1023/1342 9037/1022/1342 9039/1034/1342 9048/1035/1342
f 9030/1034/1787 9029/1022/1787 9044/1023/1787 9045/1035/1787
f 9043/1031/1788 9028/1030/1788 9030/1034/1788 9045/1035/1788
f 9033/1032/1787 9032/1016/1787 9041/1017/1787 9042/1033/1787
f 9040/1020/1788 9031/1021/1788 9033/1032/1788 9042/1033/1788
f 9042/421/487 8617/420/487 8623/424/487 9045/425/487
f 8618/424/420 9026/1025/420 9025/1025/420 8623/424/420
f 9025/1028/420 9026/1028/420 9022/1029/420 9021/1029/420
f 9024/1027/417 9027/1027/417 8622/420/417 8617/420/417
f 9023/1015/417 9027/1014/417 9024/1014/417 9020/1015/417
f 9056/75/100 9021/74/100 9022/74/100 9057/75/100
f 9063/80/101 9061/1036/101 9060/1036/105 9062/80/105
f 9061/78/107 9058/79/107 9059/79/103 9060/78/103
f 9057/84/101 9055/1037/101 9054/1037/105 9056/84/105
f 9055/83/107 9052/85/107 9053/85/103 9054/83/103
f 9052/82/100 9037/82/100 9035/77/100 9063/77/100
f 9053/82/100 9052/82/100 9063/77/100 9062/77/100
f 9020/73/100 9059/72/100 9058/72/100 9023/73/100
f 8964/57/788 8966/86/788 8968/71/788 8972/58/788
f 8954/57/787 8956/86/787 8958/71/787 8962/58/787
f 9005/71/792 9003/86/792 9001/57/792 9007/59/792
f 8937/536/2187 8939/1947/2183 8942/465/2182
f 8993/540/790 8998/465/1378 8995/1948/88
f 9019/58/793 9017/59/793 9015/71/793 9013/86/793
usemtl texture.108
f 4044/405/632 4091/406/633 4060/407/634
f 4045/406/635 4103/405/636 4054/407/637
f 4042/408/638 4065/409/639 4051/410/640
f 4066/409/641 4078/408/642 4057/410/643
f 4040/411/463 4045/412/463 4115/413/463
f 4072/411/644 4124/413/644 4091/412/644
f 4065/414/463 4105/415/463 4130/416/463
f 4047/415/644 4066/414/644 4133/416/644
f 4143/43/325 4145/44/326 4144/45/327
f 4146/46/328 4138/47/329 4137/48/330
f 4141/49/331 4147/50/332 4142/51/333
f 4148/52/334 4140/53/335 4139/54/336
f 4149/1/337 4161/2/337 4162/3/337
f 4151/4/338 4160/5/335 4159/6/339
f 4149/7/457 4158/8/341 4157/9/342
f 4154/10/333 4153/11/331 4152/12/332
f 4156/13/498 4155/14/325 4150/15/344
f 4152/16/345 4161/17/346 4150/18/344
f 4162/21/347 4159/19/339 4158/89/341
f 4163/22/575 4175/23/575 4176/24/575
f 4165/25/349 4174/26/327 4173/27/350
f 4163/28/645 4172/29/577 4171/30/578
f 4168/31/364 4167/32/330 4166/33/328
f 4170/34/579 4169/35/355 4164/36/580
f 4176/39/581 4173/37/350 4172/91/577
f 4166/40/358 4175/362/582 4164/42/580
f 4177/1/337 4189/2/337 4190/3/337
f 4179/4/338 4188/5/335 4187/6/339
f 4177/7/340 4186/8/341 4185/9/342
f 4182/10/333 4181/11/331 4180/12/332
f 4184/13/498 4183/14/363 4178/15/344
f 4180/16/345 4189/417/346 4178/18/344
f 4190/21/347 4187/19/339 4186/89/341
f 4197/43/325 4199/44/326 4198/45/360
f 4200/46/328 4192/47/329 4191/48/361
f 4195/49/331 4201/50/332 4196/51/333
f 4202/52/334 4194/53/366 4193/54/336
f 4209/43/325 4211/44/326 4210/45/360
f 4212/46/328 4204/47/329 4203/48/361
f 4207/49/331 4213/50/332 4208/51/333
f 4214/52/334 4206/53/335 4205/54/336
f 4221/43/325 4223/44/326 4222/45/327
f 4224/46/328 4216/47/329 4215/48/330
f 4219/49/365 4225/50/332 4220/51/362
f 4226/52/334 4218/53/335 4217/54/336
f 4233/43/325 4235/44/326 4234/45/360
f 4236/46/328 4228/47/364 4227/48/361
f 4231/49/365 4237/50/332 4232/51/362
f 4238/52/334 4230/53/335 4229/54/355
f 4245/43/387 4247/44/368 4246/45/369
f 4248/46/370 4240/47/398 4239/48/399
f 4243/49/373 4249/50/374 4244/51/385
f 4250/52/376 4242/53/377 4241/54/378
f 4251/1/379 4263/2/379 4264/3/379
f 4253/4/380 4262/5/377 4261/6/381
f 4251/7/382 4260/8/383 4259/9/384
f 4256/10/385 4255/11/373 4254/12/374
f 4258/13/453 4257/14/387 4252/15/388
f 4254/16/389 4263/294/390 4252/18/388
f 4261/19/381 4260/418/383 4264/21/391
f 4265/22/646 4277/23/646 4278/24/646
f 4267/25/393 4276/26/369 4275/27/394
f 4265/28/395 4274/29/396 4273/30/397
f 4270/31/398 4269/32/399 4268/33/370
f 4272/34/459 4271/35/378 4266/36/401
f 4278/39/402 4275/37/394 4274/91/396
f 4268/40/403 4277/265/404 4266/42/401
f 4279/1/379 4291/2/379 4292/3/379
f 4281/4/380 4290/5/377 4289/6/381
f 4279/7/382 4288/8/383 4287/9/384
f 4284/10/385 4283/11/373 4282/12/374
f 4286/13/386 4285/14/387 4280/15/388
f 4282/16/389 4291/417/390 4280/18/388
f 4292/21/391 4289/19/381 4288/89/383
f 4299/43/387 4301/44/368 4300/45/408
f 4302/46/370 4294/47/398 4293/48/372
f 4297/49/406 4303/50/374 4298/51/385
f 4304/52/376 4296/53/407 4295/54/378
f 4311/43/367 4313/44/368 4312/45/408
f 4314/46/370 4306/47/398 4305/48/399
f 4309/49/373 4315/50/374 4310/51/375
f 4316/52/376 4308/53/407 4307/54/405
f 4323/43/367 4325/44/368 4324/45/408
f 4326/46/370 4318/47/371 4317/48/372
f 4321/49/373 4327/50/374 4322/51/375
f 4328/52/376 4320/53/377 4319/54/378
f 4335/43/367 4337/44/368 4336/45/408
f 4338/46/370 4330/47/371 4329/48/372
f 4333/49/406 4339/50/374 4334/51/375
f 4340/52/376 4332/53/407 4331/54/405
f 4381/72/100 4342/73/100 4354/72/100
f 4103/419/647 4038/420/493 4373/421/493
f 4099/422/100 4384/77/100 4353/77/100
f 4343/74/100 4378/75/100 4350/75/100
f 4078/423/648 4341/424/490 4367/425/490
f 4344/74/100 4360/75/100 4379/75/100
f 4100/422/100 4357/77/100 4385/77/100
f 4356/72/100 4345/73/100 4380/72/100
f 4355/76/100 4353/77/100 4384/77/100
f 4354/72/100 4355/76/100 4381/72/100
f 4382/78/409 4381/79/409 4355/78/410
f 4357/77/100 4358/76/100 4385/77/100
f 4358/76/100 4356/72/100 4380/72/100
f 4383/78/411 4385/80/411 4358/78/412
f 4361/81/100 4359/82/100 4374/82/100
f 4360/75/100 4361/81/100 4379/75/100
f 4377/83/411 4379/84/411 4361/83/412
f 4352/81/100 4350/75/100 4378/75/100
f 4351/82/100 4352/81/100 4375/82/100
f 4376/83/409 4375/85/409 4352/83/410
f 4380/79/413 4383/78/413 4358/78/414
f 4384/80/415 4382/78/415 4355/78/416
f 4374/85/413 4377/83/413 4361/83/414
f 4378/84/415 4376/83/415 4352/83/416
f 4359/82/100 4075/426/100 4374/82/100
f 4067/420/490 4044/427/649 4364/421/490
f 4375/82/100 4074/426/100 4351/82/100
f 4094/424/493 4042/428/650 4370/425/493
f 5621/405/632 5668/406/633 5637/407/634
f 5622/406/635 5680/405/636 5631/407/637
f 5619/408/638 5642/409/639 5628/410/640
f 5643/409/641 5655/408/642 5634/410/643
f 5617/411/463 5622/412/463 5692/413/463
f 5649/411/644 5701/413/644 5668/412/644
f 5642/414/463 5682/415/463 5707/416/463
f 5624/415/644 5643/414/644 5710/416/644
f 5720/43/325 5722/44/326 5721/45/327
f 5723/46/328 5715/47/329 5714/48/330
f 5718/49/331 5724/50/332 5719/51/333
f 5725/52/334 5717/53/335 5716/54/336
f 5726/1/718 5738/2/718 5739/3/718
f 5728/4/338 5737/5/335 5736/6/339
f 5726/7/719 5735/8/444 5734/9/445
f 5731/10/333 5730/11/331 5729/12/332
f 5733/13/720 5732/14/325 5727/15/447
f 5729/16/345 5738/478/721 5727/18/447
f 5739/21/722 5736/479/339 5735/89/444
f 5740/22/723 5752/23/723 5753/24/723
f 5742/25/349 5751/26/327 5750/27/350
f 5740/28/458 5749/29/352 5748/30/353
f 5745/31/329 5744/32/330 5743/33/328
f 5747/34/724 5746/35/336 5741/36/356
f 5753/39/357 5750/37/350 5749/91/352
f 5743/40/358 5752/362/359 5741/42/356
f 5754/1/337 5766/2/337 5767/3/337
f 5756/4/338 5765/5/335 5764/6/339
f 5754/7/340 5763/8/341 5762/9/342
f 5759/10/333 5758/11/331 5757/12/332
f 5761/13/498 5760/14/325 5755/15/344
f 5757/16/345 5766/480/346 5755/18/344
f 5767/21/347 5764/19/339 5763/89/341
f 5774/43/363 5776/44/326 5775/45/327
f 5777/46/328 5769/47/329 5768/48/330
f 5772/49/365 5778/50/332 5773/51/362
f 5779/52/334 5771/53/366 5770/54/336
f 5786/43/363 5788/44/326 5787/45/360
f 5789/46/328 5781/47/329 5780/48/330
f 5784/49/331 5790/50/332 5785/51/333
f 5791/52/334 5783/53/335 5782/54/336
f 5798/43/363 5800/44/326 5799/45/360
f 5801/46/328 5793/47/329 5792/48/330
f 5796/49/365 5802/50/332 5797/51/362
f 5803/52/334 5795/53/335 5794/54/336
f 5810/43/325 5812/44/326 5811/45/327
f 5813/46/328 5805/47/364 5804/48/361
f 5808/49/331 5814/50/332 5809/51/362
f 5815/52/334 5807/53/366 5806/54/355
f 5822/43/387 5824/44/368 5823/45/369
f 5825/46/370 5817/47/398 5816/48/399
f 5820/49/406 5826/50/374 5821/51/385
f 5827/52/376 5819/53/407 5818/54/378
f 5828/1/379 5840/2/379 5841/3/379
f 5830/4/380 5839/5/377 5838/6/381
f 5828/7/382 5837/8/383 5836/9/384
f 5833/10/385 5832/11/373 5831/12/374
f 5835/13/386 5834/14/387 5829/15/388
f 5831/16/389 5840/17/390 5829/18/388
f 5841/21/391 5838/19/381 5837/89/383
f 5842/22/478 5854/23/478 5855/24/478
f 5844/25/393 5853/26/369 5852/27/394
f 5842/28/479 5851/29/574 5850/30/481
f 5847/31/371 5846/32/399 5845/33/370
f 5849/34/482 5848/35/405 5843/36/483
f 5852/37/394 5851/327/574 5855/39/484
f 5845/40/403 5854/296/485 5843/42/483
f 5856/1/725 5868/2/725 5869/3/725
f 5858/4/380 5867/5/377 5866/6/381
f 5856/7/726 5865/8/727 5864/9/728
f 5861/10/385 5860/11/373 5859/12/374
f 5863/13/729 5862/14/387 5857/15/730
f 5859/16/389 5868/381/731 5857/18/730
f 5866/19/381 5865/481/727 5869/21/732
f 5876/43/387 5878/44/368 5877/45/369
f 5879/46/370 5871/47/398 5870/48/399
f 5874/49/373 5880/50/374 5875/51/385
f 5881/52/376 5873/53/377 5872/54/378
f 5888/43/367 5890/44/368 5889/45/408
f 5891/46/370 5883/47/398 5882/48/372
f 5886/49/406 5892/50/374 5887/51/375
f 5893/52/376 5885/53/407 5884/54/378
f 5900/43/367 5902/44/368 5901/45/369
f 5903/46/370 5895/47/371 5894/48/399
f 5898/49/373 5904/50/374 5899/51/385
f 5905/52/376 5897/53/377 5896/54/378
f 5912/43/367 5914/44/368 5913/45/408
f 5915/46/370 5907/47/371 5906/48/372
f 5910/49/406 5916/50/374 5911/51/375
f 5917/52/376 5909/53/407 5908/54/405
f 5958/72/100 5919/73/100 5931/72/100
f 5680/419/647 5615/420/493 5950/421/493
f 5676/422/100 5961/77/100 5930/77/100
f 5920/74/100 5955/75/100 5927/75/100
f 5655/423/648 5918/424/490 5944/425/490
f 5921/74/100 5937/75/100 5956/75/100
f 5677/422/100 5934/77/100 5962/77/100
f 5933/72/100 5922/73/100 5957/72/100
f 5932/76/100 5930/77/100 5961/77/100
f 5931/72/100 5932/76/100 5958/72/100
f 5959/78/409 5958/79/409 5932/78/410
f 5934/77/100 5935/76/100 5962/77/100
f 5935/76/100 5933/72/100 5957/72/100
f 5960/78/411 5962/80/411 5935/78/412
f 5938/81/100 5936/82/100 5951/82/100
f 5937/75/100 5938/81/100 5956/75/100
f 5954/83/411 5956/84/411 5938/83/412
f 5929/81/100 5927/75/100 5955/75/100
f 5928/82/100 5929/81/100 5952/82/100
f 5953/83/409 5952/85/409 5929/83/410
f 5957/79/413 5960/78/413 5935/78/414
f 5961/80/415 5959/78/415 5932/78/416
f 5951/85/413 5954/83/413 5938/83/414
f 5955/84/415 5953/83/415 5929/83/416
f 5936/82/100 5652/426/100 5951/82/100
f 5644/420/490 5621/427/649 5941/421/490
f 5952/82/100 5651/426/100 5928/82/100
f 5671/424/493 5619/428/650 5947/425/493
f 4067/1721/417 4072/1722/417 4091/1723/417 4044/1724/417
f 4095/1725/417 4039/1726/417 4056/1727/417 4058/1728/417
f 4341/1729/417 4078/1730/417 4066/1731/417 4047/1732/417
f 4094/1729/420 4105/1732/420 4065/1731/420 4042/1730/420
f 4052/1733/420 4048/1734/420 4073/1735/420 4050/1736/420
f 4059/1733/417 4055/1736/417 4043/1735/417 4046/1734/417
f 4051/1737/1950 4049/1738/1950 4053/1739/1950 4054/1740/1950
f 4050/1741/1951 4051/1742/1951 4054/1743/1951 4052/1744/1951
f 4057/1745/1952 4055/1736/1952 4059/1733/1952 4060/1746/1952
f 4056/1727/1953 4057/1745/1953 4060/1746/1953 4058/1728/1953
f 4098/1725/420 4053/1728/420 4049/1727/420 4041/1726/420
f 4045/1723/420 4040/1722/420 4038/1721/420 4103/1724/420
f 4103/405/636 4048/1747/636 4052/1748/636 4054/407/637
f 4053/1749/1782 4098/1750/1782 4045/406/635 4054/407/637
f 4050/1751/638 4073/1752/638 4042/408/638 4051/410/640
f 4065/409/639 4041/1753/1794 4049/1754/1794 4051/410/640
f 4059/1748/632 4046/1747/632 4044/405/632 4060/407/634
f 4091/406/633 4095/1750/1954 4058/1749/1954 4060/407/634
f 4056/1754/1955 4039/1753/1955 4066/409/641 4057/410/643
f 4078/408/642 4043/1752/642 4055/1751/642 4057/410/643
f 4067/1721/426 4038/1721/426 4040/1722/426 4072/1722/426
f 4105/1732/520 4094/1729/520 4341/1729/520 4047/1732/520
f 4071/1755/1956 4064/1756/1956 4062/1757/1956 4070/1758/1956
f 4039/1759/1957 4069/1760/1957 4063/1761/1957 4066/414/1957
f 4134/1762/417 4110/1763/417 4108/1764/417 4132/1765/417
f 4116/1766/420 4084/1767/420 4079/1768/420 4114/1769/420
f 4068/1758/1958 4061/1757/1958 4063/1756/1958 4069/1755/1958
f 4041/1759/1959 4065/414/1959 4064/1761/1959 4071/1760/1959
f 4083/1770/1960 4075/1771/1961 4077/1772/1962 4085/1773/1960
f 4132/1774/644 4108/1775/644 4047/415/644 4133/416/644
f 4043/1776/1963 4078/1777/648 4076/1778/1964 4082/1779/1963
f 4076/1772/1965 4074/1771/1966 4081/1770/1967 4082/1773/1967
f 4077/1778/1968 4042/1777/650 4073/1776/1969 4085/1779/1969
f 4081/1780/100 4074/1781/100 4075/1781/100 4083/1780/100
f 4096/1782/1970 4088/1783/1970 4090/1784/1970 4097/1785/1970
f 4093/1785/1971 4089/1784/1971 4087/1783/1971 4092/1782/1971
f 4113/1786/463 4115/413/463 4045/412/463 4090/1787/463
f 4119/1788/417 4087/1783/417 4089/1784/417 4123/1789/417
f 4069/1760/1972 4039/1759/1972 4095/1790/1972 4093/1791/1972
f 4096/1782/420 4097/1785/420 4071/1755/420 4070/1758/420
f 4095/1790/1973 4091/412/1973 4089/1787/1973 4093/1791/1973
f 4082/1773/417 4081/1770/417 4104/1792/417 4106/1793/417
f 4097/1791/1974 4098/1790/1974 4041/1759/1974 4071/1760/1974
f 4046/1794/1975 4043/1776/1975 4082/1779/1975 4106/1795/1975
f 4098/1790/1976 4097/1791/1976 4090/1787/1976 4045/412/1976
f 4102/1796/1977 4100/1797/1978 4111/1792/1979 4112/1793/1979
f 4104/1792/1980 4099/1797/1981 4101/1796/1982 4106/1793/1980
f 4104/1798/100 4081/1780/100 4083/1780/100 4111/1798/100
f 4112/1793/420 4111/1792/420 4083/1770/420 4085/1773/420
f 4101/1799/1983 4044/1800/649 4046/1794/1984 4106/1795/1984
f 4048/1794/1985 4112/1795/1985 4085/1779/1985 4073/1776/1985
f 4048/1794/1986 4103/1800/647 4102/1799/1987 4112/1795/1986
f 4099/1801/100 4104/1798/100 4111/1798/100 4100/1801/100
f 4092/1782/417 4068/1758/417 4069/1755/417 4093/1785/417
f 4125/1802/420 4062/1757/420 4064/1756/420 4129/1803/420
f 4086/1767/417 4120/1766/417 4122/1769/417 4080/1768/417
f 4088/1783/420 4117/1788/420 4113/1789/420 4090/1784/420
f 4128/1774/463 4130/416/463 4105/415/463 4107/1775/463
f 4109/1763/420 4126/1762/420 4128/1765/420 4107/1764/420
f 4061/1757/417 4135/1802/417 4131/1803/417 4063/1756/417
f 4123/1786/644 4089/1787/644 4091/412/644 4124/413/644
f 4121/1804/1664 4124/1805/1664 4122/1769/1664 4120/1766/1664
f 4123/1789/1665 4124/1805/1665 4121/1804/1665 4119/1788/1665
f 4118/1804/1783 4115/1805/1783 4113/1789/1783 4117/1788/1783
f 4114/1769/1668 4115/1805/1668 4118/1804/1668 4116/1766/1668
f 4127/1806/1783 4130/1807/1783 4128/1765/1783 4126/1762/1783
f 4129/1803/1668 4130/1807/1668 4127/1806/1668 4125/1802/1668
f 4136/1806/1664 4133/1807/1664 4131/1803/1664 4135/1802/1664
f 4132/1765/1665 4133/1807/1665 4136/1806/1665 4134/1762/1665
f 4122/1808/644 4124/413/644 4072/411/644 4080/1809/644
f 4114/1808/463 4079/1809/463 4040/411/463 4115/413/463
f 4129/1810/463 4064/1761/463 4065/414/463 4130/416/463
f 4131/1810/644 4133/416/644 4066/414/644 4063/1761/644
f 4040/411/426 4079/1809/426 4080/1809/426 4072/411/426
f 4079/1768/426 4084/1767/426 4086/1767/426 4080/1768/426
f 4108/1775/520 4107/1775/520 4105/415/520 4047/415/520
f 4110/1763/520 4109/1763/520 4107/1764/520 4108/1764/520
f 4145/912/420 4147/913/420 4148/914/420 4146/915/420
f 4144/917/327 4145/918/326 4146/919/328 4137/920/330
f 4143/924/325 4142/921/333 4147/922/332 4145/923/326
f 4141/928/331 4140/925/335 4148/926/334 4147/927/332
f 4138/929/329 4146/930/328 4148/931/334 4139/932/336
f 4151/880/338 4152/881/332 4153/882/331 4160/883/335
f 4150/884/344 4149/885/457 4157/886/342 4156/887/498
f 4161/888/1670 4151/889/338 4159/19/339 4162/21/347
f 4152/16/345 4151/308/1671 4161/17/346
f 4150/18/344 4161/17/346 4149/1505/457
f 4165/891/349 4166/892/328 4167/893/330 4174/894/327
f 4149/1506/457 4162/21/347 4158/89/341
f 4164/896/580 4163/897/645 4171/898/578 4170/899/579
f 4152/900/332 4150/901/344 4155/902/325 4154/903/333
f 4166/904/328 4164/905/580 4169/906/355 4168/907/364
f 4166/40/358 4165/908/1672 4175/362/582
f 4175/909/1673 4165/910/349 4173/37/350 4176/39/581
f 4164/42/580 4175/362/582 4163/1572/645
f 4179/880/338 4180/881/332 4181/882/331 4188/883/335
f 4163/1573/645 4176/39/581 4172/91/577
f 4178/884/344 4177/885/340 4185/886/342 4184/887/498
f 4189/888/1670 4179/889/338 4187/19/339 4190/21/347
f 4180/16/345 4179/308/1671 4189/417/346
f 4178/18/344 4189/417/346 4177/1444/340
f 4182/903/333 4180/900/332 4178/901/344 4183/902/363
f 4177/1445/340 4190/21/347 4186/89/341
f 4199/912/420 4201/913/420 4202/914/420 4200/915/420
f 4198/917/360 4199/918/326 4200/919/328 4191/920/361
f 4196/921/333 4201/922/332 4199/923/326 4197/924/325
f 4194/925/366 4202/926/334 4201/927/332 4195/928/331
f 4192/929/329 4200/930/328 4202/931/334 4193/932/336
f 4211/912/420 4213/913/420 4214/914/420 4212/915/420
f 4210/917/360 4211/918/326 4212/919/328 4203/920/361
f 4209/924/325 4208/921/333 4213/922/332 4211/923/326
f 4207/928/331 4206/925/335 4214/926/334 4213/927/332
f 4204/929/329 4212/930/328 4214/931/334 4205/932/336
f 4223/912/420 4225/913/420 4226/914/420 4224/915/420
f 4222/917/327 4223/918/326 4224/919/328 4215/920/330
f 4220/921/362 4225/922/332 4223/923/326 4221/924/325
f 4218/925/335 4226/926/334 4225/927/332 4219/928/365
f 4216/929/329 4224/930/328 4226/931/334 4217/932/336
f 4235/912/420 4237/913/420 4238/914/420 4236/915/420
f 4227/920/361 4234/917/360 4235/918/326 4236/919/328
f 4232/921/362 4237/922/332 4235/923/326 4233/924/325
f 4230/925/335 4238/926/334 4237/927/332 4231/928/365
f 4228/929/364 4236/930/328 4238/931/334 4229/932/355
f 4247/912/417 4249/913/417 4250/914/417 4248/915/417
f 4246/917/369 4247/918/368 4248/919/370 4239/920/399
f 4244/921/385 4249/922/374 4247/923/368 4245/924/387
f 4243/928/373 4242/925/377 4250/926/376 4249/927/374
f 4240/929/398 4248/930/370 4250/931/376 4241/932/378
f 4253/880/380 4254/881/374 4255/882/373 4262/883/377
f 4252/884/388 4251/885/382 4259/886/384 4258/887/453
f 4263/888/1674 4253/889/380 4261/19/381 4264/21/391
f 4254/16/389 4253/308/1675 4263/294/390
f 4252/18/388 4263/294/390 4251/1811/382
f 4276/894/369 4267/891/393 4268/892/370 4269/893/399
f 4251/1812/382 4264/21/391 4260/418/383
f 4272/899/459 4266/896/401 4265/897/395 4273/898/397
f 4254/900/374 4252/901/388 4257/902/387 4256/903/385
f 4268/904/370 4266/905/401 4271/906/378 4270/907/398
f 4268/40/403 4267/908/510 4277/265/404
f 4277/909/1676 4267/910/393 4275/37/394 4278/39/402
f 4266/42/401 4277/265/404 4265/1813/395
f 4290/883/377 4281/880/380 4282/881/374 4283/882/373
f 4265/1814/395 4278/39/402 4274/91/396
f 4280/884/388 4279/885/382 4287/886/384 4286/887/386
f 4291/888/1674 4281/889/380 4289/19/381 4292/21/391
f 4282/16/389 4281/308/1675 4291/417/390
f 4280/18/388 4291/417/390 4279/1047/382
f 4282/900/374 4280/901/388 4285/902/387 4284/903/385
f 4279/1048/382 4292/21/391 4288/89/383
f 4301/912/417 4303/913/417 4304/914/417 4302/915/417
f 4293/920/372 4300/917/408 4301/918/368 4302/919/370
f 4298/921/385 4303/922/374 4301/923/368 4299/924/387
f 4296/925/407 4304/926/376 4303/927/374 4297/928/406
f 4294/929/398 4302/930/370 4304/931/376 4295/932/378
f 4313/912/417 4315/913/417 4316/914/417 4314/915/417
f 4312/917/408 4313/918/368 4314/919/370 4305/920/399
f 4310/921/375 4315/922/374 4313/923/368 4311/924/367
f 4308/925/407 4316/926/376 4315/927/374 4309/928/373
f 4306/929/398 4314/930/370 4316/931/376 4307/932/405
f 4325/912/417 4327/913/417 4328/914/417 4326/915/417
f 4317/920/372 4324/917/408 4325/918/368 4326/919/370
f 4322/921/375 4327/922/374 4325/923/368 4323/924/367
f 4320/925/377 4328/926/376 4327/927/374 4321/928/373
f 4318/929/371 4326/930/370 4328/931/376 4319/932/378
f 4337/912/417 4339/913/417 4340/914/417 4338/915/417
f 4336/917/408 4337/918/368 4338/919/370 4329/920/372
f 4334/921/375 4339/922/374 4337/923/368 4335/924/367
f 4332/925/407 4340/926/376 4339/927/374 4333/928/406
f 4331/932/405 4330/929/371 4338/930/370 4340/931/376
f 4349/1014/420 4345/1015/420 4356/1016/420 4371/1017/420
f 4362/1019/490 4364/421/490 4044/427/649 4101/1815/1983
f 4368/1018/493 4370/425/493 4042/428/650 4077/1816/1968
f 4368/1023/420 4077/1817/1962 4075/1818/1961 4359/1022/420
f 4365/1024/490 4367/425/490 4341/424/490 4347/1025/490
f 4371/1026/493 4373/421/493 4038/420/493 4349/1027/493
f 4369/1024/493 4348/1025/493 4094/424/493 4370/425/493
f 4365/1031/417 4347/1028/417 4343/1029/417 4350/1030/417
f 4363/1017/417 4354/1016/417 4342/1015/417 4346/1014/417
f 4362/1020/417 4101/1819/1982 4099/1820/1981 4353/1021/417
f 4369/1031/420 4360/1030/420 4344/1029/420 4348/1028/420
f 4363/1026/490 4346/1027/490 4067/420/490 4364/421/490
f 4358/1032/1783 4357/1021/1783 4372/1020/1783 4373/1033/1783
f 4371/1017/1668 4356/1016/1668 4358/1032/1668 4373/1033/1668
f 4361/1034/1783 4360/1030/1783 4369/1031/1783 4370/1035/1783
f 4368/1023/1668 4359/1022/1668 4361/1034/1668 4370/1035/1668
f 4352/1034/1664 4351/1022/1664 4366/1023/1664 4367/1035/1664
f 4365/1031/1665 4350/1030/1665 4352/1034/1665 4367/1035/1665
f 4355/1032/1780 4354/1016/1780 4363/1017/1780 4364/1033/1780
f 4362/1020/1665 4353/1021/1665 4355/1032/1665 4364/1033/1665
f 4094/424/520 4348/1025/520 4347/1025/520 4341/424/520
f 4347/1028/520 4348/1028/520 4344/1029/520 4343/1029/520
f 4346/1027/426 4349/1027/426 4038/420/426 4067/420/426
f 4345/1015/426 4349/1014/426 4346/1014/426 4342/1015/426
f 4343/74/100 4344/74/100 4379/75/100 4378/75/100
f 4385/80/411 4383/1036/411 4382/1036/415 4384/80/415
f 4383/78/413 4380/79/413 4381/79/409 4382/78/409
f 4379/84/411 4377/1037/411 4376/1037/415 4378/84/415
f 4377/83/413 4374/85/413 4375/85/409 4376/83/409
f 4099/422/100 4100/422/100 4385/77/100 4384/77/100
f 4342/73/100 4381/72/100 4380/72/100 4345/73/100
f 4074/426/100 4375/82/100 4374/82/100 4075/426/100
f 4366/1023/417 4351/1022/417 4074/1818/1966 4076/1817/1965
f 4372/1020/420 4357/1021/420 4100/1820/1978 4102/1819/1977
f 4103/427/647 4373/421/493 4372/1019/493 4102/1815/1987
f 4078/428/648 4367/425/490 4366/1018/490 4076/1816/1964
f 5644/1721/417 5649/1722/417 5668/1723/417 5621/1724/417
f 5672/1725/417 5616/1726/417 5633/1727/417 5635/1728/417
f 5918/1729/417 5655/1730/417 5643/1731/417 5624/1732/417
f 5671/1729/420 5682/1732/420 5642/1731/420 5619/1730/420
f 5627/1736/420 5629/1733/420 5625/1734/420 5650/1735/420
f 5636/1733/417 5632/1736/417 5620/1735/417 5623/1734/417
f 5628/1737/2094 5626/1738/2094 5630/1739/2094 5631/1740/2094
f 5627/1741/2095 5628/1742/2095 5631/1743/2095 5629/1744/2095
f 5634/1745/1952 5632/1736/1952 5636/1733/1952 5637/1746/1952
f 5633/1727/2096 5634/1745/2096 5637/1746/2096 5635/1728/2096
f 5675/1725/420 5630/1728/420 5626/1727/420 5618/1726/420
f 5622/1723/420 5617/1722/420 5615/1721/420 5680/1724/420
f 5680/405/636 5625/1747/636 5629/1748/636 5631/407/637
f 5630/1749/1782 5675/1750/1782 5622/406/635 5631/407/637
f 5627/1751/638 5650/1752/638 5619/408/638 5628/410/640
f 5642/409/639 5618/1753/1794 5626/1754/1794 5628/410/640
f 5636/1748/632 5623/1747/632 5621/405/632 5637/407/634
f 5668/406/633 5672/1750/1954 5635/1749/1954 5637/407/634
f 5633/1754/1955 5616/1753/1955 5643/409/641 5634/410/643
f 5655/408/642 5620/1752/642 5632/1751/642 5634/410/643
f 5644/1721/426 5615/1721/426 5617/1722/426 5649/1722/426
f 5682/1732/520 5671/1729/520 5918/1729/520 5624/1732/520
f 5648/1755/1956 5641/1756/1956 5639/1757/1956 5647/1758/1956
f 5616/1759/1957 5646/1760/1957 5640/1761/1957 5643/414/1957
f 5711/1762/417 5687/1763/417 5685/1764/417 5709/1765/417
f 5693/1766/420 5661/1767/420 5656/1768/420 5691/1769/420
f 5645/1758/1958 5638/1757/1958 5640/1756/1958 5646/1755/1958
f 5618/1759/1959 5642/414/1959 5641/1761/1959 5648/1760/1959
f 5660/1770/1960 5652/1771/1961 5654/1772/1962 5662/1773/1960
f 5709/1774/644 5685/1775/644 5624/415/644 5710/416/644
f 5620/1776/1963 5655/1777/648 5653/1778/1964 5659/1779/1963
f 5653/1772/1965 5651/1771/1966 5658/1770/1967 5659/1773/1967
f 5654/1778/1968 5619/1777/650 5650/1776/1969 5662/1779/1969
f 5658/1780/100 5651/1781/100 5652/1781/100 5660/1780/100
f 5673/1782/1970 5665/1783/1970 5667/1784/1970 5674/1785/1970
f 5670/1785/1971 5666/1784/1971 5664/1783/1971 5669/1782/1971
f 5690/1786/463 5692/413/463 5622/412/463 5667/1787/463
f 5696/1788/417 5664/1783/417 5666/1784/417 5700/1789/417
f 5646/1760/1972 5616/1759/1972 5672/1790/1972 5670/1791/1972
f 5673/1782/420 5674/1785/420 5648/1755/420 5647/1758/420
f 5672/1790/1973 5668/412/1973 5666/1787/1973 5670/1791/1973
f 5659/1773/417 5658/1770/417 5681/1792/417 5683/1793/417
f 5674/1791/1974 5675/1790/1974 5618/1759/1974 5648/1760/1974
f 5623/1794/1975 5620/1776/1975 5659/1779/1975 5683/1795/1975
f 5675/1790/1976 5674/1791/1976 5667/1787/1976 5622/412/1976
f 5679/1796/1977 5677/1797/1978 5688/1792/1979 5689/1793/1979
f 5681/1792/1980 5676/1797/1981 5678/1796/1982 5683/1793/1980
f 5681/1798/100 5658/1780/100 5660/1780/100 5688/1798/100
f 5689/1793/420 5688/1792/420 5660/1770/420 5662/1773/420
f 5678/1799/1983 5621/1800/649 5623/1794/1984 5683/1795/1984
f 5625/1794/1985 5689/1795/1985 5662/1779/1985 5650/1776/1985
f 5625/1794/1986 5680/1800/647 5679/1799/1987 5689/1795/1986
f 5676/1801/100 5681/1798/100 5688/1798/100 5677/1801/100
f 5669/1782/417 5645/1758/417 5646/1755/417 5670/1785/417
f 5702/1802/420 5639/1757/420 5641/1756/420 5706/1803/420
f 5663/1767/417 5697/1766/417 5699/1769/417 5657/1768/417
f 5665/1783/420 5694/1788/420 5690/1789/420 5667/1784/420
f 5705/1774/463 5707/416/463 5682/415/463 5684/1775/463
f 5686/1763/420 5703/1762/420 5705/1765/420 5684/1764/420
f 5638/1757/417 5712/1802/417 5708/1803/417 5640/1756/417
f 5700/1786/644 5666/1787/644 5668/412/644 5701/413/644
f 5698/1804/1664 5701/1805/1664 5699/1769/1664 5697/1766/1664
f 5700/1789/1666 5701/1805/1666 5698/1804/1666 5696/1788/1666
f 5695/1804/1667 5692/1805/1667 5690/1789/1667 5694/1788/1667
f 5691/1769/1668 5692/1805/1668 5695/1804/1668 5693/1766/1668
f 5704/1806/1667 5707/1807/1667 5705/1765/1667 5703/1762/1667
f 5706/1803/1668 5707/1807/1668 5704/1806/1668 5702/1802/1668
f 5713/1806/1664 5710/1807/1664 5708/1803/1664 5712/1802/1664
f 5709/1765/1666 5710/1807/1666 5713/1806/1666 5711/1762/1666
f 5699/1808/644 5701/413/644 5649/411/644 5657/1809/644
f 5691/1808/463 5656/1809/463 5617/411/463 5692/413/463
f 5706/1810/463 5641/1761/463 5642/414/463 5707/416/463
f 5708/1810/644 5710/416/644 5643/414/644 5640/1761/644
f 5617/411/426 5656/1809/426 5657/1809/426 5649/411/426
f 5656/1768/426 5661/1767/426 5663/1767/426 5657/1768/426
f 5685/1775/520 5684/1775/520 5682/415/520 5624/415/520
f 5687/1763/520 5686/1763/520 5684/1764/520 5685/1764/520
f 5722/912/420 5724/913/420 5725/914/420 5723/915/420
f 5721/917/327 5722/918/326 5723/919/328 5714/920/330
f 5719/921/333 5724/922/332 5722/923/326 5720/924/325
f 5718/928/331 5717/925/335 5725/926/334 5724/927/332
f 5716/932/336 5715/929/329 5723/930/328 5725/931/334
f 5737/883/335 5728/880/338 5729/881/332 5730/882/331
f 5733/887/720 5727/884/447 5726/885/719 5734/886/445
f 5738/888/1670 5728/889/338 5736/479/339 5739/21/722
f 5729/16/345 5728/308/1671 5738/478/721
f 5727/18/447 5738/478/721 5726/1894/719
f 5742/891/349 5743/892/328 5744/893/330 5751/894/327
f 5726/1895/719 5739/21/722 5735/89/444
f 5747/899/724 5741/896/356 5740/897/458 5748/898/353
f 5731/903/333 5729/900/332 5727/901/447 5732/902/325
f 5743/904/328 5741/905/356 5746/906/336 5745/907/329
f 5743/40/358 5742/908/1672 5752/362/359
f 5752/909/1673 5742/910/349 5750/37/350 5753/39/357
f 5741/42/356 5752/362/359 5740/1528/458
f 5756/880/338 5757/881/332 5758/882/331 5765/883/335
f 5740/1529/458 5753/39/357 5749/91/352
f 5755/884/344 5754/885/340 5762/886/342 5761/887/498
f 5766/888/1670 5756/889/338 5764/19/339 5767/21/347
f 5757/16/345 5756/308/1671 5766/480/346
f 5755/18/344 5766/480/346 5754/1444/340
f 5759/903/333 5757/900/332 5755/901/344 5760/902/325
f 5754/1445/340 5767/21/347 5763/89/341
f 5776/912/420 5778/913/420 5779/914/420 5777/915/420
f 5775/917/327 5776/918/326 5777/919/328 5768/920/330
f 5773/921/362 5778/922/332 5776/923/326 5774/924/363
f 5771/925/366 5779/926/334 5778/927/332 5772/928/365
f 5770/932/336 5769/929/329 5777/930/328 5779/931/334
f 5788/912/420 5790/913/420 5791/914/420 5789/915/420
f 5787/917/360 5788/918/326 5789/919/328 5780/920/330
f 5785/921/333 5790/922/332 5788/923/326 5786/924/363
f 5784/928/331 5783/925/335 5791/926/334 5790/927/332
f 5782/932/336 5781/929/329 5789/930/328 5791/931/334
f 5800/912/420 5802/913/420 5803/914/420 5801/915/420
f 5799/917/360 5800/918/326 5801/919/328 5792/920/330
f 5798/924/363 5797/921/362 5802/922/332 5800/923/326
f 5796/928/365 5795/925/335 5803/926/334 5802/927/332
f 5793/929/329 5801/930/328 5803/931/334 5794/932/336
f 5812/912/420 5814/913/420 5815/914/420 5813/915/420
f 5804/920/361 5811/917/327 5812/918/326 5813/919/328
f 5810/924/325 5809/921/362 5814/922/332 5812/923/326
f 5807/925/366 5815/926/334 5814/927/332 5808/928/331
f 5805/929/364 5813/930/328 5815/931/334 5806/932/355
f 5824/912/417 5826/913/417 5827/914/417 5825/915/417
f 5823/917/369 5824/918/368 5825/919/370 5816/920/399
f 5822/924/387 5821/921/385 5826/922/374 5824/923/368
f 5820/928/406 5819/925/407 5827/926/376 5826/927/374
f 5817/929/398 5825/930/370 5827/931/376 5818/932/378
f 5830/880/380 5831/881/374 5832/882/373 5839/883/377
f 5829/884/388 5828/885/382 5836/886/384 5835/887/386
f 5840/888/1674 5830/889/380 5838/19/381 5841/21/391
f 5831/16/389 5830/308/1675 5840/17/390
f 5829/18/388 5840/17/390 5828/1896/382
f 5853/894/369 5844/891/393 5845/892/370 5846/893/399
f 5828/1897/382 5841/21/391 5837/89/383
f 5843/896/483 5842/897/479 5850/898/481 5849/899/482
f 5831/900/374 5829/901/388 5834/902/387 5833/903/385
f 5845/904/370 5843/905/483 5848/906/405 5847/907/371
f 5845/40/403 5844/908/510 5854/296/485
f 5854/909/1676 5844/910/393 5852/37/394 5855/39/484
f 5843/42/483 5854/296/485 5842/1898/479
f 5867/883/377 5858/880/380 5859/881/374 5860/882/373
f 5842/916/479 5855/39/484 5851/327/574
f 5863/887/729 5857/884/730 5856/885/726 5864/886/728
f 5868/888/1674 5858/889/380 5866/19/381 5869/21/732
f 5859/16/389 5858/308/1675 5868/381/731
f 5857/18/730 5868/381/731 5856/1899/726
f 5859/900/374 5857/901/730 5862/902/387 5861/903/385
f 5856/1900/726 5869/21/732 5865/481/727
f 5878/912/417 5880/913/417 5881/914/417 5879/915/417
f 5870/920/399 5877/917/369 5878/918/368 5879/919/370
f 5875/921/385 5880/922/374 5878/923/368 5876/924/387
f 5873/925/377 5881/926/376 5880/927/374 5874/928/373
f 5871/929/398 5879/930/370 5881/931/376 5872/932/378
f 5890/912/417 5892/913/417 5893/914/417 5891/915/417
f 5889/917/408 5890/918/368 5891/919/370 5882/920/372
f 5887/921/375 5892/922/374 5890/923/368 5888/924/367
f 5885/925/407 5893/926/376 5892/927/374 5886/928/406
f 5883/929/398 5891/930/370 5893/931/376 5884/932/378
f 5903/915/417 5902/912/417 5904/913/417 5905/914/417
f 5894/920/399 5901/917/369 5902/918/368 5903/919/370
f 5899/921/385 5904/922/374 5902/923/368 5900/924/367
f 5897/925/377 5905/926/376 5904/927/374 5898/928/373
f 5895/929/371 5903/930/370 5905/931/376 5896/932/378
f 5914/912/417 5916/913/417 5917/914/417 5915/915/417
f 5913/917/408 5914/918/368 5915/919/370 5906/920/372
f 5911/921/375 5916/922/374 5914/923/368 5912/924/367
f 5909/925/407 5917/926/376 5916/927/374 5910/928/406
f 5907/929/371 5915/930/370 5917/931/376 5908/932/405
f 5926/1014/420 5922/1015/420 5933/1016/420 5948/1017/420
f 5939/1019/490 5941/421/490 5621/427/649 5678/1815/1983
f 5945/1018/493 5947/425/493 5619/428/650 5654/1816/1968
f 5945/1023/420 5654/1817/1962 5652/1818/1961 5936/1022/420
f 5942/1024/490 5944/425/490 5918/424/490 5924/1025/490
f 5948/1026/493 5950/421/493 5615/420/493 5926/1027/493
f 5946/1024/493 5925/1025/493 5671/424/493 5947/425/493
f 5924/1028/417 5920/1029/417 5927/1030/417 5942/1031/417
f 5940/1017/417 5931/1016/417 5919/1015/417 5923/1014/417
f 5939/1020/417 5678/1819/1982 5676/1820/1981 5930/1021/417
f 5946/1031/420 5937/1030/420 5921/1029/420 5925/1028/420
f 5940/1026/490 5923/1027/490 5644/420/490 5941/421/490
f 5935/1032/1667 5934/1021/1667 5949/1020/1667 5950/1033/1667
f 5948/1017/1668 5933/1016/1668 5935/1032/1668 5950/1033/1668
f 5938/1034/1667 5937/1030/1667 5946/1031/1667 5947/1035/1667
f 5945/1023/1668 5936/1022/1668 5938/1034/1668 5947/1035/1668
f 5929/1034/1664 5928/1022/1664 5943/1023/1664 5944/1035/1664
f 5942/1031/1666 5927/1030/1666 5929/1034/1666 5944/1035/1666
f 5932/1032/1780 5931/1016/1780 5940/1017/1780 5941/1033/1780
f 5939/1020/1666 5930/1021/1666 5932/1032/1666 5941/1033/1666
f 5671/424/520 5925/1025/520 5924/1025/520 5918/424/520
f 5924/1028/520 5925/1028/520 5921/1029/520 5920/1029/520
f 5923/1027/426 5926/1027/426 5615/420/426 5644/420/426
f 5922/1015/426 5926/1014/426 5923/1014/426 5919/1015/426
f 5920/74/100 5921/74/100 5956/75/100 5955/75/100
f 5962/80/411 5960/1036/411 5959/1036/415 5961/80/415
f 5960/78/413 5957/79/413 5958/79/409 5959/78/409
f 5956/84/411 5954/1037/411 5953/1037/415 5955/84/415
f 5954/83/413 5951/85/413 5952/85/409 5953/83/409
f 5676/422/100 5677/422/100 5962/77/100 5961/77/100
f 5919/73/100 5958/72/100 5957/72/100 5922/73/100
f 5651/426/100 5952/82/100 5951/82/100 5652/426/100
f 5943/1023/417 5928/1022/417 5651/1818/1966 5653/1817/1965
f 5949/1020/420 5934/1021/420 5677/1820/1978 5679/1819/1977
f 5680/427/647 5950/421/493 5949/1019/493 5679/1815/1987
f 5655/428/648 5944/425/490 5943/1018/490 5653/1816/1964
usemtl texture.111
f 4746/431/420 4743/432/420 4748/433/420
f 4747/431/417 4796/434/417 4795/433/417
f 4753/435/417 4794/436/417 4792/437/417
f 4770/438/653 4772/439/654 4773/440/655
f 4751/435/420 4745/441/420 4749/437/420
f 4750/442/420 4751/435/420 4793/436/420
f 4753/435/417 4754/442/417 4794/436/417
f 4752/443/656 4769/444/657 4768/444/658
f 4793/436/420 4751/435/420 4749/437/420
f 4742/441/417 4753/435/417 4792/437/417
f 5214/434/420 4746/431/420 4748/433/420
f 4744/432/417 4747/431/417 4795/433/417
f 4751/445/659 4750/446/660 4762/447/661
f 4760/448/662 4763/449/663 4762/449/664
f 4763/450/663 4761/451/665 4762/450/666
f 4744/452/667 4769/453/657 4752/454/656
f 4750/446/660 4743/452/668 4768/453/658
f 4754/446/669 4753/445/670 4763/447/663
f 4743/452/668 4752/454/671 4768/453/658
f 4744/452/667 4754/446/669 4769/453/657
f 4778/440/672 4779/439/673 4771/438/674
f 4827/43/325 4829/44/326 4828/45/327
f 4830/46/328 4822/47/329 4821/48/330
f 4825/49/331 4831/50/332 4826/51/333
f 4832/52/334 4824/53/335 4823/54/336
f 4833/1/337 4845/2/337 4846/3/337
f 4835/4/338 4844/5/335 4843/6/339
f 4833/7/340 4842/8/341 4841/9/342
f 4838/10/333 4837/11/331 4836/12/332
f 4840/13/343 4839/14/325 4834/15/344
f 4836/16/345 4845/455/346 4834/18/344
f 4846/21/347 4843/19/339 4842/89/341
f 4847/22/575 4859/23/575 4860/24/575
f 4849/25/349 4858/26/327 4857/27/350
f 4847/28/645 4856/29/577 4855/30/578
f 4852/31/329 4851/32/330 4850/33/328
f 4854/34/579 4853/35/336 4848/36/580
f 4857/37/350 4856/91/577 4860/39/581
f 4850/40/358 4859/56/582 4848/42/580
f 4861/1/337 4873/2/337 4874/3/337
f 4863/4/338 4872/5/335 4871/6/339
f 4861/7/340 4870/8/341 4869/9/342
f 4866/10/333 4865/11/331 4864/12/332
f 4868/13/498 4867/14/325 4862/15/344
f 4864/16/345 4873/417/346 4862/18/344
f 4871/19/339 4870/89/341 4874/21/347
f 4881/43/363 4883/44/326 4882/45/360
f 4884/46/328 4876/47/329 4875/48/330
f 4879/49/365 4885/50/332 4880/51/362
f 4886/52/334 4878/53/366 4877/54/336
f 4893/43/325 4895/44/326 4894/45/360
f 4896/46/328 4888/47/329 4887/48/361
f 4891/49/331 4897/50/332 4892/51/333
f 4898/52/334 4890/53/366 4889/54/336
f 4905/43/363 4907/44/326 4906/45/327
f 4908/46/328 4900/47/329 4899/48/330
f 4903/49/331 4909/50/332 4904/51/333
f 4910/52/334 4902/53/335 4901/54/355
f 4917/43/363 4919/44/326 4918/45/360
f 4920/46/328 4912/47/364 4911/48/361
f 4915/49/331 4921/50/332 4916/51/362
f 4922/52/334 4914/53/366 4913/54/355
f 4929/43/387 4931/44/368 4930/45/408
f 4932/46/370 4924/47/398 4923/48/372
f 4927/49/373 4933/50/374 4928/51/385
f 4934/52/376 4926/53/407 4925/54/405
f 4935/1/379 4947/2/379 4948/3/379
f 4937/4/675 4946/5/377 4945/6/676
f 4935/7/382 4944/8/383 4943/9/384
f 4940/10/385 4939/11/373 4938/12/374
f 4942/13/386 4941/14/387 4936/15/388
f 4938/16/677 4947/17/678 4936/18/388
f 4948/21/679 4945/19/676 4944/89/383
f 4949/22/478 4961/23/478 4962/24/478
f 4951/25/393 4960/26/408 4959/27/394
f 4949/28/479 4958/29/574 4957/30/481
f 4954/31/371 4953/32/372 4952/33/370
f 4956/34/482 4955/35/405 4950/36/483
f 4959/37/394 4958/456/574 4962/39/484
f 4952/40/403 4961/296/485 4950/42/483
f 4963/1/379 4975/2/379 4976/3/379
f 4965/4/380 4974/5/377 4973/6/381
f 4963/7/382 4972/8/383 4971/9/384
f 4968/10/385 4967/11/373 4966/12/374
f 4970/13/386 4969/14/387 4964/15/388
f 4966/16/389 4975/457/390 4964/18/388
f 4976/21/391 4973/19/381 4972/89/383
f 4983/43/367 4985/44/368 4984/45/369
f 4986/46/370 4978/47/371 4977/48/399
f 4981/49/406 4987/50/374 4982/51/375
f 4988/52/376 4980/53/407 4979/54/405
f 4995/43/367 4997/44/368 4996/45/369
f 4998/46/370 4990/47/371 4989/48/399
f 4993/49/373 4999/50/374 4994/51/375
f 5000/52/376 4992/53/377 4991/54/405
f 5007/43/367 5009/44/368 5008/45/408
f 5010/46/370 5002/47/371 5001/48/372
f 5005/49/373 5011/50/374 5006/51/375
f 5012/52/376 5004/53/377 5003/54/405
f 5019/43/367 5021/44/368 5020/45/408
f 5022/46/370 5014/47/371 5013/48/372
f 5017/49/406 5023/50/374 5018/51/375
f 5024/52/376 5016/53/407 5015/54/405
f 5028/86/631 5026/57/631 5034/58/631
f 5037/63/680 5038/458/681 5039/65/682
f 5036/459/683 5035/67/684 5042/68/685
f 5045/63/622 5046/460/623 5047/65/624
f 5044/461/686 5043/67/626 5050/68/627
f 5066/71/629 5070/58/629 5068/59/687
f 5072/57/630 5078/59/630 5080/58/630
f 5081/67/610 5082/462/611 5088/68/612
f 5091/61/613 5090/463/688 5089/62/615
f 5093/464/689 5095/465/690 5097/466/691
f 5103/71/616 5105/59/616 5107/58/616
f 5113/71/618 5115/59/692 5117/58/618
f 5130/61/693 5129/467/694 5128/62/695
f 5138/57/696 5144/59/696 5146/58/697
f 5148/468/698 5153/465/699 5155/466/700
f 5157/469/701 5162/470/702 5164/471/703
f 5178/472/704 5180/464/704 5182/465/704
f 5196/468/705 5202/465/705 5204/466/706
f 5207/473/707 5206/474/708 5205/475/709
f 5209/476/710 5211/470/711 5213/471/712
f 5254/72/100 5215/73/100 5227/72/100
f 5216/74/100 5251/75/100 5223/75/100
f 5217/74/100 5233/75/100 5252/75/100
f 5229/72/100 5218/73/100 5253/72/100
f 5228/76/100 5226/77/100 5257/77/100
f 5227/72/100 5228/76/100 5254/72/100
f 5255/78/409 5254/79/409 5228/78/410
f 5230/77/100 5231/76/100 5258/77/100
f 5231/76/100 5229/72/100 5253/72/100
f 5256/78/411 5258/80/411 5231/78/412
f 5234/81/100 5232/82/100 5247/82/100
f 5233/75/100 5234/81/100 5252/75/100
f 5250/83/411 5252/84/411 5234/83/412
f 5225/81/100 5223/75/100 5251/75/100
f 5224/82/100 5225/81/100 5248/82/100
f 5249/83/409 5248/85/409 5225/83/410
f 5253/79/413 5256/78/413 5231/78/414
f 5257/80/415 5255/78/415 5228/78/416
f 5247/85/413 5250/83/413 5234/83/414
f 5251/84/415 5249/83/415 5225/83/416
f 5056/71/713 5054/86/713 5058/59/713
f 5168/477/714 5170/476/714 5166/469/714
f 5186/57/715 5188/86/715 5194/58/715
f 5119/469/716 5121/477/716 5127/471/716
f 4744/452/1988 4752/454/1989 4755/1823/1990 4747/1824/1988
f 4748/433/420 4743/432/420 4750/442/420 4793/436/420
f 5214/434/426 4748/433/426 4795/433/426 4796/434/426
f 4792/437/520 4794/436/520 4793/436/520 4749/437/520
f 4795/433/417 4794/436/417 4754/442/417 4744/432/417
f 4772/1825/420 4749/437/420 4745/441/420 4773/1826/420
f 4764/1827/1991 4766/1828/1992 4755/1829/1993 4746/1830/1994
f 4742/1831/1995 4757/1832/1995 4758/1833/1996 4753/445/670
f 4756/1834/1997 4745/1831/1997 4751/445/659 4759/1833/1998
f 4758/1835/1999 4757/1836/1999 4756/1837/1999 4759/1835/1999
f 4765/1827/2000 4767/1838/2001 4757/1839/2002 4742/1840/2002
f 4768/453/658 4769/453/657 4760/1841/2003
f 4767/1842/2004 4766/1843/1992 4756/1837/2005 4757/1836/2005
f 4761/1844/665 4763/447/663 4753/445/670 4758/1833/1996
f 4758/1845/1996 4759/1845/2006 4761/1846/665
f 4755/1823/1990 4752/454/1989 4743/452/2007 4746/1824/2007
f 4760/1841/2003 4762/447/661 4750/446/660 4768/453/658
f 4761/1844/2008 4759/1833/1998 4751/445/659 4762/447/661
f 4765/1827/2000 4747/1830/2009 4755/1829/2009 4767/1838/2001
f 4766/1843/1992 4767/1842/2004 4755/1847/1993
f 4777/1848/417 4776/1849/417 4796/434/417 4747/431/417 4765/1850/417
f 4776/1849/417 4779/1825/417 4792/437/417 4796/434/417
f 4756/1851/2010 4766/1828/1992 4764/1827/1991 4745/1840/2010
f 4760/1841/662 4769/453/657 4754/446/669 4763/447/663
f 4779/1825/417 4778/1826/417 4742/441/417 4792/437/417
f 4775/1849/420 4774/1848/420 4764/1850/420 4746/431/420 5214/434/420
f 4773/1826/420 4745/441/420 4764/1850/420 4774/1848/420
f 4778/1826/417 4777/1848/417 4765/1850/417 4742/441/417
f 4774/1852/2011 4781/1853/2011 4770/438/2011 4773/440/2011
f 4774/1852/2012 4775/1854/2012 4782/1855/2012 4781/1853/2012
f 4775/1849/420 5214/434/420 4749/437/420 4772/1825/420
f 4772/1856/654 4770/1857/653 4782/1858/2013 4775/1859/2013
f 4783/1858/2014 4771/1857/674 4779/1856/673 4776/1859/2014
f 4770/1860/2015 4771/1860/2015 4783/1861/2015 4782/1861/2015
f 4783/1855/2016 4776/1854/2016 4777/1852/2016 4780/1853/2016
f 4781/1862/2017 4782/1858/2017 4783/1858/2017 4780/1862/2017
f 4771/438/2018 4780/1853/2018 4777/1852/2018 4778/440/2018
f 4781/1862/2019 4780/1862/2019 4771/1857/2019 4770/1857/2019
f 4803/861/420 4807/862/420 4818/863/420 4816/864/420
f 4818/865/463 4820/350/463 4817/353/463 4816/866/463
f 4812/866/644 4814/353/644 4811/350/644 4810/865/644
f 4797/862/417 4801/861/417 4812/864/417 4810/863/417
f 4800/867/417 4785/868/417 4789/869/417 4813/870/417
f 4786/868/420 4804/867/420 4815/870/420 4790/869/420
f 4815/356/463 4817/353/463 4793/871/463 4790/352/463
f 4806/872/420 4787/873/420 4791/874/420 4819/875/420
f 4809/349/644 4811/350/644 4795/351/644 4788/348/644
f 4802/876/1664 4814/877/1664 4812/864/1664 4801/861/1664
f 4813/870/1665 4814/877/1665 4802/876/1665 4800/867/1665
f 4799/878/1780 4811/879/1780 4809/875/1780 4798/872/1780
f 4810/863/1665 4811/879/1665 4799/878/1665 4797/862/1665
f 4808/878/1783 4820/879/1783 4818/863/1783 4807/862/1783
f 4819/875/1669 4820/879/1669 4808/878/1669 4806/872/1669
f 4805/876/1783 4817/877/1783 4815/870/1783 4804/867/1783
f 4816/864/1669 4817/877/1669 4805/876/1669 4803/861/1669
f 4784/873/417 4798/872/417 4809/875/417 4788/874/417
f 4748/351/463 4793/871/463 4817/353/463 4820/350/463
f 4819/349/463 4791/348/463 4748/351/463 4820/350/463
f 4794/871/644 4795/351/644 4811/350/644 4814/353/644
f 4813/356/644 4789/352/644 4794/871/644 4814/353/644
f 4748/351/426 4791/348/426 4788/348/426 4795/351/426
f 4791/874/426 4787/873/426 4784/873/426 4788/874/426
f 4789/352/520 4790/352/520 4793/871/520 4794/871/520
f 4785/868/520 4786/868/520 4790/869/520 4789/869/520
f 4829/912/420 4831/913/420 4832/914/420 4830/915/420
f 4828/917/327 4829/918/326 4830/919/328 4821/920/330
f 4827/924/325 4826/921/333 4831/922/332 4829/923/326
f 4825/928/331 4824/925/335 4832/926/334 4831/927/332
f 4822/929/329 4830/930/328 4832/931/334 4823/932/336
f 4835/880/338 4836/881/332 4837/882/331 4844/883/335
f 4834/884/344 4833/885/340 4841/886/342 4840/887/343
f 4845/888/1670 4835/889/338 4843/19/339 4846/21/347
f 4836/16/345 4835/308/1671 4845/455/346
f 4834/18/344 4845/455/346 4833/1444/340
f 4849/891/349 4850/892/328 4851/893/330 4858/894/327
f 4833/1445/340 4846/21/347 4842/89/341
f 4848/896/580 4847/897/645 4855/898/578 4854/899/579
f 4836/900/332 4834/901/344 4839/902/325 4838/903/333
f 4850/904/328 4848/905/580 4853/906/336 4852/907/329
f 4850/40/358 4849/908/1672 4859/56/582
f 4859/909/1673 4849/910/349 4857/37/350 4860/39/581
f 4848/42/580 4859/56/582 4847/1572/645
f 4863/880/338 4864/881/332 4865/882/331 4872/883/335
f 4847/1573/645 4860/39/581 4856/91/577
f 4862/884/344 4861/885/340 4869/886/342 4868/887/498
f 4873/888/1670 4863/889/338 4871/19/339 4874/21/347
f 4864/16/345 4863/308/1671 4873/417/346
f 4862/18/344 4873/417/346 4861/1444/340
f 4866/903/333 4864/900/332 4862/901/344 4867/902/325
f 4861/1445/340 4874/21/347 4870/89/341
f 4883/912/420 4885/913/420 4886/914/420 4884/915/420
f 4882/917/360 4883/918/326 4884/919/328 4875/920/330
f 4880/921/362 4885/922/332 4883/923/326 4881/924/363
f 4878/925/366 4886/926/334 4885/927/332 4879/928/365
f 4876/929/329 4884/930/328 4886/931/334 4877/932/336
f 4895/912/420 4897/913/420 4898/914/420 4896/915/420
f 4894/917/360 4895/918/326 4896/919/328 4887/920/361
f 4893/924/325 4892/921/333 4897/922/332 4895/923/326
f 4891/928/331 4890/925/366 4898/926/334 4897/927/332
f 4888/929/329 4896/930/328 4898/931/334 4889/932/336
f 4907/912/420 4909/913/420 4910/914/420 4908/915/420
f 4906/917/327 4907/918/326 4908/919/328 4899/920/330
f 4904/921/333 4909/922/332 4907/923/326 4905/924/363
f 4902/925/335 4910/926/334 4909/927/332 4903/928/331
f 4900/929/329 4908/930/328 4910/931/334 4901/932/355
f 4919/912/420 4921/913/420 4922/914/420 4920/915/420
f 4911/920/361 4918/917/360 4919/918/326 4920/919/328
f 4917/924/363 4916/921/362 4921/922/332 4919/923/326
f 4914/925/366 4922/926/334 4921/927/332 4915/928/331
f 4912/929/364 4920/930/328 4922/931/334 4913/932/355
f 4931/912/417 4933/913/417 4934/914/417 4932/915/417
f 4930/917/408 4931/918/368 4932/919/370 4923/920/372
f 4929/924/387 4928/921/385 4933/922/374 4931/923/368
f 4927/928/373 4926/925/407 4934/926/376 4933/927/374
f 4924/929/398 4932/930/370 4934/931/376 4925/932/405
f 4937/880/675 4938/881/374 4939/882/373 4946/883/377
f 4936/884/388 4935/885/382 4943/886/384 4942/887/386
f 4947/888/2020 4937/889/675 4945/19/676 4948/21/679
f 4938/16/677 4937/308/2021 4947/17/678
f 4936/18/388 4947/17/678 4935/1863/382
f 4960/894/408 4951/891/393 4952/892/370 4953/893/372
f 4935/1864/382 4948/21/679 4944/89/383
f 4950/896/483 4949/897/479 4957/898/481 4956/899/482
f 4938/900/374 4936/901/388 4941/902/387 4940/903/385
f 4954/907/371 4952/904/370 4950/905/483 4955/906/405
f 4952/40/403 4951/908/510 4961/296/485
f 4961/909/1676 4951/910/393 4959/37/394 4962/39/484
f 4950/42/483 4961/296/485 4949/1572/479
f 4965/880/380 4966/881/374 4967/882/373 4974/883/377
f 4949/1573/479 4962/39/484 4958/456/574
f 4964/884/388 4963/885/382 4971/886/384 4970/887/386
f 4975/888/1674 4965/889/380 4973/19/381 4976/21/391
f 4966/16/389 4965/308/1675 4975/457/390
f 4964/18/388 4975/457/390 4963/1811/382
f 4966/900/374 4964/901/388 4969/902/387 4968/903/385
f 4963/1812/382 4976/21/391 4972/89/383
f 4985/912/417 4987/913/417 4988/914/417 4986/915/417
f 4984/917/369 4985/918/368 4986/919/370 4977/920/399
f 4982/921/375 4987/922/374 4985/923/368 4983/924/367
f 4980/925/407 4988/926/376 4987/927/374 4981/928/406
f 4978/929/371 4986/930/370 4988/931/376 4979/932/405
f 4997/912/417 4999/913/417 5000/914/417 4998/915/417
f 4996/917/369 4997/918/368 4998/919/370 4989/920/399
f 4994/921/375 4999/922/374 4997/923/368 4995/924/367
f 4992/925/377 5000/926/376 4999/927/374 4993/928/373
f 4990/929/371 4998/930/370 5000/931/376 4991/932/405
f 5009/912/417 5011/913/417 5012/914/417 5010/915/417
f 5001/920/372 5008/917/408 5009/918/368 5010/919/370
f 5007/924/367 5006/921/375 5011/922/374 5009/923/368
f 5004/925/377 5012/926/376 5011/927/374 5005/928/373
f 5002/929/371 5010/930/370 5012/931/376 5003/932/405
f 5021/912/417 5023/913/417 5024/914/417 5022/915/417
f 5013/920/372 5020/917/408 5021/918/368 5022/919/370
f 5018/921/375 5023/922/374 5021/923/368 5019/924/367
f 5016/925/407 5024/926/376 5023/927/374 5017/928/406
f 5014/929/371 5022/930/370 5024/931/376 5015/932/405
f 5027/983/1926 5025/984/1926 5026/985/1926 5028/986/1926
f 5030/987/1927 5029/988/1927 5027/989/1927 5028/990/1927
f 5032/991/1928 5031/992/1928 5029/993/1928 5030/994/1928
f 5033/995/1929 5031/996/1929 5032/997/1929 5034/998/1929
f 5025/999/1930 5033/1000/1930 5034/58/1930 5026/57/1930
f 5037/61/680 5035/62/684 5036/1012/683 5038/1013/681
f 5041/1003/2022 5040/1004/2022 5039/1005/2022 5038/1006/2022
f 5042/1008/2023 5040/1009/2023 5041/1010/2024 5036/1011/683
f 5045/61/622 5043/62/626 5044/1012/686 5046/1013/623
f 5049/1003/1937 5048/1004/1937 5047/1005/1937 5046/1006/1937
f 5050/1008/2025 5048/1009/2025 5049/1010/1939 5044/1011/686
f 5053/983/2026 5051/984/2026 5052/985/2026 5054/986/2026
f 5056/987/2027 5055/988/2027 5053/989/2027 5054/990/2027
f 5058/991/2028 5057/992/2028 5055/993/2028 5056/994/2028
f 5058/59/713 5054/86/713 5052/57/713 5060/58/713
f 5059/995/2029 5057/996/2029 5058/997/2029 5060/998/2029
f 5051/999/2030 5059/1000/2030 5060/58/2030 5052/57/2030
f 5063/983/1945 5061/984/1945 5062/985/1945 5064/986/1945
f 5066/987/1946 5065/988/1946 5063/989/1946 5064/990/1946
f 5068/991/1947 5067/992/1947 5065/993/1947 5066/994/1947
f 5069/995/2031 5067/996/2031 5068/997/2031 5070/998/2031
f 5061/999/1949 5069/1000/1949 5070/58/1949 5062/57/1949
f 5072/985/1897 5071/984/1897 5073/983/1897 5074/986/1897
f 5076/987/1898 5074/990/1898 5073/989/1898 5075/988/1898
f 5078/991/1899 5076/994/1899 5075/993/1899 5077/992/1899
f 5078/997/1900 5077/996/1900 5079/995/1900 5080/998/1900
f 5080/58/2032 5079/1000/2032 5071/999/2032 5072/57/2032
f 5082/1012/611 5081/62/610 5083/61/1902 5084/1013/1903
f 5087/1003/1904 5084/1006/1905 5085/1005/1906 5086/1004/1906
f 5083/63/1902 5085/65/1907 5084/403/1903
f 5087/1010/1904 5086/1009/1908 5088/1008/1908 5082/1011/1909
f 5093/1001/689 5090/1002/688 5091/63/613 5092/65/1911
f 5095/1003/1912 5093/1006/1912 5092/1005/1912 5094/1004/1912
f 5095/1010/2033 5094/1009/2033 5096/1008/2033 5097/1011/2033
f 5097/466/2034 5096/68/2034 5089/67/2034 5090/1865/2034
f 5099/985/1916 5098/984/1916 5100/983/1916 5101/986/1916
f 5103/987/2035 5101/990/2035 5100/989/2035 5102/988/2035
f 5105/991/2036 5103/994/2036 5102/993/2036 5104/992/2036
f 5105/997/2037 5104/996/2037 5106/995/2037 5107/998/2037
f 5107/58/1920 5106/1000/1920 5098/999/1920 5099/57/1920
f 5109/985/2038 5108/984/2038 5110/983/2038 5111/986/2038
f 5113/987/1922 5111/990/1922 5110/989/1922 5112/988/1922
f 5115/991/1923 5113/994/1923 5112/993/1923 5114/992/1923
f 5115/997/1924 5114/996/1924 5116/995/1924 5117/998/1924
f 5117/58/1925 5116/1000/1925 5108/999/1925 5109/57/1925
f 5119/1866/2039 5118/475/2039 5120/473/2039 5121/1867/2039
f 5123/1868/2040 5121/1869/2040 5120/1870/2040 5122/1871/2040
f 5125/1872/2041 5123/1873/2041 5122/1874/2041 5124/1875/2041
f 5127/471/716 5121/477/716 5123/476/716 5125/470/716
f 5125/1876/2042 5124/1877/2042 5126/1878/2042 5127/1879/2042
f 5127/471/2043 5126/1880/2043 5118/1881/2043 5119/469/2043
f 5132/1001/2044 5129/1002/694 5130/63/693 5131/65/2044
f 5134/1003/2045 5132/1006/2045 5131/1005/2045 5133/1004/2045
f 5136/466/2046 5129/1882/2047 5132/464/2048 5134/465/2048
f 5134/1010/2049 5133/1009/2049 5135/1008/2049 5136/1011/2049
f 5136/466/2046 5135/68/2050 5128/67/2050 5129/1882/2047
f 5138/985/2051 5137/984/2051 5139/983/2051 5140/986/2051
f 5142/987/2052 5140/990/2052 5139/989/2052 5141/988/2052
f 5144/991/2053 5142/994/2053 5141/993/2053 5143/992/2053
f 5144/997/2054 5143/996/2054 5145/995/2054 5146/998/2054
f 5146/58/2055 5145/1000/2055 5137/999/2055 5138/57/2055
f 5148/1012/698 5147/62/2056 5149/61/2057 5150/1013/2058
f 5153/1003/2059 5150/1006/2059 5151/1005/2059 5152/1004/2059
f 5149/63/2057 5151/65/2060 5150/1883/2058
f 5153/1010/2061 5152/1009/2061 5154/1008/2061 5155/1011/2061
f 5155/466/2062 5154/68/2062 5147/67/2062 5148/468/2062
f 5157/1866/701 5156/475/2063 5158/473/2064 5159/1867/2065
f 5162/1872/2066 5159/1873/2066 5160/1874/2066 5161/1875/2066
f 5158/1870/2064 5160/1871/2067 5159/1884/2065
f 5162/1876/2068 5161/1877/2068 5163/1878/2068 5164/1879/2068
f 5164/471/2069 5163/1880/2069 5156/1881/2069 5157/469/2069
f 5166/1866/2070 5165/475/2070 5167/473/2070 5168/1867/2070
f 5170/1868/2071 5168/1869/2071 5167/1870/2071 5169/1871/2071
f 5172/1872/2072 5170/1873/2072 5169/1874/2072 5171/1875/2072
f 5174/471/714 5166/469/714 5170/476/714 5172/470/714
f 5172/1876/2073 5171/1877/2073 5173/1878/2073 5174/1879/2073
f 5174/471/2074 5173/1880/2074 5165/1881/2074 5166/469/2074
f 5176/1012/2075 5175/62/2075 5177/61/2075 5178/1013/2075
f 5180/1001/2076 5178/1002/2076 5177/63/2076 5179/65/2076
f 5182/1003/2077 5180/1006/2077 5179/1005/2077 5181/1004/2077
f 5182/1010/2078 5181/1009/2078 5183/1008/2078 5184/1011/2078
f 5184/466/2079 5183/68/2079 5175/67/2079 5176/468/2079
f 5188/986/2080 5186/985/2080 5185/984/2080 5187/983/2080
f 5190/987/2081 5188/990/2081 5187/989/2081 5189/988/2081
f 5192/991/2082 5190/994/2082 5189/993/2082 5191/992/2082
f 5194/58/715 5188/86/715 5190/71/715 5192/59/715
f 5192/997/2083 5191/996/2083 5193/995/2083 5194/998/2083
f 5194/58/2084 5193/1000/2084 5185/999/2084 5186/57/2084
f 5196/1012/2085 5195/62/2085 5197/61/2085 5198/1013/2085
f 5200/1001/2086 5198/1002/2086 5197/63/2086 5199/65/2086
f 5202/1003/2087 5200/1006/2087 5199/1005/2087 5201/1004/2087
f 5202/1010/2088 5201/1009/2088 5203/1008/2088 5204/1011/2088
f 5204/466/2089 5203/68/2089 5195/67/2089 5196/468/2089
f 5209/1868/710 5206/1869/708 5207/1870/707 5208/1871/2090
f 5211/1872/2091 5209/1873/2091 5208/1874/2091 5210/1875/2091
f 5211/1876/2092 5210/1877/2092 5212/1878/2092 5213/1879/2092
f 5213/471/2093 5212/1880/2093 5205/1881/2093 5206/1885/2093
f 5222/1014/420 5218/1015/420 5229/1016/420 5244/1017/420
f 5237/421/490 5240/425/490 5239/1018/490 5235/1019/490
f 5243/425/493 5246/421/493 5245/1019/493 5241/1018/493
f 5243/425/493 4749/424/493 5214/420/493 5246/421/493
f 5245/1020/420 5230/1021/420 5232/1022/420 5241/1023/420
f 5238/1024/490 5240/425/490 4792/424/490 5220/1025/490
f 5244/1026/493 5246/421/493 5214/420/493 5222/1027/493
f 5242/1024/493 5221/1025/493 4749/424/493 5243/425/493
f 5238/1031/417 5220/1028/417 5216/1029/417 5223/1030/417
f 5224/82/100 5248/82/100 5257/77/100 5226/77/100
f 5236/1017/417 5227/1016/417 5215/1015/417 5219/1014/417
f 5239/1023/417 5224/1022/417 5226/1021/417 5235/1020/417
f 5242/1031/420 5233/1030/420 5217/1029/420 5221/1028/420
f 5236/1026/490 5219/1027/490 4796/420/490 5237/421/490
f 5231/1032/1783 5230/1021/1783 5245/1020/1783 5246/1033/1783
f 5244/1017/1668 5229/1016/1668 5231/1032/1668 5246/1033/1668
f 5234/1034/1783 5233/1030/1783 5242/1031/1783 5243/1035/1783
f 5241/1023/1668 5232/1022/1668 5234/1034/1668 5243/1035/1668
f 5225/1034/1664 5224/1022/1664 5239/1023/1664 5240/1035/1664
f 5238/1031/1665 5223/1030/1665 5225/1034/1665 5240/1035/1665
f 5228/1032/1780 5227/1016/1780 5236/1017/1780 5237/1033/1780
f 5235/1020/1665 5226/1021/1665 5228/1032/1665 5237/1033/1665
f 5237/421/490 4796/420/490 4792/424/490 5240/425/490
f 4749/424/520 5221/1025/520 5220/1025/520 4792/424/520
f 5220/1028/520 5221/1028/520 5217/1029/520 5216/1029/520
f 5219/1027/426 5222/1027/426 5214/420/426 4796/420/426
f 5218/1015/426 5222/1014/426 5219/1014/426 5215/1015/426
f 5216/74/100 5217/74/100 5252/75/100 5251/75/100
f 5258/80/411 5256/1036/411 5255/1036/415 5257/80/415
f 5256/78/413 5253/79/413 5254/79/409 5255/78/409
f 5252/84/411 5250/1037/411 5249/1037/415 5251/84/415
f 5250/83/413 5247/85/413 5248/85/409 5249/83/409
f 5247/82/100 5232/82/100 5230/77/100 5258/77/100
f 5248/82/100 5247/82/100 5258/77/100 5257/77/100
f 5215/73/100 5254/72/100 5253/72/100 5218/73/100
f 5099/57/616 5101/86/616 5103/71/616 5107/58/616
f 5109/57/618 5111/86/618 5113/71/618 5117/58/618
f 5066/71/629 5064/86/629 5062/57/629 5070/58/629
f 5082/462/1909 5084/1886/1905 5087/465/1904
f 5072/57/630 5074/86/630 5076/71/630 5078/59/630
f 5034/58/631 5032/59/631 5030/71/631 5028/86/631
f 5093/464/689 5097/466/691 5090/1865/688
f 5036/459/683 5041/465/2024 5038/1887/681
f 5182/465/704 5184/466/704 5176/468/704 5178/472/704
f 5044/461/686 5049/465/1939 5046/1888/623
f 5196/468/705 5198/472/705 5200/464/705 5202/465/705
f 5138/57/696 5140/86/696 5142/71/696 5144/59/696
f 5209/476/710 5213/471/712 5206/1885/708
f 5150/1889/2058 5153/465/699 5148/468/698
f 5159/1890/2065 5162/470/702 5157/469/701
usemtl texture.122
f 10277/558/808 10278/559/809 10267/558/810
f 10278/560/809 10279/561/811 10266/561/812
f 10279/561/811 10276/560/813 10265/561/814
f 10268/562/815 10274/563/816 10275/564/817
f 10274/563/816 10272/565/818 10275/564/817
f 10273/566/819 10278/567/809 10272/568/818
f 10276/559/813 10277/558/808 10264/558/820
f 10279/569/520 10282/570/520 10266/570/520
f 10278/571/420 10283/572/420 10267/572/420
f 10279/569/520 10281/570/520 10282/570/520
f 10277/572/426 10280/572/426 10264/572/426
f 10278/571/420 10282/570/420 10283/572/420
f 10276/573/417 10281/570/417 10265/570/417
f 10277/572/426 10283/572/426 10280/572/426
f 10276/573/417 10280/572/417 10281/570/417
f 10296/558/821 10297/559/822 10287/558/823
f 10297/560/822 10298/561/824 10286/561/825
f 10298/561/824 10295/560/826 10285/561/827
f 10290/574/828 10288/575/829 10289/576/830
f 10291/577/831 10290/578/828 10292/579/832
f 10292/579/832 10293/580/833 10294/581/834
f 10297/582/822 10291/583/831 10292/584/832
f 10295/559/826 10296/558/821 10284/558/820
f 10298/585/520 10301/570/520 10286/570/520
f 10297/586/420 10302/572/420 10287/572/420
f 10298/585/520 10300/570/520 10301/570/520
f 10296/572/426 10299/572/426 10284/572/426
f 10297/586/420 10301/570/420 10302/572/420
f 10295/571/417 10300/570/417 10285/570/417
f 10296/572/426 10302/572/426 10299/572/426
f 10295/571/417 10299/572/417 10300/570/417
f 10316/558/835 10317/559/836 10306/558/823
f 10317/560/836 10318/561/837 10305/561/825
f 10318/561/837 10315/560/838 10304/561/827
f 10310/587/839 10307/575/840 10308/588/841
f 10310/589/839 10312/590/842 10311/577/843
f 10308/565/841 10313/563/844 10314/564/845
f 10312/565/842 10314/564/845 10313/563/844
f 10317/591/836 10311/583/843 10312/584/842
f 10315/559/838 10316/558/835 10303/558/820
f 10318/570/520 10321/570/520 10305/570/520
f 10317/592/420 10322/572/420 10306/572/420
f 10318/570/520 10320/570/520 10321/570/520
f 10316/572/426 10319/572/426 10303/572/426
f 10317/592/420 10321/570/420 10322/572/420
f 10315/593/417 10320/570/417 10304/570/417
f 10316/572/426 10322/572/426 10319/572/426
f 10315/593/417 10319/572/417 10320/570/417
f 10335/558/821 10336/559/822 10326/558/823
f 10336/560/822 10337/561/846 10325/561/825
f 10337/561/846 10334/560/847 10324/561/827
f 10329/594/848 10327/575/829 10328/595/849
f 10330/577/831 10329/596/848 10331/597/850
f 10333/581/851 10331/597/850 10332/580/852
f 10336/591/822 10330/583/831 10331/584/850
f 10334/559/847 10335/558/821 10323/558/820
f 10337/585/520 10340/570/520 10325/570/520
f 10336/592/420 10341/572/420 10326/572/420
f 10337/585/520 10339/570/520 10340/570/520
f 10335/572/426 10338/572/426 10323/572/426
f 10336/592/420 10340/570/420 10341/572/420
f 10334/571/417 10339/570/417 10324/570/417
f 10335/572/426 10341/572/426 10338/572/426
f 10334/571/417 10338/572/417 10339/570/417
f 10355/558/853 10356/559/854 10345/558/823
f 10356/560/854 10357/561/855 10344/561/825
f 10357/561/855 10354/560/856 10343/561/827
f 10349/598/857 10346/575/858 10347/599/859
f 10349/600/857 10351/601/860 10350/577/861
f 10351/601/862 10353/580/863 10352/581/864
f 10356/582/854 10350/583/861 10351/584/860
f 10354/559/856 10355/558/853 10342/558/820
f 10357/585/520 10360/570/520 10344/570/520
f 10356/586/420 10361/572/420 10345/572/420
f 10357/585/520 10359/570/520 10360/570/520
f 10355/572/426 10358/572/426 10342/572/426
f 10356/586/420 10360/570/420 10361/572/420
f 10354/573/417 10359/570/417 10343/570/417
f 10355/572/426 10361/572/426 10358/572/426
f 10354/573/417 10358/572/417 10359/570/417
f 10375/558/865 10376/559/866 10365/558/867
f 10376/560/866 10377/561/868 10364/561/812
f 10377/561/868 10374/560/869 10363/561/870
f 10366/602/871 10372/563/872 10373/564/873
f 10372/563/872 10370/565/874 10373/564/873
f 10375/603/865 10368/604/875 10369/605/876
f 10371/566/819 10376/606/866 10370/568/874
f 10374/559/869 10375/558/865 10362/558/877
f 10377/570/520 10380/570/520 10364/570/520
f 10376/573/420 10381/572/420 10365/572/420
f 10377/570/520 10379/570/520 10380/570/520
f 10375/572/426 10378/572/426 10362/572/426
f 10376/573/420 10380/570/420 10381/572/420
f 10374/607/417 10379/570/417 10363/570/417
f 10375/572/426 10381/572/426 10378/572/426
f 10374/607/417 10378/572/417 10379/570/417
f 10395/558/878 10396/559/879 10385/558/867
f 10396/560/879 10397/561/880 10384/561/812
f 10397/561/880 10394/560/881 10383/561/870
f 10390/577/882 10389/608/883 10391/609/884
f 10393/564/885 10386/610/886 10392/563/887
f 10391/602/884 10393/564/885 10392/563/887
f 10395/603/878 10388/604/875 10389/605/883
f 10396/611/879 10390/583/882 10391/584/884
f 10394/559/881 10395/558/878 10382/558/877
f 10397/570/520 10400/570/520 10384/570/520
f 10396/593/420 10401/572/420 10385/572/420
f 10397/570/520 10399/570/520 10400/570/520
f 10395/572/426 10398/572/426 10382/572/426
f 10396/593/420 10400/570/420 10401/572/420
f 10394/612/417 10399/570/417 10383/570/417
f 10395/572/426 10401/572/426 10398/572/426
f 10394/612/417 10398/572/417 10399/570/417
f 10415/558/888 10416/559/889 10405/558/867
f 10416/560/889 10417/561/890 10404/561/812
f 10417/561/890 10414/560/891 10403/561/870
f 10410/577/892 10409/613/893 10411/614/894
f 10407/615/895 10412/563/896 10413/564/897
f 10411/602/894 10413/564/897 10412/563/896
f 10415/603/888 10408/604/898 10409/605/893
f 10416/606/889 10410/583/892 10411/584/894
f 10414/559/891 10415/558/888 10402/558/877
f 10417/570/520 10420/570/520 10404/570/520
f 10416/573/420 10421/572/420 10405/572/420
f 10417/570/520 10419/570/520 10420/570/520
f 10415/572/426 10418/572/426 10402/572/426
f 10416/573/420 10420/570/420 10421/572/420
f 10414/607/417 10419/570/417 10403/570/417
f 10415/572/426 10421/572/426 10418/572/426
f 10414/607/417 10418/572/417 10419/570/417
f 10433/558/899 10434/559/900 10425/558/901
f 10434/560/900 10435/561/902 10424/561/903
f 10435/561/902 10432/560/904 10423/561/905
f 10426/616/906 10430/617/907 10431/618/908
f 10433/619/899 10427/604/909 10428/605/910
f 10432/559/904 10433/558/899 10422/558/911
f 10435/570/520 10438/570/520 10424/570/520
f 10434/620/420 10439/572/420 10425/572/420
f 10435/570/520 10437/570/520 10438/570/520
f 10433/621/426 10436/572/426 10422/572/426
f 10434/620/420 10438/570/420 10439/572/420
f 10432/622/417 10437/570/417 10423/570/417
f 10433/621/426 10439/572/426 10436/572/426
f 10432/622/417 10436/572/417 10437/570/417
f 10452/558/912 10453/559/913 10443/558/867
f 10453/560/913 10454/561/914 10442/561/915
f 10454/561/914 10451/560/916 10441/561/917
f 10446/623/918 10448/624/919 10447/577/920
f 10444/616/921 10449/617/922 10450/618/923
f 10452/603/912 10445/604/924 10446/605/918
f 10453/625/913 10447/583/920 10448/584/919
f 10451/559/916 10452/558/912 10440/558/925
f 10454/570/520 10457/570/520 10442/570/520
f 10453/626/420 10458/572/420 10443/572/420
f 10454/570/520 10456/570/520 10457/570/520
f 10452/572/426 10455/572/426 10440/572/426
f 10453/626/420 10457/570/420 10458/572/420
f 10451/622/417 10456/570/417 10441/570/417
f 10452/572/426 10458/572/426 10455/572/426
f 10451/622/417 10455/572/417 10456/570/417
f 10472/558/926 10473/559/927 10462/558/810
f 10473/560/927 10474/561/928 10461/561/812
f 10474/561/928 10471/560/929 10460/561/814
f 10464/627/930 10466/628/931 10463/575/932
f 10466/629/931 10468/630/933 10467/577/934
f 10470/564/935 10464/631/930 10469/563/936
f 10468/632/933 10470/564/935 10469/563/936
f 10473/625/927 10467/583/934 10468/584/933
f 10471/559/929 10472/558/926 10459/558/820
f 10474/570/520 10477/570/520 10461/570/520
f 10473/626/420 10478/572/420 10462/572/420
f 10474/570/520 10476/570/520 10477/570/520
f 10472/572/426 10475/572/426 10459/572/426
f 10473/626/420 10477/570/420 10478/572/420
f 10471/626/417 10476/570/417 10460/570/417
f 10472/572/426 10478/572/426 10475/572/426
f 10471/626/417 10475/572/417 10476/570/417
f 10492/558/937 10493/559/938 10482/558/867
f 10493/560/938 10494/561/939 10481/561/915
f 10494/561/939 10491/560/940 10480/561/917
f 10486/633/941 10483/634/942 10484/635/943
f 10487/577/944 10486/636/941 10488/637/945
f 10483/638/946 10489/617/947 10490/618/948
f 10492/619/937 10485/604/949 10486/605/941
f 10493/567/938 10487/583/944 10488/584/945
f 10491/559/940 10492/558/937 10479/558/925
f 10494/570/520 10497/570/520 10481/570/520
f 10493/571/420 10498/572/420 10482/572/420
f 10494/570/520 10496/570/520 10497/570/520
f 10492/621/426 10495/572/426 10479/572/426
f 10493/571/420 10497/570/420 10498/572/420
f 10491/639/417 10496/570/417 10480/570/417
f 10492/621/426 10498/572/426 10495/572/426
f 10491/639/417 10495/572/417 10496/570/417
f 10512/558/937 10513/559/938 10502/558/867
f 10513/560/938 10514/561/939 10501/561/915
f 10514/561/939 10511/560/940 10500/561/917
f 10506/633/941 10503/634/942 10504/635/943
f 10507/577/944 10506/640/941 10508/641/945
f 10503/642/946 10509/617/947 10510/618/948
f 10512/619/937 10505/604/949 10506/605/941
f 10513/567/938 10507/583/944 10508/584/945
f 10511/559/940 10512/558/937 10499/558/925
f 10514/570/520 10517/570/520 10501/570/520
f 10513/571/420 10518/572/420 10502/572/420
f 10514/570/520 10516/570/520 10517/570/520
f 10512/621/426 10515/572/426 10499/572/426
f 10513/571/420 10517/570/420 10518/572/420
f 10511/639/417 10516/570/417 10500/570/417
f 10512/621/426 10518/572/426 10515/572/426
f 10511/639/417 10515/572/417 10516/570/417
f 10532/558/926 10533/559/950 10522/558/810
f 10533/560/950 10534/561/951 10521/561/812
f 10534/561/951 10531/560/952 10520/561/814
f 10526/643/953 10523/575/954 10524/644/955
f 10527/577/956 10526/645/953 10528/646/957
f 10530/564/958 10524/647/955 10529/563/959
f 10529/563/959 10528/648/957 10530/564/958
f 10533/567/950 10527/583/956 10528/584/957
f 10531/559/952 10532/558/926 10519/558/820
f 10534/569/520 10537/570/520 10521/570/520
f 10533/571/420 10538/572/420 10522/572/420
f 10534/569/520 10536/570/520 10537/570/520
f 10532/572/426 10535/572/426 10519/572/426
f 10533/571/420 10537/570/420 10538/572/420
f 10531/593/417 10536/570/417 10520/570/417
f 10532/572/426 10538/572/426 10535/572/426
f 10531/593/417 10535/572/417 10536/570/417
f 10551/558/821 10552/559/822 10542/558/823
f 10552/560/822 10553/561/846 10541/561/825
f 10553/561/846 10550/560/847 10540/561/827
f 10545/594/848 10543/575/829 10544/649/849
f 10546/577/831 10545/596/848 10547/650/850
f 10549/581/851 10547/650/850 10548/580/852
f 10552/591/822 10546/583/831 10547/584/850
f 10550/559/847 10551/558/821 10539/558/820
f 10553/585/520 10556/570/520 10541/570/520
f 10552/592/420 10557/572/420 10542/572/420
f 10553/585/520 10555/570/520 10556/570/520
f 10551/572/426 10554/572/426 10539/572/426
f 10552/592/420 10556/570/420 10557/572/420
f 10550/571/417 10555/570/417 10540/570/417
f 10551/572/426 10557/572/426 10554/572/426
f 10550/571/417 10554/572/417 10555/570/417
f 10571/558/853 10572/559/960 10561/558/823
f 10572/560/960 10573/561/837 10560/561/825
f 10573/561/837 10570/560/856 10559/561/827
f 10565/651/857 10562/575/858 10563/599/961
f 10565/600/857 10567/652/962 10566/577/861
f 10563/610/961 10568/563/844 10569/564/845
f 10567/565/962 10569/564/845 10568/563/844
f 10572/582/960 10566/583/861 10567/584/962
f 10570/559/856 10571/558/853 10558/558/820
f 10573/585/520 10576/570/520 10560/570/520
f 10572/586/420 10577/572/420 10561/572/420
f 10573/585/520 10575/570/520 10576/570/520
f 10571/572/426 10574/572/426 10558/572/426
f 10572/586/420 10576/570/420 10577/572/420
f 10570/593/417 10575/570/417 10559/570/417
f 10571/572/426 10577/572/426 10574/572/426
f 10570/593/417 10574/572/417 10575/570/417
f 10591/558/853 10592/559/963 10581/558/823
f 10592/560/963 10593/561/964 10580/561/825
f 10593/561/964 10590/560/856 10579/561/827
f 10585/653/965 10582/575/858 10583/654/966
f 10586/577/967 10585/655/965 10587/656/968
f 10587/656/969 10589/580/970 10588/581/971
f 10592/582/963 10586/583/967 10587/584/968
f 10590/559/856 10591/558/853 10578/558/820
f 10593/585/520 10596/570/520 10580/570/520
f 10592/586/420 10597/572/420 10581/572/420
f 10593/585/520 10595/570/520 10596/570/520
f 10591/572/426 10594/572/426 10578/572/426
f 10592/586/420 10596/570/420 10597/572/420
f 10590/573/417 10595/570/417 10579/570/417
f 10591/572/426 10597/572/426 10594/572/426
f 10590/573/417 10594/572/417 10595/570/417
f 10611/558/972 10612/559/973 10601/558/823
f 10612/560/973 10613/561/974 10600/561/825
f 10613/561/974 10610/560/975 10599/561/827
f 10606/577/976 10604/657/977 10607/656/978
f 10602/602/979 10608/563/980 10609/564/981
f 10607/658/978 10609/564/981 10608/563/980
f 10612/582/973 10606/583/976 10607/584/978
f 10610/559/975 10611/558/972 10598/558/820
f 10613/585/520 10616/570/520 10600/570/520
f 10612/586/420 10617/572/420 10601/572/420
f 10613/585/520 10615/570/520 10616/570/520
f 10611/572/426 10614/572/426 10598/572/426
f 10612/586/420 10616/570/420 10617/572/420
f 10610/659/417 10615/570/417 10599/570/417
f 10611/572/426 10617/572/426 10614/572/426
f 10610/659/417 10614/572/417 10615/570/417
f 10631/558/982 10632/559/983 10621/558/810
f 10632/560/983 10633/561/951 10620/561/812
f 10633/561/951 10630/560/984 10619/561/814
f 10625/653/985 10622/575/858 10623/660/986
f 10626/577/987 10625/661/985 10627/662/988
f 10623/663/986 10628/563/989 10629/564/990
f 10627/602/988 10629/564/990 10628/563/989
f 10632/606/983 10626/583/987 10627/584/988
f 10630/559/984 10631/558/982 10618/558/820
f 10633/570/520 10636/570/520 10620/570/520
f 10632/573/420 10637/572/420 10621/572/420
f 10633/570/520 10635/570/520 10636/570/520
f 10631/572/426 10634/572/426 10618/572/426
f 10632/573/420 10636/570/420 10637/572/420
f 10630/573/417 10635/570/417 10619/570/417
f 10631/572/426 10637/572/426 10634/572/426
f 10630/573/417 10634/572/417 10635/570/417
f 10650/558/991 10651/559/992 10641/558/901
f 10651/560/992 10652/561/902 10640/561/903
f 10652/561/902 10649/560/904 10639/561/905
f 10642/664/993 10647/617/907 10648/618/994
f 10645/665/995 10650/603/991 10644/666/996
f 10650/603/997 10643/604/998 10644/605/996
f 10649/559/904 10650/558/997 10638/558/911
f 10652/570/520 10655/570/520 10640/570/520
f 10651/620/420 10656/572/420 10641/572/420
f 10652/570/520 10654/570/520 10655/570/520
f 10650/572/426 10653/572/426 10638/572/426
f 10651/620/420 10655/570/420 10656/572/420
f 10649/622/417 10654/570/417 10639/570/417
f 10650/572/426 10656/572/426 10653/572/426
f 10649/622/417 10653/572/417 10654/570/417
f 10670/558/999 10671/559/1000 10660/558/1001
f 10671/560/1000 10672/561/1002 10659/561/825
f 10672/561/1002 10669/560/1003 10658/561/1004
f 10664/667/1005 10666/668/1006 10665/577/1007
f 10667/581/1008 10666/668/1006 10668/580/1009
f 10670/603/999 10663/604/898 10664/605/1005
f 10671/669/1000 10665/583/1007 10666/584/1006
f 10669/559/1003 10670/558/999 10657/558/877
f 10672/570/520 10675/570/520 10659/570/520
f 10671/670/420 10676/572/420 10660/572/420
f 10672/570/520 10674/570/520 10675/570/520
f 10670/572/426 10673/572/426 10657/572/426
f 10671/670/420 10675/570/420 10676/572/420
f 10669/607/417 10674/570/417 10658/570/417
f 10670/572/426 10676/572/426 10673/572/426
f 10669/607/417 10673/572/417 10674/570/417
f 10690/558/1010 10691/559/1011 10680/558/823
f 10691/560/1011 10692/561/1012 10679/561/825
f 10692/561/1012 10689/560/1013 10678/561/827
f 10683/671/1014 10686/672/1015 10685/577/843
f 10687/581/1008 10686/672/1015 10688/580/1016
f 10691/582/1011 10685/583/843 10686/584/1015
f 10689/559/1013 10690/558/1010 10677/558/820
f 10692/570/520 10695/570/520 10679/570/520
f 10691/586/420 10696/572/420 10680/572/420
f 10692/570/520 10694/570/520 10695/570/520
f 10690/621/426 10693/572/426 10677/572/426
f 10691/586/420 10695/570/420 10696/572/420
f 10689/571/417 10694/570/417 10678/570/417
f 10690/621/426 10696/572/426 10693/572/426
f 10689/571/417 10693/572/417 10694/570/417
f 10710/558/821 10711/559/822 10700/558/823
f 10711/560/822 10712/561/1017 10699/561/825
f 10712/561/1017 10709/560/1018 10698/561/827
f 10704/673/1019 10702/634/1020 10703/635/1021
f 10702/674/1020 10704/675/1019 10701/575/1022
f 10705/577/831 10704/676/1023 10706/677/1024
f 10708/581/851 10706/677/1024 10707/580/1025
f 10711/582/822 10705/583/831 10706/584/1024
f 10709/559/1018 10710/558/821 10697/558/820
f 10712/570/520 10715/570/520 10699/570/520
f 10711/586/420 10716/572/420 10700/572/420
f 10712/570/520 10714/570/520 10715/570/520
f 10710/572/426 10713/572/426 10697/572/426
f 10711/586/420 10715/570/420 10716/572/420
f 10709/571/417 10714/570/417 10698/570/417
f 10710/572/426 10716/572/426 10713/572/426
f 10709/571/417 10713/572/417 10714/570/417
f 10729/558/821 10730/559/822 10720/558/823
f 10730/560/822 10731/561/824 10719/561/825
f 10731/561/824 10728/560/826 10718/561/827
f 10723/574/828 10721/575/829 10722/576/830
f 10724/577/831 10723/678/828 10725/679/832
f 10725/679/832 10726/580/833 10727/581/834
f 10730/582/822 10724/583/831 10725/584/832
f 10728/559/826 10729/558/821 10717/558/820
f 10731/570/520 10734/570/520 10719/570/520
f 10730/586/420 10735/572/420 10720/572/420
f 10731/570/520 10733/570/520 10734/570/520
f 10729/572/426 10732/572/426 10717/572/426
f 10730/586/420 10734/570/420 10735/572/420
f 10728/571/417 10733/570/417 10718/570/417
f 10729/572/426 10735/572/426 10732/572/426
f 10728/571/417 10732/572/417 10733/570/417
f 10749/558/835 10750/559/1026 10739/558/823
f 10750/560/1026 10751/561/964 10738/561/825
f 10751/561/964 10748/560/1027 10737/561/827
f 10743/680/1028 10740/575/1029 10741/681/1030
f 10744/577/1031 10743/682/1028 10745/683/968
f 10745/683/969 10747/580/970 10746/581/971
f 10750/591/1026 10744/583/1031 10745/584/968
f 10748/559/1027 10749/558/835 10736/558/820
f 10751/570/520 10754/570/520 10738/570/520
f 10750/592/420 10755/572/420 10739/572/420
f 10751/570/520 10753/570/520 10754/570/520
f 10749/572/426 10752/572/426 10736/572/426
f 10750/592/420 10754/570/420 10755/572/420
f 10748/593/417 10753/570/417 10737/570/417
f 10749/572/426 10755/572/426 10752/572/426
f 10748/593/417 10752/572/417 10753/570/417
f 10768/558/821 10769/559/822 10759/558/823
f 10769/560/822 10770/561/846 10758/561/825
f 10770/561/846 10767/560/847 10757/561/827
f 10762/684/848 10760/575/829 10761/685/849
f 10763/577/831 10762/578/848 10764/679/850
f 10766/581/851 10764/679/850 10765/580/852
f 10769/591/822 10763/583/831 10764/584/850
f 10767/559/847 10768/558/821 10756/558/820
f 10770/570/520 10773/570/520 10758/570/520
f 10769/592/420 10774/572/420 10759/572/420
f 10770/570/520 10772/570/520 10773/570/520
f 10768/572/426 10771/572/426 10756/572/426
f 10769/592/420 10773/570/420 10774/572/420
f 10767/571/417 10772/570/417 10757/570/417
f 10768/572/426 10774/572/426 10771/572/426
f 10767/571/417 10771/572/417 10772/570/417
f 10787/558/1032 10788/559/822 10778/558/823
f 10788/560/822 10789/561/1033 10777/561/825
f 10789/561/1033 10786/560/1034 10776/561/827
f 10782/577/831 10781/686/1035 10783/687/850
f 10785/581/851 10783/687/850 10784/580/1036
f 10788/582/822 10782/583/831 10783/584/850
f 10786/559/1034 10787/558/1032 10775/558/820
f 10789/570/520 10792/570/520 10777/570/520
f 10788/586/420 10793/572/420 10778/572/420
f 10789/570/520 10791/570/520 10792/570/520
f 10787/688/426 10790/572/426 10775/572/426
f 10788/586/420 10792/570/420 10793/572/420
f 10786/571/417 10791/570/417 10776/570/417
f 10787/688/426 10793/572/426 10790/572/426
f 10786/571/417 10790/572/417 10791/570/417
f 10807/558/972 10808/559/1011 10797/558/823
f 10808/560/1011 10809/561/1012 10796/561/825
f 10809/561/1012 10806/560/1037 10795/561/827
f 10800/689/977 10803/668/1038 10802/577/843
f 10804/581/1008 10803/668/1038 10805/580/1039
f 10808/582/1011 10802/583/843 10803/584/1038
f 10806/559/1037 10807/558/972 10794/558/820
f 10809/570/520 10812/570/520 10796/570/520
f 10808/586/420 10813/572/420 10797/572/420
f 10809/570/520 10811/570/520 10812/570/520
f 10807/572/426 10810/572/426 10794/572/426
f 10808/586/420 10812/570/420 10813/572/420
f 10806/593/417 10811/570/417 10795/570/417
f 10807/572/426 10813/572/426 10810/572/426
f 10806/593/417 10810/572/417 10811/570/417
f 10827/558/853 10828/559/854 10817/558/823
f 10828/560/854 10829/561/1040 10816/561/825
f 10829/561/1040 10826/560/1041 10815/561/827
f 10821/651/857 10818/575/858 10819/690/1042
f 10821/600/857 10823/691/1043 10822/577/861
f 10824/581/1008 10823/691/1043 10825/580/1044
f 10828/582/854 10822/583/861 10823/584/1043
f 10826/559/1041 10827/558/853 10814/558/820
f 10829/570/520 10832/570/520 10816/570/520
f 10828/586/420 10833/572/420 10817/572/420
f 10829/570/520 10831/570/520 10832/570/520
f 10827/572/426 10830/572/426 10814/572/426
f 10828/586/420 10832/570/420 10833/572/420
f 10826/659/417 10831/570/417 10815/570/417
f 10827/572/426 10833/572/426 10830/572/426
f 10826/659/417 10830/572/417 10831/570/417
f 10847/558/1045 10848/559/1046 10837/558/1001
f 10848/560/1046 10849/561/1047 10836/561/1048
f 10849/561/1047 10846/560/1049 10835/561/814
f 10840/692/1050 10838/575/1051 10839/693/1052
f 10839/610/1052 10844/563/1053 10845/564/1054
f 10844/563/1053 10842/565/1055 10845/564/1054
f 10841/665/1056 10847/603/1045 10840/666/1050
f 10843/566/1057 10848/694/1046 10842/568/1055
f 10846/559/1049 10847/558/1045 10834/558/1058
f 10849/570/520 10852/570/520 10836/570/520
f 10848/607/420 10853/572/420 10837/572/420
f 10849/570/520 10851/570/520 10852/570/520
f 10847/572/426 10850/572/426 10834/572/426
f 10848/607/420 10852/570/420 10853/572/420
f 10846/573/417 10851/570/417 10835/570/417
f 10847/572/426 10853/572/426 10850/572/426
f 10846/573/417 10850/572/417 10851/570/417
f 10866/558/1059 10867/559/1060 10857/558/901
f 10867/560/1060 10868/561/1061 10856/561/1062
f 10868/561/1061 10865/560/1063 10855/561/1004
f 10863/581/1064 10862/695/1065 10864/580/1066
f 10861/665/1067 10866/603/1059 10860/666/1068
f 10865/559/1063 10866/558/1059 10854/558/1069
f 10868/570/520 10871/570/520 10856/570/520
f 10867/620/420 10872/572/420 10857/572/420
f 10868/570/520 10870/570/520 10871/570/520
f 10866/572/426 10869/572/426 10854/572/426
f 10867/620/420 10871/570/420 10872/572/420
f 10865/607/417 10870/570/417 10855/570/417
f 10866/572/426 10872/572/426 10869/572/426
f 10865/607/417 10869/572/417 10870/570/417
f 10885/558/1070 10886/559/1071 10876/558/1072
f 10886/560/1071 10887/561/1073 10875/561/1062
f 10887/561/1073 10884/560/1074 10874/561/827
f 10878/696/1075 10879/697/1076 10877/575/1077
f 10882/581/1064 10881/698/1078 10883/580/1079
f 10880/665/1080 10885/603/1070 10879/666/1076
f 10884/559/1074 10885/558/1070 10873/558/1058
f 10887/585/520 10890/570/520 10875/570/520
f 10886/639/420 10891/572/420 10876/572/420
f 10887/585/520 10889/570/520 10890/570/520
f 10885/572/426 10888/572/426 10873/572/426
f 10886/639/420 10890/570/420 10891/572/420
f 10884/593/417 10889/570/417 10874/570/417
f 10885/572/426 10891/572/426 10888/572/426
f 10884/593/417 10888/572/417 10889/570/417
f 10905/558/835 10906/559/1011 10895/558/823
f 10906/560/1011 10907/561/1081 10894/561/825
f 10907/561/1081 10904/560/1082 10893/561/827
f 10897/699/1083 10899/700/1084 10896/575/1085
f 10899/701/1084 10901/702/1086 10900/577/1087
f 10902/581/1008 10901/702/1086 10903/580/1088
f 10906/582/1011 10900/583/1087 10901/584/1086
f 10904/559/1082 10905/558/835 10892/558/820
f 10907/585/520 10910/570/520 10894/570/520
f 10906/586/420 10911/572/420 10895/572/420
f 10907/585/520 10909/570/520 10910/570/520
f 10905/572/426 10908/572/426 10892/572/426
f 10906/586/420 10910/570/420 10911/572/420
f 10904/626/417 10909/570/417 10893/570/417
f 10905/572/426 10911/572/426 10908/572/426
f 10904/626/417 10908/572/417 10909/570/417
f 10924/558/821 10925/559/822 10915/558/823
f 10925/560/822 10926/561/824 10914/561/825
f 10926/561/824 10923/560/826 10913/561/827
f 10918/703/828 10916/575/829 10917/704/830
f 10919/577/831 10918/705/828 10920/706/832
f 10920/706/832 10921/580/833 10922/581/834
f 10925/591/822 10919/583/831 10920/584/832
f 10923/559/826 10924/558/821 10912/558/820
f 10926/570/520 10929/570/520 10914/570/520
f 10925/592/420 10930/572/420 10915/572/420
f 10926/570/520 10928/570/520 10929/570/520
f 10924/572/426 10927/572/426 10912/572/426
f 10925/592/420 10929/570/420 10930/572/420
f 10923/571/417 10928/570/417 10913/570/417
f 10924/572/426 10930/572/426 10927/572/426
f 10923/571/417 10927/572/417 10928/570/417
f 10943/558/1089 10944/559/1090 10934/558/823
f 10944/560/1090 10945/561/1091 10933/561/825
f 10945/561/1091 10942/560/826 10932/561/827
f 10937/707/1092 10935/575/829 10936/708/1093
f 10937/709/1092 10939/635/1094 10938/634/1095
f 10938/710/1095 10940/580/1096 10941/581/1097
f 10942/559/826 10943/558/1089 10931/558/820
f 10945/570/520 10948/570/520 10933/570/520
f 10944/592/420 10949/572/420 10934/572/420
f 10945/570/520 10947/570/520 10948/570/520
f 10943/572/426 10946/572/426 10931/572/426
f 10944/592/420 10948/570/420 10949/572/420
f 10942/571/417 10947/570/417 10932/570/417
f 10943/572/426 10949/572/426 10946/572/426
f 10942/571/417 10946/572/417 10947/570/417
f 10962/558/1098 10963/559/1099 10953/558/1001
f 10963/560/1099 10964/561/1100 10952/561/1101
f 10964/561/1100 10961/560/1102 10951/561/905
f 10957/577/1103 10955/657/1104 10958/711/1105
f 10960/564/1106 10954/602/1107 10959/563/1108
f 10958/602/1105 10960/564/1106 10959/563/1108
f 10963/582/1099 10957/583/1103 10958/584/1105
f 10961/559/1102 10962/558/1098 10950/558/925
f 10964/570/520 10967/570/520 10952/570/520
f 10963/586/420 10968/572/420 10953/572/420
f 10964/570/520 10966/570/520 10967/570/520
f 10962/572/426 10965/572/426 10950/572/426
f 10963/586/420 10967/570/420 10968/572/420
f 10961/712/417 10966/570/417 10951/570/417
f 10962/572/426 10968/572/426 10965/572/426
f 10961/712/417 10965/572/417 10966/570/417
f 10981/558/1109 10982/559/1110 10972/558/1001
f 10982/560/1110 10983/561/1111 10971/561/1101
f 10983/561/1111 10980/560/1112 10970/561/905
f 10976/577/1113 10975/713/1114 10977/714/1115
f 10973/715/1116 10978/617/907 10979/618/1117
f 10981/603/1109 10974/604/924 10975/605/1114
f 10982/582/1110 10976/583/1113 10977/584/1115
f 10980/559/1112 10981/558/1109 10969/558/925
f 10983/570/520 10986/570/520 10971/570/520
f 10982/586/420 10987/572/420 10972/572/420
f 10983/570/520 10985/570/520 10986/570/520
f 10981/572/426 10984/572/426 10969/572/426
f 10982/586/420 10986/570/420 10987/572/420
f 10980/622/417 10985/570/417 10970/570/417
f 10981/572/426 10987/572/426 10984/572/426
f 10980/622/417 10984/572/417 10985/570/417
f 11001/558/835 11002/559/973 10991/558/823
f 11002/560/973 11003/561/1118 10990/561/825
f 11003/561/1118 11000/560/838 10989/561/827
f 10995/716/1028 10992/575/1029 10993/717/1119
f 10996/577/1031 10995/682/1028 10997/718/1120
f 10999/564/1121 10993/610/1119 10998/563/1122
f 10998/563/1122 10997/602/1120 10999/564/1121
f 11002/582/973 10996/583/1031 10997/584/1120
f 11000/559/838 11001/558/835 10988/558/820
f 11003/570/520 11006/570/520 10990/570/520
f 11002/586/420 11007/572/420 10991/572/420
f 11003/570/520 11005/570/520 11006/570/520
f 11001/572/426 11004/572/426 10988/572/426
f 11002/586/420 11006/570/420 11007/572/420
f 11000/573/417 11005/570/417 10989/570/417
f 11001/572/426 11007/572/426 11004/572/426
f 11000/573/417 11004/572/417 11005/570/417
f 11021/558/1123 11022/559/1124 11011/558/1001
f 11022/560/1124 11023/561/1125 11010/561/825
f 11023/561/1125 11020/560/1126 11009/561/1004
f 11014/719/1127 11017/652/1128 11016/577/1129
f 11019/564/1130 11012/610/1131 11018/563/1132
f 11017/565/1128 11019/564/1130 11018/563/1132
f 11022/582/1124 11016/583/1129 11017/584/1128
f 11020/559/1126 11021/558/1123 11008/558/877
f 11023/570/520 11026/570/520 11010/570/520
f 11022/586/420 11027/572/420 11011/572/420
f 11023/570/520 11025/570/520 11026/570/520
f 11021/572/426 11024/572/426 11008/572/426
f 11022/586/420 11026/570/420 11027/572/420
f 11020/607/417 11025/570/417 11009/570/417
f 11021/572/426 11027/572/426 11024/572/426
f 11020/607/417 11024/572/417 11025/570/417
f 11041/558/1133 11042/559/1134 11031/558/1001
f 11042/560/1134 11043/561/1135 11030/561/825
f 11043/561/1135 11040/560/1136 11029/561/1004
f 11036/577/1137 11034/720/1138 11037/718/1139
f 11039/564/1140 11032/610/1141 11038/563/1142
f 11038/563/1142 11037/602/1139 11039/564/1140
f 11042/582/1134 11036/583/1137 11037/584/1139
f 11040/559/1136 11041/558/1133 11028/558/877
f 11043/570/520 11046/570/520 11030/570/520
f 11042/586/420 11047/572/420 11031/572/420
f 11043/570/520 11045/570/520 11046/570/520
f 11041/572/426 11044/572/426 11028/572/426
f 11042/586/420 11046/570/420 11047/572/420
f 11040/612/417 11045/570/417 11029/570/417
f 11041/572/426 11047/572/426 11044/572/426
f 11040/612/417 11044/572/417 11045/570/417
f 11061/558/1123 11062/559/1143 11051/558/1001
f 11062/560/1143 11063/561/1144 11050/561/825
f 11063/561/1144 11060/560/1126 11049/561/1004
f 11056/577/1145 11054/721/1127 11057/718/1146
f 11059/564/1147 11052/610/1148 11058/563/1149
f 11057/602/1146 11059/564/1147 11058/563/1149
f 11062/582/1143 11056/583/1145 11057/584/1146
f 11060/559/1126 11061/558/1123 11048/558/877
f 11063/570/520 11066/570/520 11050/570/520
f 11062/586/420 11067/572/420 11051/572/420
f 11063/570/520 11065/570/520 11066/570/520
f 11061/572/426 11064/572/426 11048/572/426
f 11062/586/420 11066/570/420 11067/572/420
f 11060/607/417 11065/570/417 11049/570/417
f 11061/572/426 11067/572/426 11064/572/426
f 11060/607/417 11064/572/417 11065/570/417
f 11081/558/1150 11082/559/1151 11071/558/1001
f 11082/560/1151 11083/561/1002 11070/561/825
f 11083/561/1002 11080/560/1003 11069/561/1004
f 11075/722/1152 11077/723/1153 11076/577/1154
f 11078/581/1008 11077/723/1153 11079/580/1155
f 11081/603/1150 11074/604/1156 11075/605/1152
f 11082/582/1151 11076/583/1154 11077/584/1153
f 11080/559/1003 11081/558/1150 11068/558/877
f 11083/570/520 11086/570/520 11070/570/520
f 11082/586/420 11087/572/420 11071/572/420
f 11083/570/520 11085/570/520 11086/570/520
f 11081/572/426 11084/572/426 11068/572/426
f 11082/586/420 11086/570/420 11087/572/420
f 11080/612/417 11085/570/417 11069/570/417
f 11081/572/426 11087/572/426 11084/572/426
f 11080/612/417 11084/572/417 11085/570/417
f 11101/558/999 11102/559/1000 11091/558/1001
f 11102/560/1000 11103/561/1002 11090/561/825
f 11103/561/1002 11100/560/1003 11089/561/1004
f 11095/724/1005 11097/702/1006 11096/577/1007
f 11098/581/1008 11097/702/1006 11099/580/1009
f 11101/725/999 11094/604/898 11095/605/1005
f 11102/669/1000 11096/583/1007 11097/584/1006
f 11100/559/1003 11101/558/999 11088/558/877
f 11103/570/520 11106/570/520 11090/570/520
f 11102/670/420 11107/572/420 11091/572/420
f 11103/570/520 11105/570/520 11106/570/520
f 11101/688/426 11104/572/426 11088/572/426
f 11102/670/420 11106/570/420 11107/572/420
f 11100/607/417 11105/570/417 11089/570/417
f 11101/688/426 11107/572/426 11104/572/426
f 11100/607/417 11104/572/417 11105/570/417
f 11121/558/999 11122/559/1000 11111/558/1001
f 11122/560/1000 11123/561/1002 11110/561/825
f 11123/561/1002 11120/560/1003 11109/561/1004
f 11115/689/1005 11117/726/1006 11116/577/1007
f 11118/581/1008 11117/726/1006 11119/580/1009
f 11121/725/999 11114/604/898 11115/605/1005
f 11122/582/1000 11116/583/1007 11117/584/1006
f 11120/559/1003 11121/558/999 11108/558/877
f 11123/570/520 11126/570/520 11110/570/520
f 11122/586/420 11127/572/420 11111/572/420
f 11123/570/520 11125/570/520 11126/570/520
f 11121/688/426 11124/572/426 11108/572/426
f 11122/586/420 11126/570/420 11127/572/420
f 11120/607/417 11125/570/417 11109/570/417
f 11121/688/426 11127/572/426 11124/572/426
f 11120/607/417 11124/572/417 11125/570/417
f 11141/558/853 11142/559/963 11131/558/823
f 11142/560/963 11143/561/964 11130/561/825
f 11143/561/964 11140/560/856 11129/561/827
f 11135/727/965 11132/575/858 11133/681/966
f 11136/577/967 11135/728/965 11137/729/968
f 11137/729/969 11139/580/970 11138/581/971
f 11142/582/963 11136/583/967 11137/584/968
f 11140/559/856 11141/558/853 11128/558/820
f 11143/570/520 11146/570/520 11130/570/520
f 11142/586/420 11147/572/420 11131/572/420
f 11143/570/520 11145/570/520 11146/570/520
f 11141/572/426 11144/572/426 11128/572/426
f 11142/586/420 11146/570/420 11147/572/420
f 11140/571/417 11145/570/417 11129/570/417
f 11141/572/426 11147/572/426 11144/572/426
f 11140/571/417 11144/572/417 11145/570/417
f 11160/558/1157 11161/559/1090 11151/558/823
f 11161/560/1090 11162/561/1091 11150/561/825
f 11162/561/1091 11159/560/826 11149/561/827
f 11154/730/1092 11152/575/829 11153/731/1093
f 11154/732/1092 11156/635/1094 11155/634/1095
f 11155/733/1095 11157/580/1096 11158/581/1097
f 11159/559/826 11160/558/1157 11148/558/820
f 11162/570/520 11165/570/520 11150/570/520
f 11161/586/420 11166/572/420 11151/572/420
f 11162/570/520 11164/570/520 11165/570/520
f 11160/572/426 11163/572/426 11148/572/426
f 11161/586/420 11165/570/420 11166/572/420
f 11159/571/417 11164/570/417 11149/570/417
f 11160/572/426 11166/572/426 11163/572/426
f 11159/571/417 11163/572/417 11164/570/417
f 11178/558/1158 11179/559/1159 11170/558/901
f 11179/560/1159 11180/561/1160 11169/561/903
f 11180/561/1160 11177/560/1161 11168/561/905
f 11175/581/1162 11174/734/1163 11176/580/1164
f 11177/559/1161 11178/558/1158 11167/558/911
f 11180/570/520 11183/570/520 11169/570/520
f 11179/735/420 11184/572/420 11170/572/420
f 11180/570/520 11182/570/520 11183/570/520
f 11178/572/426 11181/572/426 11167/572/426
f 11179/735/420 11183/570/420 11184/572/420
f 11177/620/417 11182/570/417 11168/570/417
f 11178/572/426 11184/572/426 11181/572/426
f 11177/620/417 11181/572/417 11182/570/417
f 11197/558/1059 11198/559/1060 11188/558/901
f 11198/560/1060 11199/561/1061 11187/561/1062
f 11199/561/1061 11196/560/1063 11186/561/1004
f 11194/581/1064 11193/736/1065 11195/580/1066
f 11192/665/1067 11197/603/1059 11191/666/1068
f 11196/559/1063 11197/558/1059 11185/558/1069
f 11199/570/520 11202/570/520 11187/570/520
f 11198/622/420 11203/572/420 11188/572/420
f 11199/570/520 11201/570/520 11202/570/520
f 11197/572/426 11200/572/426 11185/572/426
f 11198/622/420 11202/570/420 11203/572/420
f 11196/737/417 11201/570/417 11186/570/417
f 11197/572/426 11203/572/426 11200/572/426
f 11196/737/417 11200/572/417 11201/570/417
f 11217/558/1165 11218/559/1166 11207/558/810
f 11218/560/1166 11219/561/1167 11206/561/812
f 11219/561/1167 11216/560/1168 11205/561/814
f 11211/738/1169 11208/575/1029 11209/739/1170
f 11209/602/1170 11214/563/1171 11215/564/1172
f 11212/565/1173 11215/564/1172 11214/563/1171
f 11213/566/1174 11218/567/1166 11212/568/1175
f 11216/559/1168 11217/558/1165 11204/558/820
f 11219/570/520 11222/570/520 11206/570/520
f 11218/571/420 11223/572/420 11207/572/420
f 11219/570/520 11221/570/520 11222/570/520
f 11217/621/426 11220/572/426 11204/572/426
f 11218/571/420 11222/570/420 11223/572/420
f 11216/573/417 11221/570/417 11205/570/417
f 11217/621/426 11223/572/426 11220/572/426
f 11216/573/417 11220/572/417 11221/570/417
f 11237/558/1165 11238/559/1176 11227/558/810
f 11238/560/1176 11239/561/1177 11226/561/812
f 11239/561/1177 11236/560/1178 11225/561/814
f 11229/740/1179 11230/741/1180 11228/575/1085
f 11235/564/1181 11229/742/1179 11234/563/1182
f 11232/610/1183 11235/564/1181 11234/563/1182
f 11233/566/1184 11238/606/1176 11232/568/1185
f 11236/559/1178 11237/558/1165 11224/558/820
f 11239/585/520 11242/570/520 11226/570/520
f 11238/573/420 11243/572/420 11227/572/420
f 11239/585/520 11241/570/520 11242/570/520
f 11237/621/426 11240/572/426 11224/572/426
f 11238/573/420 11242/570/420 11243/572/420
f 11236/573/417 11241/570/417 11225/570/417
f 11237/621/426 11243/572/426 11240/572/426
f 11236/573/417 11240/572/417 11241/570/417
f 11257/558/1165 11258/559/1176 11247/558/810
f 11258/560/1176 11259/561/1186 11246/561/812
f 11259/561/1186 11256/560/1187 11245/561/814
f 11250/743/1188 11248/575/840 11249/744/1189
f 11255/564/1190 11249/663/1189 11254/563/1191
f 11252/602/1192 11255/564/1190 11254/563/1191
f 11253/566/1184 11258/606/1176 11252/568/1192
f 11256/559/1187 11257/558/1165 11244/558/820
f 11259/585/520 11262/570/520 11246/570/520
f 11258/573/420 11263/572/420 11247/572/420
f 11259/585/520 11261/570/520 11262/570/520
f 11257/621/426 11260/572/426 11244/572/426
f 11258/573/420 11262/570/420 11263/572/420
f 11256/659/417 11261/570/417 11245/570/417
f 11257/621/426 11263/572/426 11260/572/426
f 11256/659/417 11260/572/417 11261/570/417
f 11277/558/1193 11278/559/1194 11267/558/810
f 11278/560/1194 11279/561/951 11266/561/812
f 11279/561/951 11276/560/1168 11265/561/814
f 11270/745/1195 11268/575/840 11269/644/986
f 11272/577/1196 11270/746/1195 11273/609/988
f 11269/610/986 11274/563/989 11275/564/990
f 11273/602/988 11275/564/990 11274/563/989
f 11278/606/1194 11272/583/1196 11273/584/988
f 11276/559/1168 11277/558/1193 11264/558/820
f 11279/585/520 11282/570/520 11266/570/520
f 11278/573/420 11283/572/420 11267/572/420
f 11279/585/520 11281/570/520 11282/570/520
f 11277/621/426 11280/572/426 11264/572/426
f 11278/573/420 11282/570/420 11283/572/420
f 11276/593/417 11281/570/417 11265/570/417
f 11277/621/426 11283/572/426 11280/572/426
f 11276/593/417 11280/572/417 11281/570/417
f 11296/558/1059 11297/559/1060 11287/558/901
f 11297/560/1060 11298/561/1061 11286/561/1062
f 11298/561/1061 11295/560/1063 11285/561/1004
f 11293/581/1064 11292/747/1065 11294/580/1066
f 11291/665/1067 11296/725/1059 11290/666/1068
f 11295/559/1063 11296/558/1059 11284/558/1069
f 11298/569/520 11301/570/520 11286/570/520
f 11297/620/420 11302/572/420 11287/572/420
f 11298/569/520 11300/570/520 11301/570/520
f 11296/688/426 11299/572/426 11284/572/426
f 11297/620/420 11301/570/420 11302/572/420
f 11295/607/417 11300/570/417 11285/570/417
f 11296/688/426 11302/572/426 11299/572/426
f 11295/607/417 11299/572/417 11300/570/417
f 11315/558/1197 11316/559/1071 11306/558/1072
f 11316/560/1071 11317/561/1198 11305/561/1062
f 11317/561/1198 11314/560/1199 11304/561/827
f 11312/581/1064 11311/748/1078 11313/580/1200
f 11310/665/1080 11315/603/1197 11309/666/1201
f 11314/559/1199 11315/558/1197 11303/558/1058
f 11317/569/520 11320/570/520 11305/570/520
f 11316/639/420 11321/572/420 11306/572/420
f 11317/569/520 11319/570/520 11320/570/520
f 11315/572/426 11318/572/426 11303/572/426
f 11316/639/420 11320/570/420 11321/572/420
f 11314/573/417 11319/570/417 11304/570/417
f 11315/572/426 11321/572/426 11318/572/426
f 11314/573/417 11318/572/417 11319/570/417
f 11334/558/1197 11335/559/1071 11325/558/1072
f 11335/560/1071 11336/561/1198 11324/561/1062
f 11336/561/1198 11333/560/1199 11323/561/827
f 11331/581/1064 11330/698/1078 11332/580/1200
f 11329/665/1080 11334/603/1197 11328/666/1201
f 11333/559/1199 11334/558/1197 11322/558/1058
f 11336/570/520 11339/570/520 11324/570/520
f 11335/620/420 11340/572/420 11325/572/420
f 11336/570/520 11338/570/520 11339/570/520
f 11334/572/426 11337/572/426 11322/572/426
f 11335/620/420 11339/570/420 11340/572/420
f 11333/626/417 11338/570/417 11323/570/417
f 11334/572/426 11340/572/426 11337/572/426
f 11333/626/417 11337/572/417 11338/570/417
f 11353/558/1202 11354/559/1203 11344/558/1001
f 11354/560/1203 11355/561/1111 11343/561/1101
f 11355/561/1111 11352/560/1204 11342/561/905
f 11348/577/1145 11346/749/1205 11349/750/1206
f 11345/751/1207 11350/617/907 11351/618/1208
f 11354/591/1203 11348/583/1145 11349/584/1206
f 11352/559/1204 11353/558/1202 11341/558/925
f 11355/570/520 11358/570/520 11343/570/520
f 11354/592/420 11359/572/420 11344/572/420
f 11355/570/520 11357/570/520 11358/570/520
f 11353/572/426 11356/572/426 11341/572/426
f 11354/592/420 11358/570/420 11359/572/420
f 11352/622/417 11357/570/417 11342/570/417
f 11353/572/426 11359/572/426 11356/572/426
f 11352/622/417 11356/572/417 11357/570/417
f 11372/558/1202 11373/559/1203 11363/558/1001
f 11373/560/1203 11374/561/1111 11362/561/1101
f 11374/561/1111 11371/560/1204 11361/561/905
f 11367/577/1145 11365/752/1205 11368/711/1206
f 11364/751/1207 11369/617/907 11370/618/1208
f 11373/582/1203 11367/583/1145 11368/584/1206
f 11371/559/1204 11372/558/1202 11360/558/925
f 11374/570/520 11377/570/520 11362/570/520
f 11373/586/420 11378/572/420 11363/572/420
f 11374/570/520 11376/570/520 11377/570/520
f 11372/572/426 11375/572/426 11360/572/426
f 11373/586/420 11377/570/420 11378/572/420
f 11371/639/417 11376/570/417 11361/570/417
f 11372/572/426 11378/572/426 11375/572/426
f 11371/639/417 11375/572/417 11376/570/417
f 11391/558/899 11392/559/1209 11382/558/901
f 11392/560/1209 11393/561/1210 11381/561/903
f 11393/561/1210 11390/560/904 11380/561/905
f 11383/753/1211 11388/563/1212 11389/564/1213
f 11388/618/1212 11383/754/1211 11387/617/1214
f 11386/755/1215 11389/564/1213 11388/563/1212
f 11391/603/899 11384/604/909 11385/605/1216
f 11390/559/904 11391/558/899 11379/558/911
f 11393/570/520 11396/570/520 11381/570/520
f 11392/639/420 11397/572/420 11382/572/420
f 11393/570/520 11395/570/520 11396/570/520
f 11391/572/426 11394/572/426 11379/572/426
f 11392/639/420 11396/570/420 11397/572/420
f 11390/620/417 11395/570/417 11380/570/417
f 11391/572/426 11397/572/426 11394/572/426
f 11390/620/417 11394/572/417 11395/570/417
f 11409/558/1217 11410/559/1218 11401/558/901
f 11410/560/1218 11411/561/1160 11400/561/903
f 11411/561/1160 11408/560/1219 11399/561/905
f 11407/581/1162 11405/756/1220 11406/580/1221
f 11404/665/1067 11409/603/1217 11403/666/1222
f 11408/559/1219 11409/558/1217 11398/558/911
f 11411/570/520 11414/570/520 11400/570/520
f 11410/639/420 11415/572/420 11401/572/420
f 11411/570/520 11413/570/520 11414/570/520
f 11409/572/426 11412/572/426 11398/572/426
f 11410/639/420 11414/570/420 11415/572/420
f 11408/622/417 11413/570/417 11399/570/417
f 11409/572/426 11415/572/426 11412/572/426
f 11408/622/417 11412/572/417 11413/570/417
f 11429/558/1223 11430/559/1224 11419/558/823
f 11430/560/1224 11431/561/1225 11418/561/1101
f 11431/561/1225 11428/560/1226 11417/561/1227
f 11423/757/1228 11420/575/1229 11421/758/1230
f 11423/759/1231 11425/590/1232 11424/577/1233
f 11421/758/1230 11426/617/1234 11427/618/1235
f 11430/582/1224 11424/583/1233 11425/584/1232
f 11428/559/1226 11429/558/1223 11416/558/1236
f 11431/570/520 11434/570/520 11418/570/520
f 11430/586/420 11435/572/420 11419/572/420
f 11431/570/520 11433/570/520 11434/570/520
f 11429/572/426 11432/572/426 11416/572/426
f 11430/586/420 11434/570/420 11435/572/420
f 11428/670/417 11433/570/417 11417/570/417
f 11429/572/426 11435/572/426 11432/572/426
f 11428/670/417 11432/572/417 11433/570/417
f 11449/558/1237 11450/559/1238 11439/558/823
f 11450/560/1238 11451/561/1239 11438/561/1101
f 11451/561/1239 11448/560/1240 11437/561/1227
f 11441/760/1241 11443/651/1242 11440/575/1243
f 11443/761/1242 11445/723/1244 11444/577/861
f 11447/581/1245 11445/723/1244 11446/580/1246
f 11450/582/1238 11444/583/861 11445/584/1244
f 11448/559/1240 11449/558/1237 11436/558/1236
f 11451/570/520 11454/570/520 11438/570/520
f 11450/586/420 11455/572/420 11439/572/420
f 11451/570/520 11453/570/520 11454/570/520
f 11449/572/426 11452/572/426 11436/572/426
f 11450/586/420 11454/570/420 11455/572/420
f 11448/670/417 11453/570/417 11437/570/417
f 11449/572/426 11455/572/426 11452/572/426
f 11448/670/417 11452/572/417 11453/570/417
f 11469/558/982 11470/559/1247 11459/558/823
f 11470/560/1247 11471/561/1248 11458/561/1101
f 11471/561/1248 11468/560/1249 11457/561/1227
f 11463/738/1250 11460/575/1251 11461/762/1252
f 11463/763/1253 11465/723/1254 11464/577/1087
f 11467/581/1245 11465/723/1254 11466/580/1255
f 11470/582/1247 11464/583/1087 11465/584/1254
f 11468/559/1249 11469/558/982 11456/558/1236
f 11471/570/520 11474/570/520 11458/570/520
f 11470/586/420 11475/572/420 11459/572/420
f 11471/570/520 11473/570/520 11474/570/520
f 11469/572/426 11472/572/426 11456/572/426
f 11470/586/420 11474/570/420 11475/572/420
f 11468/670/417 11473/570/417 11457/570/417
f 11469/572/426 11475/572/426 11472/572/426
f 11468/670/417 11472/572/417 11473/570/417
f 11489/558/1237 11490/559/1256 11479/558/823
f 11490/560/1256 11491/561/902 11478/561/1101
f 11491/561/902 11488/560/1257 11477/561/1227
f 11483/764/1258 11480/575/1259 11481/765/1260
f 11484/577/967 11483/766/1258 11485/767/1261
f 11481/765/1260 11486/617/1234 11487/618/1208
f 11490/582/1256 11484/583/967 11485/584/1261
f 11488/559/1257 11489/558/1237 11476/558/1236
f 11491/570/520 11494/570/520 11478/570/520
f 11490/586/420 11495/572/420 11479/572/420
f 11491/570/520 11493/570/520 11494/570/520
f 11489/572/426 11492/572/426 11476/572/426
f 11490/586/420 11494/570/420 11495/572/420
f 11488/670/417 11493/570/417 11477/570/417
f 11489/572/426 11495/572/426 11492/572/426
f 11488/670/417 11492/572/417 11493/570/417
f 11507/558/1217 11508/559/1218 11499/558/901
f 11508/560/1218 11509/561/1160 11498/561/903
f 11509/561/1160 11506/560/1219 11497/561/905
f 11505/581/1162 11503/756/1220 11504/580/1221
f 11502/665/1067 11507/603/1217 11501/666/1222
f 11506/559/1219 11507/558/1217 11496/558/911
f 11509/570/520 11512/570/520 11498/570/520
f 11508/768/420 11513/572/420 11499/572/420
f 11509/570/520 11511/570/520 11512/570/520
f 11507/572/426 11510/572/426 11496/572/426
f 11508/768/420 11512/570/420 11513/572/420
f 11506/768/417 11511/570/417 11497/570/417
f 11507/572/426 11513/572/426 11510/572/426
f 11506/768/417 11510/572/417 11511/570/417
f 11525/558/1217 11526/559/1218 11517/558/901
f 11526/560/1218 11527/561/1160 11516/561/903
f 11527/561/1160 11524/560/1219 11515/561/905
f 11523/581/1162 11521/747/1220 11522/580/1221
f 11520/665/1067 11525/603/1217 11519/666/1222
f 11524/559/1219 11525/558/1217 11514/558/911
f 11527/570/520 11530/570/520 11516/570/520
f 11526/622/420 11531/572/420 11517/572/420
f 11527/570/520 11529/570/520 11530/570/520
f 11525/572/426 11528/572/426 11514/572/426
f 11526/622/420 11530/570/420 11531/572/420
f 11524/620/417 11529/570/417 11515/570/417
f 11525/572/426 11531/572/426 11528/572/426
f 11524/620/417 11528/572/417 11529/570/417
f 11543/558/1217 11544/559/992 11535/558/901
f 11544/560/992 11545/561/902 11534/561/903
f 11545/561/902 11542/560/1262 11533/561/905
f 11536/769/1263 11540/617/907 11541/618/908
f 11538/665/1067 11543/603/1217 11537/666/1222
f 11542/559/1262 11543/558/1217 11532/558/911
f 11545/570/520 11548/570/520 11534/570/520
f 11544/639/420 11549/572/420 11535/572/420
f 11545/570/520 11547/570/520 11548/570/520
f 11543/572/426 11546/572/426 11532/572/426
f 11544/639/420 11548/570/420 11549/572/420
f 11542/639/417 11547/570/417 11533/570/417
f 11543/572/426 11549/572/426 11546/572/426
f 11542/639/417 11546/572/417 11547/570/417
f 11561/558/899 11562/559/900 11553/558/901
f 11562/560/900 11563/561/902 11552/561/903
f 11563/561/902 11560/560/904 11551/561/905
f 11554/770/906 11558/617/907 11559/618/908
f 11561/603/899 11555/604/909 11556/605/910
f 11560/559/904 11561/558/899 11550/558/911
f 11563/570/520 11566/570/520 11552/570/520
f 11562/639/420 11567/572/420 11553/572/420
f 11563/570/520 11565/570/520 11566/570/520
f 11561/572/426 11564/572/426 11550/572/426
f 11562/639/420 11566/570/420 11567/572/420
f 11560/622/417 11565/570/417 11551/570/417
f 11561/572/426 11567/572/426 11564/572/426
f 11560/622/417 11564/572/417 11565/570/417
f 11580/558/1109 11581/559/1264 11571/558/1001
f 11581/560/1264 11582/561/1265 11570/561/1101
f 11582/561/1265 11579/560/1266 11569/561/905
f 11574/771/1267 11576/772/1268 11575/577/1007
f 11578/581/1245 11576/772/1268 11577/580/1269
f 11580/603/1109 11573/604/924 11574/605/1267
f 11581/582/1264 11575/583/1007 11576/584/1268
f 11579/559/1266 11580/558/1109 11568/558/925
f 11582/570/520 11585/570/520 11570/570/520
f 11581/586/420 11586/572/420 11571/572/420
f 11582/570/520 11584/570/520 11585/570/520
f 11580/572/426 11583/572/426 11568/572/426
f 11581/586/420 11585/570/420 11586/572/420
f 11579/639/417 11584/570/417 11569/570/417
f 11580/572/426 11586/572/426 11583/572/426
f 11579/639/417 11583/572/417 11584/570/417
f 11598/558/1217 11599/559/1218 11590/558/901
f 11599/560/1218 11600/561/1160 11589/561/903
f 11600/561/1160 11597/560/1219 11588/561/905
f 11596/581/1162 11594/773/1220 11595/580/1221
f 11593/665/1067 11598/603/1217 11592/666/1222
f 11597/559/1219 11598/558/1217 11587/558/911
f 11600/570/520 11603/570/520 11589/570/520
f 11599/735/420 11604/572/420 11590/572/420
f 11600/570/520 11602/570/520 11603/570/520
f 11598/572/426 11601/572/426 11587/572/426
f 11599/735/420 11603/570/420 11604/572/420
f 11597/620/417 11602/570/417 11588/570/417
f 11598/572/426 11604/572/426 11601/572/426
f 11597/620/417 11601/572/417 11602/570/417
f 11616/558/1217 11617/559/1218 11608/558/901
f 11617/560/1218 11618/561/1160 11607/561/903
f 11618/561/1160 11615/560/1219 11606/561/905
f 11614/581/1162 11612/774/1220 11613/580/1221
f 11611/665/1067 11616/603/1217 11610/666/1222
f 11615/559/1219 11616/558/1217 11605/558/911
f 11618/570/520 11621/570/520 11607/570/520
f 11617/622/420 11622/572/420 11608/572/420
f 11618/570/520 11620/570/520 11621/570/520
f 11616/572/426 11619/572/426 11605/572/426
f 11617/622/420 11621/570/420 11622/572/420
f 11615/622/417 11620/570/417 11606/570/417
f 11616/572/426 11622/572/426 11619/572/426
f 11615/622/417 11619/572/417 11620/570/417
f 11636/558/1270 11637/559/1271 11626/558/901
f 11637/560/1271 11638/561/1272 11625/561/1062
f 11638/561/1272 11635/560/1273 11624/561/1004
f 11632/634/1274 11629/775/1275 11631/635/1276
f 11632/776/1274 11634/580/1277 11633/581/1278
f 11630/665/1279 11636/603/1270 11629/666/1275
f 11635/559/1273 11636/558/1270 11623/558/1069
f 11638/570/520 11641/570/520 11625/570/520
f 11637/622/420 11642/572/420 11626/572/420
f 11638/570/520 11640/570/520 11641/570/520
f 11636/572/426 11639/572/426 11623/572/426
f 11637/622/420 11641/570/420 11642/572/420
f 11635/607/417 11640/570/417 11624/570/417
f 11636/572/426 11642/572/426 11639/572/426
f 11635/607/417 11639/572/417 11640/570/417
f 11656/558/999 11657/559/1280 11646/558/1001
f 11657/560/1280 11658/561/1281 11645/561/825
f 11658/561/1281 11655/560/1282 11644/561/1004
f 11650/777/1283 11652/778/1284 11651/577/1007
f 11648/779/1285 11653/563/1286 11654/564/1287
f 11652/780/1284 11654/564/1287 11653/563/1286
f 11656/603/999 11649/604/898 11650/605/1283
f 11657/781/1280 11651/583/1007 11652/584/1284
f 11655/559/1282 11656/558/999 11643/558/877
f 11658/570/520 11661/570/520 11645/570/520
f 11657/782/420 11662/572/420 11646/572/420
f 11658/570/520 11660/570/520 11661/570/520
f 11656/572/426 11659/572/426 11643/572/426
f 11657/782/420 11661/570/420 11662/572/420
f 11655/612/417 11660/570/417 11644/570/417
f 11656/572/426 11662/572/426 11659/572/426
f 11655/612/417 11659/572/417 11660/570/417
f 11676/558/1288 11677/559/1289 11666/558/1001
f 11677/560/1289 11678/561/1125 11665/561/825
f 11678/561/1125 11675/560/1290 11664/561/1004
f 11670/783/1291 11672/590/1292 11671/577/1154
f 11674/564/1293 11667/610/1294 11673/563/1132
f 11672/780/1292 11674/564/1293 11673/563/1132
f 11676/603/1288 11669/604/875 11670/605/1291
f 11677/582/1289 11671/583/1154 11672/584/1292
f 11675/559/1290 11676/558/1288 11663/558/877
f 11678/570/520 11681/570/520 11665/570/520
f 11677/586/420 11682/572/420 11666/572/420
f 11678/570/520 11680/570/520 11681/570/520
f 11676/572/426 11679/572/426 11663/572/426
f 11677/586/420 11681/570/420 11682/572/420
f 11675/612/417 11680/570/417 11664/570/417
f 11676/572/426 11682/572/426 11679/572/426
f 11675/612/417 11679/572/417 11680/570/417
f 11696/558/1150 11697/559/1151 11686/558/1001
f 11697/560/1151 11698/561/1002 11685/561/825
f 11698/561/1002 11695/560/1003 11684/561/1004
f 11690/783/1152 11692/784/1153 11691/577/1154
f 11693/581/1008 11692/784/1153 11694/580/1155
f 11696/603/1150 11689/604/1156 11690/605/1152
f 11697/582/1151 11691/583/1154 11692/584/1153
f 11695/559/1003 11696/558/1150 11683/558/877
f 11698/570/520 11701/570/520 11685/570/520
f 11697/586/420 11702/572/420 11686/572/420
f 11698/570/520 11700/570/520 11701/570/520
f 11696/572/426 11699/572/426 11683/572/426
f 11697/586/420 11701/570/420 11702/572/420
f 11695/607/417 11700/570/417 11684/570/417
f 11696/572/426 11702/572/426 11699/572/426
f 11695/607/417 11699/572/417 11700/570/417
f 11715/558/1109 11716/559/1295 11706/558/1001
f 11716/560/1295 11717/561/1296 11705/561/1101
f 11717/561/1296 11714/560/1266 11704/561/905
f 11710/577/1113 11709/785/1114 11711/786/1297
f 11713/581/1298 11711/786/1297 11712/580/1299
f 11715/603/1109 11708/604/924 11709/605/1114
f 11716/582/1295 11710/583/1113 11711/584/1297
f 11714/559/1266 11715/558/1109 11703/558/925
f 11717/570/520 11720/570/520 11705/570/520
f 11716/586/420 11721/572/420 11706/572/420
f 11717/570/520 11719/570/520 11720/570/520
f 11715/572/426 11718/572/426 11703/572/426
f 11716/586/420 11720/570/420 11721/572/420
f 11714/639/417 11719/570/417 11704/570/417
f 11715/572/426 11721/572/426 11718/572/426
f 11714/639/417 11718/572/417 11719/570/417
f 11733/558/1217 11734/559/1218 11725/558/901
f 11734/560/1218 11735/561/1160 11724/561/903
f 11735/561/1160 11732/560/1219 11723/561/905
f 11731/581/1162 11729/787/1220 11730/580/1221
f 11728/665/1067 11733/603/1217 11727/666/1222
f 11732/559/1219 11733/558/1217 11722/558/911
f 11735/570/520 11738/570/520 11724/570/520
f 11734/639/420 11739/572/420 11725/572/420
f 11735/570/520 11737/570/520 11738/570/520
f 11733/572/426 11736/572/426 11722/572/426
f 11734/639/420 11738/570/420 11739/572/420
f 11732/639/417 11737/570/417 11723/570/417
f 11733/572/426 11739/572/426 11736/572/426
f 11732/639/417 11736/572/417 11737/570/417
f 11751/558/1217 11752/559/1218 11743/558/901
f 11752/560/1218 11753/561/1160 11742/561/903
f 11753/561/1160 11750/560/1219 11741/561/905
f 11749/581/1162 11747/788/1220 11748/580/1221
f 11746/665/1067 11751/603/1217 11745/666/1222
f 11750/559/1219 11751/558/1217 11740/558/911
f 11753/570/520 11756/570/520 11742/570/520
f 11752/620/420 11757/572/420 11743/572/420
f 11753/570/520 11755/570/520 11756/570/520
f 11751/572/426 11754/572/426 11740/572/426
f 11752/620/420 11756/570/420 11757/572/420
f 11750/620/417 11755/570/417 11741/570/417
f 11751/572/426 11757/572/426 11754/572/426
f 11750/620/417 11754/572/417 11755/570/417
f 10271/1970/2217 10268/1971/2218 10275/1972/2218 10272/1973/818
f 10277/558/808 10276/559/813 10268/559/815 10270/1974/2219
f 10268/562/815 10271/1975/2217 10270/1976/2219
f 10272/565/818 10270/1976/2219 10271/1975/2217
f 10268/1971/815 10269/1977/2220 10274/1978/816
f 10273/1979/819 10272/1980/818 10274/1981/816
f 10269/566/2220 10268/568/815 10276/606/813
f 10278/571/420 10266/570/420 10282/570/420
f 10277/572/426 10267/572/426 10283/572/426
f 10276/573/417 10264/572/417 10280/572/417
f 10279/569/520 10265/570/520 10281/570/520
f 10277/558/808 10270/1982/2219 10272/559/818 10278/559/809
f 10279/561/811 10278/560/809 10273/560/819 10274/1978/816
f 10279/561/811 10274/1983/816 10269/560/2220 10276/560/813
f 10292/1973/832 10290/1970/828 10289/1973/830 10293/1972/833
f 10296/558/821 10295/559/826 10288/559/829 10290/1974/828
f 10295/567/826 10289/584/830 10288/583/829
f 10294/581/834 10293/580/833 10298/1984/824
f 10297/586/420 10286/570/420 10301/570/420
f 10296/572/426 10287/572/426 10302/572/426
f 10295/571/417 10284/572/417 10299/572/417
f 10298/585/520 10285/570/520 10300/570/520
f 10296/558/821 10290/574/828 10291/559/831 10297/559/822
f 10297/560/822 10292/560/832 10294/1983/834 10298/561/824
f 10298/561/824 10293/1983/833 10289/560/830 10295/560/826
f 10309/1970/2221 10308/588/2222 10314/1972/845 10312/1973/842
f 10316/558/835 10315/559/838 10307/559/840 10310/1974/839
f 10308/565/841 10309/1975/2221 10310/1976/839
f 10312/565/842 10310/1976/839 10309/1975/2221
f 10315/611/838 10308/584/841 10307/583/840
f 10317/592/420 10305/570/420 10321/570/420
f 10316/572/426 10306/572/426 10322/572/426
f 10315/593/417 10303/572/417 10319/572/417
f 10318/570/520 10304/570/520 10320/570/520
f 10316/558/835 10310/1974/839 10311/559/843 10317/559/836
f 10317/560/836 10312/560/842 10313/1983/844 10318/561/837
f 10318/561/837 10313/1983/844 10308/560/841 10315/560/838
f 10331/1973/850 10329/1970/848 10328/1973/849 10332/1972/852
f 10335/558/821 10334/559/847 10327/559/829 10329/1974/848
f 10334/567/847 10328/584/849 10327/583/829
f 10333/581/851 10332/580/852 10337/1984/846
f 10336/592/420 10325/570/420 10340/570/420
f 10335/572/426 10326/572/426 10341/572/426
f 10334/571/417 10323/572/417 10338/572/417
f 10337/585/520 10324/570/520 10339/570/520
f 10335/558/821 10329/594/848 10330/559/831 10336/559/822
f 10336/560/822 10331/560/850 10333/1983/851 10337/561/846
f 10337/561/846 10332/1983/852 10328/560/849 10334/560/847
f 10348/1970/2223 10347/599/859 10353/1972/863 10351/1973/862
f 10355/558/853 10354/559/856 10346/559/858 10349/1974/857
f 10347/610/859 10348/1975/2224 10349/1976/857
f 10349/1976/857 10348/1975/2224 10351/1985/860
f 10354/606/856 10347/584/859 10346/583/858
f 10352/581/864 10353/580/863 10357/1984/855
f 10356/586/420 10344/570/420 10360/570/420
f 10355/572/426 10345/572/426 10361/572/426
f 10354/573/417 10342/572/417 10358/572/417
f 10357/585/520 10343/570/520 10359/570/520
f 10355/558/853 10349/1974/857 10350/559/861 10356/559/854
f 10356/560/854 10351/560/860 10352/1983/864 10357/561/855
f 10357/561/855 10353/1983/863 10347/560/859 10354/560/856
f 10369/1970/876 10366/1986/2225 10373/1972/2226 10370/1973/874
f 10374/559/869 10366/559/871 10368/1974/875 10375/558/865
f 10369/605/876 10368/604/875 10366/1986/2225
f 10372/1987/872 10366/1986/871 10367/1977/2227
f 10371/1979/819 10370/1988/874 10372/1989/872
f 10367/566/2227 10366/568/871 10374/694/869
f 10376/573/420 10364/570/420 10380/570/420
f 10375/572/426 10365/572/426 10381/572/426
f 10374/607/417 10362/572/417 10378/572/417
f 10377/570/520 10363/570/520 10379/570/520
f 10375/558/865 10369/1974/876 10370/559/874 10376/559/866
f 10377/561/868 10376/560/866 10371/560/819 10372/1987/872
f 10377/561/868 10372/1983/872 10367/560/2227 10374/560/869
f 10389/1970/883 10386/1990/886 10393/1972/885 10391/1973/884
f 10394/559/881 10386/559/2228 10388/1974/875 10395/558/878
f 10389/605/883 10388/604/875 10386/1990/886
f 10392/1991/887 10386/1990/2228 10387/1977/2229
f 10387/566/2229 10386/568/2228 10394/1992/881
f 10396/593/420 10384/570/420 10400/570/420
f 10395/572/426 10385/572/426 10401/572/426
f 10394/612/417 10382/572/417 10398/572/417
f 10397/570/520 10383/570/520 10399/570/520
f 10395/558/878 10389/1974/883 10390/559/882 10396/559/879
f 10397/561/880 10396/560/879 10391/560/884 10392/1991/887
f 10397/561/880 10392/1983/887 10387/560/2229 10394/560/881
f 10409/1970/893 10407/1973/895 10413/1972/897 10411/1973/894
f 10414/559/891 10407/559/895 10408/1974/898 10415/558/888
f 10407/1993/895 10409/605/893 10408/604/898
f 10407/1993/895 10406/1977/2230 10412/1994/896
f 10406/566/2230 10407/568/895 10414/694/891
f 10416/573/420 10404/570/420 10420/570/420
f 10415/572/426 10405/572/426 10421/572/426
f 10414/607/417 10402/572/417 10418/572/417
f 10417/570/520 10403/570/520 10419/570/520
f 10415/558/888 10409/1974/893 10410/559/892 10416/559/889
f 10417/561/890 10416/560/889 10411/560/894 10412/1994/896
f 10417/561/890 10412/1983/896 10406/560/2230 10414/560/891
f 10428/1970/910 10426/616/906 10431/1972/908 10429/1973/2231
f 10432/559/904 10426/559/906 10427/1974/909 10433/558/899
f 10426/616/906 10428/605/910 10427/604/909
f 10435/1995/902 10431/618/908 10430/617/907
f 10434/620/420 10424/570/420 10438/570/420
f 10433/621/426 10425/572/426 10439/572/426
f 10432/622/417 10422/572/417 10436/572/417
f 10435/570/520 10423/570/520 10437/570/520
f 10434/559/900 10433/558/899 10428/1974/910 10429/559/2231
f 10434/560/900 10429/560/2231 10431/1983/908 10435/561/902
f 10432/560/904 10435/561/902 10430/1983/907 10426/616/906
f 10446/1970/918 10444/616/921 10450/1972/923 10448/1973/919
f 10451/559/916 10444/559/921 10445/1974/924 10452/558/912
f 10444/616/921 10446/605/918 10445/604/924
f 10454/1995/914 10450/618/923 10449/617/922
f 10453/626/420 10442/570/420 10457/570/420
f 10452/572/426 10443/572/426 10458/572/426
f 10451/622/417 10440/572/417 10455/572/417
f 10454/570/520 10441/570/520 10456/570/520
f 10452/558/912 10446/1974/918 10447/559/920 10453/559/913
f 10454/561/914 10453/560/913 10448/560/919 10450/1983/923
f 10451/560/916 10454/561/914 10449/1983/922 10444/616/921
f 10465/1970/2232 10464/627/930 10470/1972/935 10468/1973/933
f 10472/558/926 10471/559/929 10463/559/932 10466/1974/2233
f 10465/1975/2232 10466/1976/931 10464/631/930
f 10468/632/933 10466/1976/931 10465/1975/2232
f 10471/625/929 10464/584/930 10463/583/932
f 10473/626/420 10461/570/420 10477/570/420
f 10472/572/426 10462/572/426 10478/572/426
f 10471/626/417 10459/572/417 10475/572/417
f 10474/570/520 10460/570/520 10476/570/520
f 10472/558/926 10466/1974/2233 10467/559/934 10473/559/927
f 10474/561/928 10473/560/927 10468/560/933 10469/1983/936
f 10474/561/928 10469/1983/936 10464/560/930 10471/560/929
f 10488/1973/945 10486/1970/941 10484/1973/943 10490/1972/948
f 10491/559/940 10483/559/946 10485/1974/949 10492/558/937
f 10486/605/941 10485/604/949 10483/638/942
f 10484/635/943 10483/634/942 10490/1996/948
f 10494/1995/939 10490/618/948 10489/617/947
f 10493/571/420 10481/570/420 10497/570/420
f 10492/621/426 10482/572/426 10498/572/426
f 10491/639/417 10479/572/417 10495/572/417
f 10494/570/520 10480/570/520 10496/570/520
f 10492/558/937 10486/1974/941 10487/559/944 10493/559/938
f 10494/561/939 10493/560/938 10488/560/945 10490/1983/948
f 10491/560/940 10494/561/939 10489/1983/947 10483/638/946
f 10508/1973/945 10506/1970/941 10504/1973/943 10510/1972/948
f 10511/559/940 10503/559/946 10505/1974/949 10512/558/937
f 10506/605/941 10505/604/949 10503/642/942
f 10504/635/943 10503/634/942 10510/1996/948
f 10514/1995/939 10510/618/948 10509/617/947
f 10513/571/420 10501/570/420 10517/570/420
f 10512/621/426 10502/572/426 10518/572/426
f 10511/639/417 10499/572/417 10515/572/417
f 10514/570/520 10500/570/520 10516/570/520
f 10512/558/937 10506/1974/941 10507/559/944 10513/559/938
f 10514/561/939 10513/560/938 10508/560/945 10510/1983/948
f 10511/560/940 10514/561/939 10509/1983/947 10503/642/946
f 10525/1970/2234 10524/644/955 10530/1972/958 10528/1973/2235
f 10532/558/926 10531/559/952 10523/559/954 10526/1974/953
f 10525/1975/2234 10526/1976/2236 10524/647/955
f 10528/648/2235 10526/1976/2236 10525/1975/2234
f 10531/611/952 10524/584/955 10523/583/954
f 10533/571/420 10521/570/420 10537/570/420
f 10532/572/426 10522/572/426 10538/572/426
f 10531/593/417 10519/572/417 10535/572/417
f 10534/569/520 10520/570/520 10536/570/520
f 10532/558/926 10526/1974/953 10527/559/956 10533/559/950
f 10534/561/951 10533/560/950 10528/560/957 10529/1983/959
f 10534/561/951 10529/1983/959 10524/560/955 10531/560/952
f 10547/1973/850 10545/1970/848 10544/1973/849 10548/1972/852
f 10551/558/821 10550/559/847 10543/559/829 10545/1974/848
f 10550/567/847 10544/584/849 10543/583/829
f 10549/581/851 10548/580/852 10553/1984/846
f 10552/592/420 10541/570/420 10556/570/420
f 10551/572/426 10542/572/426 10557/572/426
f 10550/571/417 10539/572/417 10554/572/417
f 10553/585/520 10540/570/520 10555/570/520
f 10551/558/821 10545/594/848 10546/559/831 10552/559/822
f 10552/560/822 10547/560/850 10549/1983/851 10553/561/846
f 10553/561/846 10548/1983/852 10544/560/849 10550/560/847
f 10564/1970/2222 10563/599/2222 10569/1972/845 10567/1973/962
f 10571/558/853 10570/559/856 10562/559/858 10565/1974/857
f 10563/610/961 10564/1975/2224 10565/1976/857
f 10565/1976/857 10564/1975/2224 10567/565/962
f 10570/611/856 10563/584/961 10562/583/858
f 10572/586/420 10560/570/420 10576/570/420
f 10571/572/426 10561/572/426 10577/572/426
f 10570/593/417 10558/572/417 10574/572/417
f 10573/585/520 10559/570/520 10575/570/520
f 10571/558/853 10565/1974/857 10566/559/861 10572/559/960
f 10572/560/960 10567/560/962 10568/1983/844 10573/561/837
f 10573/561/837 10568/1983/844 10563/560/961 10570/560/856
f 10584/1970/2237 10583/654/966 10589/1972/970 10587/1973/969
f 10591/558/853 10590/559/856 10582/559/858 10585/1974/965
f 10583/602/966 10584/1975/2238 10585/1976/965
f 10585/1976/965 10584/1975/2238 10587/658/968
f 10590/606/856 10583/584/966 10582/583/858
f 10588/581/971 10589/580/970 10593/1984/964
f 10592/586/420 10580/570/420 10596/570/420
f 10591/572/426 10581/572/426 10597/572/426
f 10590/573/417 10578/572/417 10594/572/417
f 10593/585/520 10579/570/520 10595/570/520
f 10591/558/853 10585/1974/965 10586/559/967 10592/559/963
f 10592/560/963 10587/560/968 10588/1983/971 10593/561/964
f 10593/561/964 10589/1983/970 10583/560/966 10590/560/856
f 10605/1970/2239 10602/1997/2240 10609/1972/981 10607/1973/978
f 10611/558/972 10610/559/975 10602/559/979 10604/1974/977
f 10602/602/979 10605/1975/2239 10604/1976/977
f 10607/658/978 10604/1976/977 10605/1975/2239
f 10608/1998/980 10602/1997/979 10603/1977/2241
f 10603/566/2241 10602/568/979 10610/1999/975
f 10612/586/420 10600/570/420 10616/570/420
f 10611/572/426 10601/572/426 10617/572/426
f 10610/659/417 10598/572/417 10614/572/417
f 10613/585/520 10599/570/520 10615/570/520
f 10611/558/972 10604/2000/977 10606/559/976 10612/559/973
f 10612/560/973 10607/560/978 10608/1983/980 10613/561/974
f 10613/561/974 10608/1983/980 10603/560/2241 10610/560/975
f 10624/1970/100 10623/660/100 10629/1972/990 10627/1973/988
f 10631/558/982 10630/559/984 10622/559/858 10625/1974/985
f 10623/663/986 10624/1975/2242 10625/1976/985
f 10625/1976/985 10624/1975/2242 10627/602/988
f 10630/606/984 10623/584/986 10622/583/858
f 10632/573/420 10620/570/420 10636/570/420
f 10631/572/426 10621/572/426 10637/572/426
f 10630/573/417 10618/572/417 10634/572/417
f 10633/570/520 10619/570/520 10635/570/520
f 10631/558/982 10625/1974/985 10626/559/987 10632/559/983
f 10633/561/951 10632/560/983 10627/560/988 10628/2001/989
f 10633/561/951 10628/1983/989 10623/560/986 10630/560/984
f 10644/1970/996 10642/664/993 10648/1972/994 10646/1973/2243
f 10649/559/904 10642/559/993 10643/1974/998 10650/558/997
f 10644/605/996 10643/604/998 10642/664/993
f 10646/2002/2243 10645/665/995 10644/666/996
f 10652/1995/902 10648/618/994 10647/617/907
f 10651/620/420 10640/570/420 10655/570/420
f 10650/572/426 10641/572/426 10656/572/426
f 10649/622/417 10638/572/417 10653/572/417
f 10652/570/520 10639/570/520 10654/570/520
f 10651/559/992 10650/558/991 10645/1974/995 10646/559/2243
f 10651/560/992 10646/560/2243 10648/1983/994 10652/561/902
f 10649/560/904 10652/561/902 10647/1983/907 10642/664/993
f 10664/1970/1005 10661/2003/2244 10668/1972/1009 10666/1973/1006
f 10669/559/1003 10661/559/2244 10663/1974/898 10670/558/999
f 10661/2003/2244 10664/605/1005 10663/604/898
f 10661/2003/2244 10662/1977/2245 10668/2004/1009
f 10662/566/2245 10661/568/2244 10669/694/1003
f 10667/581/1008 10668/580/1009 10672/1995/1002
f 10671/670/420 10659/570/420 10675/570/420
f 10670/572/426 10660/572/426 10676/572/426
f 10669/607/417 10657/572/417 10673/572/417
f 10672/570/520 10658/570/520 10674/570/520
f 10670/558/999 10664/1974/1005 10665/559/1007 10671/559/1000
f 10671/560/1000 10666/560/1006 10667/1983/1008 10672/561/1002
f 10672/561/1002 10668/1983/1009 10662/560/2245 10669/560/1003
f 10684/1970/2246 10681/2005/2247 10688/1972/1016 10686/1973/1015
f 10690/558/1010 10689/559/1013 10681/559/2247 10683/1974/1014
f 10681/631/2247 10684/1975/2246 10683/1976/1014
f 10686/632/1015 10683/1976/1014 10684/1975/2246
f 10681/2005/2247 10682/1977/2248 10688/2006/1016
f 10682/566/2248 10681/568/2247 10689/567/1013
f 10687/581/1008 10688/580/1016 10692/1995/1012
f 10691/586/420 10679/570/420 10695/570/420
f 10690/621/426 10680/572/426 10696/572/426
f 10689/571/417 10677/572/417 10693/572/417
f 10692/570/520 10678/570/520 10694/570/520
f 10690/558/1010 10683/2007/1014 10685/559/843 10691/559/1011
f 10691/560/1011 10686/560/1015 10687/1983/1008 10692/561/1012
f 10692/561/1012 10688/1983/1016 10682/560/2248 10689/560/1013
f 10706/1973/1024 10704/1970/1023 10703/1973/1021 10707/1972/1025
f 10710/558/821 10709/559/1018 10701/559/1022 10704/1974/1023
f 10703/635/1021 10702/634/1020 10707/1996/1025
f 10709/567/1018 10702/584/1020 10701/583/1022
f 10708/581/851 10707/580/1025 10712/1995/1017
f 10711/586/420 10699/570/420 10715/570/420
f 10710/572/426 10700/572/426 10716/572/426
f 10709/571/417 10697/572/417 10713/572/417
f 10712/570/520 10698/570/520 10714/570/520
f 10710/558/821 10704/675/1023 10705/559/831 10711/559/822
f 10711/560/822 10706/560/1024 10708/1983/851 10712/561/1017
f 10712/561/1017 10707/1983/1025 10702/560/1020 10709/560/1018
f 10725/1973/832 10723/1970/828 10722/1973/830 10726/1972/833
f 10729/558/821 10728/559/826 10721/559/829 10723/1974/828
f 10728/567/826 10722/584/830 10721/583/829
f 10727/581/834 10726/580/833 10731/1995/824
f 10730/586/420 10719/570/420 10734/570/420
f 10729/572/426 10720/572/426 10735/572/426
f 10728/571/417 10717/572/417 10732/572/417
f 10731/570/520 10718/570/520 10733/570/520
f 10729/558/821 10723/574/828 10724/559/831 10730/559/822
f 10730/560/822 10725/560/832 10727/1983/834 10731/561/824
f 10731/561/824 10726/1983/833 10722/560/830 10728/560/826
f 10742/1970/2249 10741/681/1030 10747/1972/970 10745/1973/969
f 10749/558/835 10748/559/1027 10740/559/1029 10743/1974/1028
f 10742/1975/2249 10743/1976/1028 10741/780/1030
f 10743/1976/1028 10742/1975/2249 10745/602/968
f 10748/611/1027 10741/584/1030 10740/583/1029
f 10746/581/971 10747/580/970 10751/1995/964
f 10750/592/420 10738/570/420 10754/570/420
f 10749/572/426 10739/572/426 10755/572/426
f 10748/593/417 10736/572/417 10752/572/417
f 10751/570/520 10737/570/520 10753/570/520
f 10749/558/835 10743/1974/1028 10744/559/1031 10750/559/1026
f 10750/560/1026 10745/560/968 10746/1983/971 10751/561/964
f 10751/561/964 10747/1983/970 10741/560/1030 10748/560/1027
f 10764/1973/850 10762/1970/848 10761/1973/849 10765/1972/852
f 10768/558/821 10767/559/847 10760/559/829 10762/1974/848
f 10767/567/847 10761/584/849 10760/583/829
f 10766/581/851 10765/580/852 10770/1995/846
f 10769/592/420 10758/570/420 10773/570/420
f 10768/572/426 10759/572/426 10774/572/426
f 10767/571/417 10756/572/417 10771/572/417
f 10770/570/520 10757/570/520 10772/570/520
f 10768/558/821 10762/684/848 10763/559/831 10769/559/822
f 10769/560/822 10764/560/850 10766/1983/851 10770/561/846
f 10770/561/846 10765/1983/852 10761/560/849 10767/560/847
f 10783/1973/850 10781/1970/1035 10780/1973/2250 10784/1972/1036
f 10787/558/1032 10786/559/1034 10780/559/2250 10781/1974/1035
f 10784/2008/1036 10780/2009/2250 10779/1977/2251
f 10779/566/2251 10780/568/2250 10786/567/1034
f 10785/581/851 10784/580/1036 10789/1995/1033
f 10788/586/420 10777/570/420 10792/570/420
f 10787/688/426 10778/572/426 10793/572/426
f 10786/571/417 10775/572/417 10790/572/417
f 10789/570/520 10776/570/520 10791/570/520
f 10787/558/1032 10781/675/1035 10782/559/831 10788/559/822
f 10788/560/822 10783/560/850 10785/1983/851 10789/561/1033
f 10789/561/1033 10784/1983/1036 10779/560/2251 10786/560/1034
f 10801/1970/2252 10798/2010/2253 10805/1972/1039 10803/1973/1038
f 10807/558/972 10806/559/1037 10798/559/2253 10800/1974/977
f 10798/2011/2253 10801/1975/2252 10800/1976/977
f 10803/632/1038 10800/1976/977 10801/1975/2252
f 10805/2012/1039 10798/2010/2253 10799/1977/2254
f 10799/566/2254 10798/568/2253 10806/611/1037
f 10804/581/1008 10805/580/1039 10809/1995/1012
f 10808/586/420 10796/570/420 10812/570/420
f 10807/572/426 10797/572/426 10813/572/426
f 10806/593/417 10794/572/417 10810/572/417
f 10809/570/520 10795/570/520 10811/570/520
f 10807/558/972 10800/2013/977 10802/559/843 10808/559/1011
f 10808/560/1011 10803/560/1038 10804/1983/1008 10809/561/1012
f 10809/561/1012 10805/1983/1039 10799/560/2254 10806/560/1037
f 10820/1970/2255 10819/690/1042 10825/1972/1044 10823/1973/1043
f 10827/558/853 10826/559/1041 10818/559/858 10821/1974/857
f 10819/602/1042 10820/1975/2256 10821/1976/857
f 10821/1976/857 10820/1975/2256 10823/2014/1043
f 10826/1999/1041 10819/584/1042 10818/583/858
f 10824/581/1008 10825/580/1044 10829/1995/1040
f 10828/586/420 10816/570/420 10832/570/420
f 10827/572/426 10817/572/426 10833/572/426
f 10826/659/417 10814/572/417 10830/572/417
f 10829/570/520 10815/570/520 10831/570/520
f 10827/558/853 10821/1974/857 10822/559/861 10828/559/854
f 10828/560/854 10823/560/1043 10824/1983/1008 10829/561/1040
f 10829/561/1040 10825/1983/1044 10819/560/1042 10826/560/1041
f 10840/1970/1050 10839/693/1052 10845/1972/2257 10842/1973/1055
f 10847/558/1045 10846/559/1049 10838/559/1051 10840/1974/1050
f 10841/665/1056 10840/666/1050 10842/2015/1055
f 10843/1979/1057 10842/2015/1055 10844/2016/1053
f 10846/606/1049 10839/584/1052 10838/583/1051
f 10848/607/420 10836/570/420 10852/570/420
f 10847/572/426 10837/572/426 10853/572/426
f 10846/573/417 10834/572/417 10850/572/417
f 10849/570/520 10835/570/520 10851/570/520
f 10848/559/1046 10847/558/1045 10841/1974/1056 10842/559/1055
f 10849/561/1047 10848/560/1046 10843/560/1057 10844/1983/1053
f 10849/561/1047 10844/1983/1053 10839/560/1052 10846/560/1049
f 10860/1970/1068 10858/2017/2258 10864/1972/1066 10862/1973/1065
f 10865/559/1063 10858/559/2258 10860/1974/1068 10866/558/1059
f 10861/665/1067 10860/666/1068 10862/695/1065
f 10858/2017/2258 10859/1977/2245 10864/2018/1066
f 10859/566/2245 10858/568/2258 10865/694/1063
f 10863/581/1064 10864/580/1066 10868/1995/1061
f 10867/620/420 10856/570/420 10871/570/420
f 10866/572/426 10857/572/426 10872/572/426
f 10865/607/417 10854/572/417 10869/572/417
f 10868/570/520 10855/570/520 10870/570/520
f 10867/559/1060 10866/558/1059 10861/1974/1067 10862/559/1065
f 10867/560/1060 10862/560/1065 10863/1983/1064 10868/561/1061
f 10868/561/1061 10864/1983/1066 10859/560/2245 10865/560/1063
f 10879/1970/1076 10878/696/1075 10883/1972/1079 10881/1973/1078
f 10885/558/1070 10884/559/1074 10877/559/1077 10879/1974/1076
f 10880/665/1080 10879/666/1076 10881/698/1078
f 10884/611/1074 10878/584/1075 10877/583/1077
f 10882/581/1064 10883/580/1079 10887/1984/1073
f 10886/639/420 10875/570/420 10890/570/420
f 10885/572/426 10876/572/426 10891/572/426
f 10884/593/417 10873/572/417 10888/572/417
f 10887/585/520 10874/570/520 10889/570/520
f 10886/559/1071 10885/558/1070 10880/1974/1080 10881/559/1078
f 10886/560/1071 10881/560/1078 10882/1983/1064 10887/561/1073
f 10887/561/1073 10883/1983/1079 10878/560/1075 10884/560/1074
f 10898/1970/2259 10897/699/1083 10903/1972/1088 10901/1973/1086
f 10905/558/835 10904/559/1082 10896/559/1085 10899/1974/2260
f 10898/1975/2259 10899/1976/1084 10897/631/1083
f 10899/1976/1084 10898/1975/2259 10901/2014/1086
f 10904/625/1082 10897/584/1083 10896/583/1085
f 10902/581/1008 10903/580/1088 10907/1984/1081
f 10906/586/420 10894/570/420 10910/570/420
f 10905/572/426 10895/572/426 10911/572/426
f 10904/626/417 10892/572/417 10908/572/417
f 10907/585/520 10893/570/520 10909/570/520
f 10905/558/835 10899/1974/2260 10900/559/1087 10906/559/1011
f 10906/560/1011 10901/560/1086 10902/1983/1008 10907/561/1081
f 10907/561/1081 10903/1983/1088 10897/560/1083 10904/560/1082
f 10920/1973/832 10918/1970/828 10917/704/830 10921/1972/833
f 10924/558/821 10923/559/826 10916/559/829 10918/1974/828
f 10923/567/826 10917/584/830 10916/583/829
f 10922/581/834 10921/580/833 10926/1995/824
f 10925/592/420 10914/570/420 10929/570/420
f 10924/572/426 10915/572/426 10930/572/426
f 10923/571/417 10912/572/417 10927/572/417
f 10926/570/520 10913/570/520 10928/570/520
f 10924/558/821 10918/703/828 10919/559/831 10925/559/822
f 10925/560/822 10920/560/832 10922/1983/834 10926/561/824
f 10926/561/824 10921/1983/833 10917/560/830 10923/560/826
f 10939/1973/1094 10937/1970/1092 10936/708/1093 10940/1972/1096
f 10943/558/1089 10942/559/826 10935/559/829 10937/1974/1092
f 10940/2019/1096 10938/634/1095 10939/635/1094
f 10942/567/826 10936/584/1093 10935/583/829
f 10941/581/1097 10940/580/1096 10945/1995/1091
f 10944/592/420 10933/570/420 10948/570/420
f 10943/572/426 10934/572/426 10949/572/426
f 10942/571/417 10931/572/417 10946/572/417
f 10945/570/520 10932/570/520 10947/570/520
f 10943/558/1089 10937/1974/1092 10938/559/1095 10944/559/1090
f 10944/560/1090 10938/560/1095 10941/1983/1097 10945/561/1091
f 10945/561/1091 10940/1983/1096 10936/560/1093 10942/560/826
f 10956/1970/2261 10954/2020/1107 10960/1972/1106 10958/1973/1105
f 10961/559/1102 10954/2020/1107 10955/1974/1104 10962/558/1098
f 10954/602/1107 10956/1975/2261 10955/1976/1104
f 10958/602/1105 10955/1976/1104 10956/1975/2261
f 10963/586/420 10952/570/420 10967/570/420
f 10962/572/426 10953/572/426 10968/572/426
f 10961/712/417 10950/572/417 10965/572/417
f 10964/570/520 10951/570/520 10966/570/520
f 10962/558/1098 10955/2021/1104 10957/559/1103 10963/559/1099
f 10963/560/1099 10958/560/1105 10959/1983/1108 10964/561/1100
f 10961/560/1102 10964/561/1100 10959/1983/1108 10954/560/1107
f 10975/1970/1114 10973/715/1116 10979/1972/1117 10977/1973/1115
f 10980/559/1112 10973/559/1116 10974/1974/924 10981/558/1109
f 10973/715/1116 10975/605/1114 10974/604/924
f 10983/1995/1111 10979/618/1117 10978/617/907
f 10982/586/420 10971/570/420 10986/570/420
f 10981/572/426 10972/572/426 10987/572/426
f 10980/622/417 10969/572/417 10984/572/417
f 10983/570/520 10970/570/520 10985/570/520
f 10981/558/1109 10975/1974/1114 10976/559/1113 10982/559/1110
f 10982/560/1110 10977/560/1115 10979/1983/1117 10983/561/1111
f 10980/560/1112 10983/561/1111 10978/1983/907 10973/715/1116
f 10994/1970/2262 10993/717/1119 10999/1972/1121 10997/1973/2240
f 11001/558/835 11000/559/838 10992/559/1029 10995/1974/1028
f 10994/1975/2262 10995/1976/1028 10993/610/1119
f 10995/1976/1028 10994/1975/2262 10997/602/1120
f 11000/606/838 10993/584/1119 10992/583/1029
f 11002/586/420 10990/570/420 11006/570/420
f 11001/572/426 10991/572/426 11007/572/426
f 11000/573/417 10988/572/417 11004/572/417
f 11003/570/520 10989/570/520 11005/570/520
f 11001/558/835 10995/1974/1028 10996/559/1031 11002/559/973
f 11002/560/973 10997/560/1120 10998/1983/1122 11003/561/1118
f 11003/561/1118 10998/1983/1122 10993/560/1119 11000/560/838
f 11015/1970/2263 11012/2022/1131 11019/1972/1130 11017/1973/1128
f 11020/559/1126 11012/559/1131 11014/1974/1127 11021/558/1123
f 11015/1975/2263 11014/1976/1127 11012/610/1131
f 11017/565/1128 11014/1976/1127 11015/1975/2263
f 11018/2023/1132 11012/2022/1131 11013/1977/2264
f 11013/566/2264 11012/568/1131 11020/694/1126
f 11022/586/420 11010/570/420 11026/570/420
f 11021/572/426 11011/572/426 11027/572/426
f 11020/607/417 11008/572/417 11024/572/417
f 11023/570/520 11009/570/520 11025/570/520
f 11021/558/1123 11014/2024/1127 11016/559/1129 11022/559/1124
f 11022/560/1124 11017/560/1128 11018/1983/1132 11023/561/1125
f 11023/561/1125 11018/1983/1132 11013/560/2264 11020/560/1126
f 11035/1970/2265 11032/2025/1141 11039/1972/1140 11037/1973/100
f 11040/559/1136 11032/559/1141 11034/1974/1138 11041/558/1133
f 11035/1975/2265 11034/1976/1138 11032/610/1141
f 11034/1976/1138 11035/1975/2265 11037/602/1139
f 11038/2026/1142 11032/2025/1141 11033/1977/2266
f 11033/566/2266 11032/568/1141 11040/1992/1136
f 11042/586/420 11030/570/420 11046/570/420
f 11041/572/426 11031/572/426 11047/572/426
f 11040/612/417 11028/572/417 11044/572/417
f 11043/570/520 11029/570/520 11045/570/520
f 11041/558/1133 11034/2027/1138 11036/559/1137 11042/559/1134
f 11042/560/1134 11037/560/1139 11038/1983/1142 11043/561/1135
f 11043/561/1135 11038/1983/1142 11033/560/2266 11040/560/1136
f 11055/1970/2267 11052/2028/1148 11059/1972/1147 11057/1973/1146
f 11060/559/1126 11052/559/1148 11054/1974/1127 11061/558/1123
f 11055/1975/2267 11054/1976/1127 11052/610/1148
f 11057/602/1146 11054/1976/1127 11055/1975/2267
f 11058/2023/1149 11052/2028/1148 11053/1977/2264
f 11053/566/2264 11052/568/1148 11060/694/1126
f 11062/586/420 11050/570/420 11066/570/420
f 11061/572/426 11051/572/426 11067/572/426
f 11060/607/417 11048/572/417 11064/572/417
f 11063/570/520 11049/570/520 11065/570/520
f 11061/558/1123 11054/2029/1127 11056/559/1145 11062/559/1143
f 11062/560/1143 11057/560/1146 11058/1983/1149 11063/561/1144
f 11063/561/1144 11058/1983/1149 11053/560/2264 11060/560/1126
f 11075/1970/1152 11073/1973/2268 11079/1972/1155 11077/1973/1153
f 11080/559/1003 11073/559/2268 11074/1974/1156 11081/558/1150
f 11075/605/1152 11074/604/1156 11073/2030/2268
f 11073/2030/2268 11072/1977/2245 11079/2031/1155
f 11072/566/2245 11073/568/2268 11080/1992/1003
f 11078/581/1008 11079/580/1155 11083/1995/1002
f 11082/586/420 11070/570/420 11086/570/420
f 11081/572/426 11071/572/426 11087/572/426
f 11080/612/417 11068/572/417 11084/572/417
f 11083/570/520 11069/570/520 11085/570/520
f 11081/558/1150 11075/1974/1152 11076/559/1154 11082/559/1151
f 11082/560/1151 11077/560/1153 11078/1983/1008 11083/561/1002
f 11083/561/1002 11079/1983/1155 11072/560/2245 11080/560/1003
f 11095/1970/1005 11093/1973/2244 11099/1972/1009 11097/1973/1006
f 11100/559/1003 11093/559/2244 11094/1974/898 11101/558/999
f 11093/2032/2244 11095/605/1005 11094/604/898
f 11093/2032/2244 11092/1977/2245 11099/2033/1009
f 11092/566/2245 11093/568/2244 11100/694/1003
f 11098/581/1008 11099/580/1009 11103/1995/1002
f 11102/670/420 11090/570/420 11106/570/420
f 11101/688/426 11091/572/426 11107/572/426
f 11100/607/417 11088/572/417 11104/572/417
f 11103/570/520 11089/570/520 11105/570/520
f 11101/558/999 11095/1974/1005 11096/559/1007 11102/559/1000
f 11102/560/1000 11097/560/1006 11098/1983/1008 11103/561/1002
f 11103/561/1002 11099/1983/1009 11092/560/2245 11100/560/1003
f 11115/1970/1005 11113/1973/2244 11119/1972/1009 11117/1973/1006
f 11120/559/1003 11113/559/2244 11114/1974/898 11121/558/999
f 11113/2034/2244 11115/605/1005 11114/604/898
f 11113/2034/2244 11112/1977/2245 11119/2033/1009
f 11112/566/2245 11113/568/2244 11120/694/1003
f 11118/581/1008 11119/580/1009 11123/1995/1002
f 11122/586/420 11110/570/420 11126/570/420
f 11121/688/426 11111/572/426 11127/572/426
f 11120/607/417 11108/572/417 11124/572/417
f 11123/570/520 11109/570/520 11125/570/520
f 11121/558/999 11115/1974/1005 11116/559/1007 11122/559/1000
f 11122/560/1000 11117/560/1006 11118/1983/1008 11123/561/1002
f 11123/561/1002 11119/1983/1009 11112/560/2245 11120/560/1003
f 11134/1970/2237 11133/681/966 11139/1972/970 11137/1973/969
f 11141/558/853 11140/559/856 11132/559/858 11135/1974/965
f 11133/2035/966 11134/1975/2269 11135/1976/965
f 11135/1976/965 11134/1975/2269 11137/658/968
f 11140/567/856 11133/584/966 11132/583/858
f 11138/581/971 11139/580/970 11143/1995/964
f 11142/586/420 11130/570/420 11146/570/420
f 11141/572/426 11131/572/426 11147/572/426
f 11140/571/417 11128/572/417 11144/572/417
f 11143/570/520 11129/570/520 11145/570/520
f 11141/558/853 11135/1974/965 11136/559/967 11142/559/963
f 11142/560/963 11137/560/968 11138/1983/971 11143/561/964
f 11143/561/964 11139/1983/970 11133/560/966 11140/560/856
f 11156/1973/1094 11154/1970/1092 11153/1973/1093 11157/1972/1096
f 11160/558/1157 11159/559/826 11152/559/829 11154/1974/1092
f 11157/2036/1096 11155/634/1095 11156/635/1094
f 11159/567/826 11153/584/1093 11152/583/829
f 11158/581/1097 11157/580/1096 11162/1995/1091
f 11161/586/420 11150/570/420 11165/570/420
f 11160/572/426 11151/572/426 11166/572/426
f 11159/571/417 11148/572/417 11163/572/417
f 11162/570/520 11149/570/520 11164/570/520
f 11160/558/1157 11154/1974/1092 11155/559/1095 11161/559/1090
f 11161/560/1090 11155/560/1095 11158/1983/1097 11162/561/1091
f 11162/561/1091 11157/1983/1096 11153/560/1093 11159/560/826
f 11172/1970/2270 11171/2037/2271 11176/1972/1164 11174/1973/1163
f 11177/559/1161 11171/559/2271 11173/1974/2272 11178/558/1158
f 11172/1975/2270 11173/1976/2272 11171/602/2271
f 11174/663/1163 11173/1976/2272 11172/1975/2270
f 11175/581/1162 11176/580/1164 11180/1995/1160
f 11179/735/420 11169/570/420 11183/570/420
f 11178/572/426 11170/572/426 11184/572/426
f 11177/620/417 11167/572/417 11181/572/417
f 11180/570/520 11168/570/520 11182/570/520
f 11179/559/1159 11178/558/1158 11173/1974/2272 11174/559/1163
f 11179/560/1159 11174/560/1163 11175/1983/1162 11180/561/1160
f 11177/560/1161 11180/561/1160 11176/1983/1164 11171/2037/2271
f 11191/1970/1068 11189/2038/2258 11195/1972/1066 11193/1973/1065
f 11196/559/1063 11189/559/2258 11191/1974/1068 11197/558/1059
f 11192/665/1067 11191/666/1068 11193/736/1065
f 11189/2038/2258 11190/1977/2245 11195/2039/1066
f 11190/566/2245 11189/568/2258 11196/2040/1063
f 11194/581/1064 11195/580/1066 11199/1995/1061
f 11198/622/420 11187/570/420 11202/570/420
f 11197/572/426 11188/572/426 11203/572/426
f 11196/737/417 11185/572/417 11200/572/417
f 11199/570/520 11186/570/520 11201/570/520
f 11198/559/1060 11197/558/1059 11192/1974/1067 11193/559/1065
f 11198/560/1060 11193/560/1065 11194/1983/1064 11199/561/1061
f 11199/561/1061 11195/1983/1066 11190/560/2245 11196/560/1063
f 11210/1970/2273 11209/739/2274 11215/1972/1172 11212/1973/1173
f 11217/558/1165 11216/559/1168 11208/559/1029 11211/1974/1169
f 11210/1975/2273 11211/1976/1169 11209/602/2274
f 11211/1976/1169 11210/1975/2273 11212/565/1175
f 11213/1979/1174 11212/2041/1175 11214/2042/1171
f 11216/606/1168 11209/584/1170 11208/583/1029
f 11218/571/420 11206/570/420 11222/570/420
f 11217/621/426 11207/572/426 11223/572/426
f 11216/573/417 11204/572/417 11220/572/417
f 11219/570/520 11205/570/520 11221/570/520
f 11217/558/1165 11211/1974/1169 11212/559/1175 11218/559/1166
f 11219/561/1167 11218/560/1166 11213/560/1174 11214/2043/1171
f 11219/561/1167 11214/1983/1171 11209/560/1170 11216/560/1168
f 11231/1970/2275 11229/740/1179 11235/1972/1181 11232/1973/1183
f 11237/558/1165 11236/559/1178 11228/559/1085 11230/1974/1180
f 11231/1975/2275 11230/1976/1180 11229/742/1179
f 11230/1976/1180 11231/1975/2275 11232/610/1185
f 11233/1979/1184 11232/2044/1185 11234/2045/1182
f 11236/606/1178 11229/584/1179 11228/583/1085
f 11238/573/420 11226/570/420 11242/570/420
f 11237/621/426 11227/572/426 11243/572/426
f 11236/573/417 11224/572/417 11240/572/417
f 11239/585/520 11225/570/520 11241/570/520
f 11237/558/1165 11230/741/1180 11232/559/1185 11238/559/1176
f 11239/561/1177 11238/560/1176 11233/560/1184 11234/2046/1182
f 11239/561/1177 11234/1983/1182 11229/560/1179 11236/560/1178
f 11251/1970/2276 11249/744/1189 11255/1972/1190 11252/1973/1192
f 11257/558/1165 11256/559/1187 11248/559/840 11250/1974/1188
f 11249/663/1189 11251/1975/2276 11250/1976/1188
f 11252/602/1192 11250/1976/1188 11251/1975/2276
f 11253/1979/1184 11252/2047/1192 11254/2045/1191
f 11256/1999/1187 11249/584/1189 11248/583/840
f 11258/573/420 11246/570/420 11262/570/420
f 11257/621/426 11247/572/426 11263/572/426
f 11256/659/417 11244/572/417 11260/572/417
f 11259/585/520 11245/570/520 11261/570/520
f 11257/558/1165 11250/743/1188 11252/559/1192 11258/559/1176
f 11259/561/1186 11258/560/1176 11253/560/1184 11254/2046/1191
f 11259/561/1186 11254/1983/1191 11249/560/1189 11256/560/1187
f 11271/1970/2277 11269/644/100 11275/1972/990 11273/1973/988
f 11277/558/1193 11276/559/1168 11268/559/840 11270/1974/1195
f 11269/610/986 11271/1975/2277 11270/1976/1195
f 11273/602/988 11270/1976/1195 11271/1975/2277
f 11276/611/1168 11269/584/986 11268/583/840
f 11278/573/420 11266/570/420 11282/570/420
f 11277/621/426 11267/572/426 11283/572/426
f 11276/593/417 11264/572/417 11280/572/417
f 11279/585/520 11265/570/520 11281/570/520
f 11277/558/1193 11270/745/1195 11272/559/1196 11278/559/1194
f 11279/561/951 11278/560/1194 11273/560/988 11274/2048/989
f 11279/561/951 11274/1983/989 11269/560/986 11276/560/1168
f 11290/1970/1068 11288/2049/2258 11294/1972/1066 11292/1973/1065
f 11295/559/1063 11288/559/2258 11290/1974/1068 11296/558/1059
f 11291/665/1067 11290/666/1068 11292/747/1065
f 11288/2049/2258 11289/1977/2245 11294/2033/1066
f 11289/566/2245 11288/568/2258 11295/694/1063
f 11293/581/1064 11294/580/1066 11298/2050/1061
f 11297/620/420 11286/570/420 11301/570/420
f 11296/688/426 11287/572/426 11302/572/426
f 11295/607/417 11284/572/417 11299/572/417
f 11298/569/520 11285/570/520 11300/570/520
f 11297/559/1060 11296/558/1059 11291/1974/1067 11292/559/1065
f 11297/560/1060 11292/560/1065 11293/1983/1064 11298/561/1061
f 11298/561/1061 11294/1983/1066 11289/560/2245 11295/560/1063
f 11309/1970/1201 11307/2005/2278 11313/1972/1200 11311/1973/1078
f 11315/558/1197 11314/559/1199 11307/559/2278 11309/1974/1201
f 11310/665/1080 11309/666/1201 11311/748/1078
f 11307/2005/2278 11308/1977/2248 11313/2051/1200
f 11308/566/2248 11307/568/2278 11314/606/1199
f 11312/581/1064 11313/580/1200 11317/2050/1198
f 11316/639/420 11305/570/420 11320/570/420
f 11315/572/426 11306/572/426 11321/572/426
f 11314/573/417 11303/572/417 11318/572/417
f 11317/569/520 11304/570/520 11319/570/520
f 11316/559/1071 11315/558/1197 11310/1974/1080 11311/559/1078
f 11316/560/1071 11311/560/1078 11312/1983/1064 11317/561/1198
f 11317/561/1198 11313/1983/1200 11308/560/2248 11314/560/1199
f 11328/1970/1201 11326/2005/2278 11332/1972/1200 11330/1973/1078
f 11334/558/1197 11333/559/1199 11326/559/2278 11328/1974/1201
f 11329/665/1080 11328/666/1201 11330/698/1078
f 11326/2005/2278 11327/1977/2248 11332/2033/1200
f 11327/566/2248 11326/568/2278 11333/625/1199
f 11331/581/1064 11332/580/1200 11336/1995/1198
f 11335/620/420 11324/570/420 11339/570/420
f 11334/572/426 11325/572/426 11340/572/426
f 11333/626/417 11322/572/417 11337/572/417
f 11336/570/520 11323/570/520 11338/570/520
f 11335/559/1071 11334/558/1197 11329/1974/1080 11330/559/1078
f 11335/560/1071 11330/560/1078 11331/1983/1064 11336/561/1198
f 11336/561/1198 11332/1983/1200 11327/560/2248 11333/560/1199
f 11347/1970/2279 11345/751/1207 11351/1972/1208 11349/1973/1206
f 11352/559/1204 11345/559/1207 11346/1974/1205 11353/558/1202
f 11347/1975/2279 11346/1976/1205 11345/2052/1207
f 11349/602/1206 11346/1976/1205 11347/1975/2279
f 11355/1995/1111 11351/618/1208 11350/617/907
f 11354/592/420 11343/570/420 11358/570/420
f 11353/572/426 11344/572/426 11359/572/426
f 11352/622/417 11341/572/417 11356/572/417
f 11355/570/520 11342/570/520 11357/570/520
f 11353/558/1202 11346/2053/1205 11348/559/1145 11354/559/1203
f 11354/560/1203 11349/560/1206 11351/1983/1208 11355/561/1111
f 11352/560/1204 11355/561/1111 11350/1983/907 11345/751/1207
f 11366/1970/2279 11364/751/1207 11370/1972/1208 11368/1973/1206
f 11371/559/1204 11364/559/1207 11365/1974/1205 11372/558/1202
f 11366/1975/2279 11365/1976/1205 11364/2054/1207
f 11368/602/1206 11365/1976/1205 11366/1975/2279
f 11374/1995/1111 11370/618/1208 11369/617/907
f 11373/586/420 11362/570/420 11377/570/420
f 11372/572/426 11363/572/426 11378/572/426
f 11371/639/417 11360/572/417 11375/572/417
f 11374/570/520 11361/570/520 11376/570/520
f 11372/558/1202 11365/2053/1205 11367/559/1145 11373/559/1203
f 11373/560/1203 11368/560/1206 11370/1983/1208 11374/561/1111
f 11371/560/1204 11374/561/1111 11369/1983/907 11364/751/1207
f 11385/1970/1216 11383/754/2280 11389/1972/1213 11386/1973/1215
f 11390/559/904 11383/754/2280 11384/1974/909 11391/558/899
f 11383/754/2280 11385/605/1216 11384/604/909
f 11393/1995/1210 11388/618/1212 11387/617/1214
f 11392/639/420 11381/570/420 11396/570/420
f 11391/572/426 11382/572/426 11397/572/426
f 11390/620/417 11379/572/417 11394/572/417
f 11393/570/520 11380/570/520 11395/570/520
f 11392/559/1209 11391/558/899 11385/1974/1216 11386/559/1215
f 11392/560/1209 11386/560/1215 11388/1983/1212 11393/561/1210
f 11390/560/904 11393/561/1210 11387/1983/1214 11383/560/2280
f 11403/1970/1222 11402/2055/2281 11406/1972/1221 11405/1973/1220
f 11408/559/1219 11402/559/2281 11403/1974/1222 11409/558/1217
f 11404/665/1067 11403/666/1222 11405/756/1220
f 11407/581/1162 11406/580/1221 11411/1995/1160
f 11410/639/420 11400/570/420 11414/570/420
f 11409/572/426 11401/572/426 11415/572/426
f 11408/622/417 11398/572/417 11412/572/417
f 11411/570/520 11399/570/520 11413/570/520
f 11410/559/1218 11409/558/1217 11404/1974/1067 11405/559/1220
f 11410/560/1218 11405/560/1220 11407/1983/1162 11411/561/1160
f 11408/560/1219 11411/561/1160 11406/1983/1221 11402/2055/2281
f 11422/1970/2282 11421/1973/1230 11427/1972/1235 11425/1973/1232
f 11429/558/1223 11428/559/1226 11420/559/1229 11423/1974/1228
f 11422/1975/2282 11423/1976/1231 11421/2054/1230
f 11425/565/1232 11423/1976/1231 11422/1975/2282
f 11428/669/1226 11421/584/1230 11420/583/1229
f 11431/1995/1225 11427/618/1235 11426/617/1234
f 11430/586/420 11418/570/420 11434/570/420
f 11429/572/426 11419/572/426 11435/572/426
f 11428/670/417 11416/572/417 11432/572/417
f 11431/570/520 11417/570/520 11433/570/520
f 11429/558/1223 11423/1974/1228 11424/559/1233 11430/559/1224
f 11430/560/1224 11425/560/1232 11427/1983/1235 11431/561/1225
f 11428/560/1226 11431/561/1225 11426/1983/1234 11421/560/1230
f 11442/1970/2283 11441/1973/1241 11446/1972/1246 11445/1973/1244
f 11449/558/1237 11448/559/1240 11440/559/1243 11443/1974/2284
f 11441/2056/1241 11442/1975/2242 11443/1976/1242
f 11443/1976/1242 11442/1975/2242 11445/2057/1244
f 11448/669/1240 11441/584/1241 11440/583/1243
f 11447/581/1245 11446/580/1246 11451/1995/1239
f 11450/586/420 11438/570/420 11454/570/420
f 11449/572/426 11439/572/426 11455/572/426
f 11448/670/417 11436/572/417 11452/572/417
f 11451/570/520 11437/570/520 11453/570/520
f 11449/558/1237 11443/1974/2284 11444/559/861 11450/559/1238
f 11450/560/1238 11445/560/1244 11447/1983/1245 11451/561/1239
f 11448/560/1240 11451/561/1239 11446/1983/1246 11441/560/1241
f 11462/1970/2285 11461/762/1252 11466/1972/1255 11465/1973/1254
f 11469/558/982 11468/559/1249 11460/559/1251 11463/1974/1250
f 11462/1975/2285 11463/1976/1253 11461/610/1252
f 11463/1976/1253 11462/1975/2285 11465/2014/1254
f 11468/669/1249 11461/584/1252 11460/583/1251
f 11467/581/1245 11466/580/1255 11471/1995/1248
f 11470/586/420 11458/570/420 11474/570/420
f 11469/572/426 11459/572/426 11475/572/426
f 11468/670/417 11456/572/417 11472/572/417
f 11471/570/520 11457/570/520 11473/570/520
f 11469/558/982 11463/1974/1250 11464/559/1087 11470/559/1247
f 11470/560/1247 11465/560/1254 11467/1983/1245 11471/561/1248
f 11468/560/1249 11471/561/1248 11466/1983/1255 11461/560/1252
f 11482/1970/2283 11481/1973/1260 11487/1972/1208 11485/1973/1261
f 11489/558/1237 11488/559/1257 11480/559/1259 11483/1974/1258
f 11481/2058/1260 11482/1975/2242 11483/1976/1258
f 11483/1976/1258 11482/1975/2242 11485/663/1261
f 11488/669/1257 11481/584/1260 11480/583/1259
f 11491/1995/902 11487/618/1208 11486/617/1234
f 11490/586/420 11478/570/420 11494/570/420
f 11489/572/426 11479/572/426 11495/572/426
f 11488/670/417 11476/572/417 11492/572/417
f 11491/570/520 11477/570/520 11493/570/520
f 11489/558/1237 11483/1974/1258 11484/559/967 11490/559/1256
f 11490/560/1256 11485/560/1261 11487/1983/1208 11491/561/902
f 11488/560/1257 11491/561/902 11486/1983/1234 11481/560/1260
f 11501/1970/1222 11500/1973/2281 11504/1972/1221 11503/1973/1220
f 11506/559/1219 11500/559/2281 11501/1974/1222 11507/558/1217
f 11502/665/1067 11501/666/1222 11503/756/1220
f 11505/581/1162 11504/580/1221 11509/1995/1160
f 11508/768/420 11498/570/420 11512/570/420
f 11507/572/426 11499/572/426 11513/572/426
f 11506/768/417 11496/572/417 11510/572/417
f 11509/570/520 11497/570/520 11511/570/520
f 11508/559/1218 11507/558/1217 11502/1974/1067 11503/559/1220
f 11508/560/1218 11503/560/1220 11505/1983/1162 11509/561/1160
f 11506/560/1219 11509/561/1160 11504/1983/1221 11500/2059/2281
f 11519/1970/1222 11518/1973/2281 11522/1972/1221 11521/1973/1220
f 11524/559/1219 11518/559/2281 11519/1974/1222 11525/558/1217
f 11520/665/1067 11519/666/1222 11521/747/1220
f 11523/581/1162 11522/580/1221 11527/1995/1160
f 11526/622/420 11516/570/420 11530/570/420
f 11525/572/426 11517/572/426 11531/572/426
f 11524/620/417 11514/572/417 11528/572/417
f 11527/570/520 11515/570/520 11529/570/520
f 11526/559/1218 11525/558/1217 11520/1974/1067 11521/559/1220
f 11526/560/1218 11521/560/1220 11523/1983/1162 11527/561/1160
f 11524/560/1219 11527/561/1160 11522/1983/1221 11518/2060/2281
f 11537/1970/1222 11536/769/1263 11541/1972/908 11539/1973/2286
f 11542/559/1262 11536/559/1263 11537/1974/1222 11543/558/1217
f 11538/665/1067 11537/666/1222 11539/2061/2286
f 11545/1995/902 11541/618/908 11540/617/907
f 11544/639/420 11534/570/420 11548/570/420
f 11543/572/426 11535/572/426 11549/572/426
f 11542/639/417 11532/572/417 11546/572/417
f 11545/570/520 11533/570/520 11547/570/520
f 11544/559/992 11543/558/1217 11538/1974/1067 11539/559/2286
f 11544/560/992 11539/560/2286 11541/1983/908 11545/561/902
f 11542/560/1262 11545/561/902 11540/1983/907 11536/769/1263
f 11556/1970/910 11554/1973/906 11559/1972/908 11557/1973/2231
f 11560/559/904 11554/559/906 11555/1974/909 11561/558/899
f 11554/770/906 11556/605/910 11555/604/909
f 11563/1995/902 11559/618/908 11558/617/907
f 11562/639/420 11552/570/420 11566/570/420
f 11561/572/426 11553/572/426 11567/572/426
f 11560/622/417 11550/572/417 11564/572/417
f 11563/570/520 11551/570/520 11565/570/520
f 11562/559/900 11561/558/899 11556/1974/910 11557/559/2231
f 11562/560/900 11557/560/2231 11559/1983/908 11563/561/902
f 11560/560/904 11563/561/902 11558/1983/907 11554/770/906
f 11574/1970/1267 11572/1973/2287 11577/1972/1269 11576/1973/1268
f 11579/559/1266 11572/559/2287 11573/1974/924 11580/558/1109
f 11572/2062/2287 11574/605/1267 11573/604/924
f 11578/581/1245 11577/580/1269 11582/1995/1265
f 11581/586/420 11570/570/420 11585/570/420
f 11580/572/426 11571/572/426 11586/572/426
f 11579/639/417 11568/572/417 11583/572/417
f 11582/570/520 11569/570/520 11584/570/520
f 11580/558/1109 11574/1974/1267 11575/559/1007 11581/559/1264
f 11581/560/1264 11576/560/1268 11578/1983/1245 11582/561/1265
f 11579/560/1266 11582/561/1265 11577/1983/1269 11572/2062/2287
f 11592/1970/1222 11591/2063/2281 11595/1972/1221 11594/1973/1220
f 11597/559/1219 11591/2063/2281 11592/1974/1222 11598/558/1217
f 11593/665/1067 11592/666/1222 11594/773/1220
f 11596/581/1162 11595/580/1221 11600/1995/1160
f 11599/735/420 11589/570/420 11603/570/420
f 11598/572/426 11590/572/426 11604/572/426
f 11597/620/417 11587/572/417 11601/572/417
f 11600/570/520 11588/570/520 11602/570/520
f 11599/559/1218 11598/558/1217 11593/1974/1067 11594/559/1220
f 11599/560/1218 11594/560/1220 11596/1983/1162 11600/561/1160
f 11597/560/1219 11600/561/1160 11595/1983/1221 11591/560/2281
f 11610/1970/1222 11609/2055/2281 11613/1972/1221 11612/1973/1220
f 11615/559/1219 11609/559/2281 11610/1974/1222 11616/558/1217
f 11611/665/1067 11610/666/1222 11612/774/1220
f 11614/581/1162 11613/580/1221 11618/1995/1160
f 11617/622/420 11607/570/420 11621/570/420
f 11616/572/426 11608/572/426 11622/572/426
f 11615/622/417 11605/572/417 11619/572/417
f 11618/570/520 11606/570/520 11620/570/520
f 11617/559/1218 11616/558/1217 11611/1974/1067 11612/559/1220
f 11617/560/1218 11612/560/1220 11614/1983/1162 11618/561/1160
f 11615/560/1219 11618/561/1160 11613/1983/1221 11609/2055/2281
f 11631/1973/2288 11629/1970/1275 11628/1973/2289 11634/1972/1277
f 11635/559/1273 11628/559/2289 11629/1974/1275 11636/558/1270
f 11630/665/1279 11629/666/1275 11632/776/1274
f 11634/2064/1277 11628/2065/2289 11627/1977/2290
f 11632/634/1274 11631/635/1276 11634/2066/1277
f 11627/566/2290 11628/568/2289 11635/694/1273
f 11633/581/1278 11634/580/1277 11638/1995/1272
f 11637/622/420 11625/570/420 11641/570/420
f 11636/572/426 11626/572/426 11642/572/426
f 11635/607/417 11623/572/417 11639/572/417
f 11638/570/520 11624/570/520 11640/570/520
f 11637/559/1271 11636/558/1270 11630/1974/1279 11632/559/1274
f 11637/560/1271 11632/560/1274 11633/1983/1278 11638/561/1272
f 11638/561/1272 11634/1983/1277 11627/560/2290 11635/560/1273
f 11650/1970/1283 11648/1973/1285 11654/1972/1287 11652/1973/1284
f 11655/559/1282 11648/559/1285 11649/1974/898 11656/558/999
f 11648/2067/1285 11650/605/1283 11649/604/898
f 11648/2067/1285 11647/1977/2291 11653/2068/1286
f 11647/566/2291 11648/568/1285 11655/1992/1282
f 11657/782/420 11645/570/420 11661/570/420
f 11656/572/426 11646/572/426 11662/572/426
f 11655/612/417 11643/572/417 11659/572/417
f 11658/570/520 11644/570/520 11660/570/520
f 11656/558/999 11650/1974/1283 11651/559/1007 11657/559/1280
f 11657/560/1280 11652/560/1284 11653/1983/1286 11658/561/1281
f 11658/561/1281 11653/1983/1286 11647/560/2291 11655/560/1282
f 11670/1970/1291 11667/2069/1294 11674/1972/1293 11672/1973/1292
f 11675/559/1290 11667/559/2292 11669/1974/875 11676/558/1288
f 11670/605/1291 11669/604/875 11667/2069/1294
f 11673/2070/1132 11667/2069/2292 11668/1977/2264
f 11668/566/2264 11667/568/2292 11675/1992/1290
f 11677/586/420 11665/570/420 11681/570/420
f 11676/572/426 11666/572/426 11682/572/426
f 11675/612/417 11663/572/417 11679/572/417
f 11678/570/520 11664/570/520 11680/570/520
f 11676/558/1288 11670/1974/1291 11671/559/1154 11677/559/1289
f 11677/560/1289 11672/560/1292 11673/1983/1132 11678/561/1125
f 11678/561/1125 11673/1983/1132 11668/560/2264 11675/560/1290
f 11690/1970/1152 11687/2071/2268 11694/1972/1155 11692/1973/1153
f 11695/559/1003 11687/559/2268 11689/1974/1156 11696/558/1150
f 11690/605/1152 11689/604/1156 11687/2071/2268
f 11687/2071/2268 11688/1977/2245 11694/2072/1155
f 11688/566/2245 11687/568/2268 11695/694/1003
f 11693/581/1008 11694/580/1155 11698/1995/1002
f 11697/586/420 11685/570/420 11701/570/420
f 11696/572/426 11686/572/426 11702/572/426
f 11695/607/417 11683/572/417 11699/572/417
f 11698/570/520 11684/570/520 11700/570/520
f 11696/558/1150 11690/1974/1152 11691/559/1154 11697/559/1151
f 11697/560/1151 11692/560/1153 11693/1983/1008 11698/561/1002
f 11698/561/1002 11694/1983/1155 11688/560/2245 11695/560/1003
f 11709/1970/1114 11707/2073/2293 11712/1972/1299 11711/1973/1297
f 11714/559/1266 11707/559/2293 11708/1974/924 11715/558/1109
f 11707/2073/2293 11709/605/1114 11708/604/924
f 11713/581/1298 11712/580/1299 11717/1995/1296
f 11716/586/420 11705/570/420 11720/570/420
f 11715/572/426 11706/572/426 11721/572/426
f 11714/639/417 11703/572/417 11718/572/417
f 11717/570/520 11704/570/520 11719/570/520
f 11715/558/1109 11709/1974/1114 11710/559/1113 11716/559/1295
f 11716/560/1295 11711/560/1297 11713/1983/1298 11717/561/1296
f 11714/560/1266 11717/561/1296 11712/1983/1299 11707/2073/2293
f 11727/1970/1222 11726/2074/2281 11730/1972/1221 11729/1973/1220
f 11732/559/1219 11726/2074/2281 11727/1974/1222 11733/558/1217
f 11728/665/1067 11727/666/1222 11729/787/1220
f 11731/581/1162 11730/580/1221 11735/1995/1160
f 11734/639/420 11724/570/420 11738/570/420
f 11733/572/426 11725/572/426 11739/572/426
f 11732/639/417 11722/572/417 11736/572/417
f 11735/570/520 11723/570/520 11737/570/520
f 11734/559/1218 11733/558/1217 11728/1974/1067 11729/559/1220
f 11734/560/1218 11729/560/1220 11731/1983/1162 11735/561/1160
f 11732/560/1219 11735/561/1160 11730/1983/1221 11726/560/2281
f 11745/1970/1222 11744/2075/2281 11748/1972/1221 11747/1973/1220
f 11750/559/1219 11744/2075/2281 11745/1974/1222 11751/558/1217
f 11746/665/1067 11745/666/1222 11747/788/1220
f 11749/581/1162 11748/580/1221 11753/1995/1160
f 11752/620/420 11742/570/420 11756/570/420
f 11751/572/426 11743/572/426 11757/572/426
f 11750/620/417 11740/572/417 11754/572/417
f 11753/570/520 11741/570/520 11755/570/520
f 11752/559/1218 11751/558/1217 11746/1974/1067 11747/559/1220
f 11752/560/1218 11747/560/1220 11749/1983/1162 11753/561/1160
f 11750/560/1219 11753/561/1160 11748/1983/1221 11744/560/2281
